issue_id,severity,category,rule_id,tool,language,file,line,column,end_line,end_column,message,evidence,suggestion,confidence,target
f49051eeac374ec95d0a8c5f91bfe2df1a052727,BLOCKER,build,TS2551,tsc,TypeScript,frontend/src/components/AdvancedFieldMapping.tsx,165,43,,,Property 'jira_field_name' does not exist on type 'FieldMapping'. Did you mean 'field_name'?,parse/typecheck error,,HIGH,prod
2eaa407a757a1d70054620c35ae704d51436c4cb,BLOCKER,build,TS2339,tsc,TypeScript,frontend/src/components/AdvancedFieldMapping.tsx,168,36,,,Property 'jira_field_id' does not exist on type 'FieldMapping'.,parse/typecheck error,,HIGH,prod
1747b84cc49e668f372d01e51e5bbb2d318ac9eb,BLOCKER,build,TS2339,tsc,TypeScript,frontend/src/components/AdvancedFieldMapping.tsx,172,34,,,Property 'confidence' does not exist on type 'FieldMapping'.,parse/typecheck error,,HIGH,prod
ed5cd1e40d6fdcd4e9b99c7f2b7eb430d33673cd,BLOCKER,build,TS2339,tsc,TypeScript,frontend/src/components/AdvancedFieldMapping.tsx,174,58,,,Property 'confidence' does not exist on type 'FieldMapping'.,parse/typecheck error,,HIGH,prod
1621906cad83fc021cf7509684b3a9e19ad2948e,BLOCKER,build,TS2339,tsc,TypeScript,frontend/src/components/AdvancedFieldMapping.tsx,176,63,,,Property 'confidence' does not exist on type 'FieldMapping'.,parse/typecheck error,,HIGH,prod
290aefeab7fcbcf1d1a41f41741c4c5938587dc6,BLOCKER,build,TS2345,tsc,TypeScript,frontend/src/components/AdvancedFieldMapping.tsx,184,58,,,Argument of type 'number | undefined' is not assignable to parameter of type 'number'.,parse/typecheck error,,HIGH,prod
f79cd3018d7b7bcd75712924b651101b9942666f,MAJOR,maintainability,@typescript-eslint/no-unused-vars,eslint,TypeScript,frontend/src/components/AdvancedFieldMapping.tsx,24,11,,,'SaveIcon' is defined but never used.,eslint,,MEDIUM,prod
592332ce583fb1b564991e4a9f970101b5392b64,MAJOR,maintainability,@typescript-eslint/no-unused-vars,eslint,TypeScript,frontend/src/components/AdvancedFieldMapping.tsx,72,55,,,'_' is defined but never used.,eslint,,MEDIUM,prod
ddfe0e4910a20bb08a7ffe8f52817e8a7bb14c10,MAJOR,maintainability,@typescript-eslint/no-unused-vars,eslint,TypeScript,frontend/src/components/AnalyticsFilters.tsx,12,3,,,'IconButton' is defined but never used.,eslint,,MEDIUM,prod
98db9a672bfead753a744b11c5e48649b147de1d,MAJOR,maintainability,@typescript-eslint/no-explicit-any,eslint,TypeScript,frontend/src/components/AnalyticsFilters.tsx,176,79,,,Unexpected any. Specify a different type.,eslint,,MEDIUM,prod
709864744ef137af89d97a68dd6975b960c1fe18,MAJOR,maintainability,@typescript-eslint/no-explicit-any,eslint,TypeScript,frontend/src/components/AnalyticsFilters.tsx,26,13,,,Unexpected any. Specify a different type.,eslint,,MEDIUM,prod
3be0080c8e89aded436091f5f427cec95c4900d4,MAJOR,maintainability,@typescript-eslint/no-explicit-any,eslint,TypeScript,frontend/src/components/AnalyticsFilters.tsx,87,66,,,Unexpected any. Specify a different type.,eslint,,MEDIUM,prod
6bc1f62f31fd9749b99ab30439229c154e870af0,MAJOR,maintainability,@typescript-eslint/no-unused-vars,eslint,TypeScript,frontend/src/components/BackendStatusAlert.tsx,20,15,,,'type' is assigned a value but never used.,eslint,,MEDIUM,prod
4634b8a0617ce482f0996e846a0b42e45bbc97f7,MAJOR,maintainability,no-undef,eslint,TypeScript,frontend/src/components/BackendStatusAlert.tsx,30,76,,,'EventListener' is not defined.,eslint,,MEDIUM,prod
0aa96ccba7071738c1aec4fbab5e529cd9fd4de3,MAJOR,maintainability,no-undef,eslint,TypeScript,frontend/src/components/BackendStatusAlert.tsx,31,68,,,'EventListener' is not defined.,eslint,,MEDIUM,prod
00a2f3f15b46c467a748a7fc6ec5f802aabb91e2,MAJOR,maintainability,no-undef,eslint,TypeScript,frontend/src/components/BackendStatusAlert.tsx,39,81,,,'EventListener' is not defined.,eslint,,MEDIUM,prod
b711134c51709ac419f29fc6abb93cd0b326dc49,MAJOR,maintainability,no-undef,eslint,TypeScript,frontend/src/components/BackendStatusAlert.tsx,40,73,,,'EventListener' is not defined.,eslint,,MEDIUM,prod
8f5d3710b10217dbae28a3ff424a8c4e6ff4a375,BLOCKER,build,TS2322,tsc,TypeScript,frontend/src/components/EmptyState.test.tsx,109,9,,,Type '{ icon: Element; title: string; description: string; docsUrl: string; }' is not assignable to type 'IntrinsicAttributes & EmptyStateProps'.,parse/typecheck error,,HIGH,test
c7060aae7094326cd8e4b8d0734d8560d99fa3e3,BLOCKER,build,TS2322,tsc,TypeScript,frontend/src/components/EmptyState.test.tsx,192,9,,,"Type '{ icon: Element; title: string; description: string; primaryAction: { label: string; onClick: Mock<Procedure>; variant: ""contained""; }; secondaryAction: { label: string; onClick: Mock<...>; variant: ""outlined""; }; benefits: string[]; docsUrl: string; }' is not assignable to type 'IntrinsicAttributes & EmptyStateProps'.",parse/typecheck error,,HIGH,test
c03eb935c7f66d310f0591743860548b15811a9d,MAJOR,maintainability,@typescript-eslint/no-unused-vars,eslint,TypeScript,frontend/src/components/EmptyState.test.tsx,27,13,,,'container' is assigned a value but never used.,eslint,,MEDIUM,test
ca35f3e55a15cf9073c11c0acb488c99555c695e,MAJOR,maintainability,no-undef,eslint,TypeScript,frontend/src/components/EmptyState.test.tsx,8,38,,,'React' is not defined.,eslint,,MEDIUM,test
287605b380e0c949689cce7ef1ee57aa611e2697,MAJOR,maintainability,react/no-unescaped-entities,eslint,TypeScript,frontend/src/components/EmptyState.tsx,115,21,,,"`'` can be escaped with `&apos;`, `&lsquo;`, `&#39;`, `&rsquo;`.",eslint,,MEDIUM,prod
b9eb9cc8fd80f70822bca99384a31f19f552bd8d,MAJOR,maintainability,@typescript-eslint/no-unused-vars,eslint,TypeScript,frontend/src/components/HelpPanel.tsx,13,3,,,'Link' is defined but never used.,eslint,,MEDIUM,prod
ce21d2553ebb7b8eac77f23a0ec9288e75f7ba2f,MAJOR,maintainability,@typescript-eslint/no-unused-vars,eslint,TypeScript,frontend/src/components/HelpTooltip.test.tsx,60,13,,,'container' is assigned a value but never used.,eslint,,MEDIUM,test
f116e1633f8aed8e967c2cee6079d32a90456f79,MAJOR,maintainability,@typescript-eslint/no-unused-vars,eslint,TypeScript,frontend/src/components/IntegrationCard.tsx,8,3,,,'Paper' is defined but never used.,eslint,,MEDIUM,prod
545fea4ad24ef9bbc108bc5453db7bcd580d0605,MAJOR,maintainability,react/prop-types,eslint,TypeScript,frontend/src/components/KPIBar.tsx,25,53,,,'metrics' is missing in props validation,eslint,,MEDIUM,prod
98419fb82b61d9ffa8ea37e73fab7e41afd168f6,MAJOR,maintainability,react/prop-types,eslint,TypeScript,frontend/src/components/KPIBar.tsx,71,18,,,'metrics.map' is missing in props validation,eslint,,MEDIUM,prod
beed5df51b4f3f9ec0399e6b62b25f5aa6354100,BLOCKER,build,TS2339,tsc,TypeScript,frontend/src/components/OnboardingWizard.tsx,152,24,,,Property 'env' does not exist on type 'ImportMeta'.,parse/typecheck error,,HIGH,prod
411856db5cabc53ad1eeaaefad697e56097a8a01,BLOCKER,build,TS2339,tsc,TypeScript,frontend/src/components/OnboardingWizard.tsx,165,59,,,Property 'env' does not exist on type 'ImportMeta'.,parse/typecheck error,,HIGH,prod
108c41e947a2c301482496578363168d54643a25,BLOCKER,build,TS2339,tsc,TypeScript,frontend/src/components/OnboardingWizard.tsx,195,51,,,Property 'env' does not exist on type 'ImportMeta'.,parse/typecheck error,,HIGH,prod
730ad758390e2de15462d68145ce46d0c1077226,MAJOR,maintainability,react/no-unescaped-entities,eslint,TypeScript,frontend/src/components/OnboardingWizard.tsx,256,19,,,"`'` can be escaped with `&apos;`, `&lsquo;`, `&#39;`, `&rsquo;`.",eslint,,MEDIUM,prod
85b7d67d1a9e78b87f143c20ceb334f32404e6da,MAJOR,maintainability,react/no-unescaped-entities,eslint,TypeScript,frontend/src/components/OnboardingWizard.tsx,544,21,,,"`'` can be escaped with `&apos;`, `&lsquo;`, `&#39;`, `&rsquo;`.",eslint,,MEDIUM,prod
1a73358359b243234ed9cbbb422d3b8fdb0dd203,MAJOR,maintainability,react/prop-types,eslint,TypeScript,frontend/src/components/PageViewTracker.tsx,8,76,,,'children' is missing in props validation,eslint,,MEDIUM,prod
713faf669382e11ca311730a566b8a49ddb7796a,MAJOR,maintainability,no-undef,eslint,TypeScript,frontend/src/components/PageViewTracker.tsx,8,31,,,'React' is not defined.,eslint,,MEDIUM,prod
0cc9d8311e8b5dba5c5ee694b57cb072d0701dd5,MAJOR,maintainability,@typescript-eslint/no-unused-vars,eslint,TypeScript,frontend/src/components/QuickSetupPanel.tsx,21,17,,,'ExpandMoreIcon' is defined but never used.,eslint,,MEDIUM,prod
64a4a81cdaae2678c5ecd4fb59120fbe3f0f1681,MAJOR,maintainability,react/no-unescaped-entities,eslint,TypeScript,frontend/src/components/QuickSetupPanel.tsx,219,88,,,"`""` can be escaped with `&quot;`, `&ldquo;`, `&#34;`, `&rdquo;`.",eslint,,MEDIUM,prod
b8e12de566a9942b48da543119d1297d47bdcd07,MAJOR,maintainability,react/no-unescaped-entities,eslint,TypeScript,frontend/src/components/QuickSetupPanel.tsx,220,36,,,"`""` can be escaped with `&quot;`, `&ldquo;`, `&#34;`, `&rdquo;`.",eslint,,MEDIUM,prod
ee99b384f91bc42ae8e6517aeecd9b2faf606c6c,BLOCKER,build,TS2305,tsc,TypeScript,frontend/src/components/RepositoryStatus/RepositorySyncButton.tsx,16,3,,,"Module '""@mui/icons-material""' has no exported member 'PullRequest'.",parse/typecheck error,,HIGH,prod
7273ce8bbefc669960c3c72156e99550ab04413b,MAJOR,maintainability,@typescript-eslint/no-unused-vars,eslint,TypeScript,frontend/src/components/RepositoryStatus/RepositorySyncButton.tsx,35,3,,,'repositoryId' is defined but never used.,eslint,,MEDIUM,prod
5ec18c58c6174d2c48b1d6cf816891c4454ce641,BLOCKER,build,TS2345,tsc,TypeScript,frontend/src/components/SuggestedLinksPanel.tsx,121,32,,,Argument of type '{ projectId: number | undefined; }' is not assignable to parameter of type 'number'.,parse/typecheck error,,HIGH,prod
4209838a7999e37b451b9f56f3eaa3595b8a237f,MAJOR,maintainability,@typescript-eslint/no-unused-vars,eslint,TypeScript,frontend/src/components/SuggestedLinksPanel.tsx,140,13,,,'result' is assigned a value but never used.,eslint,,MEDIUM,prod
a9c147fcee168ec41c29f51f2257e6ab72b73536,BLOCKER,build,TS2554,tsc,TypeScript,frontend/src/components/SuggestedLinksPanel.tsx,156,48,,,"Expected 1 arguments, but got 2.",parse/typecheck error,,HIGH,prod
e485a9eb54d497967988167cccc24eaf50d435f0,BLOCKER,build,TS2554,tsc,TypeScript,frontend/src/components/SuggestedLinksPanel.tsx,166,47,,,"Expected 1 arguments, but got 2.",parse/typecheck error,,HIGH,prod
e5739c6fb5f27d9b6321510516924cefd48237d0,MAJOR,maintainability,@typescript-eslint/no-unused-vars,eslint,TypeScript,frontend/src/components/SuggestedLinksPanel.tsx,39,17,,,'FilterIcon' is defined but never used.,eslint,,MEDIUM,prod
267fd7fe078d98b2f5a99531a77b8301218a6470,MAJOR,maintainability,react/no-unescaped-entities,eslint,TypeScript,frontend/src/components/SuggestedLinksPanel.tsx,406,49,,,"`""` can be escaped with `&quot;`, `&ldquo;`, `&#34;`, `&rdquo;`.",eslint,,MEDIUM,prod
37c2f891845e7e8759b551754af67c41eaf287c8,MAJOR,maintainability,@typescript-eslint/no-unused-vars,eslint,TypeScript,frontend/src/components/VelocityChart.tsx,10,3,,,'Tooltip' is defined but never used.,eslint,,MEDIUM,prod
74fe9b5577271d668428355fa3e4b1d8a9d9675b,MAJOR,maintainability,@typescript-eslint/no-explicit-any,eslint,TypeScript,frontend/src/components/VelocityChart.tsx,105,22,,,Unexpected any. Specify a different type.,eslint,,MEDIUM,prod
f909c59d5635f9218d403cfa050f988318407798,MAJOR,maintainability,@typescript-eslint/no-unused-vars,eslint,TypeScript,frontend/src/components/VelocityChart.tsx,11,3,,,'Legend' is defined but never used.,eslint,,MEDIUM,prod
799c0cade5b29c000f80143b5bd9d64e2bbf8fa4,MAJOR,maintainability,@typescript-eslint/no-unused-vars,eslint,TypeScript,frontend/src/components/VelocityChart.tsx,5,3,,,'CategoryScale' is defined but never used.,eslint,,MEDIUM,prod
d3844c4445a99c011ecffbe7436469e8824309a8,MAJOR,maintainability,@typescript-eslint/no-unused-vars,eslint,TypeScript,frontend/src/components/VelocityChart.tsx,6,3,,,'LinearScale' is defined but never used.,eslint,,MEDIUM,prod
b7dd0141d4dfdafb4a9d6aef90e75d71a4ce2920,MAJOR,maintainability,@typescript-eslint/no-unused-vars,eslint,TypeScript,frontend/src/components/VelocityChart.tsx,7,3,,,'PointElement' is defined but never used.,eslint,,MEDIUM,prod
1fa375c5b2ff77d5a56b9f7ae508dabbff8a19e6,MAJOR,maintainability,@typescript-eslint/no-explicit-any,eslint,TypeScript,frontend/src/components/VelocityChart.tsx,73,19,,,Unexpected any. Specify a different type.,eslint,,MEDIUM,prod
097fe76551f90be8f68e9c8374cd446dbf763c03,MAJOR,maintainability,@typescript-eslint/no-unused-vars,eslint,TypeScript,frontend/src/components/VelocityChart.tsx,8,3,,,'LineElement' is defined but never used.,eslint,,MEDIUM,prod
453bcad6823d43debd1b54d0528ed091ddb78a35,MAJOR,maintainability,@typescript-eslint/no-unused-vars,eslint,TypeScript,frontend/src/components/VelocityChart.tsx,9,3,,,'Title' is defined but never used.,eslint,,MEDIUM,prod
183db95d0677cd9bf236cff26816372dd7385c3a,MAJOR,maintainability,@typescript-eslint/no-explicit-any,eslint,TypeScript,frontend/src/components/capacity/CFDVisualization.tsx,131,30,,,Unexpected any. Specify a different type.,eslint,,MEDIUM,prod
ca4f84632f23316fe287f9a4d57edc793162d26d,BLOCKER,build,TS2353,tsc,TypeScript,frontend/src/components/capacity/CFDVisualization.tsx,154,43,,,"Object literal may only specify known properties, and 'limit' does not exist in type '{ sprintId?: number | undefined; startDate?: string | undefined; endDate?: string | undefined; }'.",parse/typecheck error,,HIGH,prod
b506fd713b72ddbb473d8afaa2257ca1e19dd499,MAJOR,maintainability,@typescript-eslint/no-unused-vars,eslint,TypeScript,frontend/src/components/capacity/CapacitySettingsPanel.tsx,104,7,,,'UtilizationBar' is assigned a value but never used.,eslint,,MEDIUM,prod
313abfebbc0c3c3114643cc6cf56ca16b05401a8,BLOCKER,build,TS2322,tsc,TypeScript,frontend/src/components/capacity/CapacitySettingsPanel.tsx,113,9,,,"Type 'CapacityColor' is not assignable to type 'OverridableStringUnion<""error"" | ""warning"" | ""success"" | ""inherit"" | ""primary"" | ""secondary"" | ""info"", LinearProgressPropsColorOverrides> | undefined'.",parse/typecheck error,,HIGH,prod
c914872ef7fc83688116ebe58728d151597af215,BLOCKER,build,TS2353,tsc,TypeScript,frontend/src/components/capacity/CapacitySettingsPanel.tsx,152,57,,,"Object literal may only specify known properties, and 'sprintWeeks' does not exist in type '{ sprintId?: number | undefined; asOfDate?: string | undefined; }'.",parse/typecheck error,,HIGH,prod
ec192456bc5d08e1ed91ff03af2465905f0ca651,MAJOR,maintainability,@typescript-eslint/no-unused-vars,eslint,TypeScript,frontend/src/components/capacity/CapacitySettingsPanel.tsx,54,3,,,'useCapacityValue' is defined but never used.,eslint,,MEDIUM,prod
c34ee7b60261a5bc7ab296b883a4dc2aaf307891,BLOCKER,build,TS2769,tsc,TypeScript,frontend/src/components/capacity/CapacitySettingsPanel.tsx,93,9,,,No overload matches this call.,parse/typecheck error,,HIGH,prod
30943c4b45d325ca62305c9969606c1d64dc9c21,MAJOR,maintainability,@typescript-eslint/no-explicit-any,eslint,TypeScript,frontend/src/components/capacity/TeamHealthDashboard.tsx,154,30,,,Unexpected any. Specify a different type.,eslint,,MEDIUM,prod
5e3465808d721269cfd5564f9685c01ec5e8ea07,MAJOR,maintainability,@typescript-eslint/no-unused-vars,eslint,TypeScript,frontend/src/components/capacity/TeamHealthDashboard.tsx,196,10,,,'recentChecks' is assigned a value but never used.,eslint,,MEDIUM,prod
4fea297abdae5430c981a94a988cebb62fb00c5c,MAJOR,maintainability,@typescript-eslint/no-unused-vars,eslint,TypeScript,frontend/src/components/capacity/TeamHealthDashboard.tsx,21,3,,,'Tooltip' is defined but never used.,eslint,,MEDIUM,prod
3d24738a014cc0a479c185e079d7a9b8f096f94d,BLOCKER,build,TS2345,tsc,TypeScript,frontend/src/components/capacity/TeamHealthDashboard.tsx,217,37,,,Argument of type '{ limit: number; }' is not assignable to parameter of type 'number'.,parse/typecheck error,,HIGH,prod
c6745ad4cae1125f447a3a58cc673050c4ef32d6,MAJOR,maintainability,@typescript-eslint/no-unused-vars,eslint,TypeScript,frontend/src/components/capacity/TeamHealthDashboard.tsx,37,3,,,'HealthTrend' is defined but never used.,eslint,,MEDIUM,prod
ba0f5c0a5413b91e824be5eaa530f032b89531d5,MAJOR,maintainability,@typescript-eslint/no-explicit-any,eslint,TypeScript,frontend/src/components/capacity/TeamHealthDashboard.tsx,391,37,,,Unexpected any. Specify a different type.,eslint,,MEDIUM,prod
a0dc0e7d85c12a2c10a60dcffc0d14019965306a,MAJOR,maintainability,@typescript-eslint/no-unused-vars,eslint,TypeScript,frontend/src/components/quality/QualityDashboard.tsx,13,3,,,'LinearProgress' is defined but never used.,eslint,,MEDIUM,prod
b1cbab8ecbe56c195875df5c87b48ae3d1a90fa4,MAJOR,maintainability,@typescript-eslint/no-unused-vars,eslint,TypeScript,frontend/src/components/quality/QualityDashboard.tsx,15,3,,,'Tooltip' is defined but never used.,eslint,,MEDIUM,prod
499676303d00d251e2702b6b0db9e2a81c4c7a81,MAJOR,maintainability,@typescript-eslint/no-unused-vars,eslint,TypeScript,frontend/src/components/quality/QualityDashboard.tsx,16,3,,,'IconButton' is defined but never used.,eslint,,MEDIUM,prod
4c246997e8636541802718633be834503ea4cef2,MAJOR,maintainability,@typescript-eslint/no-unused-vars,eslint,TypeScript,frontend/src/components/quality/QualityDashboard.tsx,34,13,,,'ShieldIcon' is defined but never used.,eslint,,MEDIUM,prod
c4d9c9c429b2bfa148dd0f8e25ca4b7802f97145,MAJOR,maintainability,@typescript-eslint/no-unused-vars,eslint,TypeScript,frontend/src/components/quality/QualityDashboard.tsx,38,18,,,'CheckCircleIcon' is defined but never used.,eslint,,MEDIUM,prod
318524b2b7d5ab8a1f0e8b11baa2a59f6a2fb30f,MAJOR,maintainability,@typescript-eslint/no-unused-vars,eslint,TypeScript,frontend/src/components/quality/QualityDashboard.tsx,39,12,,,'ErrorIcon' is defined but never used.,eslint,,MEDIUM,prod
eb83a709738f4d201e393c8023f6ad0f06b4b738,MAJOR,maintainability,@typescript-eslint/no-unused-vars,eslint,TypeScript,frontend/src/components/quality/QualityReportPanel.tsx,29,3,,,'Tooltip' is defined but never used.,eslint,,MEDIUM,prod
85bcfc55ac3ba9b0c6b6110230341ed5c68d01c2,MAJOR,maintainability,@typescript-eslint/no-unused-vars,eslint,TypeScript,frontend/src/components/quality/QualityReportPanel.tsx,41,12,,,'ErrorIcon' is defined but never used.,eslint,,MEDIUM,prod
f3d1483308ea4e0aa55e689f5e9d5b0cdcd71bf9,MAJOR,maintainability,@typescript-eslint/no-unused-vars,eslint,TypeScript,frontend/src/components/quality/QualityReportPanel.tsx,42,11,,,'InfoIcon' is defined but never used.,eslint,,MEDIUM,prod
3112072ebf9cb30f1c26842fe2104a76efa17fff,MAJOR,maintainability,react/no-unescaped-entities,eslint,TypeScript,frontend/src/components/quality/QualityReportPanel.tsx,433,59,,,"`'` can be escaped with `&apos;`, `&lsquo;`, `&#39;`, `&rsquo;`.",eslint,,MEDIUM,prod
e6ac4381e25bd88c18179ff2523a99bee91caa5d,MAJOR,maintainability,react/no-unescaped-entities,eslint,TypeScript,frontend/src/components/security/MFASettings.tsx,243,16,,,"`'` can be escaped with `&apos;`, `&lsquo;`, `&#39;`, `&rsquo;`.",eslint,,MEDIUM,prod
fdd7407ff2f4e8886b384005f502816fdab8504e,MAJOR,maintainability,react/no-unescaped-entities,eslint,TypeScript,frontend/src/components/security/MFASettings.tsx,288,16,,,"`'` can be escaped with `&apos;`, `&lsquo;`, `&#39;`, `&rsquo;`.",eslint,,MEDIUM,prod
1fb6a9b587e808482e0ac26bb776e301e59a4e9e,MAJOR,maintainability,@typescript-eslint/no-unused-vars,eslint,TypeScript,frontend/src/components/security/MFASettings.tsx,40,14,,,'WarningIcon' is defined but never used.,eslint,,MEDIUM,prod
5c38eee5da0aeda98e53954edb16681f6ba8a1fe,MAJOR,maintainability,@typescript-eslint/no-unused-vars,eslint,TypeScript,frontend/src/components/security/MFASettings.tsx,92,14,,,'err' is defined but never used.,eslint,,MEDIUM,prod
1daf1eaa658d1b2c673dbd99ce2ec81a9956613f,MAJOR,maintainability,@typescript-eslint/no-unused-vars,eslint,TypeScript,frontend/src/components/testing/TestAnalyticsDashboard.tsx,37,26,,,'Bar' is defined but never used.,eslint,,MEDIUM,prod
8d7d9dc256d15ea7217eb8433e9c52de237771ea,MAJOR,maintainability,@typescript-eslint/no-explicit-any,eslint,TypeScript,frontend/src/components/traceability/DataConsistencyPanel.tsx,242,12,,,Unexpected any. Specify a different type.,eslint,,MEDIUM,prod
63f0b0b7d00431a4d6555a80a90612d29264cbef,MAJOR,maintainability,@typescript-eslint/no-explicit-any,eslint,TypeScript,frontend/src/components/traceability/DataConsistencyPanel.tsx,243,24,,,Unexpected any. Specify a different type.,eslint,,MEDIUM,prod
43073c14ac5c0535e64d2a8d37202d56eb4760f7,MAJOR,maintainability,@typescript-eslint/no-explicit-any,eslint,TypeScript,frontend/src/components/traceability/DataConsistencyPanel.tsx,292,34,,,Unexpected any. Specify a different type.,eslint,,MEDIUM,prod
397d399db9702a73041e3af3b3788e06c208ca26,MAJOR,maintainability,@typescript-eslint/no-explicit-any,eslint,TypeScript,frontend/src/components/traceability/DataConsistencyPanel.tsx,320,33,,,Unexpected any. Specify a different type.,eslint,,MEDIUM,prod
2d1a1cc5d7e6941be9982ce1cda6feddd81bcd1b,MAJOR,maintainability,@typescript-eslint/no-unused-vars,eslint,TypeScript,frontend/src/components/traceability/DataConsistencyPanel.tsx,33,3,,,'Divider' is defined but never used.,eslint,,MEDIUM,prod
407a065889864401907c5b56588cf716b97290aa,MAJOR,maintainability,@typescript-eslint/no-explicit-any,eslint,TypeScript,frontend/src/components/traceability/DataConsistencyPanel.tsx,348,37,,,Unexpected any. Specify a different type.,eslint,,MEDIUM,prod
be1508e3564547a93ee7385aae2156c25a69a820,MAJOR,maintainability,@typescript-eslint/no-explicit-any,eslint,TypeScript,frontend/src/components/traceability/DataConsistencyPanel.tsx,367,37,,,Unexpected any. Specify a different type.,eslint,,MEDIUM,prod
24b8e6cb4c8f71437b4e96f3269d8d1e20c5b0f5,MAJOR,maintainability,@typescript-eslint/no-explicit-any,eslint,TypeScript,frontend/src/components/traceability/DataConsistencyPanel.tsx,382,33,,,Unexpected any. Specify a different type.,eslint,,MEDIUM,prod
43fad180eab45044c5e4c076aa8f4eedc064e9fb,MAJOR,maintainability,@typescript-eslint/no-unused-vars,eslint,TypeScript,frontend/src/components/traceability/DataConsistencyPanel.tsx,41,3,,,'Refresh' is defined but never used.,eslint,,MEDIUM,prod
92da60de7b07c86e276d5a1bee7b4b74daf3cd71,MAJOR,maintainability,@typescript-eslint/no-explicit-any,eslint,TypeScript,frontend/src/components/traceability/DataConsistencyPanel.tsx,420,58,,,Unexpected any. Specify a different type.,eslint,,MEDIUM,prod
0e88f8b819adba9592891a6ede0aad2c9e14dfa7,MAJOR,maintainability,react/no-unescaped-entities,eslint,TypeScript,frontend/src/components/traceability/DataConsistencyPanel.tsx,690,19,,,"`""` can be escaped with `&quot;`, `&ldquo;`, `&#34;`, `&rdquo;`.",eslint,,MEDIUM,prod
b472d1787e53cd2a66e87c5984c00ec0d0941edd,MAJOR,maintainability,react/no-unescaped-entities,eslint,TypeScript,frontend/src/components/traceability/DataConsistencyPanel.tsx,702,15,,,"`'` can be escaped with `&apos;`, `&lsquo;`, `&#39;`, `&rsquo;`.",eslint,,MEDIUM,prod
7f5678638a5853cff88e4fd84a6aa41dbc351253,MAJOR,maintainability,@typescript-eslint/no-unused-vars,eslint,TypeScript,frontend/src/components/traceability/ImpactAnalysisPanel.tsx,28,3,,,'Info' is defined but never used.,eslint,,MEDIUM,prod
9528185d1173fb231cb408120c3d4d64098f8ad7,MAJOR,maintainability,react/no-unescaped-entities,eslint,TypeScript,frontend/src/components/traceability/ImpactAnalysisPanel.tsx,312,17,,,"`""` can be escaped with `&quot;`, `&ldquo;`, `&#34;`, `&rdquo;`.",eslint,,MEDIUM,prod
7d459737bfcc754db20f2c01e91e0e12aa1bf8aa,MAJOR,maintainability,react/no-unescaped-entities,eslint,TypeScript,frontend/src/components/traceability/ImportExportDialog.tsx,184,21,,,"`""` can be escaped with `&quot;`, `&ldquo;`, `&#34;`, `&rdquo;`.",eslint,,MEDIUM,prod
4f887f017f7c08ac6bbb693df30dac54fc88d295,MAJOR,maintainability,@typescript-eslint/no-unused-vars,eslint,TypeScript,frontend/src/components/traceability/OrphanedArtifactsPanel.tsx,29,3,,,'OpenInNew' is defined but never used.,eslint,,MEDIUM,prod
ce9dd681b7586dbd7b43321e06ae6e3f30af7270,MAJOR,maintainability,@typescript-eslint/no-unused-vars,eslint,TypeScript,frontend/src/components/traceability/OrphanedArtifactsPanel.tsx,36,3,,,'OrphanedArtifact' is defined but never used.,eslint,,MEDIUM,prod
17f0fe55008689dc70841bdb8cd4d62ff2c1957b,MAJOR,maintainability,@typescript-eslint/no-unused-vars,eslint,TypeScript,frontend/src/components/traceability/OrphanedArtifactsPanel.tsx,6,3,,,'CircularProgress' is defined but never used.,eslint,,MEDIUM,prod
269fefd786ad53b117658a73ef4263dee694eadc,MAJOR,maintainability,@typescript-eslint/no-unused-vars,eslint,TypeScript,frontend/src/components/traceability/OrphanedArtifactsPanel.tsx,97,9,,,'coveragePercent' is assigned a value but never used.,eslint,,MEDIUM,prod
3fc430a980450ac9e0918560798a17f4bb91fbf2,MAJOR,maintainability,@typescript-eslint/no-unused-vars,eslint,TypeScript,frontend/src/components/traceability/SyncHealthDashboard.tsx,33,3,,,'Sync' is defined but never used.,eslint,,MEDIUM,prod
b1c9daad586991779d93635499e0282ffb84073a,MAJOR,maintainability,@typescript-eslint/no-explicit-any,eslint,TypeScript,frontend/src/components/traceability/Toolbox.tsx,147,76,,,Unexpected any. Specify a different type.,eslint,,MEDIUM,prod
f5030ca9e5b37a8a1832aa407c989a102c9eb394,MAJOR,maintainability,@typescript-eslint/no-unused-vars,eslint,TypeScript,frontend/src/components/traceability/Toolbox.tsx,21,16,,,'AddIcon' is defined but never used.,eslint,,MEDIUM,prod
f79e084bad3026a47524be0d05172bc35657835e,MAJOR,maintainability,@typescript-eslint/no-explicit-any,eslint,TypeScript,frontend/src/components/traceability/Toolbox.tsx,37,16,,,Unexpected any. Specify a different type.,eslint,,MEDIUM,prod
be202f17c2dd1c3d53cc3de9c270f14b0ac3de10,MAJOR,maintainability,@typescript-eslint/no-unused-vars,eslint,TypeScript,frontend/src/components/traceability/TraceabilityGraph.tsx,25,3,,,'Info' is defined but never used.,eslint,,MEDIUM,prod
fbe5b8088ea0c06b22afab9af7c5b133baf68a1c,MAJOR,maintainability,@typescript-eslint/no-unused-vars,eslint,TypeScript,frontend/src/components/traceability/TraceabilityGraph.tsx,31,3,,,'FullChainEdge' is defined but never used.,eslint,,MEDIUM,prod
0ecdb5094af56784697e95b59cdfb60289def628,MAJOR,maintainability,@typescript-eslint/no-explicit-any,eslint,TypeScript,frontend/src/components/traceability/TraceabilityGraph.tsx,57,39,,,Unexpected any. Specify a different type.,eslint,,MEDIUM,prod
f89aff8d9b917c47d3b0cef24baa8bf30843dd76,MAJOR,maintainability,@typescript-eslint/no-unused-vars,eslint,TypeScript,frontend/src/components/traceability/TraceabilityGraph.tsx,97,10,,,'selectedNode' is assigned a value but never used.,eslint,,MEDIUM,prod
59de10a9916ab66b5e8824220159270dd68461ee,MAJOR,maintainability,@typescript-eslint/no-unused-vars,eslint,TypeScript,frontend/src/components/traceability/ValidationPanel.tsx,17,18,,,'CheckIcon' is defined but never used.,eslint,,MEDIUM,prod
cfd8499afcd7c094d22e0493bbf3e94cf8f8f68b,MAJOR,maintainability,@typescript-eslint/no-explicit-any,eslint,TypeScript,frontend/src/components/traceability/nodes/BaseNode.tsx,6,9,,,Unexpected any. Specify a different type.,eslint,,MEDIUM,prod
0bb421b25f2ea59f30adf608c6d2c1ffb78c30d1,BLOCKER,build,TS2459,tsc,TypeScript,frontend/src/hooks/useParallelLoading.ts,9,24,,,"Module '""../utils/apiOptimization""' declares 'ParallelLoadResult' locally, but it is not exported.",parse/typecheck error,,HIGH,prod
6f2ca0934e4895c9d9d47abb8ec603210d297017,MAJOR,maintainability,@typescript-eslint/no-unused-vars,eslint,TypeScript,frontend/src/hooks/useParallelLoading.ts,9,24,,,'ParallelLoadResult' is defined but never used.,eslint,,MEDIUM,prod
c823a82215efd38efd989f58309fb8ccc0d0fa25,MAJOR,maintainability,@typescript-eslint/no-unused-vars,eslint,TypeScript,frontend/src/hooks/useTaskStatuses.ts,8,10,,,'useMemo' is defined but never used.,eslint,,MEDIUM,prod
dc8f6e5e1541bf24c0ca9585176d837cd9c16130,MAJOR,maintainability,@typescript-eslint/no-unused-vars,eslint,TypeScript,frontend/src/pages/Analytics.tsx,1,17,,,'useCallback' is defined but never used.,eslint,,MEDIUM,prod
a04ad68b14e0897fc022b70ff34c1f0d4bf5341c,MAJOR,maintainability,@typescript-eslint/no-unused-vars,eslint,TypeScript,frontend/src/pages/Analytics.tsx,10,3,,,'MenuItem' is defined but never used.,eslint,,MEDIUM,prod
aed6eb99ab917089a90734d0ddacfa751638a979,MAJOR,maintainability,@typescript-eslint/no-unused-vars,eslint,TypeScript,frontend/src/pages/Analytics.tsx,11,3,,,'FormControl' is defined but never used.,eslint,,MEDIUM,prod
538cc6dd4216670849c74fc9ed7bcea22efc1723,MAJOR,maintainability,@typescript-eslint/no-unused-vars,eslint,TypeScript,frontend/src/pages/Analytics.tsx,12,3,,,'InputLabel' is defined but never used.,eslint,,MEDIUM,prod
4b18db0503e9f7e79356b34f5460667106ecfd86,BLOCKER,build,TS2339,tsc,TypeScript,frontend/src/pages/Analytics.tsx,191,57,,,Property 'created_date' does not exist on type 'TaskItem'.,parse/typecheck error,,HIGH,prod
55600e413782274c940759a39f7af53269f0f854,BLOCKER,build,TS2339,tsc,TypeScript,frontend/src/pages/Analytics.tsx,191,24,,,Property 'updated_date' does not exist on type 'TaskItem'.,parse/typecheck error,,HIGH,prod
7a7f3c7f9537c2bdd582d3197d96e61b8bba31c6,BLOCKER,build,TS2339,tsc,TypeScript,frontend/src/pages/Analytics.tsx,191,40,,,Property 'resolved_date' does not exist on type 'TaskItem'.,parse/typecheck error,,HIGH,prod
ffffaf7278aeee00f240d7d306e463486946f1ee,BLOCKER,build,TS2339,tsc,TypeScript,frontend/src/pages/Analytics.tsx,211,40,,,Property 'updated_date' does not exist on type 'TaskItem'.,parse/typecheck error,,HIGH,prod
b13120ff2a272a1ff41eb4e004c623a26190c067,BLOCKER,build,TS2339,tsc,TypeScript,frontend/src/pages/Analytics.tsx,212,28,,,Property 'updated_date' does not exist on type 'TaskItem'.,parse/typecheck error,,HIGH,prod
30112504ec9b37405a34c106e58821bff8c983cf,BLOCKER,build,TS2339,tsc,TypeScript,frontend/src/pages/Analytics.tsx,262,14,,,Property 'resolved_date' does not exist on type 'TaskItem'.,parse/typecheck error,,HIGH,prod
e339500d7ffb0536f5c67991c820300b2f0cc1e1,BLOCKER,build,TS2339,tsc,TypeScript,frontend/src/pages/Analytics.tsx,263,35,,,Property 'resolved_date' does not exist on type 'TaskItem'.,parse/typecheck error,,HIGH,prod
6da638db578f9c7295ea52cd03748a61070fdfa0,BLOCKER,build,TS2339,tsc,TypeScript,frontend/src/pages/Analytics.tsx,268,35,,,Property 'resolved_date' does not exist on type 'TaskItem'.,parse/typecheck error,,HIGH,prod
5b430f3559883f41557f444f2b284b0b886b357b,BLOCKER,build,TS2339,tsc,TypeScript,frontend/src/pages/Analytics.tsx,269,41,,,Property 'updated_date' does not exist on type 'TaskItem'.,parse/typecheck error,,HIGH,prod
60dc5d62945e6f4df71f4886c6f6e10d48ccb9bf,BLOCKER,build,TS2339,tsc,TypeScript,frontend/src/pages/Analytics.tsx,269,23,,,Property 'created_date' does not exist on type 'TaskItem'.,parse/typecheck error,,HIGH,prod
3344a0fda4b9837110b99cfe7951c8a9f50c1c50,MAJOR,maintainability,@typescript-eslint/no-unused-vars,eslint,TypeScript,frontend/src/pages/Analytics.tsx,28,3,,,'Button' is defined but never used.,eslint,,MEDIUM,prod
c5744cc2091f729779785b61993877c05cb0aa35,MAJOR,maintainability,@typescript-eslint/no-unused-vars,eslint,TypeScript,frontend/src/pages/Analytics.tsx,33,154,,,'getDoraMetrics' is defined but never used.,eslint,,MEDIUM,prod
f810de06b8c07d77554778a5fd135378aec137e4,MAJOR,maintainability,@typescript-eslint/no-explicit-any,eslint,TypeScript,frontend/src/pages/Analytics.tsx,412,44,,,Unexpected any. Specify a different type.,eslint,,MEDIUM,prod
d7acf6b4957a6bf7a4f6d7a6cc392b96817ccb85,MAJOR,maintainability,@typescript-eslint/no-unused-vars,eslint,TypeScript,frontend/src/pages/Analytics.tsx,42,3,,,'BurndownPoint' is defined but never used.,eslint,,MEDIUM,prod
7527ae553d88ef1ad9a2e91161090ba61b1955e4,MAJOR,maintainability,@typescript-eslint/no-unused-vars,eslint,TypeScript,frontend/src/pages/Analytics.tsx,44,3,,,'RiskItem' is defined but never used.,eslint,,MEDIUM,prod
b2fdc93527c04d0350d42f6e3dd9a339bf11a720,MAJOR,maintainability,@typescript-eslint/no-unused-vars,eslint,TypeScript,frontend/src/pages/Analytics.tsx,9,3,,,'Select' is defined but never used.,eslint,,MEDIUM,prod
6c10c60c654a9b503d74405735ac04c486993259,MAJOR,maintainability,@typescript-eslint/no-unused-vars,eslint,TypeScript,frontend/src/pages/Dashboard.tsx,100,11,,,'tasks' is assigned a value but never used.,eslint,,MEDIUM,prod
3ecf84808f884809ff0b46a7de734b1606e69d77,MAJOR,maintainability,@typescript-eslint/no-unused-vars,eslint,TypeScript,frontend/src/pages/Dashboard.tsx,101,11,,,'sprints' is assigned a value but never used.,eslint,,MEDIUM,prod
bb4b6207f9a00619ccc3c3a4fa76b840c558a298,MAJOR,maintainability,@typescript-eslint/no-unused-vars,eslint,TypeScript,frontend/src/pages/Dashboard.tsx,104,10,,,'integrations' is assigned a value but never used.,eslint,,MEDIUM,prod
473a3116a5f146fef2645064fcc12fa08ecccec8,MAJOR,maintainability,@typescript-eslint/no-unused-vars,eslint,TypeScript,frontend/src/pages/Dashboard.tsx,133,9,,,'projectSprints' is assigned a value but never used.,eslint,,MEDIUM,prod
2b31a40679b2c108f133d49188e827a9a8a0ee9d,MAJOR,maintainability,@typescript-eslint/no-unused-vars,eslint,TypeScript,frontend/src/pages/Dashboard.tsx,20,3,,,'FormControl' is defined but never used.,eslint,,MEDIUM,prod
f4595ead433fa6d4fdd2d280f91d250c912962b6,MAJOR,maintainability,@typescript-eslint/no-unused-vars,eslint,TypeScript,frontend/src/pages/Dashboard.tsx,22,3,,,'InputLabel' is defined but never used.,eslint,,MEDIUM,prod
8a6a366d0755b8ef776f87efb4607f45ae91c3b3,MAJOR,maintainability,@typescript-eslint/no-unused-vars,eslint,TypeScript,frontend/src/pages/Dashboard.tsx,27,3,,,'MenuItem' is defined but never used.,eslint,,MEDIUM,prod
fb6b905258a9ae5eae3cbc8e9f670a6a8ef9e9f4,MAJOR,maintainability,no-empty,eslint,TypeScript,frontend/src/pages/Dashboard.tsx,287,15,,,Empty block statement.,eslint,,MEDIUM,prod
2549c69933a920f1a0f483847d7844407c23a63f,MAJOR,maintainability,@typescript-eslint/no-unused-vars,eslint,TypeScript,frontend/src/pages/Dashboard.tsx,29,3,,,'Select' is defined but never used.,eslint,,MEDIUM,prod
44a1562208c517f196788169b8393553fe9f2f16,MAJOR,maintainability,@typescript-eslint/no-unused-vars,eslint,TypeScript,frontend/src/pages/Dashboard.tsx,39,16,,,'Bar' is defined but never used.,eslint,,MEDIUM,prod
1bc15ffe1144159994170c34fa56e44d910c2340,MAJOR,maintainability,@typescript-eslint/no-unused-vars,eslint,TypeScript,frontend/src/pages/Dashboard.tsx,44,3,,,'getProjectSprints' is defined but never used.,eslint,,MEDIUM,prod
928279fbb56c1f8c6535473be7f82615d6668ef0,MAJOR,maintainability,@typescript-eslint/no-unused-vars,eslint,TypeScript,frontend/src/pages/Dashboard.tsx,633,9,,,'shouldShowDistribution' is assigned a value but never used.,eslint,,MEDIUM,prod
793320f84f6d3b6611bd36b9242b2dd5a6c2a12f,MAJOR,maintainability,@typescript-eslint/no-unused-vars,eslint,TypeScript,frontend/src/pages/Dashboard.tsx,67,47,,,'StatusBucket' is defined but never used.,eslint,,MEDIUM,prod
9a9d88cbb4de44c1db4a186cef421625021c2657,BLOCKER,build,TS2769,tsc,TypeScript,frontend/src/pages/Dashboard.tsx,763,23,,,No overload matches this call.,parse/typecheck error,,HIGH,prod
1d0460025261d8da4b236363539f71686b61ecb5,BLOCKER,build,TS2339,tsc,TypeScript,frontend/src/pages/Dashboard.tsx,907,57,,,Property 'limit' does not exist on type 'SprintWipStatus'.,parse/typecheck error,,HIGH,prod
c366c549aa4263a5ca738cad689e848204b2b871,MAJOR,maintainability,@typescript-eslint/no-unused-vars,eslint,TypeScript,frontend/src/pages/JiraFieldsConfig.tsx,10,3,,,'InputLabel' is defined but never used.,eslint,,MEDIUM,prod
1af0ca7119a10b4927839c4ed21d18f679a3d6ce,BLOCKER,build,TS2339,tsc,TypeScript,frontend/src/pages/JiraFieldsConfig.tsx,135,18,,,Property 'warning' does not exist on type 'CalibrationResult'.,parse/typecheck error,,HIGH,prod
52e30c56f0247c8e0e5f6fb0aa62a5356e6ada52,BLOCKER,build,TS2339,tsc,TypeScript,frontend/src/pages/JiraFieldsConfig.tsx,136,29,,,Property 'warning' does not exist on type 'CalibrationResult'.,parse/typecheck error,,HIGH,prod
6aa954f68e943e005ca7bf52080f409bd8444e11,MAJOR,maintainability,@typescript-eslint/no-unused-vars,eslint,TypeScript,frontend/src/pages/JiraFieldsConfig.tsx,26,3,,,'LinearProgress' is defined but never used.,eslint,,MEDIUM,prod
42563c511d1a58b7099515af1deeadeeef9515ee,MAJOR,maintainability,@typescript-eslint/no-unused-vars,eslint,TypeScript,frontend/src/pages/JiraFieldsConfig.tsx,37,3,,,'AutoFixHigh' is defined but never used.,eslint,,MEDIUM,prod
b948594e8a6d3de4a4d730ae0d4f15071b668ea4,MAJOR,maintainability,@typescript-eslint/no-explicit-any,eslint,TypeScript,frontend/src/pages/JiraFieldsConfig.tsx,477,42,,,Unexpected any. Specify a different type.,eslint,,MEDIUM,prod
3c4053319ba80fe74f4bc2aff3fdb9133b0da6bf,MAJOR,maintainability,@typescript-eslint/no-explicit-any,eslint,TypeScript,frontend/src/pages/JiraFieldsConfig.tsx,524,86,,,Unexpected any. Specify a different type.,eslint,,MEDIUM,prod
03d3be460c355b3315f993bf5ddb13501d4f473b,MAJOR,maintainability,@typescript-eslint/no-unused-vars,eslint,TypeScript,frontend/src/pages/JiraFieldsConfig.tsx,84,10,,,'showManualSetup' is assigned a value but never used.,eslint,,MEDIUM,prod
a7b605a21cbfa0fb1a3b09b48ae7a8bc283fb2f4,MAJOR,maintainability,no-empty,eslint,TypeScript,frontend/src/pages/Knowledge.tsx,100,13,,,Empty block statement.,eslint,,MEDIUM,prod
3e395c456b3e72d14ae56668974c7f917d06e4fc,MAJOR,maintainability,no-empty,eslint,TypeScript,frontend/src/pages/Knowledge.tsx,124,13,,,Empty block statement.,eslint,,MEDIUM,prod
439a7d19ffa1f542995cd6e48192601a1250d5c7,MAJOR,maintainability,no-empty,eslint,TypeScript,frontend/src/pages/Knowledge.tsx,154,215,,,Empty block statement.,eslint,,MEDIUM,prod
ce6eea5f67cae230f6acf46cb448dfa141fe12a7,BLOCKER,build,TS2339,tsc,TypeScript,frontend/src/pages/Knowledge.tsx,190,58,,,Property 'env' does not exist on type 'ImportMeta'.,parse/typecheck error,,HIGH,prod
6ba98555b18879960b4f39541764d244fdd79568,MAJOR,maintainability,no-undef,eslint,TypeScript,frontend/src/pages/Knowledge.tsx,193,23,,,'NodeJS' is not defined.,eslint,,MEDIUM,prod
f6d9ab10ebf2d1950c5e33147ac5dab27a797ac1,MAJOR,maintainability,no-empty,eslint,TypeScript,frontend/src/pages/Knowledge.tsx,380,143,,,Empty block statement.,eslint,,MEDIUM,prod
b563ebfb56c446389a6dee0c96bc2e5f92fe058f,BLOCKER,build,TS2345,tsc,TypeScript,frontend/src/pages/Knowledge.tsx,401,15,,,Argument of type 'unknown[]' is not assignable to parameter of type 'SetStateAction<TreeNode[] | null>'.,parse/typecheck error,,HIGH,prod
b78f27a20a99c529aa2989aeda2cd18a37f35756,BLOCKER,build,TS18046,tsc,TypeScript,frontend/src/pages/Knowledge.tsx,403,58,,,'n' is of type 'unknown'.,parse/typecheck error,,HIGH,prod
c9a85b30590819620d26e886b5cb5bcbb5c99194,BLOCKER,build,TS2345,tsc,TypeScript,frontend/src/pages/Knowledge.tsx,404,131,,,Argument of type 'unknown[]' is not assignable to parameter of type 'TreeNode[]'.,parse/typecheck error,,HIGH,prod
a237486d1a87d06c06598a66214e40c0a7741fdb,BLOCKER,build,TS2345,tsc,TypeScript,frontend/src/pages/Knowledge.tsx,465,35,,,Argument of type 'TreeNode[] | undefined' is not assignable to parameter of type 'TreeNode[]'.,parse/typecheck error,,HIGH,prod
0a2ba647bc74a5adfa5d1bcb7470acf039df4656,MAJOR,maintainability,@typescript-eslint/no-unused-vars,eslint,TypeScript,frontend/src/pages/Knowledge.tsx,6,24,,,'ExpandMoreIcon' is defined but never used.,eslint,,MEDIUM,prod
d95e748a5c6a89d5795211ddce88b29d18430c62,MAJOR,maintainability,react/no-unescaped-entities,eslint,TypeScript,frontend/src/pages/Login.tsx,453,54,,,"`'` can be escaped with `&apos;`, `&lsquo;`, `&#39;`, `&rsquo;`.",eslint,,MEDIUM,prod
4dad12c4cfc3eea7dccef1214d31101a8e0ef840,BLOCKER,build,TS2339,tsc,TypeScript,frontend/src/pages/ProjectDetail.tsx,1037,50,,,Property 'response' does not exist on type '{}'.,parse/typecheck error,,HIGH,prod
7db4ea47871db94451d9e10ed2542493b20d8d6c,BLOCKER,build,TS18046,tsc,TypeScript,frontend/src/pages/ProjectDetail.tsx,1037,76,,,'e' is of type 'unknown'.,parse/typecheck error,,HIGH,prod
4c9ba21acaea26937a622423f17a984eb63f19f9,MAJOR,maintainability,no-empty,eslint,TypeScript,frontend/src/pages/ProjectDetail.tsx,1041,27,,,Empty block statement.,eslint,,MEDIUM,prod
e6067df944130a493d93674c5442c45f3c02a1d2,MAJOR,maintainability,@typescript-eslint/no-unused-vars,eslint,TypeScript,frontend/src/pages/ProjectDetail.tsx,1060,20,,,'e' is defined but never used.,eslint,,MEDIUM,prod
f57b1d132e416a04b9910651a8ae97a89f593fa4,MAJOR,maintainability,no-empty,eslint,TypeScript,frontend/src/pages/ProjectDetail.tsx,1067,21,,,Empty block statement.,eslint,,MEDIUM,prod
9f5f05c8f366ca5c7e47faebdac7e8e27398e70d,BLOCKER,build,TS2339,tsc,TypeScript,frontend/src/pages/ProjectDetail.tsx,1077,14,,,Property 'response' does not exist on type '{}'.,parse/typecheck error,,HIGH,prod
84645a61ba6aba3155c2eeccae3ec86d38877bd2,BLOCKER,build,TS2339,tsc,TypeScript,frontend/src/pages/ProjectDetail.tsx,1078,14,,,Property 'message' does not exist on type '{}'.,parse/typecheck error,,HIGH,prod
cba7dd6d08d062aebf485b9f0180fa9707248428,BLOCKER,build,TS2339,tsc,TypeScript,frontend/src/pages/ProjectDetail.tsx,1111,60,,,Property 'has_token' does not exist on type '{ configured: boolean; base_url?: string | null | undefined; status?: string | undefined; }'.,parse/typecheck error,,HIGH,prod
077d4bd23eb75815320ea8130b1158c1a4914d9f,MAJOR,maintainability,no-empty,eslint,TypeScript,frontend/src/pages/ProjectDetail.tsx,1154,19,,,Empty block statement.,eslint,,MEDIUM,prod
869f83ac4a88f6291c98530ac32ffa86c348ef43,MAJOR,maintainability,no-empty,eslint,TypeScript,frontend/src/pages/ProjectDetail.tsx,1159,15,,,Empty block statement.,eslint,,MEDIUM,prod
d2de4c969b1d6c80f27c4df9f2fe5e5db1d685a7,MAJOR,maintainability,no-empty,eslint,TypeScript,frontend/src/pages/ProjectDetail.tsx,1165,15,,,Empty block statement.,eslint,,MEDIUM,prod
11b14ee100e18ae84c94b3db0cfa4f3bd9a3a784,MAJOR,maintainability,@typescript-eslint/no-unused-vars,eslint,TypeScript,frontend/src/pages/ProjectDetail.tsx,1170,9,,,'tasks' is assigned a value but never used.,eslint,,MEDIUM,prod
d8852393b775354d20dbcb7c1e312b06feabc01a,MAJOR,maintainability,@typescript-eslint/no-unused-vars,eslint,TypeScript,frontend/src/pages/ProjectDetail.tsx,1184,9,,,'burndownData' is assigned a value but never used.,eslint,,MEDIUM,prod
11dc1b7042833421c41888e7c9597da79c03b77b,BLOCKER,build,TS2339,tsc,TypeScript,frontend/src/pages/ProjectDetail.tsx,1278,21,,,Property 'meta' does not exist on type 'Project'.,parse/typecheck error,,HIGH,prod
72d772df6179d7a3a6e26259bae83b37b11a817d,BLOCKER,build,TS2339,tsc,TypeScript,frontend/src/pages/ProjectDetail.tsx,1280,53,,,Property 'meta' does not exist on type 'Project'.,parse/typecheck error,,HIGH,prod
e25933ea73c87c76047934844ccc373f6ccedf81,BLOCKER,build,TS18048,tsc,TypeScript,frontend/src/pages/ProjectDetail.tsx,1330,40,,,'project.completed_tasks' is possibly 'undefined'.,parse/typecheck error,,HIGH,prod
e5098c773678f7158aa314ab66d386fabb5e98de,BLOCKER,build,TS18048,tsc,TypeScript,frontend/src/pages/ProjectDetail.tsx,1330,18,,,'project.total_tasks' is possibly 'undefined'.,parse/typecheck error,,HIGH,prod
5993494efb16bab337b7f81f2b0e669905a02a8b,BLOCKER,build,TS2339,tsc,TypeScript,frontend/src/pages/ProjectDetail.tsx,1412,28,,,Property 'spent_budget' does not exist on type 'Project'.,parse/typecheck error,,HIGH,prod
849b00853716df3d4488311c339f66290228235f,BLOCKER,build,TS2339,tsc,TypeScript,frontend/src/pages/ProjectDetail.tsx,1457,36,,,Property 'ideal_burndown' does not exist on type 'BurndownData'.,parse/typecheck error,,HIGH,prod
60b3d3312d3ceddc17a9df64793aa7a3d83db9b8,BLOCKER,build,TS2339,tsc,TypeScript,frontend/src/pages/ProjectDetail.tsx,1463,38,,,Property 'ideal_burndown' does not exist on type 'BurndownData'.,parse/typecheck error,,HIGH,prod
8a9c5ccecb3afb42610ca10932851436bbf96327,BLOCKER,build,TS2339,tsc,TypeScript,frontend/src/pages/ProjectDetail.tsx,1473,33,,,Property 'actual_burndown' does not exist on type 'BurndownData'.,parse/typecheck error,,HIGH,prod
0828ae355ed86e3a732a7f6b60413333cc0aa253,BLOCKER,build,TS2339,tsc,TypeScript,frontend/src/pages/ProjectDetail.tsx,1474,33,,,Property 'ideal_burndown' does not exist on type 'BurndownData'.,parse/typecheck error,,HIGH,prod
46dabc8bdbf718f9307eaeaec40195b6bf850eca,BLOCKER,build,TS18048,tsc,TypeScript,frontend/src/pages/ProjectDetail.tsx,1535,27,,,'member.days_since_activity' is possibly 'undefined'.,parse/typecheck error,,HIGH,prod
4984a9474b73bdc61e8ecf80237f21b6e6fc10ad,BLOCKER,build,TS18048,tsc,TypeScript,frontend/src/pages/ProjectDetail.tsx,1536,27,,,'member.days_since_activity' is possibly 'undefined'.,parse/typecheck error,,HIGH,prod
ae522f5585e0cccbcf355222c700b5c8e4a16176,MAJOR,maintainability,no-empty,eslint,TypeScript,frontend/src/pages/ProjectDetail.tsx,1595,27,,,Empty block statement.,eslint,,MEDIUM,prod
13675b790d1fc580b7e76a53738f997cbd70a7d6,BLOCKER,build,TS2345,tsc,TypeScript,frontend/src/pages/ProjectDetail.tsx,1614,39,,,Argument of type 'unknown' is not assignable to parameter of type 'SetStateAction<BurndownData | null>'.,parse/typecheck error,,HIGH,prod
c2250aaf2ba70f6834a40de5f77343b77ab82f06,MAJOR,maintainability,no-empty,eslint,TypeScript,frontend/src/pages/ProjectDetail.tsx,1615,27,,,Empty block statement.,eslint,,MEDIUM,prod
a9cc4fe07824485ed8287567cb38bb0af2eaeb01,BLOCKER,build,TS2345,tsc,TypeScript,frontend/src/pages/ProjectDetail.tsx,1617,38,,,Argument of type 'SprintQuality' is not assignable to parameter of type 'SetStateAction<SprintQualityData | null>'.,parse/typecheck error,,HIGH,prod
1e970ca1e45768483102d81ad028491ce09c58a1,MAJOR,maintainability,no-empty,eslint,TypeScript,frontend/src/pages/ProjectDetail.tsx,1618,27,,,Empty block statement.,eslint,,MEDIUM,prod
25467bbc29e2db9370b0968623388f87efc3dc86,BLOCKER,build,TS2345,tsc,TypeScript,frontend/src/pages/ProjectDetail.tsx,1620,39,,,Argument of type 'SprintCapacity' is not assignable to parameter of type 'SetStateAction<SprintCapacityData | null>'.,parse/typecheck error,,HIGH,prod
73d717f49a027438f7f52788ecf85e2e2d117541,MAJOR,maintainability,no-empty,eslint,TypeScript,frontend/src/pages/ProjectDetail.tsx,1621,27,,,Empty block statement.,eslint,,MEDIUM,prod
83e0195acff540ed88b2877ec5f334f4f1bc4733,BLOCKER,build,TS2339,tsc,TypeScript,frontend/src/pages/ProjectDetail.tsx,1625,36,,,Property 'sprint_id' does not exist on type 'Sprint'.,parse/typecheck error,,HIGH,prod
1159739bf084ed55d08ddd4a07953c51a8e04c4c,BLOCKER,build,TS2339,tsc,TypeScript,frontend/src/pages/ProjectDetail.tsx,1637,26,,,Property 'sprint_id' does not exist on type 'Sprint'.,parse/typecheck error,,HIGH,prod
adf91b8591fd798d72773002302dddc717ef71c1,MAJOR,maintainability,@typescript-eslint/no-unused-vars,eslint,TypeScript,frontend/src/pages/ProjectDetail.tsx,164,11,,,'ApiError' is defined but never used.,eslint,,MEDIUM,prod
940e889f3b1edf07e78c63b34387e1ac99540d77,BLOCKER,build,TS2339,tsc,TypeScript,frontend/src/pages/ProjectDetail.tsx,1643,53,,,Property 'commitment' does not exist on type 'Sprint'.,parse/typecheck error,,HIGH,prod
f5821269824db0276137cf94d80d4e1c804a3969,BLOCKER,build,TS2339,tsc,TypeScript,frontend/src/pages/ProjectDetail.tsx,1643,25,,,Property 'commitment_hours' does not exist on type 'Sprint'.,parse/typecheck error,,HIGH,prod
1233e94ec4a212b6be1538fffaeee246bc92eaac,BLOCKER,build,TS2339,tsc,TypeScript,frontend/src/pages/ProjectDetail.tsx,1645,52,,,Property 'completed' does not exist on type 'Sprint'.,parse/typecheck error,,HIGH,prod
b3633f179d2a4f53d4be602fcaf11a3b56e02bf4,BLOCKER,build,TS2339,tsc,TypeScript,frontend/src/pages/ProjectDetail.tsx,1645,25,,,Property 'completed_hours' does not exist on type 'Sprint'.,parse/typecheck error,,HIGH,prod
847dbf856d2defe70ca464c254a6ee467b07f3fe,BLOCKER,build,TS2339,tsc,TypeScript,frontend/src/pages/ProjectDetail.tsx,1646,47,,,Property 'scope_added_hours' does not exist on type 'Sprint'.,parse/typecheck error,,HIGH,prod
1530778bfe487221fbe6b236e5439f4e88b018d4,BLOCKER,build,TS2339,tsc,TypeScript,frontend/src/pages/ProjectDetail.tsx,1648,25,,,Property 'predictability_pct' does not exist on type 'Sprint'.,parse/typecheck error,,HIGH,prod
2b67c34f4aff18b0110bfd03ef47a0bc3a50a48d,BLOCKER,build,TS2339,tsc,TypeScript,frontend/src/pages/ProjectDetail.tsx,1652,46,,,Property 'carryover_hours' does not exist on type 'Sprint'.,parse/typecheck error,,HIGH,prod
7b0cde3948fc0b66ca470806fb4b6722a7d62091,BLOCKER,build,TS2769,tsc,TypeScript,frontend/src/pages/ProjectDetail.tsx,1657,37,,,No overload matches this call.,parse/typecheck error,,HIGH,prod
fda34910a4c243743a2d02dda872d631dcb37d9e,BLOCKER,build,TS2769,tsc,TypeScript,frontend/src/pages/ProjectDetail.tsx,1658,37,,,No overload matches this call.,parse/typecheck error,,HIGH,prod
6a0dbc72bed02925b115f8dfed96f971772c61e3,MAJOR,maintainability,no-empty,eslint,TypeScript,frontend/src/pages/ProjectDetail.tsx,1678,23,,,Empty block statement.,eslint,,MEDIUM,prod
4b79ebe73542c37cfc5bfbe1b8be34743af84a86,BLOCKER,build,TS2339,tsc,TypeScript,frontend/src/pages/ProjectDetail.tsx,1725,44,,,Property 'ideal_burndown' does not exist on type 'BurndownData'.,parse/typecheck error,,HIGH,prod
7ec4f0b2b19c7df921d2b00224dd6d542298b148,BLOCKER,build,TS2339,tsc,TypeScript,frontend/src/pages/ProjectDetail.tsx,1731,46,,,Property 'ideal_burndown' does not exist on type 'BurndownData'.,parse/typecheck error,,HIGH,prod
12bb46f97686fe379c6805d3af12099abe36af1d,BLOCKER,build,TS2339,tsc,TypeScript,frontend/src/pages/ProjectDetail.tsx,1741,41,,,Property 'actual_burndown' does not exist on type 'BurndownData'.,parse/typecheck error,,HIGH,prod
82cd72c688949be8db316c982bdfee5f6c03a443,BLOCKER,build,TS2339,tsc,TypeScript,frontend/src/pages/ProjectDetail.tsx,1742,41,,,Property 'ideal_burndown' does not exist on type 'BurndownData'.,parse/typecheck error,,HIGH,prod
31e517c0c1d673a2813364599c22a6391c3f6d95,BLOCKER,build,TS2339,tsc,TypeScript,frontend/src/pages/ProjectDetail.tsx,1766,40,,,Property 'weeks' does not exist on type 'SprintCapacityData'.,parse/typecheck error,,HIGH,prod
88a537fe7ebb859919c7ea69d312f9ff3e4cfa20,BLOCKER,build,TS2339,tsc,TypeScript,frontend/src/pages/ProjectDetail.tsx,1767,44,,,Property 'capacity_hours_per_person' does not exist on type 'SprintCapacityData'.,parse/typecheck error,,HIGH,prod
a48a3a1ec0d0d3e6676434856bd531ae87d37559,BLOCKER,build,TS2339,tsc,TypeScript,frontend/src/pages/ProjectDetail.tsx,1803,33,,,Property 'utilization_pct' does not exist on type '{ assignee: string; capacity_hours: number; planned_hours: number; completed_hours: number; }'.,parse/typecheck error,,HIGH,prod
0dc14eac5a87e0d455f0936d69dfb916d77f1276,BLOCKER,build,TS2339,tsc,TypeScript,frontend/src/pages/ProjectDetail.tsx,1805,37,,,Property 'utilization_pct' does not exist on type '{ assignee: string; capacity_hours: number; planned_hours: number; completed_hours: number; }'.,parse/typecheck error,,HIGH,prod
00f14747a6bb852e4e604c1deb757ef0d7d73922,BLOCKER,build,TS2339,tsc,TypeScript,frontend/src/pages/ProjectDetail.tsx,1810,30,,,Property 'utilization_pct' does not exist on type '{ assignee: string; capacity_hours: number; planned_hours: number; completed_hours: number; }'.,parse/typecheck error,,HIGH,prod
ee54d2725f15639bc3a9f596ae4045c1b93b5c4f,BLOCKER,build,TS2339,tsc,TypeScript,frontend/src/pages/ProjectDetail.tsx,1833,40,,,Property 'dod_pct' does not exist on type 'SprintQualityData'.,parse/typecheck error,,HIGH,prod
20cc22b4ff3cd56f4ef475c1aa741ea43722ba54,BLOCKER,build,TS2339,tsc,TypeScript,frontend/src/pages/ProjectDetail.tsx,1845,39,,,Property 'blockers' does not exist on type 'SprintQualityData'.,parse/typecheck error,,HIGH,prod
cbc4449bbcc18e9a5efeae4bb2ad2a8e97ed9b8d,BLOCKER,build,TS2339,tsc,TypeScript,frontend/src/pages/ProjectDetail.tsx,1857,39,,,Property 'bugs_by_priority' does not exist on type 'SprintQualityData'.,parse/typecheck error,,HIGH,prod
94ae74a6df8f020a760a8514ec046c5cb1c11873,BLOCKER,build,TS2339,tsc,TypeScript,frontend/src/pages/ProjectDetail.tsx,1858,56,,,Property 'bugs_by_priority' does not exist on type 'SprintQualityData'.,parse/typecheck error,,HIGH,prod
925777a554c5f9b72b260ee6b0380241b06ca8a5,BLOCKER,build,TS2339,tsc,TypeScript,frontend/src/pages/ProjectDetail.tsx,1939,31,,,Property 'message' does not exist on type '{}'.,parse/typecheck error,,HIGH,prod
4895b61a1d9c5eaf5ed64124271ee02a0551b15a,BLOCKER,build,TS2339,tsc,TypeScript,frontend/src/pages/ProjectDetail.tsx,1982,34,,,Property 'created_at' does not exist on type 'QualityHistoryItem'.,parse/typecheck error,,HIGH,prod
8a46e81a1c5aafa17a5c30ac2680e16ac726f246,BLOCKER,build,TS2551,tsc,TypeScript,frontend/src/pages/ProjectDetail.tsx,1987,58,,,Property 'passed' does not exist on type 'QualityHistoryItem'. Did you mean 'pass'?,parse/typecheck error,,HIGH,prod
47c739f48b284b98d884e289dc96f91322a8b76e,MINOR,style,eslint,eslint,TypeScript,frontend/src/pages/ProjectDetail.tsx,199,7,,,Unused eslint-disable directive (no problems were reported from 'no-console').,eslint,,MEDIUM,prod
c117e531b9a8b3826a9309cf07528dc536dcf7b0,BLOCKER,build,TS2551,tsc,TypeScript,frontend/src/pages/ProjectDetail.tsx,2019,52,,,Property 'passed' does not exist on type 'QualityHistoryItem'. Did you mean 'pass'?,parse/typecheck error,,HIGH,prod
cb03ba318d8ba91743018ac4fbb73817122d37c7,BLOCKER,build,TS18046,tsc,TypeScript,frontend/src/pages/ProjectDetail.tsx,2056,36,,,'prs' is of type 'unknown'.,parse/typecheck error,,HIGH,prod
4ec3a88c060dcc58bcce0a2a5161a03b1250bb03,MAJOR,maintainability,no-empty,eslint,TypeScript,frontend/src/pages/ProjectDetail.tsx,2069,33,,,Empty block statement.,eslint,,MEDIUM,prod
159bed4e3d2c459d6a62df40748fd2cb58861b3b,BLOCKER,build,TS2345,tsc,TypeScript,frontend/src/pages/ProjectDetail.tsx,2080,31,,,Argument of type 'unknown[]' is not assignable to parameter of type 'SetStateAction<QualityHistoryItem[]>'.,parse/typecheck error,,HIGH,prod
bc1660d517f415525e133b697eea573d99fba49f,BLOCKER,build,TS2339,tsc,TypeScript,frontend/src/pages/ProjectDetail.tsx,2086,33,,,Property 'message' does not exist on type '{}'.,parse/typecheck error,,HIGH,prod
d8e1fb150aae98a29045a7259f34d70eac9dd91a,MAJOR,maintainability,@typescript-eslint/no-unused-vars,eslint,TypeScript,frontend/src/pages/ProjectDetail.tsx,226,10,,,'velocityAvg' is assigned a value but never used.,eslint,,MEDIUM,prod
9d13c77b9ea58e88770c8f8d863b1d024064e13c,BLOCKER,build,TS2339,tsc,TypeScript,frontend/src/pages/ProjectDetail.tsx,2594,67,,,Property 'has_token' does not exist on type '{ configured: boolean; base_url?: string | null | undefined; status?: string | undefined; }'.,parse/typecheck error,,HIGH,prod
91aecac3607a15d1e92fcb861a308fd1273fb096,MAJOR,maintainability,no-empty,eslint,TypeScript,frontend/src/pages/ProjectDetail.tsx,2602,27,,,Empty block statement.,eslint,,MEDIUM,prod
8af0483cef8ed7d75ae5816b4b800a9e3e0d277d,MAJOR,maintainability,no-empty,eslint,TypeScript,frontend/src/pages/ProjectDetail.tsx,2627,29,,,Empty block statement.,eslint,,MEDIUM,prod
4ee36f7fe9c29cf2c6585eaccfa318fb7a10e4a1,BLOCKER,build,TS2769,tsc,TypeScript,frontend/src/pages/ProjectDetail.tsx,2629,37,,,No overload matches this call.,parse/typecheck error,,HIGH,prod
52b2286396f32dfa821208a64b32204cba688509,BLOCKER,build,TS2339,tsc,TypeScript,frontend/src/pages/ProjectDetail.tsx,2651,53,,,Property 'response' does not exist on type '{}'.,parse/typecheck error,,HIGH,prod
7c4e47d0ab6a59a7f3207fa9e734fd60b6334acf,BLOCKER,build,TS18046,tsc,TypeScript,frontend/src/pages/ProjectDetail.tsx,2651,79,,,'e' is of type 'unknown'.,parse/typecheck error,,HIGH,prod
19c3a65a974743974b282b751ed001788abb2371,BLOCKER,build,TS2339,tsc,TypeScript,frontend/src/pages/ProjectDetail.tsx,274,26,,,Property 'spent_budget' does not exist on type 'Project'.,parse/typecheck error,,HIGH,prod
d40f39844ad3cc202d7930c8444ec7b2a3a2e823,BLOCKER,build,TS2353,tsc,TypeScript,frontend/src/pages/ProjectDetail.tsx,274,7,,,"Object literal may only specify known properties, and 'spent_budget' does not exist in type 'Project | ((prevState: Project | null) => Project | null)'.",parse/typecheck error,,HIGH,prod
748f2d202928540aadd88da00c5df67ebfe3e21a,BLOCKER,build,TS2554,tsc,TypeScript,frontend/src/pages/ProjectDetail.tsx,287,51,,,"Expected 1 arguments, but got 3.",parse/typecheck error,,HIGH,prod
c1d63400d30b9b9e9ab54eda2fc98c79b1554d78,BLOCKER,build,TS2339,tsc,TypeScript,frontend/src/pages/ProjectDetail.tsx,354,20,,,Property 'response' does not exist on type '{}'.,parse/typecheck error,,HIGH,prod
c3a6026a962bfada92b3ef92addb5abcb3d991fa,BLOCKER,build,TS2339,tsc,TypeScript,frontend/src/pages/ProjectDetail.tsx,355,20,,,Property 'message' does not exist on type '{}'.,parse/typecheck error,,HIGH,prod
7d0835715d20e12e785598fd4a284d72a4daf7f8,MAJOR,maintainability,@typescript-eslint/no-unused-vars,eslint,TypeScript,frontend/src/pages/ProjectDetail.tsx,38,3,,,'listTasksByProject' is defined but never used.,eslint,,MEDIUM,prod
b7af3071cb25e0098311d6fe1e37b8a752ef959e,BLOCKER,build,TS2353,tsc,TypeScript,frontend/src/pages/ProjectDetail.tsx,381,11,,,"Object literal may only specify known properties, and 'groupPath' does not exist in type '{ search?: string | undefined; page?: number | undefined; per_page?: number | undefined; }'.",parse/typecheck error,,HIGH,prod
dd72cc8265474c3f37d592595d2998a50f48ac5a,BLOCKER,build,TS2339,tsc,TypeScript,frontend/src/pages/ProjectDetail.tsx,396,18,,,Property 'response' does not exist on type '{}'.,parse/typecheck error,,HIGH,prod
04e196725bafe32cb0edf07af5b4b2d934eac7b9,BLOCKER,build,TS2339,tsc,TypeScript,frontend/src/pages/ProjectDetail.tsx,397,18,,,Property 'message' does not exist on type '{}'.,parse/typecheck error,,HIGH,prod
da202e5c2a3a27f12f95a51d30ecf9eb31a8d947,BLOCKER,build,TS2339,tsc,TypeScript,frontend/src/pages/ProjectDetail.tsx,448,55,,,Property 'has_token' does not exist on type '{ configured: boolean; base_url?: string | null | undefined; status?: string | undefined; }'.,parse/typecheck error,,HIGH,prod
6a491c1418fe73512a88313623b926ef19224d36,MAJOR,maintainability,no-empty,eslint,TypeScript,frontend/src/pages/ProjectDetail.tsx,456,15,,,Empty block statement.,eslint,,MEDIUM,prod
1d6cab850c019407811f3856d2935b40a2d8b981,BLOCKER,build,TS2554,tsc,TypeScript,frontend/src/pages/ProjectDetail.tsx,470,47,,,"Expected 1 arguments, but got 2.",parse/typecheck error,,HIGH,prod
6f4a6047340c28455a1454bf0f098482c598e4a3,BLOCKER,build,TS2339,tsc,TypeScript,frontend/src/pages/ProjectDetail.tsx,481,26,,,Property 'response' does not exist on type '{}'.,parse/typecheck error,,HIGH,prod
c14a88beacd929e140473deb09e8e7eb1563583a,BLOCKER,build,TS2339,tsc,TypeScript,frontend/src/pages/ProjectDetail.tsx,481,55,,,Property 'message' does not exist on type '{}'.,parse/typecheck error,,HIGH,prod
a3dbcd45946a156325b925d733a9a948e0d027c0,BLOCKER,build,TS2339,tsc,TypeScript,frontend/src/pages/ProjectDetail.tsx,544,16,,,Property 'response' does not exist on type '{}'.,parse/typecheck error,,HIGH,prod
7b2fbd066618a221081184ab92a4656cddc3b914,BLOCKER,build,TS2339,tsc,TypeScript,frontend/src/pages/ProjectDetail.tsx,545,16,,,Property 'message' does not exist on type '{}'.,parse/typecheck error,,HIGH,prod
9ffe318c4517e3e2e8761e561c73b59e2c528ce2,BLOCKER,build,TS2339,tsc,TypeScript,frontend/src/pages/ProjectDetail.tsx,566,16,,,Property 'response' does not exist on type '{}'.,parse/typecheck error,,HIGH,prod
0c4a7959b45ce432c821a27d27b76622c39f0f34,BLOCKER,build,TS2339,tsc,TypeScript,frontend/src/pages/ProjectDetail.tsx,567,16,,,Property 'message' does not exist on type '{}'.,parse/typecheck error,,HIGH,prod
d3076a186a31fab9aebcb9c9317c460a54f5d2aa,BLOCKER,build,TS2339,tsc,TypeScript,frontend/src/pages/ProjectDetail.tsx,588,16,,,Property 'response' does not exist on type '{}'.,parse/typecheck error,,HIGH,prod
32f0d0950ef2b8a2d55ee75d686ea515e3458a63,BLOCKER,build,TS2339,tsc,TypeScript,frontend/src/pages/ProjectDetail.tsx,589,16,,,Property 'message' does not exist on type '{}'.,parse/typecheck error,,HIGH,prod
0ce2399992ffbb629b15134da24d6fd96c8b42ad,BLOCKER,build,TS2339,tsc,TypeScript,frontend/src/pages/ProjectDetail.tsx,627,71,,,Property 'has_token' does not exist on type '{ configured: boolean; base_url?: string | null | undefined; auth_mode?: string | undefined; }'.,parse/typecheck error,,HIGH,prod
ad50c5b968d70baf672550f2eb085247cef739a1,BLOCKER,build,TS2339,tsc,TypeScript,frontend/src/pages/ProjectDetail.tsx,628,71,,,Property 'has_token' does not exist on type '{ configured: boolean; base_url?: string | null | undefined; auth_mode?: string | undefined; }'.,parse/typecheck error,,HIGH,prod
c7243f5b2772f6a4483ade9d472e4a8eabb40d49,BLOCKER,build,TS2339,tsc,TypeScript,frontend/src/pages/ProjectDetail.tsx,656,20,,,Property 'response' does not exist on type '{}'.,parse/typecheck error,,HIGH,prod
a0f0bc19761683d93a7abfe24ff27b7f53fcd5c4,BLOCKER,build,TS2339,tsc,TypeScript,frontend/src/pages/ProjectDetail.tsx,657,20,,,Property 'message' does not exist on type '{}'.,parse/typecheck error,,HIGH,prod
c4812421106876741d68d35c58b11b03676315c1,BLOCKER,build,TS2339,tsc,TypeScript,frontend/src/pages/ProjectDetail.tsx,685,71,,,Property 'has_token' does not exist on type '{ configured: boolean; base_url?: string | null | undefined; auth_mode?: string | undefined; }'.,parse/typecheck error,,HIGH,prod
8a14ce00351da23aa49393b386f9d65675aaa2f8,BLOCKER,build,TS2339,tsc,TypeScript,frontend/src/pages/ProjectDetail.tsx,686,71,,,Property 'has_token' does not exist on type '{ configured: boolean; base_url?: string | null | undefined; auth_mode?: string | undefined; }'.,parse/typecheck error,,HIGH,prod
0ebbfa040b9642c855062f2dfad2549ec63e8580,MAJOR,maintainability,@typescript-eslint/no-unused-vars,eslint,TypeScript,frontend/src/pages/ProjectDetail.tsx,73,10,,,'CircularProgress' is defined but never used.,eslint,,MEDIUM,prod
7c179c6f3a5d4b47fdf4b195734529c4f17de658,MAJOR,maintainability,@typescript-eslint/no-unused-vars,eslint,TypeScript,frontend/src/pages/ProjectDetail.tsx,76,8,,,'GitHubIcon' is defined but never used.,eslint,,MEDIUM,prod
5072f7b9ec946535ec985b1c5e133c25e3c1e615,MAJOR,maintainability,@typescript-eslint/no-unused-vars,eslint,TypeScript,frontend/src/pages/ProjectDetail.tsx,77,8,,,'GitlabIcon' is defined but never used.,eslint,,MEDIUM,prod
53f136a31cd6da7ea519e7ee31f7819235fe759b,BLOCKER,build,TS2345,tsc,TypeScript,frontend/src/pages/ProjectDetail.tsx,770,21,,,Argument of type 'unknown[]' is not assignable to parameter of type 'SetStateAction<QualityHistoryItem[]>'.,parse/typecheck error,,HIGH,prod
fb5d5cc22c776fbfac030803f16a56f625fb7f5a,MAJOR,maintainability,no-empty,eslint,TypeScript,frontend/src/pages/ProjectDetail.tsx,771,19,,,Empty block statement.,eslint,,MEDIUM,prod
7e30a00a66d05cfb2c7e1f92d737534cba8bfd92,BLOCKER,build,TS2345,tsc,TypeScript,frontend/src/pages/ProjectDetail.tsx,805,22,,,Argument of type 'unknown' is not assignable to parameter of type 'SetStateAction<RisksData | null>'.,parse/typecheck error,,HIGH,prod
886906807191f8d36446c55d683d3a29f59e56f5,MAJOR,maintainability,no-empty,eslint,TypeScript,frontend/src/pages/ProjectDetail.tsx,806,19,,,Empty block statement.,eslint,,MEDIUM,prod
84e7f3d92691401c1d98a536c181576785ae1072,BLOCKER,build,TS2345,tsc,TypeScript,frontend/src/pages/ProjectDetail.tsx,813,25,,,Argument of type 'unknown' is not assignable to parameter of type 'SetStateAction<BurndownData | null>'.,parse/typecheck error,,HIGH,prod
e1eb17c85a33216a88cf965731dcf266b5c71a5d,MAJOR,maintainability,no-empty,eslint,TypeScript,frontend/src/pages/ProjectDetail.tsx,814,19,,,Empty block statement.,eslint,,MEDIUM,prod
3c8f740a6d3f32e6ab80f84b3850d60fb51687f4,BLOCKER,build,TS2339,tsc,TypeScript,frontend/src/pages/ProjectDetail.tsx,822,31,,,Property 'average_velocity' does not exist on type '{}'.,parse/typecheck error,,HIGH,prod
683c064b76e917482acb5bb69b5410e50afbc13c,MAJOR,maintainability,no-empty,eslint,TypeScript,frontend/src/pages/ProjectDetail.tsx,823,19,,,Empty block statement.,eslint,,MEDIUM,prod
bedc77bc5620bbaf5abb41401de53e07f18cc4f7,MAJOR,maintainability,no-empty,eslint,TypeScript,frontend/src/pages/ProjectDetail.tsx,832,19,,,Empty block statement.,eslint,,MEDIUM,prod
447eae7f821db94b1cd7962cd0650f0060513bee,MAJOR,maintainability,no-empty,eslint,TypeScript,frontend/src/pages/ProjectDetail.tsx,841,19,,,Empty block statement.,eslint,,MEDIUM,prod
8b298d62631baa74a97de90ab8526aa775a185b6,BLOCKER,build,TS2345,tsc,TypeScript,frontend/src/pages/ProjectDetail.tsx,849,28,,,Argument of type '{}' is not assignable to parameter of type 'SetStateAction<TeamMemberActivity[]>'.,parse/typecheck error,,HIGH,prod
3ffffd742ea2896d3ab75057801b648fe555ec8e,MAJOR,maintainability,no-empty,eslint,TypeScript,frontend/src/pages/ProjectDetail.tsx,850,19,,,Empty block statement.,eslint,,MEDIUM,prod
003187efec7a3af5d216c952027cb684aa4bd035,MAJOR,maintainability,no-empty,eslint,TypeScript,frontend/src/pages/ProjectDetail.tsx,862,19,,,Empty block statement.,eslint,,MEDIUM,prod
e295520654e13789fd0cbbfb7ceabf4285db2c43,BLOCKER,build,TS2339,tsc,TypeScript,frontend/src/pages/ProjectDetail.tsx,879,40,,,Property 'sprint_id' does not exist on type 'Sprint'.,parse/typecheck error,,HIGH,prod
49246d16e4c5cc753728ddc3d4c707aa98ec33c0,BLOCKER,build,TS2345,tsc,TypeScript,frontend/src/pages/ProjectDetail.tsx,886,35,,,Argument of type 'unknown' is not assignable to parameter of type 'SetStateAction<BurndownData | null>'.,parse/typecheck error,,HIGH,prod
776f95cb9ef20d73df478eebfaa3d07d1c6fc7e8,BLOCKER,build,TS2339,tsc,TypeScript,frontend/src/pages/ProjectDetail.tsx,886,66,,,Property 'sprint_id' does not exist on type 'Sprint'.,parse/typecheck error,,HIGH,prod
979c6c5eed9c62abcffd8187ebcf23a43d73aa7c,MAJOR,maintainability,no-empty,eslint,TypeScript,frontend/src/pages/ProjectDetail.tsx,887,23,,,Empty block statement.,eslint,,MEDIUM,prod
12da5c31a55283cb9a6e484056d2fc051d4b42df,BLOCKER,build,TS2339,tsc,TypeScript,frontend/src/pages/ProjectDetail.tsx,894,64,,,Property 'sprint_id' does not exist on type 'Sprint'.,parse/typecheck error,,HIGH,prod
2e51a01832f6f921257e4097dee633aada6b4d76,BLOCKER,build,TS2345,tsc,TypeScript,frontend/src/pages/ProjectDetail.tsx,894,34,,,Argument of type 'SprintQuality' is not assignable to parameter of type 'SetStateAction<SprintQualityData | null>'.,parse/typecheck error,,HIGH,prod
75077c97ed92b2743a047baaaa43f8bed4d73249,MAJOR,maintainability,no-empty,eslint,TypeScript,frontend/src/pages/ProjectDetail.tsx,895,23,,,Empty block statement.,eslint,,MEDIUM,prod
6a547fac5a3e2401b9c90f335237244be3e36c27,BLOCKER,build,TS2339,tsc,TypeScript,frontend/src/pages/ProjectDetail.tsx,902,66,,,Property 'sprint_id' does not exist on type 'Sprint'.,parse/typecheck error,,HIGH,prod
8d7147596170890a1953ae89361410bfaa4f4d39,BLOCKER,build,TS2345,tsc,TypeScript,frontend/src/pages/ProjectDetail.tsx,902,35,,,Argument of type 'SprintCapacity' is not assignable to parameter of type 'SetStateAction<SprintCapacityData | null>'.,parse/typecheck error,,HIGH,prod
091c62588d775b986c6d211c97683057205582c9,MAJOR,maintainability,no-empty,eslint,TypeScript,frontend/src/pages/ProjectDetail.tsx,903,23,,,Empty block statement.,eslint,,MEDIUM,prod
383f94221442367867748b3549246210c5f788e1,BLOCKER,build,TS2339,tsc,TypeScript,frontend/src/pages/ProjectDetail.tsx,910,36,,,Property 'meta' does not exist on type 'Project'.,parse/typecheck error,,HIGH,prod
dc93af28f94038193f88c97ec02b7c571dc91915,BLOCKER,build,TS2339,tsc,TypeScript,frontend/src/pages/ProjectDetail.tsx,911,31,,,Property 'meta' does not exist on type 'Project'.,parse/typecheck error,,HIGH,prod
ff1560148a40596fdb010da9a08f1941b1c1da47,BLOCKER,build,TS2339,tsc,TypeScript,frontend/src/pages/ProjectDetail.tsx,924,70,,,Property 'has_token' does not exist on type '{ configured: boolean; base_url?: string | null | undefined; status?: string | undefined; }'.,parse/typecheck error,,HIGH,prod
bfc8270b0bafa8ef251df7ca91ac24ee6447bbb2,BLOCKER,build,TS2554,tsc,TypeScript,frontend/src/pages/ProjectDetail.tsx,954,58,,,"Expected 1 arguments, but got 2.",parse/typecheck error,,HIGH,prod
40ba8afb4179d93389cdf720618a358283e8a072,MAJOR,maintainability,no-empty,eslint,TypeScript,frontend/src/pages/ProjectDetail.tsx,994,35,,,Empty block statement.,eslint,,MEDIUM,prod
db4942dbf4518d0eebc91564d9ff20d7f4d75ab8,MAJOR,maintainability,@typescript-eslint/no-explicit-any,eslint,TypeScript,frontend/src/pages/Projects.tsx,100,30,,,Unexpected any. Specify a different type.,eslint,,MEDIUM,prod
fb8a1fd1be89f5bfc90cdfc525b1d0499b570415,MAJOR,maintainability,@typescript-eslint/no-explicit-any,eslint,TypeScript,frontend/src/pages/Projects.tsx,118,42,,,Unexpected any. Specify a different type.,eslint,,MEDIUM,prod
8b0f9f6bae5b464fbe1af157d17450ba1f02b926,MAJOR,maintainability,@typescript-eslint/no-explicit-any,eslint,TypeScript,frontend/src/pages/Projects.tsx,125,25,,,Unexpected any. Specify a different type.,eslint,,MEDIUM,prod
e93e19842fc3de50961efa840975eca063636360,BLOCKER,build,TS2554,tsc,TypeScript,frontend/src/pages/Projects.tsx,126,50,,,"Expected 1 arguments, but got 2.",parse/typecheck error,,HIGH,prod
1ca14c000542d342a4e9bee3d7127f8a98099ab5,MAJOR,maintainability,@typescript-eslint/no-explicit-any,eslint,TypeScript,frontend/src/pages/Projects.tsx,133,27,,,Unexpected any. Specify a different type.,eslint,,MEDIUM,prod
0e1660eb3622637a1c058ad38344960148b528f4,MAJOR,maintainability,@typescript-eslint/no-explicit-any,eslint,TypeScript,frontend/src/pages/Projects.tsx,137,51,,,Unexpected any. Specify a different type.,eslint,,MEDIUM,prod
ebe3bf0196efd7cef0d85c7212a8087e4bae8ab2,MAJOR,maintainability,@typescript-eslint/no-explicit-any,eslint,TypeScript,frontend/src/pages/Projects.tsx,174,46,,,Unexpected any. Specify a different type.,eslint,,MEDIUM,prod
a606599bbc4ea8195ed25dda754ef29f7feabb2a,MAJOR,maintainability,@typescript-eslint/no-explicit-any,eslint,TypeScript,frontend/src/pages/Projects.tsx,181,29,,,Unexpected any. Specify a different type.,eslint,,MEDIUM,prod
51cb2c4bfb3404bf84c5bc01e8d85568d23e16cb,BLOCKER,build,TS2554,tsc,TypeScript,frontend/src/pages/Projects.tsx,183,46,,,"Expected 1 arguments, but got 2.",parse/typecheck error,,HIGH,prod
38a20461aacb7d83223eecc58f55ee8fce189f7d,MAJOR,maintainability,@typescript-eslint/no-explicit-any,eslint,TypeScript,frontend/src/pages/Projects.tsx,190,33,,,Unexpected any. Specify a different type.,eslint,,MEDIUM,prod
1bf0b5c7df3396e0a9c296341e1449cb11df7af0,MAJOR,maintainability,@typescript-eslint/no-explicit-any,eslint,TypeScript,frontend/src/pages/Projects.tsx,194,57,,,Unexpected any. Specify a different type.,eslint,,MEDIUM,prod
51753e40c6515af7f1818371fd28e903c0546538,MAJOR,maintainability,react-hooks/exhaustive-deps,eslint,TypeScript,frontend/src/pages/Projects.tsx,223,5,,,Definition for rule 'react-hooks/exhaustive-deps' was not found.,eslint,,MEDIUM,prod
287fee10c3ba1cdb9a4fe108195abcbdb9e26113,MAJOR,maintainability,@typescript-eslint/no-explicit-any,eslint,TypeScript,frontend/src/pages/Projects.tsx,245,14,,,Unexpected any. Specify a different type.,eslint,,MEDIUM,prod
fc221f97a5a5869e701d3d10053a557cd5d23ea0,BLOCKER,build,TS2353,tsc,TypeScript,frontend/src/pages/Projects.tsx,265,47,,,"Object literal may only specify known properties, and 'owner_id' does not exist in type '{ jira_key: string; name: string; description?: string | undefined; status?: string | undefined; start_date?: string | undefined; end_date?: string | undefined; }'.",parse/typecheck error,,HIGH,prod
f9900aade00aa6e86dc0da4e6c1d3da30c4621bd,BLOCKER,build,TS2554,tsc,TypeScript,frontend/src/pages/Projects.tsx,286,53,,,"Expected 1 arguments, but got 2.",parse/typecheck error,,HIGH,prod
9f0e0a4daa212758ec957e6b4d86544539843a3b,MAJOR,maintainability,react/no-unescaped-entities,eslint,TypeScript,frontend/src/pages/Projects.tsx,345,40,,,"`""` can be escaped with `&quot;`, `&ldquo;`, `&#34;`, `&rdquo;`.",eslint,,MEDIUM,prod
56c6c63c7771fd38597bb769d26b27fc4bae4bbd,MAJOR,maintainability,@typescript-eslint/no-explicit-any,eslint,TypeScript,frontend/src/pages/Projects.tsx,394,64,,,Unexpected any. Specify a different type.,eslint,,MEDIUM,prod
061080d75c4c2e2ae45ce023309a251ca917b234,MAJOR,maintainability,@typescript-eslint/no-unused-vars,eslint,TypeScript,frontend/src/pages/Projects.tsx,94,13,,,'signal' is assigned a value but never used.,eslint,,MEDIUM,prod
e8f61a30e46da563842fb677f902acca7c4cb2a9,MAJOR,maintainability,no-empty,eslint,TypeScript,frontend/src/pages/Quality.tsx,104,15,,,Empty block statement.,eslint,,MEDIUM,prod
d8ea7dbc41b1111669bdb0cd34a31ab8b4554aa4,MAJOR,maintainability,@typescript-eslint/no-unused-vars,eslint,TypeScript,frontend/src/pages/Quality.tsx,14,3,,,'getProjectSprints' is defined but never used.,eslint,,MEDIUM,prod
629bedbf403446bff7fc80f8520b5921a4ef6d09,MAJOR,maintainability,@typescript-eslint/no-unused-vars,eslint,TypeScript,frontend/src/pages/Quality.tsx,15,8,,,'Sprint' is defined but never used.,eslint,,MEDIUM,prod
b563c69429bfaa2945c90b0e2b957eece5a21c0a,BLOCKER,build,TS2532,tsc,TypeScript,frontend/src/pages/Quality.tsx,177,38,,,Object is possibly 'undefined'.,parse/typecheck error,,HIGH,prod
c97789b1b96d11ae6c82ba7a84048635716f74ee,BLOCKER,build,TS2769,tsc,TypeScript,frontend/src/pages/Quality.tsx,177,12,,,No overload matches this call.,parse/typecheck error,,HIGH,prod
46ec912f683d1416d1af02e9aea1d7cabbf95da3,MAJOR,maintainability,@typescript-eslint/no-unused-vars,eslint,TypeScript,frontend/src/pages/Quality.tsx,2,40,,,'Card' is defined but never used.,eslint,,MEDIUM,prod
9d98747c3aae2d1fc3af5c09451ebe702e69c13d,MAJOR,maintainability,@typescript-eslint/no-unused-vars,eslint,TypeScript,frontend/src/pages/Quality.tsx,2,171,,,'Container' is defined but never used.,eslint,,MEDIUM,prod
ae9631c854bc308dfa7153b2c0496a0ee2ab1988,MAJOR,maintainability,@typescript-eslint/no-unused-vars,eslint,TypeScript,frontend/src/pages/Quality.tsx,2,46,,,'CardContent' is defined but never used.,eslint,,MEDIUM,prod
ec65702d11373907d97b9300d2d74c38c5cb3ed8,MAJOR,maintainability,@typescript-eslint/no-unused-vars,eslint,TypeScript,frontend/src/pages/Quality.tsx,2,15,,,'Grid' is defined but never used.,eslint,,MEDIUM,prod
f3fdf37fba36e74d8fa51e6d992e6b6b4aa1e0f9,BLOCKER,build,TS2345,tsc,TypeScript,frontend/src/pages/Quality.tsx,285,42,,,Argument of type 'string | undefined' is not assignable to parameter of type 'string'.,parse/typecheck error,,HIGH,prod
140a5c5cd6371eec5621ac01307fa8ae32d52a7e,BLOCKER,build,TS18046,tsc,TypeScript,frontend/src/pages/Quality.tsx,65,16,,,'pr' is of type 'unknown'.,parse/typecheck error,,HIGH,prod
acc281a8e188baa0e6862468e2cf6006d494d584,MAJOR,maintainability,no-empty,eslint,TypeScript,frontend/src/pages/Quality.tsx,71,17,,,Empty block statement.,eslint,,MEDIUM,prod
751ab7225a962b56eab28f9fef0927de102cbd8a,BLOCKER,build,TS18046,tsc,TypeScript,frontend/src/pages/Quality.tsx,76,29,,,'pr' is of type 'unknown'.,parse/typecheck error,,HIGH,prod
d56fcef06a40110e170b510a00a5512d737b154a,BLOCKER,build,TS2559,tsc,TypeScript,frontend/src/pages/Quality.tsx,78,64,,,Type 'number' has no properties in common with type '{ project_id?: number | undefined; min_line?: number | undefined; min_branch?: number | undefined; }'.,parse/typecheck error,,HIGH,prod
0f6774fdfd7476106c67bb17638c11599eb08438,BLOCKER,build,TS2322,tsc,TypeScript,frontend/src/pages/Quality.tsx,79,13,,,Type 'unknown' is not assignable to type 'QualityGateResult'.,parse/typecheck error,,HIGH,prod
b1595131a87f15d0b524e9b9b497d55cc36584d4,MAJOR,maintainability,no-empty,eslint,TypeScript,frontend/src/pages/Quality.tsx,80,19,,,Empty block statement.,eslint,,MEDIUM,prod
2f56ec41d7c45c829ffccd7d2fbc359cb96f1efe,BLOCKER,build,TS18046,tsc,TypeScript,frontend/src/pages/Quality.tsx,82,84,,,'pr' is of type 'unknown'.,parse/typecheck error,,HIGH,prod
b58cbb782262a3b4ffd4477c259fbfa8820d76ef,BLOCKER,build,TS2339,tsc,TypeScript,frontend/src/pages/Quality.tsx,96,56,,,Property 'github' does not exist on type '{}'.,parse/typecheck error,,HIGH,prod
b88abba78d901e4dd157cf018972ba6026a6a21d,BLOCKER,build,TS2339,tsc,TypeScript,frontend/src/pages/Quality.tsx,96,28,,,Property 'jira' does not exist on type '{}'.,parse/typecheck error,,HIGH,prod
64a8fb3145a674fc1ea2b626cfe3b1ccb7c8a459,MAJOR,maintainability,no-empty,eslint,TypeScript,frontend/src/pages/Settings.tsx,119,15,,,Empty block statement.,eslint,,MEDIUM,prod
950262ea740ee247876f9ea741cbae20be8e5a55,MAJOR,maintainability,no-empty,eslint,TypeScript,frontend/src/pages/Settings.tsx,128,15,,,Empty block statement.,eslint,,MEDIUM,prod
ae960106153b214707baade67cd0b973a5910886,MAJOR,maintainability,no-empty,eslint,TypeScript,frontend/src/pages/Settings.tsx,133,15,,,Empty block statement.,eslint,,MEDIUM,prod
e8c33fa80c5bda3e9db30edf2f0e781c86e7bb69,MAJOR,maintainability,no-empty,eslint,TypeScript,frontend/src/pages/Settings.tsx,138,15,,,Empty block statement.,eslint,,MEDIUM,prod
9b5a82a9d4309a85ea6ebfc84102162648812d1a,MAJOR,maintainability,no-empty,eslint,TypeScript,frontend/src/pages/Settings.tsx,143,15,,,Empty block statement.,eslint,,MEDIUM,prod
bbc06668bd059c022f38cc3b9a37fcce1b9602fe,MAJOR,maintainability,react-hooks/exhaustive-deps,eslint,TypeScript,frontend/src/pages/Settings.tsx,145,5,,,Definition for rule 'react-hooks/exhaustive-deps' was not found.,eslint,,MEDIUM,prod
8e8808b6c1be0d956a33ff1ae0c286d1b3ae2f1c,BLOCKER,build,TS2353,tsc,TypeScript,frontend/src/pages/Settings.tsx,166,9,,,"Object literal may only specify known properties, and 'use_pat' does not exist in type '{ base_url?: string | undefined; email?: string | undefined; api_token?: string | undefined; }'.",parse/typecheck error,,HIGH,prod
0d0ebd955c87f25be9eefb4d428dbaa7fab6dc49,MAJOR,maintainability,@typescript-eslint/no-explicit-any,eslint,TypeScript,frontend/src/pages/Settings.tsx,170,31,,,Unexpected any. Specify a different type.,eslint,,MEDIUM,prod
697fbb5e7de4d0797f47d97e9eb3bb83c540175c,MAJOR,maintainability,@typescript-eslint/no-explicit-any,eslint,TypeScript,frontend/src/pages/Settings.tsx,178,22,,,Unexpected any. Specify a different type.,eslint,,MEDIUM,prod
91dc3b6bda8576fde33536d0a27ba1d508b54039,MAJOR,maintainability,@typescript-eslint/no-explicit-any,eslint,TypeScript,frontend/src/pages/Settings.tsx,183,31,,,Unexpected any. Specify a different type.,eslint,,MEDIUM,prod
12fea1dbf2adefc92374a631d08b1c6d381e3c5e,MAJOR,maintainability,@typescript-eslint/no-explicit-any,eslint,TypeScript,frontend/src/pages/Settings.tsx,198,31,,,Unexpected any. Specify a different type.,eslint,,MEDIUM,prod
65e412feba0d9cd39de5f3c0fc41d40b8138abb1,BLOCKER,build,TS2339,tsc,TypeScript,frontend/src/pages/Settings.tsx,211,30,,,Property 'username' does not exist on type '{ status: string; message?: string | undefined; }'.,parse/typecheck error,,HIGH,prod
7c880542d9b912f8b94d66e74b004cb9db40e1f1,BLOCKER,build,TS2339,tsc,TypeScript,frontend/src/pages/Settings.tsx,211,52,,,Property 'name' does not exist on type '{ status: string; message?: string | undefined; }'.,parse/typecheck error,,HIGH,prod
952f0f493b00927ea614eac4415651c24b42383d,MAJOR,maintainability,@typescript-eslint/no-explicit-any,eslint,TypeScript,frontend/src/pages/Settings.tsx,215,31,,,Unexpected any. Specify a different type.,eslint,,MEDIUM,prod
a0dd81a907a604324565cdb9ec365ba824d23376,BLOCKER,build,TS2339,tsc,TypeScript,frontend/src/pages/Settings.tsx,228,42,,,Property 'status_count' does not exist on type '{ status: string; message?: string | undefined; }'.,parse/typecheck error,,HIGH,prod
2ac069fd9ea0e9b9444bcf3cde8436541411d5c8,MAJOR,maintainability,@typescript-eslint/no-explicit-any,eslint,TypeScript,frontend/src/pages/Settings.tsx,231,31,,,Unexpected any. Specify a different type.,eslint,,MEDIUM,prod
7a68d1715c5e7be01de4acad4d862afd565f759b,MAJOR,maintainability,@typescript-eslint/no-unused-vars,eslint,TypeScript,frontend/src/pages/Settings.tsx,249,14,,,'error' is defined but never used.,eslint,,MEDIUM,prod
8fa43eaba77844545cfac6c9301b8096d7a771a0,MAJOR,maintainability,@typescript-eslint/no-unused-vars,eslint,TypeScript,frontend/src/pages/Settings.tsx,260,14,,,'error' is defined but never used.,eslint,,MEDIUM,prod
1e07fa13c8641d55a2a0b7c38a009eff5e074253,BLOCKER,build,TS2353,tsc,TypeScript,frontend/src/pages/Settings.tsx,455,19,,,"Object literal may only specify known properties, and 'webhook_secret' does not exist in type '{ base_url?: string | undefined; api_token?: string | undefined; }'.",parse/typecheck error,,HIGH,prod
f2bf106aa1bc00a20f9cbfbfc06b56e255fa86b6,MAJOR,maintainability,@typescript-eslint/no-unused-vars,eslint,TypeScript,frontend/src/pages/Settings.tsx,547,26,,,'error' is defined but never used.,eslint,,MEDIUM,prod
67f70119c1432e606f3aa2f9ed332e3641d16666,MAJOR,maintainability,@typescript-eslint/no-unused-vars,eslint,TypeScript,frontend/src/pages/SprintCapacity.tsx,13,3,,,'Divider' is defined but never used.,eslint,,MEDIUM,prod
34844de695fe7e6877f54cfc2557c427864722c5,BLOCKER,build,TS2322,tsc,TypeScript,frontend/src/pages/SprintCapacity.tsx,166,15,,,Type '{ projectId: number; sprintId: number | undefined; }' is not assignable to type 'IntrinsicAttributes & CapacitySettingsPanelProps'.,parse/typecheck error,,HIGH,prod
dcac71ac490d95559a1db0433570ffcaa16d8018,MAJOR,maintainability,@typescript-eslint/no-unused-vars,eslint,TypeScript,frontend/src/pages/SprintCapacity.tsx,45,10,,,'loading' is assigned a value but never used.,eslint,,MEDIUM,prod
da9ea5e2ef3ff0b6dc3406bc0f891c4942fa19df,BLOCKER,build,TS2559,tsc,TypeScript,frontend/src/pages/SprintCapacity.tsx,73,38,,,Type 'number' has no properties in common with type '{ project_id?: number | undefined; }'.,parse/typecheck error,,HIGH,prod
f982f5050349fbfd15ccaad29eb70a999b4e661d,BLOCKER,build,TS2339,tsc,TypeScript,frontend/src/pages/Tasks.tsx,105,33,,,Property 'project_id' does not exist on type 'TaskItem'.,parse/typecheck error,,HIGH,prod
dad93c6d928b0ab89acb1904b9cd6e22138f7c8b,BLOCKER,build,TS2339,tsc,TypeScript,frontend/src/pages/Tasks.tsx,137,67,,,Property 'business_value' does not exist on type 'TaskRow'.,parse/typecheck error,,HIGH,prod
519adefbf9f9fbfe49d44f974ddd897807df8464,MAJOR,maintainability,@typescript-eslint/no-unused-vars,eslint,TypeScript,frontend/src/pages/Testing.tsx,115,19,,,'_' is defined but never used.,eslint,,MEDIUM,prod
6ee31c4d462db514034d0f0bd3bf06c7f7d8c90e,MAJOR,maintainability,no-empty,eslint,TypeScript,frontend/src/pages/Testing.tsx,127,13,,,Empty block statement.,eslint,,MEDIUM,prod
964cd48506e492c7d6304e282a4c63c6cb4d310a,MAJOR,maintainability,@typescript-eslint/no-unused-vars,eslint,TypeScript,frontend/src/pages/Testing.tsx,2,40,,,'Card' is defined but never used.,eslint,,MEDIUM,prod
ff4de0c9aa5d87f49e209b60c01bd19bc4ee5334,MAJOR,maintainability,@typescript-eslint/no-unused-vars,eslint,TypeScript,frontend/src/pages/Testing.tsx,2,46,,,'CardContent' is defined but never used.,eslint,,MEDIUM,prod
70664c30ace46dd9e2b60fb3ee75336a6f51e686,MAJOR,maintainability,@typescript-eslint/no-explicit-any,eslint,TypeScript,frontend/src/pages/Testing.tsx,299,44,,,Unexpected any. Specify a different type.,eslint,,MEDIUM,prod
2fec50f7422a95ab0c671e7d0a7d925d42398642,MAJOR,maintainability,@typescript-eslint/no-explicit-any,eslint,TypeScript,frontend/src/pages/Testing.tsx,307,48,,,Unexpected any. Specify a different type.,eslint,,MEDIUM,prod
52f459df08a4504832d7b624f0e6cc2cbecae8a0,MAJOR,maintainability,@typescript-eslint/no-explicit-any,eslint,TypeScript,frontend/src/pages/Testing.tsx,318,48,,,Unexpected any. Specify a different type.,eslint,,MEDIUM,prod
0638e2c76d4e4655fda79e8ce07266c25fe1db86,MAJOR,maintainability,no-empty,eslint,TypeScript,frontend/src/pages/Testing.tsx,379,137,,,Empty block statement.,eslint,,MEDIUM,prod
b32c8df3e6593c554803d3818e95d396853e124f,MAJOR,maintainability,@typescript-eslint/no-unused-vars,eslint,TypeScript,frontend/src/pages/Testing.tsx,4,78,,,'TrendingUpIcon' is defined but never used.,eslint,,MEDIUM,prod
2fd20da6a00e2503ea07a05a451991a885b31c5a,BLOCKER,build,TS2322,tsc,TypeScript,frontend/src/pages/Testing.tsx,446,33,,,Type 'number | undefined' is not assignable to type 'number'.,parse/typecheck error,,HIGH,prod
2bf41d78df8876e673d5db356216196f4a03d605,MAJOR,maintainability,@typescript-eslint/no-unused-vars,eslint,TypeScript,frontend/src/pages/Testing.tsx,64,10,,,'failedFor' is assigned a value but never used.,eslint,,MEDIUM,prod
48b928301cc01660b55768e6515195e5e499d78b,MAJOR,maintainability,no-empty,eslint,TypeScript,frontend/src/pages/Testing.tsx,84,105,,,Empty block statement.,eslint,,MEDIUM,prod
ecb4596cfc5067d06ae3f1acf7afe45bea316ae4,MAJOR,maintainability,no-empty,eslint,TypeScript,frontend/src/pages/Testing.tsx,86,113,,,Empty block statement.,eslint,,MEDIUM,prod
33e2904793f0497d8a9421c4e53e1b53d2551084,BLOCKER,build,TS2345,tsc,TypeScript,frontend/src/pages/Traceability.tsx,157,48,,,Argument of type '{ projectId: number | undefined; force: boolean | undefined; }' is not assignable to parameter of type 'number'.,parse/typecheck error,,HIGH,prod
e2287b7425cf192dfbcf2b723a263942c65c99d2,BLOCKER,build,TS2554,tsc,TypeScript,frontend/src/pages/Traceability.tsx,305,63,,,"Expected 1 arguments, but got 2.",parse/typecheck error,,HIGH,prod
eabaaedf278ede7359b2c696c2ccb24aa2ff78a4,MAJOR,maintainability,@typescript-eslint/no-unused-vars,eslint,TypeScript,frontend/src/pages/Traceability.tsx,372,9,,,'incomingEdgesMap' is assigned a value but never used.,eslint,,MEDIUM,prod
c22b39b327f3736a578cb2061e6f1a254ae25eb5,MAJOR,maintainability,react-hooks-exhaustive-deps,eslint,TypeScript,frontend/src/pages/Traceability.tsx,497,5,,,Definition for rule 'react-hooks-exhaustive-deps' was not found.,eslint,,MEDIUM,prod
6eb0555557f2a6390a8eec715e3fe6e244a23f75,MAJOR,maintainability,react/no-unescaped-entities,eslint,TypeScript,frontend/src/pages/Traceability.tsx,729,33,,,"`""` can be escaped with `&quot;`, `&ldquo;`, `&#34;`, `&rdquo;`.",eslint,,MEDIUM,prod
684b634c4649f75dc69466eab63dd7fa77d02c54,MAJOR,maintainability,@typescript-eslint/no-unused-vars,eslint,TypeScript,frontend/src/pages/Traceability.tsx,89,11,,,'FlowColumn' is defined but never used.,eslint,,MEDIUM,prod
8501704a9674a3e0f77612f7745ae4cc9bbf9ae0,MAJOR,maintainability,@typescript-eslint/no-unused-vars,eslint,TypeScript,frontend/src/pages/TraceabilityFlowBuilder.tsx,23,24,,,'ValidationResult' is defined but never used.,eslint,,MEDIUM,prod
d0bd3ffb28102506ff156b1465a069ff362f789e,MAJOR,maintainability,@typescript-eslint/no-explicit-any,eslint,TypeScript,frontend/src/pages/TraceabilityFlowBuilder.tsx,78,62,,,Unexpected any. Specify a different type.,eslint,,MEDIUM,prod
60642568ea74802d65da929d6f84a7c28dba7db2,MAJOR,maintainability,@typescript-eslint/no-unused-vars,eslint,TypeScript,frontend/src/pages/TraceabilityFlowBuilder.tsx,9,3,,,'Edge' is defined but never used.,eslint,,MEDIUM,prod
83966c69e71462f412c7732eebf1637818bc09a9,MAJOR,maintainability,@typescript-eslint/no-unused-vars,eslint,TypeScript,frontend/src/pages/TraceabilityVisualization.tsx,19,3,,,'Autocomplete' is defined but never used.,eslint,,MEDIUM,prod
3391bedc2b5e4b27732f45fda923866828a6d821,MAJOR,maintainability,@typescript-eslint/no-explicit-any,eslint,TypeScript,frontend/src/pages/__tests__/Dashboard.test.tsx,133,21,,,Unexpected any. Specify a different type.,eslint,,MEDIUM,test
1e9634f2150c30b2eec61952d2ca7bdb630f48fd,MAJOR,maintainability,@typescript-eslint/no-explicit-any,eslint,TypeScript,frontend/src/pages/__tests__/Dashboard.test.tsx,135,22,,,Unexpected any. Specify a different type.,eslint,,MEDIUM,test
94aae12cca96f20f1477a02576e86036a63ec73d,MAJOR,maintainability,@typescript-eslint/no-explicit-any,eslint,TypeScript,frontend/src/pages/__tests__/Dashboard.test.tsx,136,22,,,Unexpected any. Specify a different type.,eslint,,MEDIUM,test
a5c0e33dda4a55d6e916c7a8be2e5389d35182ee,MAJOR,maintainability,@typescript-eslint/no-explicit-any,eslint,TypeScript,frontend/src/pages/__tests__/Dashboard.test.tsx,153,27,,,Unexpected any. Specify a different type.,eslint,,MEDIUM,test
50aa7987fc66d6073b0d56950555afc77ab93c7a,MAJOR,maintainability,@typescript-eslint/no-explicit-any,eslint,TypeScript,frontend/src/pages/__tests__/Dashboard.test.tsx,171,20,,,Unexpected any. Specify a different type.,eslint,,MEDIUM,test
c0dbea5faf9663fcd67a69b0fad26847cbba7ed5,MAJOR,maintainability,@typescript-eslint/no-explicit-any,eslint,TypeScript,frontend/src/pages/__tests__/Dashboard.test.tsx,175,20,,,Unexpected any. Specify a different type.,eslint,,MEDIUM,test
85dd283f167068ae2d0c3f2c9ba558217e9393b9,BLOCKER,build,TS2339,tsc,TypeScript,frontend/src/pages/__tests__/Dashboard.test.tsx,182,18,,,Property 'mockResolvedValue' does not exist on type '(pagination?: PaginationParams | undefined) => Promise<Project[]>'.,parse/typecheck error,,HIGH,test
685375a9ddae47868e0f0d73dd45552596343b66,BLOCKER,build,TS2339,tsc,TypeScript,frontend/src/pages/__tests__/Dashboard.test.tsx,183,15,,,"Property 'mockResolvedValue' does not exist on type '(filters?: { status?: string | undefined; assignee?: string | undefined; project_id?: number | undefined; skip?: number | undefined; limit?: number | undefined; } | undefined, config?: AxiosRequestConfig<...> | undefined) => Promise<...>'.",parse/typecheck error,,HIGH,test
098ca08f428eecdd8791801da56ec5c64887f953,BLOCKER,build,TS2339,tsc,TypeScript,frontend/src/pages/__tests__/Dashboard.test.tsx,184,17,,,"Property 'mockResolvedValue' does not exist on type '(filters?: { project_id?: number | undefined; } | undefined, config?: AxiosRequestConfig<any> | undefined) => Promise<Sprint[]>'.",parse/typecheck error,,HIGH,test
86e06d58231dcc31246fc9f058e43bd4860d3317,BLOCKER,build,TS2339,tsc,TypeScript,frontend/src/pages/__tests__/Dashboard.test.tsx,185,27,,,Property 'mockResolvedValue' does not exist on type '(projectId: number) => Promise<BudgetHoursResponse>'.,parse/typecheck error,,HIGH,test
17a0ce0c0f33067361418c93ec2e399978538a58,BLOCKER,build,TS2339,tsc,TypeScript,frontend/src/pages/__tests__/Dashboard.test.tsx,191,28,,,Property 'mockResolvedValue' does not exist on type '(projectId: number) => Promise<ValueMetricsResponse>'.,parse/typecheck error,,HIGH,test
c4c6f52fd79a8d6f024e6d7fad794a5692bb3ff5,BLOCKER,build,TS2339,tsc,TypeScript,frontend/src/pages/__tests__/Dashboard.test.tsx,192,20,,,Property 'mockResolvedValue' does not exist on type '(id: number) => Promise<Project>'.,parse/typecheck error,,HIGH,test
f8d386e30009406d5182cd84b8bc6992396d5ce7,BLOCKER,build,TS2339,tsc,TypeScript,frontend/src/pages/__tests__/Dashboard.test.tsx,193,24,,,Property 'mockResolvedValue' does not exist on type '(sprintId: number) => Promise<SprintWipStatus>'.,parse/typecheck error,,HIGH,test
b5648c25a209ad967324e82ac58197f44e20eb34,BLOCKER,build,TS2339,tsc,TypeScript,frontend/src/pages/__tests__/Dashboard.test.tsx,194,27,,,Property 'mockResolvedValue' does not exist on type '() => Promise<IntegrationStatusResponse>'.,parse/typecheck error,,HIGH,test
1858a39dfd8cea26b8a491bb75fcd5a578b86403,BLOCKER,build,TS2339,tsc,TypeScript,frontend/src/pages/__tests__/Dashboard.test.tsx,244,41,,,"Property 'mock' does not exist on type '(filters?: { status?: string | undefined; assignee?: string | undefined; project_id?: number | undefined; skip?: number | undefined; limit?: number | undefined; } | undefined, config?: AxiosRequestConfig<...> | undefined) => Promise<...>'.",parse/typecheck error,,HIGH,test
5e7861152420fb1d286cd914fd8e475e5df293f5,BLOCKER,build,TS2339,tsc,TypeScript,frontend/src/pages/__tests__/Dashboard.test.tsx,245,54,,,Property 'mock' does not exist on type '(projectId: number) => Promise<BudgetHoursResponse>'.,parse/typecheck error,,HIGH,test
c225f95f2b6721de0ec196c4520e9a81a2357d98,BLOCKER,build,TS2339,tsc,TypeScript,frontend/src/pages/__tests__/Dashboard.test.tsx,251,42,,,"Property 'mock' does not exist on type '(filters?: { status?: string | undefined; assignee?: string | undefined; project_id?: number | undefined; skip?: number | undefined; limit?: number | undefined; } | undefined, config?: AxiosRequestConfig<...> | undefined) => Promise<...>'.",parse/typecheck error,,HIGH,test
69dc2c5743d8a6e03c6a1d7c13bc14be53abd061,BLOCKER,build,TS2339,tsc,TypeScript,frontend/src/pages/__tests__/Dashboard.test.tsx,252,54,,,Property 'mock' does not exist on type '(projectId: number) => Promise<BudgetHoursResponse>'.,parse/typecheck error,,HIGH,test
8a22733dece451d0e6bf978450444406304c8ed2,BLOCKER,build,TS2339,tsc,TypeScript,frontend/src/pages/__tests__/Traceability.test.tsx,100,34,,,"Property 'mockResolvedValue' does not exist on type '(jiraKey: string, config?: AxiosRequestConfig<any> | undefined) => Promise<TraceabilityTaskArtifacts>'.",parse/typecheck error,,HIGH,test
215e83daccd001fc7f4d51dedf847788c633dcf3,BLOCKER,build,TS2339,tsc,TypeScript,frontend/src/pages/__tests__/Traceability.test.tsx,28,18,,,Property 'mockResolvedValue' does not exist on type '(pagination?: PaginationParams | undefined) => Promise<Project[]>'.,parse/typecheck error,,HIGH,test
637f2463c2e705b7a14208085d8d65a00ac1373b,BLOCKER,build,TS2339,tsc,TypeScript,frontend/src/pages/__tests__/Traceability.test.tsx,37,27,,,"Property 'mockResolvedValue' does not exist on type '(projectId: number, opts?: { timeout?: number | undefined; } | undefined) => Promise<TraceabilityMatrixSummary>'.",parse/typecheck error,,HIGH,test
dacd95d531ce6d7416053afc6365d890348090eb,BLOCKER,build,TS2339,tsc,TypeScript,frontend/src/pages/__tests__/Traceability.test.tsx,81,29,,,Property 'mockResolvedValue' does not exist on type '(projectId: number) => Promise<TraceabilityBackfillResult>'.,parse/typecheck error,,HIGH,test
2f86bde1d681558ef507d9d572005562c30d4539,BLOCKER,build,TS2339,tsc,TypeScript,frontend/src/pages/__tests__/Traceability.test.tsx,88,24,,,Property 'mockResolvedValue' does not exist on type '(opts?: { search?: string | undefined; page?: number | undefined; per_page?: number | undefined; } | undefined) => Promise<GitlabProjectsResponse>'.,parse/typecheck error,,HIGH,test
2dc61c2b93fa6f7e34ab9a6a4f60bc763c49adce,BLOCKER,build,TS2339,tsc,TypeScript,frontend/src/pages/__tests__/Traceability.test.tsx,90,36,,,"Property 'mockResolvedValue' does not exist on type '(artifactId: number, opts?: { depth?: number | undefined; timeoutMs?: number | undefined; } | undefined) => Promise<TraceabilityRequirementFlow>'.",parse/typecheck error,,HIGH,test
375f5af365ba6b2fa5be38c901254b72338bc6eb,MAJOR,maintainability,@typescript-eslint/no-explicit-any,eslint,TypeScript,frontend/src/services/analytics.ts,119,90,,,Unexpected any. Specify a different type.,eslint,,MEDIUM,prod
e12c4aa8c8b7f0a8e76ecd3318eb1664b6a214d9,MAJOR,maintainability,@typescript-eslint/no-unused-vars,eslint,TypeScript,frontend/src/services/analytics.ts,318,31,,,'event' is defined but never used.,eslint,,MEDIUM,prod
172749ac18c60a0dc17927d29384942784be842b,MAJOR,maintainability,@typescript-eslint/no-explicit-any,eslint,TypeScript,frontend/src/services/analytics.ts,8,30,,,Unexpected any. Specify a different type.,eslint,,MEDIUM,prod
344c6b6f213b49b7b15425545cd216bbd124c81c,MAJOR,maintainability,@typescript-eslint/no-explicit-any,eslint,TypeScript,frontend/src/services/analytics.ts,88,55,,,Unexpected any. Specify a different type.,eslint,,MEDIUM,prod
7c5e4e17daf65447f4056d6289fdccc2f646eb03,MAJOR,maintainability,@typescript-eslint/no-unused-vars,eslint,TypeScript,frontend/src/services/api/integrations.ts,8,3,,,'GitlabProjectSummary' is defined but never used.,eslint,,MEDIUM,prod
d54c3cbec5326e6b8aa08d0f5066e9c52579bd2d,MAJOR,maintainability,@typescript-eslint/no-unused-vars,eslint,TypeScript,frontend/src/services/api/projects.ts,14,3,,,'RepositoryProvider' is defined but never used.,eslint,,MEDIUM,prod
748da82674e6d52d5345b6092811366647d473d4,MAJOR,maintainability,@typescript-eslint/no-unused-vars,eslint,TypeScript,frontend/src/services/api/traceability.ts,29,3,,,'TraceabilityRuleExecution' is defined but never used.,eslint,,MEDIUM,prod
48b900d90bda8425223087a5099cd63899f19477,BLOCKER,build,TS2345,tsc,TypeScript,frontend/src/store/dataThunks.ts,125,25,,,"Argument of type 'import(""/Users/kkitanin/Documents/MyApps/po_copilot/po_helper/frontend/src/services/api/sprints"").Sprint[]' is not assignable to parameter of type 'Sprint[]'.",parse/typecheck error,,HIGH,prod
4ca789ab274f014e0a7b4fd7c8e0f73755aa1715,BLOCKER,build,TS2554,tsc,TypeScript,frontend/src/store/dataThunks.ts,46,48,,,"Expected 1 arguments, but got 2.",parse/typecheck error,,HIGH,prod
c9f1d537b049a1a9da896c81f01731023f232889,BLOCKER,build,TS2322,tsc,TypeScript,frontend/src/store/dataThunks.ts,97,25,,,Type 'TaskItem[]' is not assignable to type 'Task[]'.,parse/typecheck error,,HIGH,prod
7f02edd1c77d06939fbd8fbda75bbe710a441e14,MAJOR,maintainability,@typescript-eslint/no-unused-vars,eslint,TypeScript,frontend/src/test/setup.ts,1,10,,,'expect' is defined but never used.,eslint,,MEDIUM,test
8d3d0e6e89fb9e1e16d371dd4c189098dffe2bb7,MAJOR,maintainability,@typescript-eslint/no-explicit-any,eslint,TypeScript,frontend/src/test/setup.ts,34,6,,,Unexpected any. Specify a different type.,eslint,,MEDIUM,test
d57430f1994c4733517b2c853878061ca89fde1c,MAJOR,maintainability,@typescript-eslint/no-explicit-any,eslint,TypeScript,frontend/src/test/setup.ts,42,6,,,Unexpected any. Specify a different type.,eslint,,MEDIUM,test
e279ac1f15c4bdcd47f8384619588c8b471f8544,MAJOR,maintainability,@typescript-eslint/no-unused-vars,eslint,TypeScript,frontend/src/utils/apiOptimization.ts,154,48,,,'delayMs' is defined but never used.,eslint,,MEDIUM,prod
76b00b9e17156239643db66b8c3fe6e8d5ae5b86,MAJOR,maintainability,@typescript-eslint/no-unused-vars,eslint,TypeScript,frontend/src/utils/apiOptimization.ts,157,26,,,'setDebouncedValue' is assigned a value but never used.,eslint,,MEDIUM,prod
c9a5a79af63787e5b35e5b73430b7a507cffe20e,MAJOR,maintainability,@typescript-eslint/no-unused-vars,eslint,TypeScript,frontend/src/utils/apiOptimization.ts,157,56,,,'_v' is defined but never used.,eslint,,MEDIUM,prod
5f87240f4f4c68bb5fb8590cb358dcbe409f176b,BLOCKER,build,TS2802,tsc,TypeScript,frontend/src/utils/apiOptimization.ts,236,38,,,"Type 'Map<TKey, { resolve: (result: TResult) => void; reject: (error: Error) => void; }[]>' can only be iterated through when using the '--downlevelIteration' flag or with a '--target' of 'es2015' or higher.",parse/typecheck error,,HIGH,prod
ff3d36c4e6424bc2b71c54e453b9c6ec9f1422b6,BLOCKER,build,TS7006,tsc,TypeScript,frontend/src/utils/apiOptimization.ts,239,29,,,Parameter 'cb' implicitly has an 'any' type.,parse/typecheck error,,HIGH,prod
cd4cf1ad3001449054c980d840953578291a67cf,BLOCKER,build,TS7006,tsc,TypeScript,frontend/src/utils/apiOptimization.ts,241,29,,,Parameter 'cb' implicitly has an 'any' type.,parse/typecheck error,,HIGH,prod
395ef9bb553ddfebdb7dd7cb7d245b2ef15ef473,BLOCKER,build,TS2802,tsc,TypeScript,frontend/src/utils/apiOptimization.ts,247,31,,,Type 'MapIterator<{ resolve: (result: TResult) => void; reject: (error: Error) => void; }[]>' can only be iterated through when using the '--downlevelIteration' flag or with a '--target' of 'es2015' or higher.,parse/typecheck error,,HIGH,prod
b082bb3ca50fe4c4ce8be105c6b640863cb95318,BLOCKER,build,TS7006,tsc,TypeScript,frontend/src/utils/apiOptimization.ts,248,27,,,Parameter 'cb' implicitly has an 'any' type.,parse/typecheck error,,HIGH,prod
5294fdb8ea61e21d2d65f6d2c16e310a97a8a4b1,BLOCKER,build,TS2802,tsc,TypeScript,frontend/src/utils/apiOptimization.ts,415,23,,,Type 'MapIterator<string>' can only be iterated through when using the '--downlevelIteration' flag or with a '--target' of 'es2015' or higher.,parse/typecheck error,,HIGH,prod
0839e03a39b744a5164bd1b2373939cff21b8611,BLOCKER,build,TS2344,tsc,TypeScript,frontend/src/utils/apiOptimization.ts,580,31,,,"Type 'AnalyticsData' does not satisfy the constraint 'Record<string, unknown>'.",parse/typecheck error,,HIGH,prod
001a8b3e1c9508597dadd3b22a26b78f47b37922,MAJOR,maintainability,no-undef,eslint,TypeScript,frontend/src/utils/backendHealth.ts,17,26,,,'NodeJS' is not defined.,eslint,,MEDIUM,prod
e5949a8e40b51cddf195a22b6dad8f3a37a64fa4,BLOCKER,build,TS2769,tsc,TypeScript,frontend/src/utils/backendHealth.ts,43,21,,,No overload matches this call.,parse/typecheck error,,HIGH,prod
0eb37546183ad3b67c0e9e828a65ae216e6549e1,BLOCKER,build,TS2339,tsc,TypeScript,frontend/src/utils/env.ts,1,26,,,Property 'env' does not exist on type 'ImportMeta'.,parse/typecheck error,,HIGH,prod
fecd0bed10a2dfe3fd5f22a6ed332276c887b9e1,BLOCKER,build,TS2339,tsc,TypeScript,frontend/src/utils/env.ts,7,39,,,Property 'env' does not exist on type 'ImportMeta'.,parse/typecheck error,,HIGH,prod
da10cdd03e5b599264c482a420a9bcd9944389db,MAJOR,maintainability,@typescript-eslint/no-unused-vars,eslint,TypeScript,frontend/src/utils/logout.ts,144,11,,,'clearedKeys' is assigned a value but never used.,eslint,,MEDIUM,prod
ef316531c21197d0bb2a6ae7184b0f11a2614ff7,BLOCKER,build,TS7005,tsc,TypeScript,frontend/src/utils/logout.ts,187,32,,,Variable 'PRESERVED_KEYS' implicitly has an 'any[]' type.,parse/typecheck error,,HIGH,prod
608f4984b27c494a70793a3b6890890417c974c6,BLOCKER,build,TS7034,tsc,TypeScript,frontend/src/utils/logout.ts,28,7,,,Variable 'PRESERVED_KEYS' implicitly has type 'any[]' in some locations where its type cannot be determined.,parse/typecheck error,,HIGH,prod
6089bcdecca5e23da627dab3d6666c4ffe4d6084,BLOCKER,build,TS7005,tsc,TypeScript,frontend/src/utils/logout.ts,73,32,,,Variable 'PRESERVED_KEYS' implicitly has an 'any[]' type.,parse/typecheck error,,HIGH,prod
45c508e2acf7d25167451b9324fe9b5f76f47032,MAJOR,maintainability,@typescript-eslint/no-unused-vars,eslint,TypeScript,frontend/src/utils/smartDefaults.ts,129,37,,,'tasks' is defined but never used.,eslint,,MEDIUM,prod
5cc1e2bd8a9794a2425ed4e2e16e2396e4b21bbd,MAJOR,maintainability,@typescript-eslint/no-explicit-any,eslint,TypeScript,frontend/src/utils/smartDefaults.ts,129,44,,,Unexpected any. Specify a different type.,eslint,,MEDIUM,prod
7ef8c61083920685592c900a551769369ccc7f23,MAJOR,maintainability,@typescript-eslint/no-unused-vars,eslint,TypeScript,frontend/src/utils/smartDefaults.ts,143,9,,,'allMetrics' is assigned a value but never used.,eslint,,MEDIUM,prod
17ae006255bc20b3521e51089178c5014e2b7922,MAJOR,maintainability,@typescript-eslint/no-explicit-any,eslint,TypeScript,frontend/src/utils/smartDefaults.ts,198,13,,,Unexpected any. Specify a different type.,eslint,,MEDIUM,prod
b67d067334ffe9034e962b3fbb976b77f16db80f,MAJOR,maintainability,@typescript-eslint/no-explicit-any,eslint,TypeScript,frontend/src/utils/smartDefaults.ts,199,11,,,Unexpected any. Specify a different type.,eslint,,MEDIUM,prod
c8e29c427b72219823f24bb8ea85206b190af0d1,MAJOR,maintainability,@typescript-eslint/no-explicit-any,eslint,TypeScript,frontend/src/utils/smartDefaults.ts,243,82,,,Unexpected any. Specify a different type.,eslint,,MEDIUM,prod
55ecf288e2a561d8f6c74edb75259b7a20b3797f,MAJOR,maintainability,@typescript-eslint/no-explicit-any,eslint,TypeScript,frontend/src/utils/smartDefaults.ts,255,67,,,Unexpected any. Specify a different type.,eslint,,MEDIUM,prod
652ef0d91834f0c470b72fd6c68471ddf5750850,MAJOR,maintainability,@typescript-eslint/no-explicit-any,eslint,TypeScript,frontend/src/utils/smartDefaults.ts,84,48,,,Unexpected any. Specify a different type.,eslint,,MEDIUM,prod
c50b166d085249980aedf893e85cb6ee8246f523,MAJOR,maintainability,no-prototype-builtins,eslint,TypeScript,frontend/src/utils/storage.ts,36,26,,,Do not access Object.prototype method 'hasOwnProperty' from target object.,eslint,,MEDIUM,prod
