method_id,kind,name,signature,file,start_line,end_line,loc_total,loc_nonempty,type_id,target,language,confidence
113d167ec0a82a35a608cce3699ebb0aedb30f7e,function,run_migrations_offline,def run_migrations_offline() -> None:,backend/alembic/env.py,26,37,12,11,,prod,Python,HIGH
2d533cbc613555ba1a5aef4275809f02716d5191,function,do_run_migrations,def do_run_migrations(connection:,backend/alembic/env.py,40,44,5,4,,prod,Python,HIGH
df9dc919a457f7c3e6d91303c7a19d482ed8959f,function,run_async_migrations,async def run_async_migrations() -> None:,backend/alembic/env.py,47,58,12,10,,prod,Python,HIGH
67ff3ff06740cad31ad9314c6061b85a48d8babc,function,run_migrations_online,def run_migrations_online() -> None:,backend/alembic/env.py,61,63,3,3,,prod,Python,HIGH
9381e066235165b5a3614a075517bb8b27f067ae,function,_table_exists,def _table_exists(table_name:,backend/alembic/versions/0001_iter1_extensions.py,19,23,5,5,,prod,Python,HIGH
643230628b3ec525314cc136cc9af47a7ec29a5d,function,_ensure_columns,def _ensure_columns(table_name:,backend/alembic/versions/0001_iter1_extensions.py,26,41,16,14,,prod,Python,HIGH
e6a8676006d227ec40c5d9a58c9834285dadf712,function,upgrade,def upgrade() -> None:,backend/alembic/versions/0001_iter1_extensions.py,44,62,19,18,,prod,Python,HIGH
90eae11e6b018f1ddb963c088b366644ca0ff2c6,function,downgrade,def downgrade() -> None:,backend/alembic/versions/0001_iter1_extensions.py,65,75,11,10,,prod,Python,HIGH
4cd3eae97d1911c6ee343794dd9a81cdb29a609a,function,downgrade,def downgrade():,backend/alembic/versions/005_add_jira_field_mappings.py,126,171,46,41,,prod,Python,HIGH
9e49c6753760c38af974a6630ec385145a4a0d7b,function,_table_exists,def _table_exists(table_name:,backend/alembic/versions/005_add_jira_field_mappings.py,20,23,4,4,,prod,Python,HIGH
d463378150331f33063643fa3b6751a109c2228c,function,_ensure_columns,def _ensure_columns(table_name:,backend/alembic/versions/005_add_jira_field_mappings.py,26,39,14,13,,prod,Python,HIGH
c3c3fc98963eb72cdb8772bbd444b365fd624654,function,_ensure_index,def _ensure_index(table_name:,backend/alembic/versions/005_add_jira_field_mappings.py,42,48,7,7,,prod,Python,HIGH
4ddbad1f92f43efe74d361b19ffffd208dbd4c89,function,_ensure_drop_index,def _ensure_drop_index(table_name:,backend/alembic/versions/005_add_jira_field_mappings.py,51,56,6,6,,prod,Python,HIGH
fc35010ad2b0a3f1b638c4cd8be4870403f568f8,function,upgrade,def upgrade():,backend/alembic/versions/005_add_jira_field_mappings.py,59,123,65,61,,prod,Python,HIGH
be6348b0fa0ea5a685f933f26e494d0012fa6445,function,upgrade,def upgrade():,backend/alembic/versions/006_add_pr_indexes.py,14,17,4,4,,prod,Python,HIGH
79a0b59fc8d95b7e0d28bb4ed846fe11afa7ef98,function,downgrade,def downgrade():,backend/alembic/versions/006_add_pr_indexes.py,20,23,4,4,,prod,Python,HIGH
6bc24dfd6b9657c03a0b29ccff0eef63eeb471df,function,_column_exists,def _column_exists(table_name:,backend/alembic/versions/007_add_sprint_wip_limit.py,16,19,4,4,,prod,Python,HIGH
943c737fda2e562942a2500e29a56ff26eecd8bf,function,upgrade,def upgrade():,backend/alembic/versions/007_add_sprint_wip_limit.py,22,25,4,4,,prod,Python,HIGH
51d654c39d2244cefe91b1d53de10493442ed10e,function,downgrade,def downgrade():,backend/alembic/versions/007_add_sprint_wip_limit.py,28,31,4,4,,prod,Python,HIGH
3697654ab034b57a2e15e5d13fee23e7b04f2887,function,_table_exists,def _table_exists(table_name:,backend/alembic/versions/008_add_business_value_audit.py,17,20,4,4,,prod,Python,HIGH
69cffce9e7cba54aa2022c73e0f1a1fc5ad7eac3,function,_ensure_index,def _ensure_index(table_name:,backend/alembic/versions/008_add_business_value_audit.py,23,29,7,7,,prod,Python,HIGH
dfdb85832fa74dda6eeca54a9d47a932e3641337,function,_drop_index_if_exists,def _drop_index_if_exists(table_name:,backend/alembic/versions/008_add_business_value_audit.py,32,37,6,6,,prod,Python,HIGH
d8e71592eaa6f6acf8c77841ebe6594f5e51de65,function,upgrade,def upgrade():,backend/alembic/versions/008_add_business_value_audit.py,40,58,19,19,,prod,Python,HIGH
4acfa36d97118929878bc11515807ea879c9f625,function,downgrade,def downgrade():,backend/alembic/versions/008_add_business_value_audit.py,61,64,4,4,,prod,Python,HIGH
5add053c0930fd6d337a1d20f6cc34f603960dac,function,upgrade,def upgrade():,backend/alembic/versions/009_add_task_indexes.py,16,18,3,3,,prod,Python,HIGH
b461edb63627d47be5c0554a690ee2360829d4ae,function,downgrade,def downgrade():,backend/alembic/versions/009_add_task_indexes.py,21,23,3,3,,prod,Python,HIGH
ab31f08a8eefce3a676429567807a1e2eeb510df,function,_column_exists,def _column_exists(table_name:,backend/alembic/versions/010_add_performance_indexes.py,14,19,6,6,,prod,Python,HIGH
617d021f9be42583af084e6cbcf973e8aa818cff,function,_table_exists,def _table_exists(table_name:,backend/alembic/versions/010_add_performance_indexes.py,22,26,5,5,,prod,Python,HIGH
1183dc0487cb53f3cc3e5b00cbaec433b9509817,function,upgrade,def upgrade() -> None:,backend/alembic/versions/010_add_performance_indexes.py,49,57,9,9,,prod,Python,HIGH
a6191ca51742ed1989e85b23689170ed8ffabe1d,function,downgrade,def downgrade() -> None:,backend/alembic/versions/010_add_performance_indexes.py,60,63,4,4,,prod,Python,HIGH
1169f12b49fe3b422c3f50d850b568ccf4e23ada,function,_table_exists,def _table_exists(table_name:,backend/alembic/versions/011_add_traceability_tables.py,19,22,4,4,,prod,Python,HIGH
e6589546be23740f43a96755e2965712091ace20,function,upgrade,def upgrade() -> None:,backend/alembic/versions/011_add_traceability_tables.py,25,96,72,69,,prod,Python,HIGH
2d348eaaa2fc149653926e9009daac354fed7834,function,downgrade,def downgrade() -> None:,backend/alembic/versions/011_add_traceability_tables.py,99,118,20,17,,prod,Python,HIGH
865252dade770bd0ddde4d2a21ba5dac2754437c,function,upgrade,def upgrade() -> None:,backend/alembic/versions/012_add_sprint_indexes.py,19,53,35,31,,prod,Python,HIGH
2232efe5beb1c5031614c0a70d5ef39ee60054da,function,downgrade,def downgrade() -> None:,backend/alembic/versions/012_add_sprint_indexes.py,56,62,7,6,,prod,Python,HIGH
351d70bdbb742b10ca5dcc39c93f6c75a31875eb,function,upgrade,def upgrade() -> None:,backend/alembic/versions/013_optimize_tasks_query_indexes.py,17,77,61,53,,prod,Python,HIGH
e9f4c1dfc10f0a77cfbeac474e9e526899d37957,function,downgrade,def downgrade() -> None:,backend/alembic/versions/013_optimize_tasks_query_indexes.py,80,94,15,13,,prod,Python,HIGH
78ee50ef01323a58648e18def2b5dd1ffb24d445,function,upgrade,def upgrade() -> None:,backend/alembic/versions/014_create_integration_settings_table.py,17,34,18,17,,prod,Python,HIGH
71ff9d2e2251397233f2ae3790ec72d4b904b899,function,downgrade,def downgrade() -> None:,backend/alembic/versions/014_create_integration_settings_table.py,37,40,4,4,,prod,Python,HIGH
5524548c29226ff3cf1257f87f18a3c4af2e83b3,function,_table_exists,def _table_exists(table_name:,backend/alembic/versions/014_create_integration_settings_table.py,43,46,4,4,,prod,Python,HIGH
b8347b4619add0c906076b8c26709de09338473b,function,_ensure_index,def _ensure_index(table_name:,backend/alembic/versions/014_create_integration_settings_table.py,49,54,6,6,,prod,Python,HIGH
e8f40d0f483156b37e0aedaf9dca9dcc45bc9d59,function,_table_exists,def _table_exists(table_name:,backend/alembic/versions/015_add_project_repositories.py,19,23,5,5,,prod,Python,HIGH
26b7b59d6bf9bc69f328b23fdc0637fcb0218c25,function,upgrade,def upgrade():,backend/alembic/versions/015_add_project_repositories.py,26,47,22,20,,prod,Python,HIGH
1453768873d3fa3dfed28be44b675ca9f9674318,function,downgrade,def downgrade():,backend/alembic/versions/015_add_project_repositories.py,50,58,9,8,,prod,Python,HIGH
e5ab74dd8e41dadd106dc94f14245de16cb7603b,function,upgrade,def upgrade() -> None:,backend/alembic/versions/016_add_foreign_key_indexes.py,19,27,9,8,,prod,Python,HIGH
baced911ae86294989ae0c7067c718463fa8f6e1,function,downgrade,def downgrade() -> None:,backend/alembic/versions/016_add_foreign_key_indexes.py,30,32,3,3,,prod,Python,HIGH
00f40ebd8eb3af26b854ac828cb7b7570426f7cf,function,downgrade,def downgrade() -> None:,backend/alembic/versions/017_add_rbac_tables.py,154,161,8,8,,prod,Python,HIGH
b5172eaf9d591e577e3761a55258f9477d3e6abd,function,_table_exists,def _table_exists(table_name:,backend/alembic/versions/017_add_rbac_tables.py,31,35,5,5,,prod,Python,HIGH
eb70ca0199d4c5bde90b4e0bf8c935c4b72bddf6,function,upgrade,def upgrade() -> None:,backend/alembic/versions/017_add_rbac_tables.py,38,151,114,105,,prod,Python,HIGH
62bf9293779bfaa322a98af91a110062dfccef87,function,_table_exists,def _table_exists(table_name:,backend/alembic/versions/018_add_traceability_rules.py,19,23,5,5,,prod,Python,HIGH
e64fc2074e44995ae8e773865cf8893158d876db,function,_index_exists,def _index_exists(table_name:,backend/alembic/versions/018_add_traceability_rules.py,26,31,6,6,,prod,Python,HIGH
74a5cbf28f99ab99b48e082324b51a3b917f9519,function,_ensure_index,def _ensure_index(table_name:,backend/alembic/versions/018_add_traceability_rules.py,34,37,4,4,,prod,Python,HIGH
20157637ff8470503f02dc9519e1e3f24676af11,function,upgrade,def upgrade():,backend/alembic/versions/018_add_traceability_rules.py,40,96,57,54,,prod,Python,HIGH
af804e725699203ad423334732f13bb46967b474,function,downgrade,def downgrade():,backend/alembic/versions/018_add_traceability_rules.py,99,112,14,13,,prod,Python,HIGH
0729bc749b1af5a289ddc1406a05c8bfddac5f2e,function,downgrade,def downgrade():,backend/alembic/versions/019_add_capacity_health_cfd_tables.py,142,164,23,21,,prod,Python,HIGH
785fbe285e8f352ef1b82b27d87df5dff9b8bd53,function,_table_exists,def _table_exists(table_name:,backend/alembic/versions/019_add_capacity_health_cfd_tables.py,23,27,5,5,,prod,Python,HIGH
9c78b6e7f5b9c4c0f1cb623a8b369a04bada9001,function,_index_exists,def _index_exists(table_name:,backend/alembic/versions/019_add_capacity_health_cfd_tables.py,30,35,6,6,,prod,Python,HIGH
712092f204f100ad9a3f617c4ae991fb81202585,function,_ensure_index,def _ensure_index(table_name:,backend/alembic/versions/019_add_capacity_health_cfd_tables.py,38,41,4,4,,prod,Python,HIGH
9871b700ecc8285dab91c7b8729eb1fddb5519c7,function,upgrade,def upgrade():,backend/alembic/versions/019_add_capacity_health_cfd_tables.py,44,139,96,91,,prod,Python,HIGH
122bd749100e483e1018bf03832167ff1299c8b8,function,downgrade,def downgrade() -> None:,backend/alembic/versions/020_add_quality_metrics_tables.py,101,103,3,3,,prod,Python,HIGH
6e92a0fb989ba3a35eedcd8730999dcd6768b34b,function,_table_exists,def _table_exists(table_name:,backend/alembic/versions/020_add_quality_metrics_tables.py,18,22,5,5,,prod,Python,HIGH
c27affbf9688fabcfaa9f300d11133e2cd2a4832,function,upgrade,def upgrade() -> None:,backend/alembic/versions/020_add_quality_metrics_tables.py,25,98,74,73,,prod,Python,HIGH
9308236c93f750e10f823a41c3d104628789992f,function,downgrade,def downgrade() -> None:,backend/alembic/versions/021_add_coverage_analytics_tables.py,124,127,4,4,,prod,Python,HIGH
af2aedf7a29f0df94abdcbc167b7f5ef2b8c88db,function,_table_exists,def _table_exists(table_name:,backend/alembic/versions/021_add_coverage_analytics_tables.py,18,22,5,5,,prod,Python,HIGH
913b7f47057c823d8b9b025b33df3f1e6dfedd63,function,upgrade,def upgrade() -> None:,backend/alembic/versions/021_add_coverage_analytics_tables.py,25,121,97,95,,prod,Python,HIGH
392236b1164a7d6ba570b4bec56140f4d459ad4f,function,_table_exists,def _table_exists(table_name:,backend/alembic/versions/022_add_filter_indexes.py,21,25,5,5,,prod,Python,HIGH
9988769457f99c04d499afa1f149542bf646bf6d,function,_index_exists,def _index_exists(table_name:,backend/alembic/versions/022_add_filter_indexes.py,28,36,9,9,,prod,Python,HIGH
d01b788546598a7c2189b9c2140c1ed883d81343,function,upgrade,def upgrade() -> None:,backend/alembic/versions/022_add_filter_indexes.py,79,88,10,9,,prod,Python,HIGH
bb5bae204a2d4502e3c33bb00ca34afd672ef80e,function,downgrade,def downgrade() -> None:,backend/alembic/versions/022_add_filter_indexes.py,91,94,4,4,,prod,Python,HIGH
176f6a3ad057a34b6c3f67a3fcab787c9fbec3bd,function,_table_exists,def _table_exists(table_name:,backend/alembic/versions/023_add_composite_performance_indexes.py,20,24,5,5,,prod,Python,HIGH
4ee79428aad0106634d124bb0385d1898a7f5863,function,_index_exists,def _index_exists(table_name:,backend/alembic/versions/023_add_composite_performance_indexes.py,27,35,9,9,,prod,Python,HIGH
90b4770ce2d2576ce16da848194fdb160b9327ce,function,upgrade,def upgrade() -> None:,backend/alembic/versions/023_add_composite_performance_indexes.py,56,65,10,9,,prod,Python,HIGH
32e5d09c7d70e9a8bcf8562fe4570e51fabf61dc,function,downgrade,def downgrade() -> None:,backend/alembic/versions/023_add_composite_performance_indexes.py,68,71,4,4,,prod,Python,HIGH
75bf2cd78a99d59b71ea546cf744641281426e35,function,downgrade,def downgrade():,backend/alembic/versions/024_add_rule_scheduling_columns.py,109,137,29,21,,prod,Python,HIGH
d65294d50c44754ffc9f227f2642a1b65531dd73,function,_table_exists,def _table_exists(table_name:,backend/alembic/versions/024_add_rule_scheduling_columns.py,26,30,5,5,,prod,Python,HIGH
7efac69e0212ac01953b383d1f55be3f91e07508,function,_column_exists,def _column_exists(table_name:,backend/alembic/versions/024_add_rule_scheduling_columns.py,33,38,6,6,,prod,Python,HIGH
63249a99ffb8547d27131adb4c09f634cac8c8f8,function,_index_exists,def _index_exists(table_name:,backend/alembic/versions/024_add_rule_scheduling_columns.py,41,46,6,6,,prod,Python,HIGH
d08a75e725407ede9ccfba35918f3259dfc1b459,function,upgrade,def upgrade():,backend/alembic/versions/024_add_rule_scheduling_columns.py,49,106,58,50,,prod,Python,HIGH
6f5261ae5b1c7aa8123fa390259c5c0e010bf8c3,function,downgrade,def downgrade():,backend/alembic/versions/025_add_oauth_fields.py,107,143,37,30,,prod,Python,HIGH
35af9834dc64e7f356639d4a71dba5a20c35c9e1,function,_table_exists,def _table_exists(table_name:,backend/alembic/versions/025_add_oauth_fields.py,26,30,5,5,,prod,Python,HIGH
e850da71072617461b433047ac5c907359f4b4a3,function,_column_exists,def _column_exists(table_name:,backend/alembic/versions/025_add_oauth_fields.py,33,38,6,6,,prod,Python,HIGH
247e84b952cd373cd5e12fb8e08fa4c81a5213bf,function,_index_exists,def _index_exists(table_name:,backend/alembic/versions/025_add_oauth_fields.py,41,46,6,6,,prod,Python,HIGH
dd0b77aa66f8f1ed19b5fb8b94632f5b66ce5a37,function,upgrade,def upgrade():,backend/alembic/versions/025_add_oauth_fields.py,49,104,56,49,,prod,Python,HIGH
81d043246507acdf82bf3b3da4b99cba5a090ca0,function,_table_exists,def _table_exists(table_name:,backend/alembic/versions/026_add_mfa_fields.py,23,27,5,5,,prod,Python,HIGH
c85d3dc769fea3b4ab7e13435ea1403c938cc9d8,function,_column_exists,def _column_exists(table_name:,backend/alembic/versions/026_add_mfa_fields.py,30,35,6,6,,prod,Python,HIGH
db8db52fd5c915eca5981987aaf4ee19050805a7,function,upgrade,def upgrade():,backend/alembic/versions/026_add_mfa_fields.py,38,61,24,21,,prod,Python,HIGH
1888e2607f3d6df6be7478931b38ece4c6f1a722,function,downgrade,def downgrade():,backend/alembic/versions/026_add_mfa_fields.py,64,76,13,10,,prod,Python,HIGH
e7faf1e955215d62afd2c68d73232e0d42f7945c,function,identify_project_risks,async def identify_project_risks(project_id:,backend/app/api/api_v1/endpoints/analytics.py,1007,1126,120,109,,prod,Python,HIGH
a3602e59bd21ea42a6e34d96bde3ce9377475f47,function,forecast_completion,async def forecast_completion(project_id:,backend/app/api/api_v1/endpoints/analytics.py,1133,1158,26,24,,prod,Python,HIGH
8944d2cff8d2408da8a5bd4ed767ed29517d4c19,function,test_trend,async def test_trend(,backend/app/api/api_v1/endpoints/analytics.py,1166,1197,32,32,,prod,Python,HIGH
7c749a7876a7918dd20e55e595c5c3a4932f0d03,function,coverage_trend,async def coverage_trend(,backend/app/api/api_v1/endpoints/analytics.py,1205,1237,33,33,,prod,Python,HIGH
547a5f3448560ca377dc740caf21077fcdf4ff8d,function,project_pr_forecast,async def project_pr_forecast(project_id:,backend/app/api/api_v1/endpoints/analytics.py,1241,1271,31,31,,prod,Python,HIGH
282c2fd2b4d4246398c4d8991a4877f857080d18,function,get_dora_metrics,async def get_dora_metrics(,backend/app/api/api_v1/endpoints/analytics.py,147,215,69,62,,prod,Python,HIGH
1e3932e2d24fcbf5ea2c588ff09053789909e95c,function,project_budget_hours,async def project_budget_hours(,backend/app/api/api_v1/endpoints/analytics.py,220,319,100,89,,prod,Python,HIGH
27bfd872214f9ca48f27b18f61175e233ee827e4,function,project_value_metrics,async def project_value_metrics(project_id:,backend/app/api/api_v1/endpoints/analytics.py,323,403,81,70,,prod,Python,HIGH
61fdd14113ebbc4103555fe5035dd8c8875e040e,function,sprint_wip_status,async def sprint_wip_status(sprint_id:,backend/app/api/api_v1/endpoints/analytics.py,407,478,72,64,,prod,Python,HIGH
6b7a4788039b1843a9925b74c5070121dc69aed7,function,get_project_velocity,async def get_project_velocity(,backend/app/api/api_v1/endpoints/analytics.py,46,138,93,86,,prod,Python,HIGH
712f798775e433079c23b970e30aa8e6314be7db,function,sprint_capacity,async def sprint_capacity(sprint_id:,backend/app/api/api_v1/endpoints/analytics.py,482,610,129,116,,prod,Python,HIGH
6cf90de9c841450a9b0a0c1f7796a46b620dfda3,function,project_sprints,async def project_sprints(,backend/app/api/api_v1/endpoints/analytics.py,614,699,86,78,,prod,Python,HIGH
592ee98fc607288df65fe28e9b737c0a3df87be7,function,sprint_burndown,async def sprint_burndown(sprint_id:,backend/app/api/api_v1/endpoints/analytics.py,707,714,8,8,,prod,Python,HIGH
ee74529eecb502040f071405f8af07e38600428e,function,sprint_quality,async def sprint_quality(sprint_id:,backend/app/api/api_v1/endpoints/analytics.py,718,760,43,39,,prod,Python,HIGH
1f0749d9bed7734a18f1cc068faab8b1bec4b874,function,get_team_members_activity,async def get_team_members_activity(project_id:,backend/app/api/api_v1/endpoints/analytics.py,766,843,78,69,,prod,Python,HIGH
5e160af3e1d8cfbe0dd6e2aa9956300c58edede5,function,get_project_team_health,async def get_project_team_health(project_id:,backend/app/api/api_v1/endpoints/analytics.py,851,958,108,102,,prod,Python,HIGH
7aec8634261024a0c1cccab779a5e27568411d74,function,project_burndown,async def project_burndown(,backend/app/api/api_v1/endpoints/analytics.py,965,999,35,32,,prod,Python,HIGH
795eaa5bebee17eb25eafb7dca1afb987439b9cc,function,simple_budget_hours,async def simple_budget_hours(project_id:,backend/app/api/api_v1/endpoints/analytics_simple.py,10,42,33,30,,prod,Python,HIGH
69991b68beb2f6a47e5383bf7fb2b13ac6093079,function,get_available_providers,async def get_available_providers() -> OAuth2ProvidersResponse:,backend/app/api/api_v1/endpoints/auth.py,138,141,4,4,,prod,Python,HIGH
f610884422bf2ca9c8cc24bcc5830c6d12d772a5,function,google_oauth_start,async def google_oauth_start(,backend/app/api/api_v1/endpoints/auth.py,149,167,19,19,,prod,Python,HIGH
4afe4105f3e5643325cbf122a9d71258cd4ed55d,function,google_oauth_callback,async def google_oauth_callback(,backend/app/api/api_v1/endpoints/auth.py,171,207,37,31,,prod,Python,HIGH
4f885c3e7d5addf3ae1977367d8be5e72014e721,function,microsoft_oauth_start,async def microsoft_oauth_start(,backend/app/api/api_v1/endpoints/auth.py,215,233,19,19,,prod,Python,HIGH
799cfb3a523bf562ac9547d8ed8bf805a051adf1,function,microsoft_oauth_callback,async def microsoft_oauth_callback(,backend/app/api/api_v1/endpoints/auth.py,237,273,37,31,,prod,Python,HIGH
fb2015f9447df593a4f4d0d23f384b82708d978d,function,_process_oauth_login,async def _process_oauth_login(db:,backend/app/api/api_v1/endpoints/auth.py,280,361,82,73,,prod,Python,HIGH
e6e0de64fe3d84ab6ca04ffaa9acf11152f9eb0d,function,login,async def login(,backend/app/api/api_v1/endpoints/auth.py,36,83,48,42,,prod,Python,HIGH
6868ab7e5bfb17f928c912d22c2f7344f4e73584,function,_generate_username_from_email,def _generate_username_from_email(email:,backend/app/api/api_v1/endpoints/auth.py,364,372,9,9,,prod,Python,HIGH
8840aad078c3c795ce109e9080f65642db3edcc2,function,get_mfa_status,async def get_mfa_status(,backend/app/api/api_v1/endpoints/auth.py,411,421,11,11,,prod,Python,HIGH
985264f8b40d9ef240beb4335663325faf9d1910,function,initiate_mfa_setup,async def initiate_mfa_setup(,backend/app/api/api_v1/endpoints/auth.py,426,460,35,29,,prod,Python,HIGH
aab7f134740ce8159fa4d1cc7effacb059e4db9a,function,verify_mfa_setup,async def verify_mfa_setup(,backend/app/api/api_v1/endpoints/auth.py,465,506,42,36,,prod,Python,HIGH
ee0224e04414e50e3a8b1bd73981d5a8b277541f,function,disable_mfa,async def disable_mfa(,backend/app/api/api_v1/endpoints/auth.py,511,556,46,38,,prod,Python,HIGH
f8b08eed6942e8a4d134bc52801c570e4dbaf9bd,function,regenerate_backup_codes,async def regenerate_backup_codes(,backend/app/api/api_v1/endpoints/auth.py,561,594,34,28,,prod,Python,HIGH
5a8189de1c105e7ae856c736c621644ea1dc75e9,function,verify_mfa_login,async def verify_mfa_login(,backend/app/api/api_v1/endpoints/auth.py,599,669,71,61,,prod,Python,HIGH
ea2b34147c433e1c99e72936a51e2d106872ee14,function,register,async def register(,backend/app/api/api_v1/endpoints/auth.py,87,118,32,29,,prod,Python,HIGH
9c9bfb95ec14be89e16f3b45893fc7421fe11558,function,get_capacity_setting,async def get_capacity_setting(,backend/app/api/api_v1/endpoints/capacity.py,116,130,15,13,,prod,Python,HIGH
ecaac4485d2df8b8418c19d5e4b464792e9bb7d1,function,create_capacity_setting,async def create_capacity_setting(,backend/app/api/api_v1/endpoints/capacity.py,134,186,53,47,,prod,Python,HIGH
e0239a6974cc536ec57c69463776121f3f170429,function,update_capacity_setting,async def update_capacity_setting(,backend/app/api/api_v1/endpoints/capacity.py,190,217,28,24,,prod,Python,HIGH
baa22ff89fdf8811344792022afc5894772e2f46,function,delete_capacity_setting,async def delete_capacity_setting(,backend/app/api/api_v1/endpoints/capacity.py,221,242,22,19,,prod,Python,HIGH
4500ed9672ca65d35a6017dcff249aabca3e508d,function,get_team_capacity_summary,async def get_team_capacity_summary(,backend/app/api/api_v1/endpoints/capacity.py,250,323,74,64,,prod,Python,HIGH
7926e5a55a644e2a4ed71562b523ee7ed3a209f3,function,get_assignee_capacity,async def get_assignee_capacity(,backend/app/api/api_v1/endpoints/capacity.py,330,376,47,41,,prod,Python,HIGH
6b8ea1580671964e934dc7a431dcd460153edd45,function,list_health_checks,async def list_health_checks(,backend/app/api/api_v1/endpoints/capacity.py,384,422,39,34,,prod,Python,HIGH
d9e6634c87b38a57fbfb79681fa270c6ba6d29ec,function,create_health_check,async def create_health_check(,backend/app/api/api_v1/endpoints/capacity.py,426,476,51,46,,prod,Python,HIGH
c4bd4bf500df40f96ae9a93c83c361ac6d277726,function,get_health_summary,async def get_health_summary(,backend/app/api/api_v1/endpoints/capacity.py,484,536,53,47,,prod,Python,HIGH
0b565dc536af65d1a4ad4d51b26bb6c5eaf348aa,function,list_capacity_settings,async def list_capacity_settings(,backend/app/api/api_v1/endpoints/capacity.py,52,112,61,54,,prod,Python,HIGH
7d8522f41908ccb9b389bb8e12261911e9335031,function,get_cfd_data,async def get_cfd_data(,backend/app/api/api_v1/endpoints/capacity.py,548,585,38,33,,prod,Python,HIGH
bf5e473703a201ca6dfb5877b95d7825e8fb1ecb,function,create_cfd_snapshot,async def create_cfd_snapshot(,backend/app/api/api_v1/endpoints/capacity.py,589,671,83,71,,prod,Python,HIGH
c65ea9bbd3c43b5c32626c33096539705361c994,function,get_flow_metrics,async def get_flow_metrics(,backend/app/api/api_v1/endpoints/capacity.py,679,751,73,61,,prod,Python,HIGH
dabd789e04640d881292653ef80f1a2ce97a0124,function,get_space_tree,async def get_space_tree(space_key:,backend/app/api/api_v1/endpoints/confluence.py,102,105,4,4,,prod,Python,HIGH
3a15cdfcc6562185d0ac90b85fa8bf55cede81c3,function,_parse_dt,def _parse_dt(s:,backend/app/api/api_v1/endpoints/confluence.py,108,119,12,12,,prod,Python,HIGH
5684c7799e6567b92e791eace605a1b817b9ee2e,function,_upsert_confluence_page,async def _upsert_confluence_page(,backend/app/api/api_v1/endpoints/confluence.py,122,187,66,62,,prod,Python,HIGH
bd6c8e6958a1d1a829b2c118fb993896b563899a,function,sync_confluence,async def sync_confluence(,backend/app/api/api_v1/endpoints/confluence.py,191,268,78,63,,prod,Python,HIGH
6e8dc5cd0b185d3acdce10dfc8224be2cc12e31c,function,_call_confluence,"async def _call_confluence(func, *args, **kwargs):",backend/app/api/api_v1/endpoints/confluence.py,23,25,3,3,,prod,Python,HIGH
53d17c9aa32b154eb657538e3dc7d30432c5e419,function,sync_confluence_sse,async def sync_confluence_sse(,backend/app/api/api_v1/endpoints/confluence.py,272,401,130,107,,prod,Python,HIGH
ffa38d8267ed6de1c2e1837399d3e7115d741142,function,connect_confluence,async def connect_confluence(,backend/app/api/api_v1/endpoints/confluence.py,29,61,33,32,,prod,Python,HIGH
e0216b95e703b6b5b0ff1f11ce87dc4993b4dd43,function,start_celery_sync,async def start_celery_sync(,backend/app/api/api_v1/endpoints/confluence.py,405,431,27,24,,prod,Python,HIGH
87f37082062e1eb1539d55c759ac319eaae69393,function,stream_celery_sync,async def stream_celery_sync(channel_id:,backend/app/api/api_v1/endpoints/confluence.py,435,481,47,39,,prod,Python,HIGH
e2d12c9be9768844977c7490ff285d81f212d7f9,function,sync_subtree,async def sync_subtree(page_id:,backend/app/api/api_v1/endpoints/confluence.py,485,544,60,59,,prod,Python,HIGH
49a38dfed1c6bf4406b115005aadb44d07831547,function,list_local_pages,async def list_local_pages(space:,backend/app/api/api_v1/endpoints/confluence.py,547,570,24,24,,prod,Python,HIGH
d5bfe898b646cddf2af41d24304d820c7874340f,function,get_page,async def get_page(page_id:,backend/app/api/api_v1/endpoints/confluence.py,574,585,12,12,,prod,Python,HIGH
56249e4965ee51fa4a0855567848afc02c35b042,function,extract_prd_requirements,async def extract_prd_requirements(page_id:,backend/app/api/api_v1/endpoints/confluence.py,589,609,21,21,,prod,Python,HIGH
6ada0ad12c7fe3eb21bf05696909e26bb987e241,function,_extract_section_text,def _extract_section_text(soup:,backend/app/api/api_v1/endpoints/confluence.py,612,635,24,24,,prod,Python,HIGH
427ccbcb0baf7d8004608891783874e12448fe78,function,extract_adr,async def extract_adr(page_id:,backend/app/api/api_v1/endpoints/confluence.py,639,653,15,15,,prod,Python,HIGH
40423a3b0b71f765aa947899e65020536bce2046,function,status,async def status():,backend/app/api/api_v1/endpoints/confluence.py,65,66,2,2,,prod,Python,HIGH
46ac8269477153d856ef5f86160d418d7a417fc9,function,extract_research,async def extract_research(page_id:,backend/app/api/api_v1/endpoints/confluence.py,657,693,37,33,,prod,Python,HIGH
d7f68e507839e7400f768f999e260971b4575c4f,function,search_cql,async def search_cql(cql:,backend/app/api/api_v1/endpoints/confluence.py,70,84,15,15,,prod,Python,HIGH
07e7afecf8097aa6c8ece8e045a8bfeb1250506b,function,list_spaces,async def list_spaces(q:,backend/app/api/api_v1/endpoints/confluence.py,88,91,4,4,,prod,Python,HIGH
bffb4889a695374424940050b693f9a52fb8a175,function,list_pages,async def list_pages(space:,backend/app/api/api_v1/endpoints/confluence.py,95,98,4,4,,prod,Python,HIGH
98abea30b21900b2b9cfb7eb5ef86fc2cb7fe103,function,parse_cobertura_xml,def parse_cobertura_xml(xml_text:,backend/app/api/api_v1/endpoints/git/ci.py,104,187,84,68,,prod,Python,HIGH
b4214b450bc8b4265338d7ca608d5e61fbeb2302,function,parse_jacoco_xml,def parse_jacoco_xml(xml_text:,backend/app/api/api_v1/endpoints/git/ci.py,190,233,44,36,,prod,Python,HIGH
8c6caaf165d7937f359a1e224b7177ece62b8ab7,function,process_ci_results,async def process_ci_results(,backend/app/api/api_v1/endpoints/git/ci.py,236,466,231,204,,prod,Python,HIGH
7b91e03bf2588c6be3d53649d251054cbafc1996,function,parse_junit_xml,def parse_junit_xml(xml_text:,backend/app/api/api_v1/endpoints/git/ci.py,25,101,77,63,,prod,Python,HIGH
8e57ac84cb7f3eb18b57b12a518d00d8a0fc784a,function,get_pull_requests_for_project,async def get_pull_requests_for_project(,backend/app/api/api_v1/endpoints/git/metrics.py,100,161,62,51,,prod,Python,HIGH
1ea3c418fdf702943e71802cea2da0e00c57f84a,function,calculate_pr_metrics,async def calculate_pr_metrics(,backend/app/api/api_v1/endpoints/git/metrics.py,164,339,176,149,,prod,Python,HIGH
cda43a8d48d4b0ed649cdd817677411217b2d548,function,histogram_counts,def histogram_counts(values:,backend/app/api/api_v1/endpoints/git/metrics.py,34,57,24,19,,prod,Python,HIGH
06b0f2e13224d5ad6d48dac3fabb034426a37b19,function,get_pr_list,async def get_pr_list(,backend/app/api/api_v1/endpoints/git/metrics.py,342,387,46,40,,prod,Python,HIGH
3ee5047d45423ed755c7a36444c6d179c99dab59,function,get_commits_for_issue,async def get_commits_for_issue(,backend/app/api/api_v1/endpoints/git/metrics.py,390,475,86,76,,prod,Python,HIGH
078da13c529b7d25f2eebaf14f8a50f12c376e8f,function,parse_iso_datetime,def parse_iso_datetime(dt_val) -> Optional[datetime]:,backend/app/api/api_v1/endpoints/git/metrics.py,60,81,22,19,,prod,Python,HIGH
bd94e6996d0c97db051e19fb30251e361532ab1b,function,datetime_to_iso,def datetime_to_iso(dt_val) -> Optional[str]:,backend/app/api/api_v1/endpoints/git/metrics.py,84,97,14,11,,prod,Python,HIGH
5179141b950dd59c096b2150d3a5531f8cfe93af,function,handle_github_webhook,async def handle_github_webhook(,backend/app/api/api_v1/endpoints/git/webhooks.py,121,227,107,85,,prod,Python,HIGH
85e536b4d75efabe5b6b2c210db0f4ecf7800e8f,function,handle_gitlab_webhook,async def handle_gitlab_webhook(,backend/app/api/api_v1/endpoints/git/webhooks.py,230,308,79,65,,prod,Python,HIGH
98cd4a94eaaf7dd2ff19c7323364968f9a2d2d24,function,verify_bitbucket_signature,def verify_bitbucket_signature(secret:,backend/app/api/api_v1/endpoints/git/webhooks.py,311,333,23,20,,prod,Python,HIGH
438103135c96ad9244da7cdaac64d2e6d1b62fc1,function,handle_bitbucket_webhook,async def handle_bitbucket_webhook(,backend/app/api/api_v1/endpoints/git/webhooks.py,336,486,151,127,,prod,Python,HIGH
21ce6adc87cf9eb5f35ee7947817721bbbaea068,function,verify_github_signature,def verify_github_signature(secret:,backend/app/api/api_v1/endpoints/git/webhooks.py,46,63,18,16,,prod,Python,HIGH
05df081a6250e85a66d589aba29b4881bfedce68,function,_normalize_bitbucket_pr_state,def _normalize_bitbucket_pr_state(state:,backend/app/api/api_v1/endpoints/git/webhooks.py,489,501,13,12,,prod,Python,HIGH
6c1465c83bf01b6e433765e1ffa181a58f57c55e,function,verify_gitlab_token,def verify_gitlab_token(token:,backend/app/api/api_v1/endpoints/git/webhooks.py,66,76,11,9,,prod,Python,HIGH
55b097ab385be9325c25752b39122eeb9cf6c97b,function,_handle_push_event,async def _handle_push_event(,backend/app/api/api_v1/endpoints/git/webhooks.py,79,118,40,34,,prod,Python,HIGH
a06ec0940b592c899d5ddd4fbfa70fd27a277143,function,pull_request_metrics,async def pull_request_metrics(,backend/app/api/api_v1/endpoints/git_router.py,119,154,36,34,,prod,Python,HIGH
59b4a96a5b3c71fb7451fd4b44ea8e61c1afdfe3,function,commits_for_issue,async def commits_for_issue(,backend/app/api/api_v1/endpoints/git_router.py,158,172,15,13,,prod,Python,HIGH
30d2dca6dfb6fb2b1079dce21983e5be36c224f7,function,ci_results,async def ci_results(,backend/app/api/api_v1/endpoints/git_router.py,180,201,22,20,,prod,Python,HIGH
b4c29817b6e70aefa9ad022594eabcb1f7f08c87,function,list_repositories,async def list_repositories(,backend/app/api/api_v1/endpoints/git_router.py,209,237,29,26,,prod,Python,HIGH
d6e209f62a5eef5b6486f441d02064a22d10f073,function,health_check,"async def health_check() -> Dict[str, str]:",backend/app/api/api_v1/endpoints/git_router.py,245,260,16,15,,prod,Python,HIGH
1f7fb84a49d7e06b3d4059d0810e3a4c48e71b4c,function,github_project_pull_requests,async def github_project_pull_requests(,backend/app/api/api_v1/endpoints/git_router.py,263,335,73,67,,prod,Python,HIGH
fd15461baed519d71783bb8f7c74aa2287d98f45,function,github_webhook,async def github_webhook(,backend/app/api/api_v1/endpoints/git_router.py,31,46,16,14,,prod,Python,HIGH
57d17207dbc83fd0e0bbcdbd007e1178a23e3506,function,gitlab_webhook,async def gitlab_webhook(,backend/app/api/api_v1/endpoints/git_router.py,50,63,14,12,,prod,Python,HIGH
ec53c775f71013b5aae877ecb4220c123e82d412,function,bitbucket_webhook,async def bitbucket_webhook(,backend/app/api/api_v1/endpoints/git_router.py,67,86,20,16,,prod,Python,HIGH
0f3b8f724411d5ad7c9d3975b7ce72c246c45f15,function,list_pull_requests,async def list_pull_requests(,backend/app/api/api_v1/endpoints/git_router.py,94,115,22,19,,prod,Python,HIGH
a2c06534559e09359749dac76d657546f0adf679,function,list_gitlab_projects,async def list_gitlab_projects(,backend/app/api/api_v1/endpoints/gitlab_projects.py,106,148,43,38,,prod,Python,HIGH
d17ac27b02ebac6da6ef6d995b5e1fbb2088b4b8,function,_decode_token,def _decode_token(raw_token:,backend/app/api/api_v1/endpoints/gitlab_projects.py,29,39,11,11,,prod,Python,HIGH
20c0e5b61a1857c770bccd96b3b3315eae0def89,function,_load_gitlab_config,async def _load_gitlab_config(db:,backend/app/api/api_v1/endpoints/gitlab_projects.py,42,60,19,16,,prod,Python,HIGH
0af51b9960be8d7336f76d4643e0e727db86b818,function,_request_json,async def _request_json(url:,backend/app/api/api_v1/endpoints/gitlab_projects.py,63,85,23,19,,prod,Python,HIGH
c59315328e6728e08c73438a25f8c4fda4d3d76a,function,_summarize_project,def _summarize_project(project:,backend/app/api/api_v1/endpoints/gitlab_projects.py,88,102,15,15,,prod,Python,HIGH
72fee235e66b07e978046bd31f0e8b0135f87cec,function,metrics_export,async def metrics_export() -> Response:,backend/app/api/api_v1/endpoints/health.py,114,116,3,3,,prod,Python,HIGH
b9ee9045037862fda43582164a14cd92b8163494,function,health_check,async def health_check():,backend/app/api/api_v1/endpoints/health.py,17,19,3,3,,prod,Python,HIGH
9902061d7340f234e95d6aa024563ffaa6d873d3,function,_jira_status,def _jira_status():,backend/app/api/api_v1/endpoints/health.py,22,23,2,2,,prod,Python,HIGH
469b9a44d852eaf77b42215d2209253029bdf1bc,function,_confluence_status,def _confluence_status():,backend/app/api/api_v1/endpoints/health.py,26,28,3,3,,prod,Python,HIGH
62f42efebc47b383a6726b1ee109fde113e1b754,function,integrations_status,async def integrations_status(db:,backend/app/api/api_v1/endpoints/health.py,32,87,56,53,,prod,Python,HIGH
628cbc5f9c37030f3ef24d1b41545abdef7b2da6,function,integration_status,async def integration_status(name:,backend/app/api/api_v1/endpoints/health.py,91,110,20,20,,prod,Python,HIGH
402aaf512c394317021430ffe7af8f34d2db6fcd,function,get_jira_project,async def get_jira_project(project_key:,backend/app/api/api_v1/endpoints/jira.py,101,105,5,5,,prod,Python,HIGH
380b813125c8a28131101815b0269efeb1653b62,function,get_project_issues,async def get_project_issues(,backend/app/api/api_v1/endpoints/jira.py,109,123,15,15,,prod,Python,HIGH
448162b7386c3b5cf250029d7e42896fb480e78c,function,sync_project_data,async def sync_project_data(,backend/app/api/api_v1/endpoints/jira.py,127,208,82,73,,prod,Python,HIGH
f53189d5ffa2339773a8962ef1e7d13d4d6053e8,function,get_active_sprints,async def get_active_sprints(board_id:,backend/app/api/api_v1/endpoints/jira.py,212,219,8,8,,prod,Python,HIGH
97555677387854243e3b1d77090896e17e2cdbac,function,get_issue_worklogs,async def get_issue_worklogs(issue_key:,backend/app/api/api_v1/endpoints/jira.py,223,230,8,8,,prod,Python,HIGH
b9ac849924808dc1dff16e9569659f451cce6311,function,connect_to_jira_pat,async def connect_to_jira_pat(,backend/app/api/api_v1/endpoints/jira.py,232,239,8,8,,prod,Python,HIGH
7d64c7bacc5bc1949a3f6b36c60793a3ba6f9b9c,function,debug_jira_project,async def debug_jira_project(project_key:,backend/app/api/api_v1/endpoints/jira.py,243,343,101,94,,prod,Python,HIGH
50852acd8d61bdb8c070645884973c0e99fe3551,function,connect_to_jira,async def connect_to_jira(,backend/app/api/api_v1/endpoints/jira.py,25,64,40,35,,prod,Python,HIGH
06366b8da6ce505cdfb50a45d759dc20bb34e787,function,jira_status,async def jira_status():,backend/app/api/api_v1/endpoints/jira.py,68,69,2,2,,prod,Python,HIGH
dcc2c93596cda7277f1350a89f34b2059f982d46,function,list_accessible_projects,async def list_accessible_projects(q:,backend/app/api/api_v1/endpoints/jira.py,73,80,8,8,,prod,Python,HIGH
cdc8f82cc51519b5c0e38e1a6118ec44143937fb,function,check_project_key,async def check_project_key(project_key:,backend/app/api/api_v1/endpoints/jira.py,84,90,7,7,,prod,Python,HIGH
ab9b6a0b7b2eb45769f6d5da66b598784f78f1de,function,list_boards,async def list_boards(project_key:,backend/app/api/api_v1/endpoints/jira.py,94,97,4,4,,prod,Python,HIGH
c2542cdc520136069868abee4c02fd42238da20b,function,get_field_mappings,async def get_field_mappings(,backend/app/api/api_v1/endpoints/jira_fields.py,118,150,33,29,,prod,Python,HIGH
fee0d1d425d1121fed069bc53034279e8ee7e733,function,save_field_mapping,async def save_field_mapping(,backend/app/api/api_v1/endpoints/jira_fields.py,154,211,58,51,,prod,Python,HIGH
0a3b90cf95cd308a8b9c75606be49c05261c047f,function,delete_field_mapping,async def delete_field_mapping(,backend/app/api/api_v1/endpoints/jira_fields.py,215,233,19,17,,prod,Python,HIGH
708637846c7b58a55e7cff0ac5394762fd5f9009,function,test_field_mapping,async def test_field_mapping(,backend/app/api/api_v1/endpoints/jira_fields.py,237,273,37,33,,prod,Python,HIGH
a149febf411e0723511e60e6be72339ff2e49ba6,function,discover_fields,async def discover_fields(,backend/app/api/api_v1/endpoints/jira_fields.py,26,54,29,27,,prod,Python,HIGH
c355a3eee625c5988c5252891ba2936030e7cd25,function,export_configuration,"async def export_configuration() -> Dict[str, Any]:",backend/app/api/api_v1/endpoints/jira_fields.py,277,284,8,8,,prod,Python,HIGH
fab6441213659a6aa48dd0cc8c3800cd1390586f,function,import_configuration,async def import_configuration(,backend/app/api/api_v1/endpoints/jira_fields.py,288,333,46,42,,prod,Python,HIGH
c3eb2d37eb9f921473f984fe10712f377daa8838,function,get_issue_sprints,async def get_issue_sprints(issue_key:,backend/app/api/api_v1/endpoints/jira_fields.py,337,350,14,13,,prod,Python,HIGH
c2499e35955e70c4fd506a5e6d208dc6b0ff4370,function,calibrate_fields,async def calibrate_fields(,backend/app/api/api_v1/endpoints/jira_fields.py,58,114,57,53,,prod,Python,HIGH
66a373f564ccbc0de384ec2d0b9c99c972a976d6,function,bind_repository_to_project,async def bind_repository_to_project(,backend/app/api/api_v1/endpoints/project_repository.py,100,214,115,106,,prod,Python,HIGH
3b791b6991956eebe57e89d25d21b5f6dfe7fd17,function,unbind_repository_from_project,async def unbind_repository_from_project(,backend/app/api/api_v1/endpoints/project_repository.py,218,236,19,17,,prod,Python,HIGH
7cc76a1d53c479b58d6bac16cb4442ad0aafdc37,function,parse_repository_url,def parse_repository_url(url:,backend/app/api/api_v1/endpoints/project_repository.py,24,63,40,35,,prod,Python,HIGH
52f4bc3be1eba8ce532abe3ccf9165f9f5cb252d,function,set_primary_repository,async def set_primary_repository(,backend/app/api/api_v1/endpoints/project_repository.py,240,272,33,30,,prod,Python,HIGH
7aa227a29cbc5c2d959ac4ceb5f39ebc63dee590,function,list_all_repositories,async def list_all_repositories(,backend/app/api/api_v1/endpoints/project_repository.py,276,313,38,35,,prod,Python,HIGH
7066f0467bf1b129539b0baada3e62ca79744d32,function,get_primary_repository,async def get_primary_repository(,backend/app/api/api_v1/endpoints/project_repository.py,317,340,24,22,,prod,Python,HIGH
5ea843caf70d7eb0b3bbc38f3be43416ef3b98d7,function,get_project_repositories,async def get_project_repositories(,backend/app/api/api_v1/endpoints/project_repository.py,67,96,30,29,,prod,Python,HIGH
160ad9ca276bf2747dfe61f0a801ff612f1d12bd,function,create_project,async def create_project(,backend/app/api/api_v1/endpoints/projects.py,115,157,43,41,,prod,Python,HIGH
f9d00e4df2fb2ece402a4b8f00baaae8675caf85,function,update_project,async def update_project(,backend/app/api/api_v1/endpoints/projects.py,161,220,60,56,,prod,Python,HIGH
07ab9886e0f2a8b8e7ffb1f464bc05cf44374a49,function,delete_project,async def delete_project(,backend/app/api/api_v1/endpoints/projects.py,224,256,33,31,,prod,Python,HIGH
821d3cacdd1c8e7c7873b601dc6aff3bc41a1298,function,get_projects,async def get_projects(,backend/app/api/api_v1/endpoints/projects.py,24,49,26,26,,prod,Python,HIGH
7ff525678904095e9f2ffbb3df2bae88ca30b26c,function,purge_project_data,async def purge_project_data(,backend/app/api/api_v1/endpoints/projects.py,260,296,37,35,,prod,Python,HIGH
b300fef762f370babf189b0f88f1da5b8309b697,function,get_project,async def get_project(,backend/app/api/api_v1/endpoints/projects.py,53,111,59,56,,prod,Python,HIGH
6c4b6d0ee160c13b9aff039f1bb24f45dd149e25,function,severity_to_score,def severity_to_score(severity:,backend/app/api/api_v1/endpoints/quality/common.py,120,122,3,3,,prod,Python,HIGH
a2f43796e928a17cbb8ff5d96a2c41ce62c19025,function,persist_quality_history,async def persist_quality_history(,backend/app/api/api_v1/endpoints/quality/common.py,58,92,35,33,,prod,Python,HIGH
74bcf85de5d2e6acaa17dce5b10498769bb5d31a,function,check_gate_thresholds,def check_gate_thresholds(,backend/app/api/api_v1/endpoints/quality/common.py,95,117,23,23,,prod,Python,HIGH
1664dc454d12d3e9625154535926df8b0c4a41c1,function,delete_escaped_defect,async def delete_escaped_defect(,backend/app/api/api_v1/endpoints/quality/defects.py,112,130,19,18,,prod,Python,HIGH
a9c8562f9017d0ad0da77fb610c30211fa903e03,function,create_escaped_defect,async def create_escaped_defect(,backend/app/api/api_v1/endpoints/quality/defects.py,25,36,12,12,,prod,Python,HIGH
0cbcc4047508b7bae563c16370481b2f12c1d2e1,function,list_escaped_defects,async def list_escaped_defects(,backend/app/api/api_v1/endpoints/quality/defects.py,40,59,20,20,,prod,Python,HIGH
bb70eabd7336e010c72fb0e84b217bd63cf8f0ac,function,get_escaped_defect,async def get_escaped_defect(,backend/app/api/api_v1/endpoints/quality/defects.py,63,74,12,12,,prod,Python,HIGH
9a55cf6b4bf595cb5acc6f6762f8317f59a3fc12,function,update_escaped_defect,async def update_escaped_defect(,backend/app/api/api_v1/endpoints/quality/defects.py,78,108,31,27,,prod,Python,HIGH
6bb0997e29fabe8c169a48e5c104a6827ad5b731,function,update_github_status,async def update_github_status(,backend/app/api/api_v1/endpoints/quality/gates.py,122,177,56,55,,prod,Python,HIGH
a2d8397dfdcbce91a2353f249c5986ef37e63d74,function,quality_gate_assess_and_update,async def quality_gate_assess_and_update(,backend/app/api/api_v1/endpoints/quality/gates.py,181,193,13,13,,prod,Python,HIGH
45403df9fd45535505bf5c61e983c9bbe2786ed6,function,update_github_check_run,async def update_github_check_run(,backend/app/api/api_v1/endpoints/quality/gates.py,196,258,63,63,,prod,Python,HIGH
5a424b294e9c0a8dd8e8dc1ff9b047e3e4059f8d,function,quality_gate_assess_and_check,async def quality_gate_assess_and_check(,backend/app/api/api_v1/endpoints/quality/gates.py,262,274,13,13,,prod,Python,HIGH
3189196f89793f789b29eb199ab5eb2d902c1e8c,function,quality_gate_pr,async def quality_gate_pr(,backend/app/api/api_v1/endpoints/quality/gates.py,27,66,40,39,,prod,Python,HIGH
5ae149f87406b2e68391448af54d0823d041609e,function,quality_history,async def quality_history(,backend/app/api/api_v1/endpoints/quality/gates.py,278,308,31,31,,prod,Python,HIGH
38d92878e4510812903b3ba9268e35b99686cfd5,function,quality_gate_assess,async def quality_gate_assess(,backend/app/api/api_v1/endpoints/quality/gates.py,70,119,50,47,,prod,Python,HIGH
bc5267264f7c94e9170797f69d3bae6dfbfb741c,function,get_root_cause_analysis,async def get_root_cause_analysis(,backend/app/api/api_v1/endpoints/quality/metrics.py,144,180,37,33,,prod,Python,HIGH
00169a8f76ec89d3092b2873842f9a913f586192,function,get_component_analysis,async def get_component_analysis(,backend/app/api/api_v1/endpoints/quality/metrics.py,188,233,46,42,,prod,Python,HIGH
dc8f6f5437748cccf59fbcfd0906fcbf5676de7e,function,get_quality_trend,async def get_quality_trend(,backend/app/api/api_v1/endpoints/quality/metrics.py,241,310,70,64,,prod,Python,HIGH
781e1cdb88e94364881d3cefbaf579fab8d0c973,function,get_quality_dashboard,async def get_quality_dashboard(,backend/app/api/api_v1/endpoints/quality/metrics.py,318,343,26,24,,prod,Python,HIGH
87b43ab16b11f9a221a72f5c2ddb32943b1bf3d2,function,calculate_defect_metrics,async def calculate_defect_metrics(,backend/app/api/api_v1/endpoints/quality/metrics.py,351,456,106,95,,prod,Python,HIGH
859c3b10ab6bf47e95b9546b8eb63357f31f86a2,function,get_quality_summary,async def get_quality_summary(,backend/app/api/api_v1/endpoints/quality/metrics.py,44,136,93,86,,prod,Python,HIGH
a3c2eb039db47e176c779d6f75e5bcaa2f70de86,function,list_defect_metrics,async def list_defect_metrics(,backend/app/api/api_v1/endpoints/quality/metrics.py,460,473,14,14,,prod,Python,HIGH
a699b819927ba9d46aa52afa2704d2954ab2265c,function,generate_report,async def generate_report(,backend/app/api/api_v1/endpoints/quality/reports.py,180,214,35,33,,prod,Python,HIGH
07bcadd64d763b54ff872340a25e3959b236a68c,function,download_report,async def download_report(filename:,backend/app/api/api_v1/endpoints/quality/reports.py,218,241,24,20,,prod,Python,HIGH
500a18ac2917cd99a0364c49cf18608a077e4b1f,function,preview_report,async def preview_report(,backend/app/api/api_v1/endpoints/quality/reports.py,245,282,38,37,,prod,Python,HIGH
73ec83e4e146f992d269d52e11b492ab5076d520,function,get_report_data,async def get_report_data(,backend/app/api/api_v1/endpoints/quality/reports.py,45,176,132,120,,prod,Python,HIGH
eac3a7262ef0d87106465242af288567bd054de9,function,get_roles,async def get_roles(,backend/app/api/api_v1/endpoints/roles.py,22,34,13,13,,prod,Python,HIGH
16d5ecf29e767a8a36742db04e815ce14566a22f,function,get_role,async def get_role(,backend/app/api/api_v1/endpoints/roles.py,38,45,8,8,,prod,Python,HIGH
3a4f0dd5f4fcfc45c6f7b282c3768535b8b6e3f3,function,create_role,async def create_role(,backend/app/api/api_v1/endpoints/roles.py,49,70,22,21,,prod,Python,HIGH
2ab9d3b74ca392efc2768569b68ad6244570712e,function,delete_role,async def delete_role(,backend/app/api/api_v1/endpoints/roles.py,74,87,14,12,,prod,Python,HIGH
d2f0b56e8f61cf52876d014a5dc5853981c22d48,function,get_confluence_settings,async def get_confluence_settings(db:,backend/app/api/api_v1/endpoints/settings.py,104,108,5,5,,prod,Python,HIGH
168f1f4c90331186652b794599edcaaf2e56bc12,function,put_confluence_settings,async def put_confluence_settings(payload:,backend/app/api/api_v1/endpoints/settings.py,112,154,43,41,,prod,Python,HIGH
79a1222cad910d8f462b42c44fa67ddc95b66bd3,function,reload_confluence_settings,async def reload_confluence_settings(db:,backend/app/api/api_v1/endpoints/settings.py,158,182,25,24,,prod,Python,HIGH
e9d97e2ad0c0631dad6ab6125058815ad18fb21d,function,get_github_settings,async def get_github_settings(db:,backend/app/api/api_v1/endpoints/settings.py,187,192,6,6,,prod,Python,HIGH
3561c3ab665157a4eef018fc3c74acc9818127d4,function,put_github_settings,async def put_github_settings(payload:,backend/app/api/api_v1/endpoints/settings.py,196,214,19,19,,prod,Python,HIGH
15f2cee10d9fa739c93539cdf92c5e027ab2a8d0,function,_get_integration,async def _get_integration(db:,backend/app/api/api_v1/endpoints/settings.py,21,23,3,3,,prod,Python,HIGH
0b365a90dd45a520bc440af62e9bae3dda06fc50,function,test_github_connection,async def test_github_connection(payload:,backend/app/api/api_v1/endpoints/settings.py,218,355,138,127,,prod,Python,HIGH
2659d14e0b430badce260cbf7bec10061d511939,function,get_jira_settings,async def get_jira_settings(,backend/app/api/api_v1/endpoints/settings.py,27,36,10,10,,prod,Python,HIGH
85b0949550858a905add6794dd32f6dc73664792,function,get_gitlab_settings,async def get_gitlab_settings(db:,backend/app/api/api_v1/endpoints/settings.py,359,363,5,5,,prod,Python,HIGH
e6bbbbe0b5a55ef057794fb730fc7dcd3a552725,function,put_gitlab_settings,async def put_gitlab_settings(payload:,backend/app/api/api_v1/endpoints/settings.py,367,384,18,18,,prod,Python,HIGH
20b51af7481ca875427054d2d6f4a0415e2402c4,function,test_gitlab_connection,async def test_gitlab_connection(payload:,backend/app/api/api_v1/endpoints/settings.py,388,462,75,65,,prod,Python,HIGH
cb7d1cf0bb0206abf8d4e679e82432e86299c1b7,function,put_jira_settings,async def put_jira_settings(,backend/app/api/api_v1/endpoints/settings.py,40,100,61,61,,prod,Python,HIGH
4438bb41bfb1ae5bfa05a9fc16be050dbc7d263c,function,get_testrail_settings,async def get_testrail_settings(db:,backend/app/api/api_v1/endpoints/settings.py,467,471,5,5,,prod,Python,HIGH
73ae52bc4b956539b7f767df4190332692ed1e97,function,put_testrail_settings,async def put_testrail_settings(payload:,backend/app/api/api_v1/endpoints/settings.py,475,485,11,11,,prod,Python,HIGH
8fd8f5a539924f938a72b1d472f65042001bb121,function,test_testrail_connection,async def test_testrail_connection(payload:,backend/app/api/api_v1/endpoints/settings.py,487,535,49,44,,prod,Python,HIGH
682b85479f78661a564f00f1c42777aa6f0f170b,function,get_bitbucket_settings,async def get_bitbucket_settings(db:,backend/app/api/api_v1/endpoints/settings.py,540,559,20,20,,prod,Python,HIGH
c5954e5d3980f3f74581c79e20eff8173f4566a9,function,put_bitbucket_settings,async def put_bitbucket_settings(payload:,backend/app/api/api_v1/endpoints/settings.py,563,606,44,39,,prod,Python,HIGH
c6f438b3d4068e24c572504382970b183e5485c7,function,test_bitbucket_connection,async def test_bitbucket_connection(payload:,backend/app/api/api_v1/endpoints/settings.py,610,666,57,47,,prod,Python,HIGH
72c87f90345880cbed39498083ca79bcd81166c5,function,get_task,async def get_task(,backend/app/api/api_v1/endpoints/tasks.py,137,165,29,24,,prod,Python,HIGH
f8e74eb17c83bc331a51094cd6f13622375114fc,function,create_task,async def create_task(,backend/app/api/api_v1/endpoints/tasks.py,169,192,24,22,,prod,Python,HIGH
f4d15384fd2dfc7bceeedc884a7e8844b2f6e567,function,update_task,async def update_task(,backend/app/api/api_v1/endpoints/tasks.py,196,221,26,22,,prod,Python,HIGH
c8e8de0ebf034cb6ff10ffb2d899767d8a880da5,function,delete_task,async def delete_task(,backend/app/api/api_v1/endpoints/tasks.py,225,243,19,15,,prod,Python,HIGH
e429e6d739ee1d6169295d0f0d36e1cef3ebe92c,function,get_tasks,async def get_tasks(,backend/app/api/api_v1/endpoints/tasks.py,23,133,111,99,,prod,Python,HIGH
2057f8e48dcdf1f8d04a765274161e58f9322232,function,export_tasks_to_excel,async def export_tasks_to_excel(,backend/app/api/api_v1/endpoints/tasks.py,247,318,72,61,,prod,Python,HIGH
deeb92439fd1025ef1f1fa1f3875e49c5868fcaa,function,set_task_business_value,async def set_task_business_value(,backend/app/api/api_v1/endpoints/tasks.py,322,398,77,69,,prod,Python,HIGH
adf6511b85cdf36f0dd697fdd930eb973a53fcd2,function,get_task_business_value_audit,async def get_task_business_value_audit(,backend/app/api/api_v1/endpoints/tasks.py,402,429,28,28,,prod,Python,HIGH
022298d776b006744a6b7d46c96bc0fb1fb0c41e,function,batch_delete_tasks,async def batch_delete_tasks(,backend/app/api/api_v1/endpoints/tasks.py,437,481,45,37,,prod,Python,HIGH
0b33a9e628c9f2d2d1eef4041b5bd471b0a97469,function,batch_update_tasks,async def batch_update_tasks(,backend/app/api/api_v1/endpoints/tasks.py,485,550,66,54,,prod,Python,HIGH
16c15369544ac7bbc3749df77bc5e552c402aab9,function,get_task_status,async def get_task_status(task_id:,backend/app/api/api_v1/endpoints/tasks_async.py,11,17,7,6,,prod,Python,HIGH
96b38957c5aaae4f512a39acf81320b68482a6e0,function,cancel_task,async def cancel_task(task_id:,backend/app/api/api_v1/endpoints/tasks_async.py,21,27,7,6,,prod,Python,HIGH
e36a8096760121a119c22c849fc9d360aa7a3f14,function,list_tasks,async def list_tasks(,backend/app/api/api_v1/endpoints/tasks_async.py,31,45,15,14,,prod,Python,HIGH
dc7bb97d26cc03f33fc76f457c6a9b35d4d2aae0,function,delete_task,async def delete_task(task_id:,backend/app/api/api_v1/endpoints/tasks_async.py,49,61,13,10,,prod,Python,HIGH
1c7b8bc08aa7afc474ee0d1674601c016ddc9771,function,get_coverage_trend,async def get_coverage_trend(,backend/app/api/api_v1/endpoints/testing.py,1020,1098,79,72,,prod,Python,HIGH
23848afffeab707e1600259069b06dd8636752f4,function,record_coverage_history,async def record_coverage_history(,backend/app/api/api_v1/endpoints/testing.py,1102,1134,33,33,,prod,Python,HIGH
2bf6f46ad9081fa00de1c5af60617749cbd4048c,function,get_test_analytics_dashboard,async def get_test_analytics_dashboard(,backend/app/api/api_v1/endpoints/testing.py,1142,1216,75,65,,prod,Python,HIGH
28f36986b652c6127d18e760769247fdce727f0d,function,list_test_runs,async def list_test_runs(,backend/app/api/api_v1/endpoints/testing.py,149,218,70,61,,prod,Python,HIGH
c0d8bba79e08883a4e73579e4acd1f2a614f77d1,function,list_test_results,async def list_test_results(,backend/app/api/api_v1/endpoints/testing.py,222,289,68,57,,prod,Python,HIGH
696bf22c8aabcda3233361249a5ffe04b643d0ec,function,list_coverage,async def list_coverage(,backend/app/api/api_v1/endpoints/testing.py,293,340,48,42,,prod,Python,HIGH
f5641f39553b49c127626d3ab50f0964742f36f3,function,list_coverage_files,async def list_coverage_files(,backend/app/api/api_v1/endpoints/testing.py,344,393,50,45,,prod,Python,HIGH
27a3e65072cb2785a9eccbbe9d86c2e3b7a8793a,function,_get_allowed_commit_shas_for_project,async def _get_allowed_commit_shas_for_project(,backend/app/api/api_v1/endpoints/testing.py,35,87,53,44,,prod,Python,HIGH
8c56e55f78973fb9804e7f35e62fb80d45c4d1c5,function,create_flaky_test,async def create_flaky_test(,backend/app/api/api_v1/endpoints/testing.py,401,447,47,45,,prod,Python,HIGH
efa6a7c90953ccbe1039a6582465ac2d62d3d675,function,list_flaky_tests,async def list_flaky_tests(,backend/app/api/api_v1/endpoints/testing.py,451,465,15,14,,prod,Python,HIGH
551392ac55519d3f7b62837b3f23ef05b32ab57a,function,get_flaky_test,async def get_flaky_test(,backend/app/api/api_v1/endpoints/testing.py,469,478,10,10,,prod,Python,HIGH
d11f73b6263df6628c9ce1f1837f94ea75e82749,function,update_flaky_test,async def update_flaky_test(,backend/app/api/api_v1/endpoints/testing.py,482,507,26,24,,prod,Python,HIGH
388360769e85249686d3fdcabdf38a457d5fac43,function,delete_flaky_test,async def delete_flaky_test(,backend/app/api/api_v1/endpoints/testing.py,511,523,13,12,,prod,Python,HIGH
4b8f740eaeda75811c6ef6e4822ceb6c7957ed81,function,detect_flaky_tests,async def detect_flaky_tests(,backend/app/api/api_v1/endpoints/testing.py,527,621,95,86,,prod,Python,HIGH
1e00a140e6baa4364a4e5b2fed584715da5e40ff,function,get_flaky_tests_summary,async def get_flaky_tests_summary(,backend/app/api/api_v1/endpoints/testing.py,625,655,31,27,,prod,Python,HIGH
6b8a057db1164e8d86afc6d59b8525d3363e8135,function,get_delta_coverage,async def get_delta_coverage(,backend/app/api/api_v1/endpoints/testing.py,663,769,107,94,,prod,Python,HIGH
8935f9267ef18108494904d7da9e2930cdb72a66,function,get_pr_delta_coverage,async def get_pr_delta_coverage(,backend/app/api/api_v1/endpoints/testing.py,773,824,52,47,,prod,Python,HIGH
1e6f808f71840ebe142fad60edd7008fcfa45870,function,calculate_component_coverage,async def calculate_component_coverage(,backend/app/api/api_v1/endpoints/testing.py,832,946,115,101,,prod,Python,HIGH
106303a8383befc8bcc6d443cea72d6b44a0e221,function,_filter_commits_by_project,async def _filter_commits_by_project(,backend/app/api/api_v1/endpoints/testing.py,90,145,56,47,,prod,Python,HIGH
73b6e7af05449c569b561fef6fa71c96d90693a3,function,list_component_coverage,async def list_component_coverage(,backend/app/api/api_v1/endpoints/testing.py,950,964,15,14,,prod,Python,HIGH
dc87778f8a2d7858d1340adca15aa41039436bfd,function,get_component_coverage_summary,async def get_component_coverage_summary(,backend/app/api/api_v1/endpoints/testing.py,968,1012,45,39,,prod,Python,HIGH
ac22bcce9c5802de14f8e419cff0ef451c538d31,function,_calculate_chain_stats,def _calculate_chain_stats(nodes:,backend/app/api/api_v1/endpoints/traceability/analysis.py,114,141,28,25,,prod,Python,HIGH
d100f362847bafecabe1c21c50e30343c7dc1dbe,function,get_full_chain,async def get_full_chain(,backend/app/api/api_v1/endpoints/traceability/analysis.py,145,214,70,58,,prod,Python,HIGH
775738f7316e66629081864f30800a7761281f62,function,_calculate_impact_risk,def _calculate_impact_risk(,backend/app/api/api_v1/endpoints/traceability/analysis.py,217,248,32,27,,prod,Python,HIGH
ebb718c3472185d16ebc2514f21e07cfb301003f,function,_artifact_to_node,def _artifact_to_node(artifact:,backend/app/api/api_v1/endpoints/traceability/analysis.py,25,39,15,15,,prod,Python,HIGH
d84074aea5e6d235adb866b96354c64ff01761a1,function,_generate_impact_recommendations,def _generate_impact_recommendations(,backend/app/api/api_v1/endpoints/traceability/analysis.py,251,305,55,48,,prod,Python,HIGH
bd571624f3df7e7fe27cf546c700d9e60c89eba7,function,get_impact_analysis,async def get_impact_analysis(,backend/app/api/api_v1/endpoints/traceability/analysis.py,309,419,111,97,,prod,Python,HIGH
a2a6c42b67353b0be64f74dc99c07cc60eb58d9b,function,_traverse_chain,async def _traverse_chain(,backend/app/api/api_v1/endpoints/traceability/analysis.py,42,111,70,60,,prod,Python,HIGH
2c4b496c4ebee7906e93a1a3d10d2df4595aafd4,function,_dag_types,def _dag_types() -> Set[str]:,backend/app/api/api_v1/endpoints/traceability/common.py,36,38,3,3,,prod,Python,HIGH
ed46d3803e2d94c53669915088c968f99a6d3581,function,_would_create_cycle,async def _would_create_cycle(,backend/app/api/api_v1/endpoints/traceability/common.py,41,64,24,22,,prod,Python,HIGH
388f3bfde459c8c551641dfd3b8217c656a27585,function,_link_exists,async def _link_exists(,backend/app/api/api_v1/endpoints/traceability/common.py,67,81,15,15,,prod,Python,HIGH
86eb2133156d9a67d06aec223c52270bf2890c84,function,_detect_all_cycles,async def _detect_all_cycles(,backend/app/api/api_v1/endpoints/traceability/health.py,149,233,85,70,,prod,Python,HIGH
cf24dfc3d2285903f0dc3f2ecef9a22184110f61,function,_suggest_link_action_by_type,def _suggest_link_action_by_type(artifact_type:,backend/app/api/api_v1/endpoints/traceability/health.py,23,34,12,12,,prod,Python,HIGH
cf26cc3f574e19780a4022554a850a070bdb76a3,function,get_sync_health,async def get_sync_health(,backend/app/api/api_v1/endpoints/traceability/health.py,237,385,149,130,,prod,Python,HIGH
1d0123ea67ededf4408437e92edec01dbdc52513,function,_calculate_consistency_health,def _calculate_consistency_health(issues:,backend/app/api/api_v1/endpoints/traceability/health.py,37,72,36,30,,prod,Python,HIGH
efe046a5f338160009d6a6d5eee280ba176faf68,function,get_detailed_sync_health,async def get_detailed_sync_health(,backend/app/api/api_v1/endpoints/traceability/health.py,389,499,111,99,,prod,Python,HIGH
0bbb8cee172dab30f8be1f42b6aebfd3f3c222a3,function,run_consistency_check,async def run_consistency_check(,backend/app/api/api_v1/endpoints/traceability/health.py,503,725,223,197,,prod,Python,HIGH
5af4799822328dbeeeed3f06aaa7de6ecb95276b,function,fix_consistency_issues,async def fix_consistency_issues(,backend/app/api/api_v1/endpoints/traceability/health.py,729,859,131,114,,prod,Python,HIGH
4ce0f4c96720f429370df18c767edb4e481981e1,function,_generate_consistency_recommendations,def _generate_consistency_recommendations(issues:,backend/app/api/api_v1/endpoints/traceability/health.py,75,146,72,65,,prod,Python,HIGH
cd372bab7d8dfeeb17fa6c1738ebd2a3bfe8268c,function,detect_cycles_detailed,async def detect_cycles_detailed(,backend/app/api/api_v1/endpoints/traceability/health.py,863,932,70,61,,prod,Python,HIGH
0c1c732dc9ecc0878c54283a22dfda8060d7bfff,function,requirement_flow,async def requirement_flow(,backend/app/api/api_v1/endpoints/traceability/links.py,153,183,31,26,,prod,Python,HIGH
b254fc69284765fdb20e3449f3f6ca291f1928de,function,traceability_matrix,async def traceability_matrix(,backend/app/api/api_v1/endpoints/traceability/links.py,187,294,108,93,,prod,Python,HIGH
9409adf70e68216ebb62731c413cd304ca257166,function,backfill_artifacts,async def backfill_artifacts(,backend/app/api/api_v1/endpoints/traceability/links.py,299,405,107,100,,prod,Python,HIGH
b414464dd188fe97c9aca258b8d165f8c1b8f898,function,create_link,async def create_link(,backend/app/api/api_v1/endpoints/traceability/links.py,36,91,56,50,,prod,Python,HIGH
484a09e66aa165f931b5137635d6996ab7414498,function,autolink_confluence_page,async def autolink_confluence_page(,backend/app/api/api_v1/endpoints/traceability/links.py,409,514,106,96,,prod,Python,HIGH
95cea2ddae9bb8108a1b35163fef2eb07ffd583f,function,artifacts_for_task,async def artifacts_for_task(,backend/app/api/api_v1/endpoints/traceability/links.py,95,149,55,54,,prod,Python,HIGH
78aa3269124c125663ac7480faef6be5f9259819,function,recalculate_link_confidence,async def recalculate_link_confidence(,backend/app/api/api_v1/endpoints/traceability/orphans.py,122,226,105,89,,prod,Python,HIGH
30a6e33708cd56058587762c19c44f4b88704051,function,get_confidence_distribution,async def get_confidence_distribution(,backend/app/api/api_v1/endpoints/traceability/orphans.py,230,322,93,80,,prod,Python,HIGH
d2bbb6d53393e825e1b88e7a6d3ab0a123a359b5,function,_suggest_link_action,def _suggest_link_action(artifact:,backend/app/api/api_v1/endpoints/traceability/orphans.py,25,36,12,12,,prod,Python,HIGH
317882629779ef48a85a5d4fce3ccd9b88a08d92,function,get_orphaned_artifacts,async def get_orphaned_artifacts(,backend/app/api/api_v1/endpoints/traceability/orphans.py,40,118,79,68,,prod,Python,HIGH
da34fdc6674bec9d562074d1423e2292f44986b5,function,validate_flow,def validate_flow(flow_json:,backend/app/api/api_v1/endpoints/traceability/rules.py,127,219,93,82,,prod,Python,HIGH
b96a802b3586a0e7089cad2f533819d49003689f,function,_detect_cycles,"def _detect_cycles(nodes, edges) -> list[str]:",backend/app/api/api_v1/endpoints/traceability/rules.py,222,261,40,34,,prod,Python,HIGH
a4b98c442f26b9beb038c7e20d6481d148ab697a,function,_validate_node_configuration,def _validate_node_configuration(node) -> list[ValidationErrorSchema]:,backend/app/api/api_v1/endpoints/traceability/rules.py,264,308,45,41,,prod,Python,HIGH
b9ddefddb5e78c1534f02c9e5164f99eac60f593,function,validate_rule_flow,async def validate_rule_flow(,backend/app/api/api_v1/endpoints/traceability/rules.py,316,326,11,10,,prod,Python,HIGH
d8c5a540d90707964da925ed0f34f0f533d9a3d5,function,list_rules,async def list_rules(,backend/app/api/api_v1/endpoints/traceability/rules.py,330,360,31,27,,prod,Python,HIGH
6c3c24fbaec92eb868f609d1414500c823b515f0,function,get_all_rule_executions,async def get_all_rule_executions(,backend/app/api/api_v1/endpoints/traceability/rules.py,365,406,42,36,,prod,Python,HIGH
4ccb1e8cacbf07e21ab586dfc02fc6b6532e6ad8,function,get_rule,async def get_rule(,backend/app/api/api_v1/endpoints/traceability/rules.py,410,421,12,12,,prod,Python,HIGH
6696ae512323689e0e491ba9d4415e19e7f4b65e,function,create_rule,async def create_rule(,backend/app/api/api_v1/endpoints/traceability/rules.py,425,451,27,24,,prod,Python,HIGH
02cda12eea7e24ea9e1b32319aa4cfdfa62e98a6,function,update_rule,async def update_rule(,backend/app/api/api_v1/endpoints/traceability/rules.py,455,483,29,25,,prod,Python,HIGH
f0ea766e7c61ce447ee3a631b49852543c9da27a,function,delete_rule,async def delete_rule(,backend/app/api/api_v1/endpoints/traceability/rules.py,487,500,14,13,,prod,Python,HIGH
c830d95a4221737dbcb9193cd8e9f80620a2ba4f,function,list_rule_executions,async def list_rule_executions(,backend/app/api/api_v1/endpoints/traceability/rules.py,504,529,26,23,,prod,Python,HIGH
a5188b619c01c300010e3d9f75b1ecd0b97278f3,function,execute_rule,def execute_rule(,backend/app/api/api_v1/endpoints/traceability/rules.py,533,555,23,20,,prod,Python,HIGH
b796b07ee6f983f50ec5a4a64aa8b913acbf59cb,function,_calculate_next_run,def _calculate_next_run(cron_expression:,backend/app/api/api_v1/endpoints/traceability/rules.py,562,572,11,10,,prod,Python,HIGH
f43251a184ea2514a2b342b0ef2c6f9d441a75d4,function,_validate_cron_expression,def _validate_cron_expression(cron_expression:,backend/app/api/api_v1/endpoints/traceability/rules.py,575,584,10,10,,prod,Python,HIGH
01ad352563979a9d2a504e566532777c5cfe534a,function,_generate_webhook_token,def _generate_webhook_token() -> str:,backend/app/api/api_v1/endpoints/traceability/rules.py,587,590,4,4,,prod,Python,HIGH
22a9b11dc3de6797a0d413a6ebb9e4ca8c996149,function,get_rule_schedule,async def get_rule_schedule(,backend/app/api/api_v1/endpoints/traceability/rules.py,594,611,18,17,,prod,Python,HIGH
54a1b43507078683406bd9dec9699afbe5fc1820,function,update_rule_schedule,async def update_rule_schedule(,backend/app/api/api_v1/endpoints/traceability/rules.py,615,668,54,48,,prod,Python,HIGH
b21cffb248717ca6612f7e71988d9c802f753964,function,get_rule_webhook,async def get_rule_webhook(,backend/app/api/api_v1/endpoints/traceability/rules.py,672,694,23,21,,prod,Python,HIGH
e90fcf0a6e44d3c5890782b325766de7ecd53c65,function,enable_rule_webhook,async def enable_rule_webhook(,backend/app/api/api_v1/endpoints/traceability/rules.py,698,730,33,27,,prod,Python,HIGH
c10db25dc5d5e88061650ed9650a2aaf3eaa859d,function,disable_rule_webhook,async def disable_rule_webhook(,backend/app/api/api_v1/endpoints/traceability/rules.py,734,757,24,21,,prod,Python,HIGH
e4e893670e8d3848ca40756fa5582345e2a4fce1,function,execute_rule_by_webhook,def execute_rule_by_webhook(,backend/app/api/api_v1/endpoints/traceability/rules.py,765,802,38,32,,prod,Python,HIGH
45d71056da07c93f163e5f8720c01d2389bc786e,function,approve_suggestion,async def approve_suggestion(,backend/app/api/api_v1/endpoints/traceability/suggestions.py,165,266,102,89,,prod,Python,HIGH
746d7811188c384ef3d126e810cb4d361082861e,function,generate_link_suggestions,async def generate_link_suggestions(,backend/app/api/api_v1/endpoints/traceability/suggestions.py,25,77,53,46,,prod,Python,HIGH
5b43033cb321ed37e01f94a048964c610d84181c,function,reject_suggestion,async def reject_suggestion(,backend/app/api/api_v1/endpoints/traceability/suggestions.py,270,307,38,32,,prod,Python,HIGH
08803e4e84f145f4b78709ecc9d222cbd0dce6f8,function,get_suggestion_stats,async def get_suggestion_stats(,backend/app/api/api_v1/endpoints/traceability/suggestions.py,311,366,56,49,,prod,Python,HIGH
5eec3c75b779b1f09d4de192125a333ad2e08426,function,bulk_approve_suggestions,async def bulk_approve_suggestions(,backend/app/api/api_v1/endpoints/traceability/suggestions.py,370,469,100,86,,prod,Python,HIGH
2b7b9c64c143d52fbb3ba13bdac0b2765e956be9,function,list_suggested_links,async def list_suggested_links(,backend/app/api/api_v1/endpoints/traceability/suggestions.py,81,161,81,70,,prod,Python,HIGH
ef46a7b90f4142116b2b7771b2863a820bc3b8ec,function,get_time_to_value_metrics,async def get_time_to_value_metrics() -> dict:,backend/app/api/api_v1/endpoints/usage_analytics.py,112,132,21,19,,prod,Python,HIGH
1fd4837af40a7b6e3807737f33392747a4aedb72,function,get_feature_adoption_metrics,async def get_feature_adoption_metrics() -> dict:,backend/app/api/api_v1/endpoints/usage_analytics.py,136,160,25,23,,prod,Python,HIGH
5bc690993af735027d7c058ff4c4a5922e54a70c,function,get_usage_metrics_summary,async def get_usage_metrics_summary() -> UsageMetrics:,backend/app/api/api_v1/endpoints/usage_analytics.py,164,177,14,12,,prod,Python,HIGH
1f202ffe33dbe9976ea75055b97edf206260b277,function,clear_analytics_data,async def clear_analytics_data() -> None:,backend/app/api/api_v1/endpoints/usage_analytics.py,181,190,10,8,,prod,Python,HIGH
f9b39b8013a779f8fcde1e24361b2a9cb597ecc0,function,track_event,async def track_event(event:,backend/app/api/api_v1/endpoints/usage_analytics.py,42,63,22,19,,prod,Python,HIGH
58d269734fac7040c69a6dc506e3e142232d3c9b,function,track_events_batch,async def track_events_batch(events:,backend/app/api/api_v1/endpoints/usage_analytics.py,67,79,13,11,,prod,Python,HIGH
4faa45d29cad7c358013fc935dfd2e9077331cc4,function,get_onboarding_metrics,async def get_onboarding_metrics() -> dict:,backend/app/api/api_v1/endpoints/usage_analytics.py,83,108,26,24,,prod,Python,HIGH
8d74cab1cac64cd1edb22de18d4449e78d1da656,function,change_password,async def change_password(,backend/app/api/api_v1/endpoints/users.py,105,115,11,11,,prod,Python,HIGH
07dea01a31058ba0baf52b9b590ec6bfdf9859ca,function,assign_role_to_user,async def assign_role_to_user(,backend/app/api/api_v1/endpoints/users.py,119,141,23,19,,prod,Python,HIGH
ef2ad429c98ac415ea415f58081610e4aa7848a5,function,remove_role_from_user,async def remove_role_from_user(,backend/app/api/api_v1/endpoints/users.py,145,167,23,19,,prod,Python,HIGH
ffc3e0bc16e91c592be4af5d66902217dabf8c66,function,get_users,async def get_users(,backend/app/api/api_v1/endpoints/users.py,20,27,8,8,,prod,Python,HIGH
1557248497098826faf51bdd0c6181a15ee2620d,function,get_user,async def get_user(,backend/app/api/api_v1/endpoints/users.py,31,38,8,8,,prod,Python,HIGH
2ccf3759e1253e324e4202eb51f1aa72c56d1566,function,update_user,async def update_user(,backend/app/api/api_v1/endpoints/users.py,42,66,25,24,,prod,Python,HIGH
4f8b34232ad4ada45928c6e9ee8a8062cca0f438,function,get_current_user_endpoint,async def get_current_user_endpoint(,backend/app/api/api_v1/endpoints/users.py,70,75,6,6,,prod,Python,HIGH
bbfed5521db61e531317b3ad941a392e6036b7d6,function,update_current_user,async def update_current_user(,backend/app/api/api_v1/endpoints/users.py,79,101,23,23,,prod,Python,HIGH
eca2e6f9185f6bfb9904a06238043f2daffd1952,function,ensure_project_access,async def ensure_project_access(,backend/app/api/deps.py,124,139,16,14,,prod,Python,HIGH
f788f7dc840835d9f6aaf3116ade04a8ee682892,function,require_permission,def require_permission(permission:,backend/app/api/deps.py,142,178,37,32,,prod,Python,HIGH
75c99699cf485c16c63d5ab6f685ed1112980a54,function,require_role,def require_role(role_name:,backend/app/api/deps.py,181,217,37,32,,prod,Python,HIGH
dbc9eb45fc48ea31c42ea27941100ac1546f2e42,function,_get_or_create_demo_user,async def _get_or_create_demo_user(db:,backend/app/api/deps.py,21,82,62,55,,prod,Python,HIGH
c5e14d5fa57aa60ab4bd9dbb653f759daab379df,function,get_current_active_user,def get_current_active_user(,backend/app/api/deps.py,220,239,20,18,,prod,Python,HIGH
bb4241df948c4e2011eeeb5e40a275a4feca9a80,function,get_current_user,async def get_current_user(,backend/app/api/deps.py,85,121,37,36,,prod,Python,HIGH
2586b95417ac5c3747c6d94b77ea94c1cf4ba976,function,websocket_updates,async def websocket_updates(ws:,backend/app/api/ws.py,9,19,11,11,,prod,Python,HIGH
e0111f21f020376bfe9c84153d727160cc364bd5,function,get_enhanced_cache_service,def get_enhanced_cache_service() -> EnhancedCacheService:,backend/app/core/cache_enhanced.py,1001,1010,10,8,,prod,Python,HIGH
6dfe10b5539e73162974bd17273b09cd39f9c040,function,on_task_update,async def on_task_update(project_id:,backend/app/core/cache_enhanced.py,1029,1036,8,7,4e1af8f290ea2d6ee0ac6155e01ff917cd8c896c,prod,Python,HIGH
dbff3704e8dd0d1a2fa32583f16e12c71df7d409,function,on_sprint_update,async def on_sprint_update(project_id:,backend/app/core/cache_enhanced.py,1039,1043,5,5,4e1af8f290ea2d6ee0ac6155e01ff917cd8c896c,prod,Python,HIGH
8f5ce4f46ce69f56057b682e7c6d4a3932fc42d7,function,on_artifact_link_change,async def on_artifact_link_change(project_id:,backend/app/core/cache_enhanced.py,1046,1054,9,7,4e1af8f290ea2d6ee0ac6155e01ff917cd8c896c,prod,Python,HIGH
c19a240c70da19fcf4e67dd05f832cc325e2ad42,function,on_jira_sync,async def on_jira_sync(project_id:,backend/app/core/cache_enhanced.py,1057,1060,4,4,4e1af8f290ea2d6ee0ac6155e01ff917cd8c896c,prod,Python,HIGH
affe0009a4b019f8a456384d87eb8094d1c9fdaf,function,on_quality_data_change,async def on_quality_data_change(project_id:,backend/app/core/cache_enhanced.py,1063,1072,10,8,4e1af8f290ea2d6ee0ac6155e01ff917cd8c896c,prod,Python,HIGH
8531d66f2edba3ebf126c55ac628d3cdab68f5c1,function,build,def build(,backend/app/core/cache_enhanced.py,138,160,23,20,ac25a0e09013f1f5a60d435dd964739e9918e43c,prod,Python,HIGH
e4d204f39e959e2389245db2760ced9cb7ef2b07,function,pattern_for_invalidation,def pattern_for_invalidation(,backend/app/core/cache_enhanced.py,163,183,21,18,ac25a0e09013f1f5a60d435dd964739e9918e43c,prod,Python,HIGH
6aba2cb48e7a843a7fddc12c7176426a6c411e01,function,velocity,def velocity(project_id:,backend/app/core/cache_enhanced.py,194,198,5,5,4baada0a256fb437533359ea53d08240d29e8915,prod,Python,HIGH
7cc1dbf145d4710576d1c5b1417123fe3dbeed47,function,dora,def dora(project_id:,backend/app/core/cache_enhanced.py,201,205,5,5,4baada0a256fb437533359ea53d08240d29e8915,prod,Python,HIGH
90628cefa2828baaa1c26149266e0789a2cd8848,function,team_health,def team_health(project_id:,backend/app/core/cache_enhanced.py,208,212,5,5,4baada0a256fb437533359ea53d08240d29e8915,prod,Python,HIGH
a004a830db33b0597878b816c370e7d918e12971,function,budget_hours,def budget_hours(project_id:,backend/app/core/cache_enhanced.py,215,219,5,5,4baada0a256fb437533359ea53d08240d29e8915,prod,Python,HIGH
82f0cb9ed7e697a1d919e27095d2857bd3f38769,function,sprint_burndown,def sprint_burndown(sprint_id:,backend/app/core/cache_enhanced.py,222,226,5,5,4baada0a256fb437533359ea53d08240d29e8915,prod,Python,HIGH
6e0486260ee09b7a0d1aa8e877b406fe64aa8e27,function,sprint_capacity,def sprint_capacity(sprint_id:,backend/app/core/cache_enhanced.py,229,233,5,5,4baada0a256fb437533359ea53d08240d29e8915,prod,Python,HIGH
e54152c1e99dde0609df529a194f8d9d95a0ed75,function,sprint_wip,def sprint_wip(sprint_id:,backend/app/core/cache_enhanced.py,236,240,5,5,4baada0a256fb437533359ea53d08240d29e8915,prod,Python,HIGH
82d5834b3315e3638b752f4639af4c2e629b5697,function,project_sprints,def project_sprints(project_id:,backend/app/core/cache_enhanced.py,243,249,7,7,4baada0a256fb437533359ea53d08240d29e8915,prod,Python,HIGH
e697d30b745fff345cdd170821ef11c0b50a769d,function,project_risks,def project_risks(project_id:,backend/app/core/cache_enhanced.py,252,256,5,5,4baada0a256fb437533359ea53d08240d29e8915,prod,Python,HIGH
6e53079cb10a85c1c54cf6c9cbf84f08e374df3f,function,project_forecast,def project_forecast(project_id:,backend/app/core/cache_enhanced.py,259,263,5,5,4baada0a256fb437533359ea53d08240d29e8915,prod,Python,HIGH
0922d7c86d7a5a8a11b9924b245e1af0cc8f9f70,function,project_burndown,def project_burndown(project_id:,backend/app/core/cache_enhanced.py,266,270,5,5,4baada0a256fb437533359ea53d08240d29e8915,prod,Python,HIGH
7f627015250a31890c4d9e89ce00fdb55d3d6fd6,function,test_trend,def test_trend(project_id:,backend/app/core/cache_enhanced.py,273,278,6,6,4baada0a256fb437533359ea53d08240d29e8915,prod,Python,HIGH
bd3451f12e03ff84094bcf8a52683f21c00138c4,function,coverage_trend,def coverage_trend(project_id:,backend/app/core/cache_enhanced.py,281,286,6,6,4baada0a256fb437533359ea53d08240d29e8915,prod,Python,HIGH
d0bf553e39409834ffd1e272bf6faae2ae86ce8f,function,team_summary,def team_summary(project_id:,backend/app/core/cache_enhanced.py,293,295,3,3,d443e32bdb371f491325c0de5468cd7a1cc926ca,prod,Python,HIGH
77e7315d860672f2642fedfac271b417dc7bcb64,function,cfd_data,def cfd_data(project_id:,backend/app/core/cache_enhanced.py,298,300,3,3,d443e32bdb371f491325c0de5468cd7a1cc926ca,prod,Python,HIGH
30f107274948b9cc43ee942733e20ee3d8cc356f,function,flow_metrics,def flow_metrics(project_id:,backend/app/core/cache_enhanced.py,303,305,3,3,d443e32bdb371f491325c0de5468cd7a1cc926ca,prod,Python,HIGH
5123143e8dad1f671a25da45645d821e6131c113,function,health_summary,def health_summary(project_id:,backend/app/core/cache_enhanced.py,308,310,3,3,d443e32bdb371f491325c0de5468cd7a1cc926ca,prod,Python,HIGH
b235e25f3eabb9fa86484465f677c2ef5d01c87c,function,matrix,def matrix(project_id:,backend/app/core/cache_enhanced.py,317,322,6,6,951a75273c6532004bdc6232fc20d2713bc737d9,prod,Python,HIGH
e4e2a3158fcca54c2bd224cd4b87f6782255a026,function,flow,def flow(artifact_id:,backend/app/core/cache_enhanced.py,325,329,5,5,951a75273c6532004bdc6232fc20d2713bc737d9,prod,Python,HIGH
f8c02cbeea1be83db5f2c3b73fe9059576a0ef07,function,task_artifacts,def task_artifacts(jira_key:,backend/app/core/cache_enhanced.py,332,336,5,5,951a75273c6532004bdc6232fc20d2713bc737d9,prod,Python,HIGH
49f4059add71cb6e2cde3ef09cc4f5df4a0691f6,function,full_chain,def full_chain(,backend/app/core/cache_enhanced.py,339,349,11,11,951a75273c6532004bdc6232fc20d2713bc737d9,prod,Python,HIGH
fdfe6e0fbe1f43836f1a1b1fad59f463b7c69f6b,function,impact_analysis,def impact_analysis(artifact_id:,backend/app/core/cache_enhanced.py,352,357,6,6,951a75273c6532004bdc6232fc20d2713bc737d9,prod,Python,HIGH
5663381a961343004c5a4a957bcef46900c75c3e,function,orphaned_artifacts,def orphaned_artifacts(,backend/app/core/cache_enhanced.py,360,372,13,13,951a75273c6532004bdc6232fc20d2713bc737d9,prod,Python,HIGH
f99e43d63d84329e1fbd57fe95ab0142b7f68297,function,list_key,def list_key(,backend/app/core/cache_enhanced.py,379,395,17,17,24f3e088ebedf255160e32c9744e1e58addb3ce7,prod,Python,HIGH
b1b24dc410ae3e5366f622a6f5f71544aeadc26e,function,project,def project(project_key:,backend/app/core/cache_enhanced.py,402,404,3,3,05f4ce645ab12d643b540fec2cc4032689b5a380,prod,Python,HIGH
f17e70e858ec5d716b32dc882b4fe04c89fd6c60,function,project_list,def project_list(query:,backend/app/core/cache_enhanced.py,407,412,6,6,05f4ce645ab12d643b540fec2cc4032689b5a380,prod,Python,HIGH
4d32657d1a608ef63e5b4d7521be7cbe8cf5c3da,function,boards,def boards(project_key:,backend/app/core/cache_enhanced.py,415,417,3,3,05f4ce645ab12d643b540fec2cc4032689b5a380,prod,Python,HIGH
e0330878e2d1f5379b0c1f08389268dbe7cf8af2,function,sprints,def sprints(board_id:,backend/app/core/cache_enhanced.py,420,422,3,3,05f4ce645ab12d643b540fec2cc4032689b5a380,prod,Python,HIGH
aea5c1c92b9139c17dbc38a2630f92dfcf355329,function,sprint_issues,def sprint_issues(sprint_id:,backend/app/core/cache_enhanced.py,425,427,3,3,05f4ce645ab12d643b540fec2cc4032689b5a380,prod,Python,HIGH
d44c41ec62270444cd5c35ae84f591709311cdcb,function,worklogs,def worklogs(issue_key:,backend/app/core/cache_enhanced.py,430,432,3,3,05f4ce645ab12d643b540fec2cc4032689b5a380,prod,Python,HIGH
32b3892fe3444e4b17533b1fa3f4b04fe4d2149b,function,summary,def summary(project_id:,backend/app/core/cache_enhanced.py,439,443,5,5,28f2ce7c4e06d2aea2552a57b1936e4293c545c0,prod,Python,HIGH
ec9392327ddcd54342df547ce759eaba3b675a1c,function,dashboard,def dashboard(project_id:,backend/app/core/cache_enhanced.py,446,450,5,5,28f2ce7c4e06d2aea2552a57b1936e4293c545c0,prod,Python,HIGH
a964faaf6244782c104f0ffa1ffe24b02c19af95,function,component_analysis,def component_analysis(project_id:,backend/app/core/cache_enhanced.py,453,457,5,5,28f2ce7c4e06d2aea2552a57b1936e4293c545c0,prod,Python,HIGH
9f28ba0e673354e378ceed4f17681520f2bc044f,function,trend,def trend(project_id:,backend/app/core/cache_enhanced.py,460,464,5,5,28f2ce7c4e06d2aea2552a57b1936e4293c545c0,prod,Python,HIGH
c168b562a3c44b919440b2709dddc7d2152b711d,function,history,def history(project_id:,backend/app/core/cache_enhanced.py,467,471,5,5,28f2ce7c4e06d2aea2552a57b1936e4293c545c0,prod,Python,HIGH
8b10482ca2ec5f93d79791e84f3434ca23b3d2b9,function,root_cause_analysis,def root_cause_analysis(project_id:,backend/app/core/cache_enhanced.py,474,478,5,5,28f2ce7c4e06d2aea2552a57b1936e4293c545c0,prod,Python,HIGH
6d93be6eb84a87fbcffe9a6739d525075cc59515,function,__init__,"def __init__(self, redis_url:",backend/app/core/cache_enhanced.py,495,501,7,7,58442462dd8943100ccf4cfd7719afaa5d9f68b8,prod,Python,HIGH
4110c3fffccbaa4b0182c4a3e8945e1e9515b8e2,function,initialize,async def initialize(self) -> bool:,backend/app/core/cache_enhanced.py,503,527,25,23,58442462dd8943100ccf4cfd7719afaa5d9f68b8,prod,Python,HIGH
e0f2d04883e53f50f71412ae5833f5b5bbf3bed5,function,_get_tier_config,"def _get_tier_config(self, tier:",backend/app/core/cache_enhanced.py,529,531,3,3,58442462dd8943100ccf4cfd7719afaa5d9f68b8,prod,Python,HIGH
091e9adf6735b4013eb8c3f1483ddae8ebdf7d09,function,get,async def get(,backend/app/core/cache_enhanced.py,533,573,41,36,58442462dd8943100ccf4cfd7719afaa5d9f68b8,prod,Python,HIGH
c5a6932707d5fca8d54c7235a1246a57ce82db60,function,get_or_set,async def get_or_set(,backend/app/core/cache_enhanced.py,575,610,36,30,58442462dd8943100ccf4cfd7719afaa5d9f68b8,prod,Python,HIGH
1f18898ffe68b39e8b9846b28f897cc7c041c629,function,set,async def set(,backend/app/core/cache_enhanced.py,612,650,39,33,58442462dd8943100ccf4cfd7719afaa5d9f68b8,prod,Python,HIGH
692a9fc2a6dd8d5390a275eee3c81573305bf5ae,function,delete,"async def delete(self, key:",backend/app/core/cache_enhanced.py,652,666,15,12,58442462dd8943100ccf4cfd7719afaa5d9f68b8,prod,Python,HIGH
b664c5844817f7efe64563460c7500ecb96cf6b6,function,invalidate_pattern,"async def invalidate_pattern(self, pattern:",backend/app/core/cache_enhanced.py,668,702,35,31,58442462dd8943100ccf4cfd7719afaa5d9f68b8,prod,Python,HIGH
b7f71c09ff58d32e18aa23b18168874beedc8a65,function,invalidate_project,"async def invalidate_project(self, project_id:",backend/app/core/cache_enhanced.py,704,716,13,11,58442462dd8943100ccf4cfd7719afaa5d9f68b8,prod,Python,HIGH
a17db896e88c7c51427db234635ade889a9087f8,function,invalidate_sprint,"async def invalidate_sprint(self, sprint_id:",backend/app/core/cache_enhanced.py,718,721,4,4,58442462dd8943100ccf4cfd7719afaa5d9f68b8,prod,Python,HIGH
0c399a3b18551f989f4685369a46be81812cb44a,function,_cleanup_memory_cache,"def _cleanup_memory_cache(self, count:",backend/app/core/cache_enhanced.py,723,735,13,11,58442462dd8943100ccf4cfd7719afaa5d9f68b8,prod,Python,HIGH
e2bfec740cf78dbb5c52c2ac52192491a1bb8697,function,close,async def close(self):,backend/app/core/cache_enhanced.py,737,741,5,5,58442462dd8943100ccf4cfd7719afaa5d9f68b8,prod,Python,HIGH
fe77a075e61751c56ecb3fbdfdc12b90f32aa637,function,_get_sync_cache_lock,def _get_sync_cache_lock():,backend/app/core/cache_enhanced.py,753,759,7,7,,prod,Python,HIGH
5956822626ef57c81f1826da1fbbef8b45585acc,function,sync_cache_get,def sync_cache_get(key:,backend/app/core/cache_enhanced.py,762,783,22,19,,prod,Python,HIGH
4b98b16664ba94823ce3c4ffc05a3832773cae14,function,sync_cache_set,def sync_cache_set(key:,backend/app/core/cache_enhanced.py,786,800,15,12,,prod,Python,HIGH
5d76927bdaa4f2a95786f45ed62e1c0952aacf78,function,_sync_cache_cleanup,def _sync_cache_cleanup(count:,backend/app/core/cache_enhanced.py,803,815,13,11,,prod,Python,HIGH
ae87efe67d3d7e6b3ec3f197cd74ff7553b116eb,function,sync_cache_invalidate_jira,def sync_cache_invalidate_jira() -> int:,backend/app/core/cache_enhanced.py,818,827,10,10,,prod,Python,HIGH
f8aca06b9c89d823d0a4680fe6abdb740a6160b7,function,sync_cached_jira,def sync_cached_jira(,backend/app/core/cache_enhanced.py,830,877,48,40,,prod,Python,HIGH
d840b798c9172541102a3de79a58d81fab9c3eff,function,cached_endpoint,def cached_endpoint(,backend/app/core/cache_enhanced.py,884,936,53,45,,prod,Python,HIGH
d10dc4d9a08180e88d7b13045b04d6b058ecb534,function,__init__,"def __init__(self, cache_service:",backend/app/core/cache_enhanced.py,950,951,2,2,3229e09a8ce38e0fb5ecc606d530deedf9a9168b,prod,Python,HIGH
1494dca6134a0a065362cacded57f09ceb47bd83,function,warm_project_analytics,async def warm_project_analytics(,backend/app/core/cache_enhanced.py,953,969,17,15,3229e09a8ce38e0fb5ecc606d530deedf9a9168b,prod,Python,HIGH
9f0222dc8940eae3ce56103411a66eb7e8b1350f,function,_warm_velocity,"async def _warm_velocity(self, project_id:",backend/app/core/cache_enhanced.py,971,980,10,10,3229e09a8ce38e0fb5ecc606d530deedf9a9168b,prod,Python,HIGH
87300e354ecf2c6403018d1b5afa47228ce66c4d,function,_warm_team_health,"async def _warm_team_health(self, project_id:",backend/app/core/cache_enhanced.py,982,990,9,9,3229e09a8ce38e0fb5ecc606d530deedf9a9168b,prod,Python,HIGH
f0c29e1fa7493d98f3b6e62b9a168a1c728cf1a5,function,google_oauth_configured,def google_oauth_configured(self) -> bool:,backend/app/core/config.py,125,126,2,2,a4f681b55a3a32fbed147dca0b49a3d1a457d9e7,prod,Python,HIGH
f26b48bbbf428225a40fc429f41f65335bf8be90,function,microsoft_oauth_configured,def microsoft_oauth_configured(self) -> bool:,backend/app/core/config.py,129,130,2,2,a4f681b55a3a32fbed147dca0b49a3d1a457d9e7,prod,Python,HIGH
c2d0696beb6afa3d74580a92d5e9be2f60cd9810,function,is_production,def is_production(self) -> bool:,backend/app/core/config.py,144,145,2,2,a4f681b55a3a32fbed147dca0b49a3d1a457d9e7,prod,Python,HIGH
3d8f40a60816a0c7f168b1ea062a66219c1add8f,function,is_development,def is_development(self) -> bool:,backend/app/core/config.py,148,149,2,2,a4f681b55a3a32fbed147dca0b49a3d1a457d9e7,prod,Python,HIGH
5641a2d1732ab9b83cbf0ef8bd8e593e84a55827,function,is_staging,def is_staging(self) -> bool:,backend/app/core/config.py,152,153,2,2,a4f681b55a3a32fbed147dca0b49a3d1a457d9e7,prod,Python,HIGH
9029aa2127e246dfcc99f872aeb886e9dd4c4bf1,function,_normalize_environment,"def _normalize_environment(cls, value:",backend/app/core/config.py,159,173,15,15,a4f681b55a3a32fbed147dca0b49a3d1a457d9e7,prod,Python,HIGH
6e342454377e9bf21302caebce501b690ec5f95e,function,_validate_secret_key,"def _validate_secret_key(cls, value:",backend/app/core/config.py,177,189,13,13,a4f681b55a3a32fbed147dca0b49a3d1a457d9e7,prod,Python,HIGH
b1d406a037bcf8a0c8872c21375b6304aeb06d1c,function,effective_database_url,def effective_database_url(self) -> str:,backend/app/core/config.py,22,27,6,6,a4f681b55a3a32fbed147dca0b49a3d1a457d9e7,prod,Python,HIGH
4bd06ca2675e3ba54f256ee1cdbb426996dc0512,function,_derive_key,def _derive_key(secret:,backend/app/core/crypto.py,15,17,3,3,,prod,Python,HIGH
bf6522686e153b9faa7d80680b05bd4376d4199d,function,_get_aesgcm,def _get_aesgcm() -> Optional[AESGCM]:,backend/app/core/crypto.py,20,24,5,5,,prod,Python,HIGH
fc8027e364e46e0d3f26c4502428b381e8dff698,function,_get_legacy_fernet,def _get_legacy_fernet() -> Optional[Fernet]:,backend/app/core/crypto.py,27,31,5,5,,prod,Python,HIGH
dc112ce05a7db118f6a472d6698d544d6ceababc,function,encrypt_str,def encrypt_str(plaintext:,backend/app/core/crypto.py,34,43,10,10,,prod,Python,HIGH
bba06da65844a6cc75796c96f765c6a673c70ecb,function,decrypt_str,def decrypt_str(ciphertext:,backend/app/core/crypto.py,46,73,28,25,,prod,Python,HIGH
43cbca569fca8965ecd235ea851b4e95d206f2f7,function,get_sync_db,def get_sync_db() -> Iterator[Session]:,backend/app/core/database.py,134,140,7,7,,prod,Python,HIGH
3565648877d3d77f3578375808e36f97e40702c0,function,set_sqlite_pragma,"def set_sqlite_pragma(dbapi_conn, connection_record):",backend/app/core/database.py,48,61,14,14,,prod,Python,HIGH
0bba5d099aaa868a5e99acee46102b70452c7ded,function,get_db,async def get_db() -> AsyncIterator[AsyncSession]:,backend/app/core/database.py,72,77,6,6,,prod,Python,HIGH
41a02d5da0c82575c8c00ed008be6fd707c655ef,function,_get_sync_url,def _get_sync_url() -> str:,backend/app/core/database.py,81,89,9,9,,prod,Python,HIGH
7b34ee6e7b1190d44a27181bc8bc653a41cd82ea,function,supports_for_update,def supports_for_update(session:,backend/app/core/db_utils.py,27,33,7,6,,prod,Python,HIGH
326dd9c34bd6acfd6639996ce573252d48ed7f44,function,get_dialect_name,def get_dialect_name(session:,backend/app/core/db_utils.py,6,24,19,18,,prod,Python,HIGH
206ed8448d9d85e28a0e6b9d7703de7686691e82,function,__init__,def __init__(self) -> None:,backend/app/core/metrics.py,10,14,5,5,e3db3239186906ef55bb3e4750d3b2cebf7a9c7e,prod,Python,HIGH
3880d36ca7ad757e30ce35dbbb41899e84eb3d17,function,_key,"def _key(self, name:",backend/app/core/metrics.py,16,18,3,3,e3db3239186906ef55bb3e4750d3b2cebf7a9c7e,prod,Python,HIGH
698f302de826d2a85df636deac8a201678d04033,function,inc,"def inc(self, name:",backend/app/core/metrics.py,20,22,3,3,e3db3239186906ef55bb3e4750d3b2cebf7a9c7e,prod,Python,HIGH
feb0700169eb0642ba514831d84f5468c8cea30a,function,set_gauge,"def set_gauge(self, name:",backend/app/core/metrics.py,24,26,3,3,e3db3239186906ef55bb3e4750d3b2cebf7a9c7e,prod,Python,HIGH
be5e0fccd7343bbf036810610b920f6c9f3ded8d,function,observe,"def observe(self, name:",backend/app/core/metrics.py,28,30,3,3,e3db3239186906ef55bb3e4750d3b2cebf7a9c7e,prod,Python,HIGH
6ab5b8f1aef42f7d2196b66548326c9bb0bf8d7a,function,export_prometheus,def export_prometheus(self) -> str:,backend/app/core/metrics.py,32,47,16,16,e3db3239186906ef55bb3e4750d3b2cebf7a9c7e,prod,Python,HIGH
e99f556d96eaf006f3a31b4e32f1ac0be7ccfeeb,function,setup_mfa,def setup_mfa(email:,backend/app/core/mfa.py,125,145,21,18,,prod,Python,HIGH
05cbd63e2f27a0011178e1d9e247ccbc2e79ea3d,function,verify_totp,def verify_totp(secret:,backend/app/core/mfa.py,148,171,24,18,,prod,Python,HIGH
36ef68080fda59b3ae46ad086deee1a60ee57bc5,function,verify_backup_code,def verify_backup_code(,backend/app/core/mfa.py,174,199,26,21,,prod,Python,HIGH
d9ce0bdfbad9fb95675041e8c855efc30de64e70,function,hash_backup_codes,def hash_backup_codes(codes:,backend/app/core/mfa.py,202,217,16,13,,prod,Python,HIGH
d305e703ee6c7b73447ea444cf6e33edbb1e3982,function,get_current_totp,def get_current_totp(secret:,backend/app/core/mfa.py,220,231,12,10,,prod,Python,HIGH
1bb9a974869a124f8e4429b1196c347eb59a2876,function,remaining_time_in_period,def remaining_time_in_period() -> int:,backend/app/core/mfa.py,234,242,9,8,,prod,Python,HIGH
caecabf67ff9322f2bd2ae83e79f4ea712350850,function,__init__,"def __init__(self, error:",backend/app/core/mfa.py,36,39,4,4,b3c47ae5b612ed9bead16b315ff057e87d4ee86d,prod,Python,HIGH
8d45b22f1adf000ef654963dc11ca78bbd16fb3b,function,generate_totp_secret,def generate_totp_secret() -> str:,backend/app/core/mfa.py,51,53,3,3,,prod,Python,HIGH
27f79b2820c953bd8e28688e7ac6e1873d2a1b3e,function,generate_backup_codes,def generate_backup_codes(count:,backend/app/core/mfa.py,56,70,15,14,,prod,Python,HIGH
e19d4cf57271d4659d780064cb27e8783824772e,function,get_provisioning_uri,def get_provisioning_uri(,backend/app/core/mfa.py,73,91,19,17,,prod,Python,HIGH
d617a3491cef47c2babd09a88abf135e46b3d0c3,function,generate_qr_code_base64,def generate_qr_code_base64(provisioning_uri:,backend/app/core/mfa.py,94,122,29,24,,prod,Python,HIGH
2ca9e020556a7ea84de5e9de2ba5c61ea04e8f21,function,__init__,"def __init__(self, app:",backend/app/core/middleware.py,19,20,2,2,5a91c2ea72ca069c7e98b5680d977e7143c6bd9c,prod,Python,HIGH
cf6f5b715da3ee87db5c3b70bda945a3a0bb2aea,function,__call__,"async def __call__(self, scope:",backend/app/core/middleware.py,22,31,10,8,5a91c2ea72ca069c7e98b5680d977e7143c6bd9c,prod,Python,HIGH
41795438c51b4230e0c5a14eb647b2283f9d9ed3,function,__init__,"def __init__(self, app:",backend/app/core/middleware.py,35,36,2,2,65194b30803d69aa0974ed6a00651fea6c434185,prod,Python,HIGH
41b06f16cbb13fa12854999c453920b98ed58ef3,function,__call__,"async def __call__(self, scope:",backend/app/core/middleware.py,38,66,29,25,65194b30803d69aa0974ed6a00651fea6c434185,prod,Python,HIGH
bc5afa6ae265ff6aa35722628fbeaf1ba1a7b212,function,register_middlewares,def register_middlewares(app:,backend/app/core/middleware.py,69,75,7,7,,prod,Python,HIGH
fbf49bd2a5f7e8a5a70289c4ebbc2f974a3f7e51,function,add,"async def add(self, ws:",backend/app/core/notifications.py,13,15,3,3,413678a055503d67b43df9e129e38a25ad58c00f,prod,Python,HIGH
ee5aa8fa2fc52f0afdb7cafad2d81a91bc90d0e2,function,remove,"async def remove(self, ws:",backend/app/core/notifications.py,17,19,3,3,413678a055503d67b43df9e129e38a25ad58c00f,prod,Python,HIGH
7a0e0dc65e9acc78ab770eb104fc32dcca14b6ed,function,broadcast_json,"async def broadcast_json(self, message:",backend/app/core/notifications.py,21,32,12,12,413678a055503d67b43df9e129e38a25ad58c00f,prod,Python,HIGH
cc5fe019cba79b952c33701463b41f8b2c6a3c53,function,__init__,def __init__(self) -> None:,backend/app/core/notifications.py,9,11,3,3,413678a055503d67b43df9e129e38a25ad58c00f,prod,Python,HIGH
ed197742f0bf907d1c6326c1aac15942cea1f777,function,get_user_info,"async def get_user_info(self, access_token:",backend/app/core/oauth.py,125,153,29,24,186cc336d90c649b7d2d85305540b4c7c3d9c55f,prod,Python,HIGH
5a78e33bdc6789eec51c1c4da91545ac1332a46a,function,__init__,def __init__(,backend/app/core/oauth.py,159,169,11,11,f1ad6d741129d1aa0273ebf8e7f582722f40a736,prod,Python,HIGH
ea1ece61cd405252842c9da00df63eb16714c061,function,authorization_url,def authorization_url(self) -> str:,backend/app/core/oauth.py,172,173,2,2,f1ad6d741129d1aa0273ebf8e7f582722f40a736,prod,Python,HIGH
e967afb09ce25bfc4117c74e68f9949dd7f994e9,function,token_url,def token_url(self) -> str:,backend/app/core/oauth.py,176,177,2,2,f1ad6d741129d1aa0273ebf8e7f582722f40a736,prod,Python,HIGH
fbad7c0a88892ef58037ff351509de6ddb7ddfe6,function,is_configured,def is_configured(self) -> bool:,backend/app/core/oauth.py,180,182,3,3,f1ad6d741129d1aa0273ebf8e7f582722f40a736,prod,Python,HIGH
48361a20f6cbf3f6610590d1e7bbd5d3165b8910,function,get_authorization_url,"def get_authorization_url(self, state:",backend/app/core/oauth.py,184,209,26,21,f1ad6d741129d1aa0273ebf8e7f582722f40a736,prod,Python,HIGH
fba5aa4606fef6bdafe30a56f0e5790815013d4b,function,exchange_code,"async def exchange_code(self, code:",backend/app/core/oauth.py,211,244,34,29,f1ad6d741129d1aa0273ebf8e7f582722f40a736,prod,Python,HIGH
66be419e85d30c42faccf5f28768fb1e4f12c85b,function,__init__,"def __init__(self, error:",backend/app/core/oauth.py,24,27,4,4,c28f21532fe02d0698600184c8a3df4d519a9da3,prod,Python,HIGH
6a427436ca615df505167d3cd882611bb0d44a55,function,get_user_info,"async def get_user_info(self, access_token:",backend/app/core/oauth.py,246,277,32,26,f1ad6d741129d1aa0273ebf8e7f582722f40a736,prod,Python,HIGH
cb7c877de43740e849aef3b02d5a5184d988c462,function,get_oauth_providers,"def get_oauth_providers() -> Dict[str, bool]:",backend/app/core/oauth.py,285,290,6,6,,prod,Python,HIGH
8b9d8797af702031828459cda2ae50c9a8c7a27c,function,is_email_allowed,def is_email_allowed(email:,backend/app/core/oauth.py,293,307,15,12,,prod,Python,HIGH
690b03d30869b9fb53da041c770bc5279b1b162c,function,__init__,def __init__(,backend/app/core/oauth.py,48,56,9,9,186cc336d90c649b7d2d85305540b4c7c3d9c55f,prod,Python,HIGH
23ef63b6a318999ab357160e7ad444a3ce6b4314,function,is_configured,def is_configured(self) -> bool:,backend/app/core/oauth.py,59,61,3,3,186cc336d90c649b7d2d85305540b4c7c3d9c55f,prod,Python,HIGH
e630079aae76a992bd754a21219be79a692f33cc,function,get_authorization_url,"def get_authorization_url(self, state:",backend/app/core/oauth.py,63,89,27,22,186cc336d90c649b7d2d85305540b4c7c3d9c55f,prod,Python,HIGH
97c1bfcbb1e560e6740f36427926ac57b55bc51c,function,exchange_code,"async def exchange_code(self, code:",backend/app/core/oauth.py,91,123,33,28,186cc336d90c649b7d2d85305540b4c7c3d9c55f,prod,Python,HIGH
205207569482d5dbd6f7d612a003b80ccaf8fdb0,function,_after_cursor_execute,def _after_cursor_execute(,backend/app/core/query_metrics.py,100,145,46,40,,prod,Python,HIGH
9ddb567cf8670606bb67ebe158bf7766eb464516,function,_handle_error,def _handle_error(,backend/app/core/query_metrics.py,148,164,17,15,,prod,Python,HIGH
d1fdd5d6735e39fb70dd0707cc825db9545ea3a1,function,register_query_events,def register_query_events(engine:,backend/app/core/query_metrics.py,167,186,20,15,,prod,Python,HIGH
7609ec226645e2814c5bb00ae2ae38c5634c4720,function,get_query_stats,"def get_query_stats() -> dict[str, Any]:",backend/app/core/query_metrics.py,189,199,11,10,,prod,Python,HIGH
ec320f711d1ab7379b0831c41fe552594a65b6b6,function,set_query_context,def set_query_context(endpoint:,backend/app/core/query_metrics.py,37,45,9,8,,prod,Python,HIGH
51238e1195c6fc11579247717f578361e28fcf77,function,get_query_context,def get_query_context() -> str:,backend/app/core/query_metrics.py,48,50,3,3,,prod,Python,HIGH
5f7b94fde2c8af140887bc07a7e7dc73de3f48cb,function,_normalize_endpoint,def _normalize_endpoint(path:,backend/app/core/query_metrics.py,53,80,28,22,,prod,Python,HIGH
fa99f6705798bdce89274202b009721843761697,function,_before_cursor_execute,def _before_cursor_execute(,backend/app/core/query_metrics.py,83,97,15,14,,prod,Python,HIGH
1d463903356c3eef49a20e78f7d83c33cddaae80,function,__init__,"def __init__(self, max_per_minute:",backend/app/core/rate_limiter.py,15,17,3,3,4be7d48560076b0cb4a719f05a841a60a96d4056,prod,Python,HIGH
03e774248e34c5bba38af9c228306ad5b34b141e,function,check_rate,"def check_rate(self, source:",backend/app/core/rate_limiter.py,19,29,11,11,4be7d48560076b0cb4a719f05a841a60a96d4056,prod,Python,HIGH
6c5b47a54b81c3b4ec0967c589531d2bd8684fcc,function,__init__,def __init__(,backend/app/core/rate_limiter.py,48,57,10,10,f88361d598dd10b61e95246871f3a29aa1fa2d16,prod,Python,HIGH
30f2836b0f1c90c09b00e637b83a683d2edd62d9,function,_state,"def _state(self, source:",backend/app/core/rate_limiter.py,59,60,2,2,f88361d598dd10b61e95246871f3a29aa1fa2d16,prod,Python,HIGH
bdd84c9fcdaba13d78faaf97af4da745e4565368,function,allow,"def allow(self, source:",backend/app/core/rate_limiter.py,62,67,6,6,f88361d598dd10b61e95246871f3a29aa1fa2d16,prod,Python,HIGH
6ff7776659f9f6b89e9809d6006cb7c22fc4ef47,function,on_success,"def on_success(self, source:",backend/app/core/rate_limiter.py,69,74,6,6,f88361d598dd10b61e95246871f3a29aa1fa2d16,prod,Python,HIGH
9ea4179dbaba606fab638591c73ed4972f216504,function,on_failure,"def on_failure(self, source:",backend/app/core/rate_limiter.py,76,86,11,11,f88361d598dd10b61e95246871f3a29aa1fa2d16,prod,Python,HIGH
9ddfff902029ea294866ff1a56be0bfef27c08ca,function,call,"def call(self, source:",backend/app/core/rate_limiter.py,88,109,22,18,f88361d598dd10b61e95246871f3a29aa1fa2d16,prod,Python,HIGH
4e987abef423f8141aec4cb91722f5761e64b4e0,function,verify_password,def verify_password(plain_password:,backend/app/core/security.py,14,18,5,5,,prod,Python,HIGH
fa587686f77f2944144b00e8148aa9378b9f62ee,function,get_password_hash,def get_password_hash(password:,backend/app/core/security.py,21,22,2,2,,prod,Python,HIGH
f610290624f6c8c94e7317dc0aa59c088ebee17e,function,create_access_token,def create_access_token(data:,backend/app/core/security.py,25,33,9,9,,prod,Python,HIGH
521f5008b8930e36a12a7aed9eff93da8b5daf4e,function,decode_token,def decode_token(token:,backend/app/core/security.py,36,45,10,10,,prod,Python,HIGH
da88b6281846250f50d6f8cbd435f8748dc67d04,function,_ensure_sqlite_columns,async def _ensure_sqlite_columns() -> None:,backend/app/main.py,103,139,37,34,,prod,Python,HIGH
bc56f2077b9d594d2d4557e8431621ede7b19db4,function,_ensure_tables,async def _ensure_tables():,backend/app/main.py,143,206,64,61,,prod,Python,HIGH
07073d6dddab0ad5c3c96dafdb6cc3f947eeb904,function,_setup_sentry,def _setup_sentry() -> None:,backend/app/main.py,37,59,23,23,,prod,Python,HIGH
48fb0cfe8a5b0497d197386518097586d0eb2fc3,function,root,async def root():,backend/app/main.py,90,95,6,6,,prod,Python,HIGH
8372e1e2086bb35a304183fd6badb8040213edbc,function,health_check,async def health_check():,backend/app/main.py,99,100,2,2,,prod,Python,HIGH
78370b3c9f243d82d3c8f2d31255a92116753615,function,__repr__,def __repr__(self):,backend/app/models/capacity.py,134,135,2,2,3b37031c4dbccb2a4f943d67dda696e9d093a13b,prod,Python,HIGH
97663c0068e0d2f3590807c0fca67f71567b5f75,function,effective_capacity,def effective_capacity(self) -> float:,backend/app/models/capacity.py,45,47,3,3,f461f873a8091d047c0acaab384466040971b882,prod,Python,HIGH
84ce14453a48289f12dc2e5ae743829a924c8815,function,__repr__,def __repr__(self):,backend/app/models/capacity.py,49,50,2,2,f461f873a8091d047c0acaab384466040971b882,prod,Python,HIGH
15154a0f072964c944c5e8add6f97266718b6396,function,__repr__,def __repr__(self):,backend/app/models/capacity.py,94,95,2,2,ecafc5ca93c3a65d67ee2485e78c6d515a6de7fa,prod,Python,HIGH
cdd42964acd97cf38c8414fccd00bd99f92b7ea8,function,permissions,def permissions(self) -> list[str]:,backend/app/models/rbac.py,73,84,12,12,fbab08887aa2639868ff4c3051dcff253d5cb05c,prod,Python,HIGH
83a57a585aac5714cc329db40385e6e5bd9196c8,function,permissions,"def permissions(self, value:",backend/app/models/rbac.py,87,90,4,4,fbab08887aa2639868ff4c3051dcff253d5cb05c,prod,Python,HIGH
a8ed2949837358efd9f09e695b11baa99ce7df92,function,has_permission,"def has_permission(self, permission:",backend/app/models/rbac.py,92,94,3,3,fbab08887aa2639868ff4c3051dcff253d5cb05c,prod,Python,HIGH
2c8399d1e9a8809100bae51acdd890e9f9e3a3cc,function,__repr__,def __repr__(self):,backend/app/models/rbac.py,96,97,2,2,fbab08887aa2639868ff4c3051dcff253d5cb05c,prod,Python,HIGH
54e2df0203a45549748eadd624d28a298cccb275,function,__repr__,def __repr__(self):,backend/app/models/traceability_rule.py,51,52,2,2,d39fae7845918ce66ac8c867744be91dec578a58,prod,Python,HIGH
cbd8cc0a4096e75409e3d3f5ea5a0f6a29be92ab,function,__repr__,def __repr__(self):,backend/app/models/traceability_rule.py,84,85,2,2,2ee7b579d6898b223b4dcee58a22918d058055d2,prod,Python,HIGH
adebaeab073b4242403a258dd47350b7b18017a8,function,has_permission,"def has_permission(self, permission:",backend/app/models/user.py,37,56,20,16,e978d24445cf308a21865eccbff8d7144d2566c7,prod,Python,HIGH
b4f8743e64394a671869c7b50299e0e9139caf7f,function,has_role,"def has_role(self, role_name:",backend/app/models/user.py,58,68,11,9,e978d24445cf308a21865eccbff8d7144d2566c7,prod,Python,HIGH
a2ede74e2e52e1097caef9724be176a9099a2c50,function,is_oauth_user,def is_oauth_user(self) -> bool:,backend/app/models/user.py,71,73,3,3,e978d24445cf308a21865eccbff8d7144d2566c7,prod,Python,HIGH
6b6282a64d34bc584210c01dce89871d4bff7d23,function,can_set_password,def can_set_password(self) -> bool:,backend/app/models/user.py,76,78,3,3,e978d24445cf308a21865eccbff8d7144d2566c7,prod,Python,HIGH
38e744ab54329a0fa06207740d927f4c7a725875,function,has_password,def has_password(self) -> bool:,backend/app/models/user.py,81,83,3,3,e978d24445cf308a21865eccbff8d7144d2566c7,prod,Python,HIGH
f8c2e9d35dfb17df5708f7c2617290020b2149de,function,mfa_configured,def mfa_configured(self) -> bool:,backend/app/models/user.py,86,88,3,3,e978d24445cf308a21865eccbff8d7144d2566c7,prod,Python,HIGH
5ed9b96fd9d6f62573d0687bc2e2b97d434fb6ae,function,remaining_backup_codes,def remaining_backup_codes(self) -> int:,backend/app/models/user.py,91,95,5,5,e978d24445cf308a21865eccbff8d7144d2566c7,prod,Python,HIGH
8af2853d5520a0a27254dea4f84fa3eb921b7ebc,function,validate_focus_factor,"def validate_focus_factor(cls, v):",backend/app/schemas/capacity.py,25,29,5,5,47a0dcd5dceeed4c5b2a72acef1d0a16c991d151,prod,Python,HIGH
4ebed793ea47ec87dcf38c6f58cb26980aac4877,function,from_orm_with_effective,"def from_orm_with_effective(cls, obj):",backend/app/schemas/capacity.py,62,78,17,17,ab6e1eadaaed6a2ba21d9e1220d279c993b2f1c6,prod,Python,HIGH
f0e256c8792fba40c8b4fb5e66f20a78d454797f,function,from_offset,def from_offset(,backend/app/schemas/pagination.py,100,117,18,17,808dd2692e2c8fac3d8b26b082ef0261b39bf845,prod,Python,HIGH
c275e65649f3c5de65ce101fda8576b81d4ebaba,function,paginate_with_count,async def paginate_with_count(,backend/app/schemas/pagination.py,167,206,40,33,,prod,Python,HIGH
ce48a85d2b6031099b153679395da8a42204a04d,function,cursor_paginate,async def cursor_paginate(,backend/app/schemas/pagination.py,209,289,81,68,,prod,Python,HIGH
456fd1678617cf4d7cf17cdb3f6cc39176df8174,function,paginated_response,def paginated_response(,backend/app/schemas/pagination.py,296,322,27,25,,prod,Python,HIGH
5a164bd38036bd818544f5c40ab826ed42251b28,function,cursor_response,def cursor_response(,backend/app/schemas/pagination.py,325,335,11,11,,prod,Python,HIGH
1e95344bc32385bdde40209263060d5aa9685cce,function,build_pagination_links,def build_pagination_links(,backend/app/schemas/pagination.py,342,373,32,26,,prod,Python,HIGH
e61f47802ea229beddb21dc0566c5f92d9e77913,function,format_link_header,def format_link_header(links:,backend/app/schemas/pagination.py,376,386,11,10,,prod,Python,HIGH
6761644c8edfdc094850a45ead2854c0d6920505,function,page,def page(self) -> int:,backend/app/schemas/pagination.py,42,44,3,3,c6aa918b75e0c04538627a6bf6a9211e667e2b45,prod,Python,HIGH
2d4cc6848474f7316a88494898222cfde7dc9511,function,decode_cursor,"def decode_cursor(self) -> Optional[Dict[str, Any]]:",backend/app/schemas/pagination.py,67,76,10,9,9d14e8f4e5364f4bd19e2ea310d9e1169b7f2e7a,prod,Python,HIGH
a521b2f6ffd968ca58fc42f4f3ff6a2ab883a52c,function,encode_cursor,def encode_cursor(last_value:,backend/app/schemas/pagination.py,79,82,4,4,9d14e8f4e5364f4bd19e2ea310d9e1169b7f2e7a,prod,Python,HIGH
24968fe30fe04ad823101a4a35dab10f62c264f6,function,_ensure_list,def _ensure_list(value):,backend/app/schemas/task.py,10,20,11,11,7d91279297f69410bc5f60caecd79479158abd95,prod,Python,HIGH
5d93140ea2f3e740c5a936d0f50112d65bdbba2c,function,_ensure_dict,def _ensure_dict(value):,backend/app/schemas/task.py,23,29,7,7,7d91279297f69410bc5f60caecd79479158abd95,prod,Python,HIGH
3e8f40b1aaf0f5ca505bf32a327a479b2ea03189,function,_validate_lists,"def _validate_lists(cls, v):",backend/app/schemas/task.py,32,33,2,2,7d91279297f69410bc5f60caecd79479158abd95,prod,Python,HIGH
a50ee625b2ee1c2508181ab26a8a7c5e012864d6,function,_validate_custom_fields,"def _validate_custom_fields(cls, v):",backend/app/schemas/task.py,36,37,2,2,7d91279297f69410bc5f60caecd79479158abd95,prod,Python,HIGH
1e7c6a54ffd621de0f656d18960df2dccb3a9206,function,from_db,"def from_db(cls, db_rule):",backend/app/schemas/traceability_rule.py,81,107,27,25,a76e18c8209342db5990e1da81551ff089a77612,prod,Python,HIGH
397d68489610c0fdd3c3cca3964ffac6b19ccc3f,function,calculate_dora_metrics,def calculate_dora_metrics(,backend/app/services/analytics_utils.py,172,260,89,77,,prod,Python,HIGH
7e776ad63d515d824e213de9741ee8358ee57c7a,function,compute_sprint_burndown,async def compute_sprint_burndown(db:,backend/app/services/analytics_utils.py,263,316,54,45,,prod,Python,HIGH
28ce51a9e40f738ce18dac6b829750740b59e526,function,normalize_status,def normalize_status(value:,backend/app/services/analytics_utils.py,31,33,3,3,,prod,Python,HIGH
c32964ba42b113991eb7a0f13e584d8feb2a8645,function,as_float,def as_float(value:,backend/app/services/analytics_utils.py,36,41,6,6,,prod,Python,HIGH
91a86ba5fbbe94e255c1c26b82f4313a9b456970,function,calculate_percentile,def calculate_percentile(values:,backend/app/services/analytics_utils.py,44,66,23,21,,prod,Python,HIGH
38671750107385409366c6563dd5f001cd2691d1,function,fetch_sprint_meta,async def fetch_sprint_meta(db:,backend/app/services/analytics_utils.py,69,95,27,24,,prod,Python,HIGH
9d9d4981b3b4b4ac7e2a969780d7ec9aa037925f,function,compute_team_health,def compute_team_health(tasks:,backend/app/services/analytics_utils.py,98,169,72,63,,prod,Python,HIGH
63c4c25a061e5d942ad4375fb2d6b29417bca3fc,function,test_connection,async def test_connection(,backend/app/services/bitbucket_client.py,101,188,88,76,,prod,Python,HIGH
d19c3c0634e6a708defa6c713553b66d5c322298,function,fetch_pull_requests,async def fetch_pull_requests(,backend/app/services/bitbucket_client.py,191,280,90,80,,prod,Python,HIGH
7138ec201daa5314eec1f2e0f42d00283101fa20,function,fetch_commits,async def fetch_commits(,backend/app/services/bitbucket_client.py,283,353,71,61,,prod,Python,HIGH
1b512cb2a744abb704cf42cd588e314ce12970fc,function,__init__,"def __init__(self, message:",backend/app/services/bitbucket_client.py,32,35,4,4,a37edab1b1bd2910bf92c57beb1f4ef5f4519848,prod,Python,HIGH
1ddcb4c0d6ae4cc8a8cd8258695e31fa14262676,function,fetch_branches,async def fetch_branches(,backend/app/services/bitbucket_client.py,356,413,58,49,,prod,Python,HIGH
f7e9333fd6568586cc14cce2e1180d18034bf031,function,fetch_repositories,async def fetch_repositories(,backend/app/services/bitbucket_client.py,416,472,57,48,,prod,Python,HIGH
d9f1b618eb37bcb64cae6af26aade3bc2ab41745,function,_extract_error_message,def _extract_error_message(response:,backend/app/services/bitbucket_client.py,475,495,21,21,,prod,Python,HIGH
4d9cfd81b73e3664adf6a197b5dc41d1a4cdba2d,function,detect_instance_type,def detect_instance_type(base_url:,backend/app/services/bitbucket_client.py,53,58,6,6,,prod,Python,HIGH
9f4209d9be2905a339756dc793dcec93c2178bea,function,get_api_base,def get_api_base(base_url:,backend/app/services/bitbucket_client.py,61,72,12,11,,prod,Python,HIGH
02eb3a0ae317aa4e6786ad5ef2ef1f642a8e741a,function,build_headers,def build_headers(auth:,backend/app/services/bitbucket_client.py,75,98,24,22,,prod,Python,HIGH
acfef6b164639e8ee05b1af99605021a030b8832,function,delete,"def delete(self, key:",backend/app/services/cache_service.py,100,116,17,14,5f22feb8057e2d377af058c56307315367076164,prod,Python,HIGH
2d4671288b7e09dbdd46b5fb7fef9bdfe17d0832,function,clear_pattern,"def clear_pattern(self, pattern:",backend/app/services/cache_service.py,118,137,20,17,5f22feb8057e2d377af058c56307315367076164,prod,Python,HIGH
6ac38d7069c936f9c85117dcd9e1ccd961c7d598,function,_cleanup_memory_cache,def _cleanup_memory_cache(self):,backend/app/services/cache_service.py,139,150,12,11,5f22feb8057e2d377af058c56307315367076164,prod,Python,HIGH
ccd31e9aa0b070e82b83fc6d6afb8a38f5a7af4e,function,cached,def cached(prefix:,backend/app/services/cache_service.py,157,202,46,37,,prod,Python,HIGH
229d5701cf3206a2eba0d1cca017148f7374cf54,function,__init__,def __init__(self):,backend/app/services/cache_service.py,16,19,4,4,5f22feb8057e2d377af058c56307315367076164,prod,Python,HIGH
dfabcc963d1577fb430542d6df74c574c2fe5f22,function,_init_redis,def _init_redis(self):,backend/app/services/cache_service.py,21,41,21,21,5f22feb8057e2d377af058c56307315367076164,prod,Python,HIGH
5c00fc26d6bd10a93698563c993a50feefeef42b,function,_make_key,"def _make_key(self, prefix:",backend/app/services/cache_service.py,43,48,6,6,5f22feb8057e2d377af058c56307315367076164,prod,Python,HIGH
c047f26bc67ce96a68c8a47ed7cd914a220a8fba,function,get,"def get(self, key:",backend/app/services/cache_service.py,50,73,24,21,5f22feb8057e2d377af058c56307315367076164,prod,Python,HIGH
c3229246e174ea88fbd201c2fcad13e609122490,function,set,"def set(self, key:",backend/app/services/cache_service.py,75,98,24,19,5f22feb8057e2d377af058c56307315367076164,prod,Python,HIGH
497dff1c04810efe2d0557033afdb39d8daabc84,function,_calculate_text_similarity,def _calculate_text_similarity(,backend/app/services/confidence_scoring.py,138,165,28,22,ce23caef76a80b245497ac1cc0a9f6b5f51c9855,prod,Python,HIGH
fac7ace57243f3da453918d539739b3c788f87d7,function,_calculate_temporal_proximity,def _calculate_temporal_proximity(,backend/app/services/confidence_scoring.py,167,191,25,22,ce23caef76a80b245497ac1cc0a9f6b5f51c9855,prod,Python,HIGH
2a818c984002cd24a9f19bfa0e001030dce46689,function,_calculate_author_match,def _calculate_author_match(,backend/app/services/confidence_scoring.py,193,219,27,22,ce23caef76a80b245497ac1cc0a9f6b5f51c9855,prod,Python,HIGH
3eade0307ff831f1a200f0a67d78c64fe7d2e010,function,_calculate_explicit_reference,def _calculate_explicit_reference(,backend/app/services/confidence_scoring.py,221,257,37,30,ce23caef76a80b245497ac1cc0a9f6b5f51c9855,prod,Python,HIGH
f778d454e18bd4fc0ea129777b72e432787def86,function,_calculate_path_similarity,def _calculate_path_similarity(,backend/app/services/confidence_scoring.py,259,301,43,34,ce23caef76a80b245497ac1cc0a9f6b5f51c9855,prod,Python,HIGH
7166fd82a597e6b7590bcc4c72c7fee6541854ee,function,_calculate_context_match,def _calculate_context_match(,backend/app/services/confidence_scoring.py,303,337,35,30,ce23caef76a80b245497ac1cc0a9f6b5f51c9855,prod,Python,HIGH
c8178cc66c9f533d23a4b1a388033660ed9edd46,function,_get_link_type_modifier,"def _get_link_type_modifier(self, link_type:",backend/app/services/confidence_scoring.py,339,349,11,11,ce23caef76a80b245497ac1cc0a9f6b5f51c9855,prod,Python,HIGH
e103551ddf87ac047d4f159dcf4792ea1175884a,function,_get_artifact_text,"def _get_artifact_text(self, artifact:",backend/app/services/confidence_scoring.py,351,371,21,18,ce23caef76a80b245497ac1cc0a9f6b5f51c9855,prod,Python,HIGH
4d9ad7ce82a677107242879705dd94d295697900,function,_get_timestamp,"def _get_timestamp(self, artifact:",backend/app/services/confidence_scoring.py,373,395,23,21,ce23caef76a80b245497ac1cc0a9f6b5f51c9855,prod,Python,HIGH
f007af6c7c9cb5435e7112e4ef5f5b847d0bc445,function,_get_author,"def _get_author(self, artifact:",backend/app/services/confidence_scoring.py,397,412,16,14,ce23caef76a80b245497ac1cc0a9f6b5f51c9855,prod,Python,HIGH
530e7494ecb405dce182bbe88e3d2331286de4a4,function,_tokenize,"def _tokenize(self, text:",backend/app/services/confidence_scoring.py,414,429,16,14,ce23caef76a80b245497ac1cc0a9f6b5f51c9855,prod,Python,HIGH
07f6e63b237958bf1cb6e9a048d07d44db1e48d2,function,calculate_total,def calculate_total(self) -> float:,backend/app/services/confidence_scoring.py,42,52,11,11,8e96759c87754b92b691ced61dc892361f964948,prod,Python,HIGH
d7990e4b564a6b73d31940b7718ce41cd0ca68fb,function,to_dict,"def to_dict(self) -> Dict[str, Any]:",backend/app/services/confidence_scoring.py,54,65,12,12,8e96759c87754b92b691ced61dc892361f964948,prod,Python,HIGH
3221d373c104ab886ef87a305813c7791f890b06,function,calculate_confidence,def calculate_confidence(,backend/app/services/confidence_scoring.py,86,136,51,45,ce23caef76a80b245497ac1cc0a9f6b5f51c9855,prod,Python,HIGH
df1bae75d7440d033cb4e63d73c7176c57b71d20,function,__init__,def __init__(self):,backend/app/services/confluence_service.py,13,20,8,8,a6ad01f2d1cd0d2a70bb0660b74bcc0512dcbcab,prod,Python,HIGH
fea1f10ab08c010b6f57e60db49c3a8a452c32f6,function,_discover_base_url,def _discover_base_url(self):,backend/app/services/confluence_service.py,138,161,24,24,a6ad01f2d1cd0d2a70bb0660b74bcc0512dcbcab,prod,Python,HIGH
78de583786476ab56b3849a759a4418c191a7835,function,status,"def status(self) -> Dict[str, Any]:",backend/app/services/confluence_service.py,163,176,14,13,a6ad01f2d1cd0d2a70bb0660b74bcc0512dcbcab,prod,Python,HIGH
cec0e917415aa746f638eaff03ceb23d066447b2,function,validate,def validate(self) -> bool:,backend/app/services/confluence_service.py,178,226,49,44,a6ad01f2d1cd0d2a70bb0660b74bcc0512dcbcab,prod,Python,HIGH
ae85013da4229e8cab92ce7d2208171239b373a4,function,_headers,"def _headers(self) -> Dict[str, str]:",backend/app/services/confluence_service.py,22,26,5,5,a6ad01f2d1cd0d2a70bb0660b74bcc0512dcbcab,prod,Python,HIGH
ba31b978645e2542396ffb7e8b7ace9988a569df,function,search_content,"def search_content(self, cql:",backend/app/services/confluence_service.py,228,242,15,15,a6ad01f2d1cd0d2a70bb0660b74bcc0512dcbcab,prod,Python,HIGH
203871f84193f71e7fe40f8ec4d73b023cc12d65,function,get_page_by_id,"def get_page_by_id(self, page_id:",backend/app/services/confluence_service.py,244,256,13,13,a6ad01f2d1cd0d2a70bb0660b74bcc0512dcbcab,prod,Python,HIGH
364201b9570f39e138c68e4fd49eb86d205ddf71,function,extract_jira_keys_from_page,"def extract_jira_keys_from_page(self, page_content:",backend/app/services/confluence_service.py,267,318,52,48,a6ad01f2d1cd0d2a70bb0660b74bcc0512dcbcab,prod,Python,HIGH
a464b1672fefc89b5587aa7597652e770bf08f75,function,connect,"def connect(self, base_url:",backend/app/services/confluence_service.py,28,83,56,51,a6ad01f2d1cd0d2a70bb0660b74bcc0512dcbcab,prod,Python,HIGH
10f16360feb47615d47ef260584e9a595d4cf8f0,function,list_spaces,"def list_spaces(self, q:",backend/app/services/confluence_service.py,320,369,50,48,a6ad01f2d1cd0d2a70bb0660b74bcc0512dcbcab,prod,Python,HIGH
db55eb9be6e78f6d27f1982687d14778cf52b9d4,function,list_pages,"def list_pages(self, space:",backend/app/services/confluence_service.py,371,480,110,110,a6ad01f2d1cd0d2a70bb0660b74bcc0512dcbcab,prod,Python,HIGH
bbd9fc0bb1621ac1a81115f96db9c1a47b66d01c,function,list_space_tree,"def list_space_tree(self, space:",backend/app/services/confluence_service.py,482,540,59,59,a6ad01f2d1cd0d2a70bb0660b74bcc0512dcbcab,prod,Python,HIGH
b5efb741e6dabc24b17401e637b0bab1b0180bad,function,list_children,"def list_children(self, page_id:",backend/app/services/confluence_service.py,542,562,21,21,a6ad01f2d1cd0d2a70bb0660b74bcc0512dcbcab,prod,Python,HIGH
a3dd1bf2cfbabb29bc9c77c8adcbce069e99791d,function,iter_subtree,"def iter_subtree(self, root_id:",backend/app/services/confluence_service.py,564,580,17,17,a6ad01f2d1cd0d2a70bb0660b74bcc0512dcbcab,prod,Python,HIGH
560a7d3b2000ceb4f06306238e152224aca46bd5,function,_detect_instance_type,"def _detect_instance_type(self, base_url:",backend/app/services/confluence_service.py,85,136,52,48,a6ad01f2d1cd0d2a70bb0660b74bcc0512dcbcab,prod,Python,HIGH
91220ca92ab95a41c05b8a485d2f435607a822f2,function,link_artifact_to_issue,async def link_artifact_to_issue(,backend/app/services/git/webhook_processor.py,105,151,47,42,,prod,Python,HIGH
11d3489f8378c0d929ae17e58f274e4dc053b483,function,process_commits,async def process_commits(,backend/app/services/git/webhook_processor.py,154,286,133,117,,prod,Python,HIGH
5bb3ebcdedbac0ba84b0d4c5fc51c930aabb23bc,function,process_pull_request,async def process_pull_request(,backend/app/services/git/webhook_processor.py,289,449,161,141,,prod,Python,HIGH
ffecb8ea4381d25467d4a83493cdf6190343b083,function,parse_jira_keys_from_text,def parse_jira_keys_from_text(text:,backend/app/services/git/webhook_processor.py,29,33,5,5,,prod,Python,HIGH
a3f49dab2703299dcac1cff384dbd69a1a917a4f,function,parse_iso_datetime,def parse_iso_datetime(dt_val) -> Optional[datetime]:,backend/app/services/git/webhook_processor.py,36,50,15,15,,prod,Python,HIGH
4d1754ee24b5c5ff3fd0906b53b8f4459cce754e,function,get_or_create_repository,async def get_or_create_repository(,backend/app/services/git/webhook_processor.py,53,93,41,39,,prod,Python,HIGH
13fcada1bee0a2b39c307757d3fb09ef3e531348,function,merge_artifact_meta,async def merge_artifact_meta(artifact:,backend/app/services/git/webhook_processor.py,96,102,7,7,,prod,Python,HIGH
9512d5b25e0db2059471b2d22ed1b4b75fb311b3,function,_get_provider_config,async def _get_provider_config(,backend/app/services/git_import_service.py,135,172,38,32,15ecdf8834237f1475fa46b39de856a7e866ae3d,prod,Python,HIGH
c3458d456fb858d4c809a5270f3c2341e5067b6e,function,_get_all_provider_configs,async def _get_all_provider_configs(,backend/app/services/git_import_service.py,174,217,44,37,15ecdf8834237f1475fa46b39de856a7e866ae3d,prod,Python,HIGH
3a14e7053166e730cb0ee13184190382e4e89b79,function,_ensure_default_branch,async def _ensure_default_branch(,backend/app/services/git_import_service.py,219,263,45,41,15ecdf8834237f1475fa46b39de856a7e866ae3d,prod,Python,HIGH
084f933cf418a6d5d0d5cf7b45bbf91b0f5e3526,function,_sync_commits,async def _sync_commits(,backend/app/services/git_import_service.py,265,295,31,29,15ecdf8834237f1475fa46b39de856a7e866ae3d,prod,Python,HIGH
4192d89c48278f85e38672575d5f0286e392ff39,function,_sync_pull_requests,async def _sync_pull_requests(,backend/app/services/git_import_service.py,297,341,45,42,15ecdf8834237f1475fa46b39de856a7e866ae3d,prod,Python,HIGH
0825cb2e38ee7725586133b602bd324a2783824d,function,_fetch_github_commits,"def _fetch_github_commits(self, config:",backend/app/services/git_import_service.py,343,369,27,25,15ecdf8834237f1475fa46b39de856a7e866ae3d,prod,Python,HIGH
0e2b11c7802cdaf350ef43d0d300b7f09ce7822c,function,_fetch_gitlab_commits,def _fetch_gitlab_commits(,backend/app/services/git_import_service.py,371,454,84,70,15ecdf8834237f1475fa46b39de856a7e866ae3d,prod,Python,HIGH
9699c3f69bebd26aaa6c073825da76ebf56d983d,function,headers,"def headers(self) -> Dict[str, str]:",backend/app/services/git_import_service.py,39,49,11,11,baac1c3cd2aee0295df755472f327b0fce5cce48,prod,Python,HIGH
b9ceb93c32cb809b7d7e6857fa30010ea1ae34ea,function,_fetch_gitlab_merge_requests,"def _fetch_gitlab_merge_requests(self, config:",backend/app/services/git_import_service.py,455,529,75,64,15ecdf8834237f1475fa46b39de856a7e866ae3d,prod,Python,HIGH
a131a0ccd625d115edb8ad52ac32f49f20f21848,function,__init__,def __init__(self) -> None:,backend/app/services/git_import_service.py,55,56,2,2,15ecdf8834237f1475fa46b39de856a7e866ae3d,prod,Python,HIGH
98626d3d21d4c96fe10bcc0cb0b81d2c1838f8ad,function,_get_session,def _get_session(self) -> requests.Session:,backend/app/services/git_import_service.py,58,62,5,5,15ecdf8834237f1475fa46b39de856a7e866ae3d,prod,Python,HIGH
4c7dc0ae802292753a36bd5829b5e7cff84368f6,function,_session_get,"async def _session_get(self, url:",backend/app/services/git_import_service.py,64,66,3,3,15ecdf8834237f1475fa46b39de856a7e866ae3d,prod,Python,HIGH
61a99b7fdf4f9d170d1f8fd5ff638e35a55be792,function,close,def close(self) -> None:,backend/app/services/git_import_service.py,68,72,5,5,15ecdf8834237f1475fa46b39de856a7e866ae3d,prod,Python,HIGH
950ec66151ce4954c9df64c1c1801c575fd66fb1,function,__del__,def __del__(self) -> None:,backend/app/services/git_import_service.py,74,76,3,3,15ecdf8834237f1475fa46b39de856a7e866ae3d,prod,Python,HIGH
63824ea2c941500fa741b5acc0ad96912e793352,function,sync_project,async def sync_project(,backend/app/services/git_import_service.py,78,133,56,47,15ecdf8834237f1475fa46b39de856a7e866ae3d,prod,Python,HIGH
2db39e479b8327e2230ac08ad68aa2fa9df0bead,function,fetch_pull_requests,async def fetch_pull_requests(,backend/app/services/github_client.py,14,73,60,50,,prod,Python,HIGH
bc9b3da96251cda0f95a4004d990ef09a751bdf7,function,__init__,"def __init__(self, token:",backend/app/services/jira/auth_strategy.py,108,115,8,7,174bd05d089d694add86f46a9639b8ae0584c282,prod,Python,HIGH
7654922f56eb4f14df9bc213baf97929064bfe98,function,apply_auth,"def apply_auth(self, headers:",backend/app/services/jira/auth_strategy.py,117,129,13,11,174bd05d089d694add86f46a9639b8ae0584c282,prod,Python,HIGH
32e7031d68d2568ad4a2e0062fe463d5cac02883,function,get_requests_auth,def get_requests_auth(self):,backend/app/services/jira/auth_strategy.py,131,138,8,7,174bd05d089d694add86f46a9639b8ae0584c282,prod,Python,HIGH
f7da587fd17136614b012b55d0fa565d929a40c9,function,auth_type,def auth_type(self) -> str:,backend/app/services/jira/auth_strategy.py,140,142,3,3,174bd05d089d694add86f46a9639b8ae0584c282,prod,Python,HIGH
083cf7b8ab035b6cb4a622ea6fd22b0e1e483381,function,__repr__,def __repr__(self) -> str:,backend/app/services/jira/auth_strategy.py,144,145,2,2,174bd05d089d694add86f46a9639b8ae0584c282,prod,Python,HIGH
44f3aa6a66e6abd10728701b4a6be1a85bd98c49,function,create_auth,def create_auth(,backend/app/services/jira/auth_strategy.py,156,201,46,37,ad9680b0f07f8094ba5dce382a6889c8edb3e3e5,prod,Python,HIGH
4ae0e5135b055bdf4dad203f0fb79715065fdbdf,function,apply_auth,"def apply_auth(self, headers:",backend/app/services/jira/auth_strategy.py,18,28,11,9,5f4e43a5cfc2ae3103242c35a6d3a078ebb4849e,prod,Python,HIGH
8f7b940d8178be06b9406adc00d0ec6d05c8480a,function,get_requests_auth,def get_requests_auth(self):,backend/app/services/jira/auth_strategy.py,31,38,8,7,5f4e43a5cfc2ae3103242c35a6d3a078ebb4849e,prod,Python,HIGH
126bdb53e83dd475fa709d19243e65bf3f4998b4,function,auth_type,def auth_type(self) -> str:,backend/app/services/jira/auth_strategy.py,41,48,8,7,5f4e43a5cfc2ae3103242c35a6d3a078ebb4849e,prod,Python,HIGH
78701c151bd6682cf166a0607781865aab9086e1,function,__init__,"def __init__(self, email:",backend/app/services/jira/auth_strategy.py,58,68,11,10,fafc7354846fece181b15158d4c0b0c71b21f7a0,prod,Python,HIGH
e0ea0fdc61dae8ea3f1123f5198e4e9bbd1a2d94,function,apply_auth,"def apply_auth(self, headers:",backend/app/services/jira/auth_strategy.py,70,80,11,9,fafc7354846fece181b15158d4c0b0c71b21f7a0,prod,Python,HIGH
e5f131c9656a4917f58c6706e32ffa625835faea,function,get_requests_auth,def get_requests_auth(self):,backend/app/services/jira/auth_strategy.py,82,89,8,7,fafc7354846fece181b15158d4c0b0c71b21f7a0,prod,Python,HIGH
f1857c80e0da979a643653169020e5564b8f60cf,function,auth_type,def auth_type(self) -> str:,backend/app/services/jira/auth_strategy.py,91,93,3,3,fafc7354846fece181b15158d4c0b0c71b21f7a0,prod,Python,HIGH
eac7d655279b1ee1aa6524e74ddd1c778b689fc2,function,__repr__,def __repr__(self) -> str:,backend/app/services/jira/auth_strategy.py,95,96,2,2,fafc7354846fece181b15158d4c0b0c71b21f7a0,prod,Python,HIGH
65eaf6f7515b70c25423b195c451d18025de9735,function,list_issues_in_sprint,"def list_issues_in_sprint(self, sprint_id:",backend/app/services/jira/board_service.py,163,211,49,39,7d87831d2f4c1be508b06e6dd8e0b49f2ed195ab,prod,Python,HIGH
c1eb1cb489656a81a6656d459343761bde04a289,function,get_issue_worklogs,"def get_issue_worklogs(self, issue_key:",backend/app/services/jira/board_service.py,213,290,78,62,7d87831d2f4c1be508b06e6dd8e0b49f2ed195ab,prod,Python,HIGH
de697a74a8f5f29861260aad2c8a0ff955e34c0b,function,async_get_issue_worklogs,"async def async_get_issue_worklogs(self, issue_key:",backend/app/services/jira/board_service.py,292,352,61,48,7d87831d2f4c1be508b06e6dd8e0b49f2ed195ab,prod,Python,HIGH
26078db3944898fcbd84674db51c5e23c948595a,function,__init__,def __init__(,backend/app/services/jira/board_service.py,31,47,17,16,7d87831d2f4c1be508b06e6dd8e0b49f2ed195ab,prod,Python,HIGH
7ab366c3c5d559cbcd9ca17d7c5bb831d8a3a596,function,get_active_sprints,"def get_active_sprints(self, board_id:",backend/app/services/jira/board_service.py,355,366,12,10,7d87831d2f4c1be508b06e6dd8e0b49f2ed195ab,prod,Python,HIGH
6ceb99fa816a3b28a6af0c2b29861bc873c4b331,function,get_worklogs,"def get_worklogs(self, issue_key:",backend/app/services/jira/board_service.py,368,378,11,9,7d87831d2f4c1be508b06e6dd8e0b49f2ed195ab,prod,Python,HIGH
ba65f6cd033b37d595af457a5598dc2b25b0d7f4,function,list_boards_for_project,"def list_boards_for_project(self, project_key:",backend/app/services/jira/board_service.py,49,91,43,34,7d87831d2f4c1be508b06e6dd8e0b49f2ed195ab,prod,Python,HIGH
67fb87e6efd722d7e39b9c162147cff55207eb94,function,list_sprints,"def list_sprints(self, board_id:",backend/app/services/jira/board_service.py,93,161,69,57,7d87831d2f4c1be508b06e6dd8e0b49f2ed195ab,prod,Python,HIGH
7f76c39599586d17638dc43c157c0058c8353f2f,function,record_success,def record_success(self) -> None:,backend/app/services/jira/circuit_breaker.py,101,109,9,8,e080174885d4221e0641a1222327dc8895fa89b3,prod,Python,HIGH
5bcfd1cea8aef2ba4e111e0dfa0fcfbdfe3a024c,function,record_failure,def record_failure(self) -> None:,backend/app/services/jira/circuit_breaker.py,111,127,17,14,e080174885d4221e0641a1222327dc8895fa89b3,prod,Python,HIGH
fe856c1ff73cbb476c1b812b034eec242b0ad713,function,_open,def _open(self) -> None:,backend/app/services/jira/circuit_breaker.py,129,142,14,12,e080174885d4221e0641a1222327dc8895fa89b3,prod,Python,HIGH
6c3d496d4921b3cd822f4850319f99f9be33c1d2,function,_update_metrics_open,def _update_metrics_open(self) -> None:,backend/app/services/jira/circuit_breaker.py,144,151,8,8,e080174885d4221e0641a1222327dc8895fa89b3,prod,Python,HIGH
a693c3677bcf6ab60bd1c13bf245dc3988da7e38,function,_update_metrics_closed,def _update_metrics_closed(self) -> None:,backend/app/services/jira/circuit_breaker.py,153,158,6,6,e080174885d4221e0641a1222327dc8895fa89b3,prod,Python,HIGH
239b42077e3d8a3b3b55fbd016b70cc7ac2d053c,function,stats,def stats(self) -> dict:,backend/app/services/jira/circuit_breaker.py,161,176,16,15,e080174885d4221e0641a1222327dc8895fa89b3,prod,Python,HIGH
db3563a771274fa341b075d05f21c090a72c19fa,function,__init__,def __init__(,backend/app/services/jira/circuit_breaker.py,30,72,43,38,e080174885d4221e0641a1222327dc8895fa89b3,prod,Python,HIGH
3f498a078106e026b1d8fb4b160aee0fdf0efb5f,function,is_open,def is_open(self) -> bool:,backend/app/services/jira/circuit_breaker.py,74,99,26,21,e080174885d4221e0641a1222327dc8895fa89b3,prod,Python,HIGH
69780a215e0bf4fcf7d1faf87354f50248516986,function,get,"def get(self, endpoint:",backend/app/services/jira/http_client.py,134,145,12,10,037e80e5e4f8224e6d6528e8a8797322f612dc37,prod,Python,HIGH
0b222323416aa418bf1f0da44887ba9ee3ebb486,function,post,"def post(self, endpoint:",backend/app/services/jira/http_client.py,147,158,12,10,037e80e5e4f8224e6d6528e8a8797322f612dc37,prod,Python,HIGH
077f8d7639d94611f1556a39a060c2e71a905479,function,put,"def put(self, endpoint:",backend/app/services/jira/http_client.py,160,171,12,10,037e80e5e4f8224e6d6528e8a8797322f612dc37,prod,Python,HIGH
34bf778ddfd5ef893ac75736ec6ee53230e29615,function,delete,"def delete(self, endpoint:",backend/app/services/jira/http_client.py,173,184,12,10,037e80e5e4f8224e6d6528e8a8797322f612dc37,prod,Python,HIGH
2f73f1851df44bb8ed7811a26cda3054adb294ef,function,headers,"def headers(self) -> Dict[str, str]:",backend/app/services/jira/http_client.py,186,201,16,13,037e80e5e4f8224e6d6528e8a8797322f612dc37,prod,Python,HIGH
223942cfd69f313c744c9ce62ddb1dcf1e1df490,function,basic_auth_tuple,"def basic_auth_tuple(self) -> Optional[tuple[str, str]]:",backend/app/services/jira/http_client.py,203,216,14,11,037e80e5e4f8224e6d6528e8a8797322f612dc37,prod,Python,HIGH
1d8c3127265eb44d6aa43b080e3537beace5733e,function,__init__,def __init__(,backend/app/services/jira/http_client.py,27,59,33,30,037e80e5e4f8224e6d6528e8a8797322f612dc37,prod,Python,HIGH
475b4453fde70fa1db4eca0e982ef8e941877ea4,function,request,def request(,backend/app/services/jira/http_client.py,61,132,72,62,037e80e5e4f8224e6d6528e8a8797322f612dc37,prod,Python,HIGH
5dfce6ed26add0753f372db0c191ce279e780dee,function,connect,def connect(,backend/app/services/jira/jira_service.py,105,165,61,51,e4629286396d62c567dee8d24a1965f584d89890,prod,Python,HIGH
49fd3a75e077374f8c0d54ffc2c9decabdbec4ee,function,_initialize_services,def _initialize_services(self):,backend/app/services/jira/jira_service.py,167,210,44,38,e4629286396d62c567dee8d24a1965f584d89890,prod,Python,HIGH
83a02cb8eaa0fce75787ca6d41a2cc12ab795746,function,validate,def validate(self) -> bool:,backend/app/services/jira/jira_service.py,212,286,75,59,e4629286396d62c567dee8d24a1965f584d89890,prod,Python,HIGH
e5a1157ef29212cb61025f72fe13391ea04acbaf,function,_normalize_endpoint,"def _normalize_endpoint(self, url_or_endpoint:",backend/app/services/jira/jira_service.py,290,305,16,13,e4629286396d62c567dee8d24a1965f584d89890,prod,Python,HIGH
533700864c059798beedeb11de0b67ef5db05236,function,_headers,"def _headers(self) -> Dict[str, str]:",backend/app/services/jira/jira_service.py,307,311,5,5,e4629286396d62c567dee8d24a1965f584d89890,prod,Python,HIGH
3d333bcc8b1596f3084fc021ae2ebf16152f9eac,function,_get,"def _get(self, url:",backend/app/services/jira/jira_service.py,313,318,6,6,e4629286396d62c567dee8d24a1965f584d89890,prod,Python,HIGH
43105b0ad526bfbb2402e923096efa4b22b2fc80,function,_handle_response,"def _handle_response(self, endpoint:",backend/app/services/jira/jira_service.py,320,326,7,7,e4629286396d62c567dee8d24a1965f584d89890,prod,Python,HIGH
fffdf848bb88db6f11249bb0a1746d613a882647,function,status,"def status(self) -> Dict[str, Any]:",backend/app/services/jira/jira_service.py,328,340,13,12,e4629286396d62c567dee8d24a1965f584d89890,prod,Python,HIGH
c3bca850c29c53e40e348163e74ca75221016521,function,get_project,"def get_project(self, project_key:",backend/app/services/jira/jira_service.py,344,375,32,25,e4629286396d62c567dee8d24a1965f584d89890,prod,Python,HIGH
4f0af1f46af9eca6e8cbe68e060b460ae28ebba1,function,get_project_issues,def get_project_issues(,backend/app/services/jira/jira_service.py,377,398,22,18,e4629286396d62c567dee8d24a1965f584d89890,prod,Python,HIGH
90a4ac29c55057a6f891a4586df2574a5c98e8f4,function,list_projects,"def list_projects(self, query:",backend/app/services/jira/jira_service.py,400,430,31,24,e4629286396d62c567dee8d24a1965f584d89890,prod,Python,HIGH
e24cb2b582b5ba23360790269b55374c37508cdf,function,async_get_project_issues,async def async_get_project_issues(,backend/app/services/jira/jira_service.py,432,450,19,16,e4629286396d62c567dee8d24a1965f584d89890,prod,Python,HIGH
afdcf770595dce805b714bf71546bd88f5dbfdf8,function,list_boards_for_project,"def list_boards_for_project(self, project_key:",backend/app/services/jira/jira_service.py,454,481,28,22,e4629286396d62c567dee8d24a1965f584d89890,prod,Python,HIGH
2fb6e97a5a834689b04a6f0d3f6215cd0a7a6e8d,function,list_sprints,"def list_sprints(self, board_id:",backend/app/services/jira/jira_service.py,483,510,28,22,e4629286396d62c567dee8d24a1965f584d89890,prod,Python,HIGH
934a9c6b763f7791e7aaeb5df7cbaf5087623d77,function,list_issues_in_sprint,"def list_issues_in_sprint(self, sprint_id:",backend/app/services/jira/jira_service.py,512,539,28,22,e4629286396d62c567dee8d24a1965f584d89890,prod,Python,HIGH
f10231039c06b2865e154700284d762bc0e43e8c,function,get_issue_worklogs,"def get_issue_worklogs(self, issue_key:",backend/app/services/jira/jira_service.py,541,567,27,21,e4629286396d62c567dee8d24a1965f584d89890,prod,Python,HIGH
09863e0427031ff96cbe71568de1f465ab697ea8,function,async_get_issue_worklogs,"async def async_get_issue_worklogs(self, issue_key:",backend/app/services/jira/jira_service.py,569,582,14,11,e4629286396d62c567dee8d24a1965f584d89890,prod,Python,HIGH
4eb279f76bb6145d678be61531e142b76513aede,function,get_active_sprints,"def get_active_sprints(self, board_id:",backend/app/services/jira/jira_service.py,586,599,14,11,e4629286396d62c567dee8d24a1965f584d89890,prod,Python,HIGH
45ecad232c3b98989bdb96c8cb8aabfbedea370c,function,get_worklogs,"def get_worklogs(self, issue_key:",backend/app/services/jira/jira_service.py,601,611,11,9,e4629286396d62c567dee8d24a1965f584d89890,prod,Python,HIGH
98d42ed64d3dc954e08a11db9c961cf23065b69d,function,invalidate_cache,def invalidate_cache(self) -> int:,backend/app/services/jira/jira_service.py,615,624,10,8,e4629286396d62c567dee8d24a1965f584d89890,prod,Python,HIGH
08840b59a6702cde47213135ad7da6c928e26df4,function,__init__,def __init__(self):,backend/app/services/jira/jira_service.py,76,103,28,26,e4629286396d62c567dee8d24a1965f584d89890,prod,Python,HIGH
4351810d32ad50cb1e20e29e86e9865cea356fd5,function,get_project_issues,def get_project_issues(,backend/app/services/jira/project_service.py,108,220,113,91,d16abbd2ab1f98ac79bd5eed26b28c8f10a014e4,prod,Python,HIGH
2037ca58641a4cd2ce4f48d011a7bac31c56735e,function,list_projects,"def list_projects(self, query:",backend/app/services/jira/project_service.py,222,305,84,64,d16abbd2ab1f98ac79bd5eed26b28c8f10a014e4,prod,Python,HIGH
cdec0ae049b3ef76e39d255efeb50099e0e9ffbe,function,async_get_project_issues,async def async_get_project_issues(,backend/app/services/jira/project_service.py,307,433,127,104,d16abbd2ab1f98ac79bd5eed26b28c8f10a014e4,prod,Python,HIGH
0b2766a91866e37e37b94c22adb333fc20c671ec,function,__init__,def __init__(,backend/app/services/jira/project_service.py,31,50,20,19,d16abbd2ab1f98ac79bd5eed26b28c8f10a014e4,prod,Python,HIGH
dd55cd1b404c3319bb66ac62320c856e70c0f0b9,function,_transform_issue,"def _transform_issue(self, issue:",backend/app/services/jira/project_service.py,435,476,42,38,d16abbd2ab1f98ac79bd5eed26b28c8f10a014e4,prod,Python,HIGH
7ceadf0a7fc0a4a8926fe99f70cb53adad095663,function,_filter_projects,def _filter_projects(,backend/app/services/jira/project_service.py,478,498,21,19,d16abbd2ab1f98ac79bd5eed26b28c8f10a014e4,prod,Python,HIGH
64c7c01197177e954fb6e52cdbca571ac8d00c9f,function,get_project,"def get_project(self, project_key:",backend/app/services/jira/project_service.py,52,106,55,43,d16abbd2ab1f98ac79bd5eed26b28c8f10a014e4,prod,Python,HIGH
5c3090f602861c27a2e2d051e843e7327d7bafda,function,_record_non_json_metric,"def _record_non_json_metric(self, endpoint:",backend/app/services/jira/response_handler.py,140,145,6,6,2dce537c5f74ca4c822302b6f4e9f7275af27e78,prod,Python,HIGH
4bff58fb0ba7561556158583f7958b881fb46a73,function,_record_json_parse_error,"def _record_json_parse_error(self, endpoint:",backend/app/services/jira/response_handler.py,147,152,6,6,2dce537c5f74ca4c822302b6f4e9f7275af27e78,prod,Python,HIGH
bdb114ba2e1ef592ccf585aa873219f52b972645,function,validate_json_response,"def validate_json_response(self, response:",backend/app/services/jira/response_handler.py,154,165,12,10,2dce537c5f74ca4c822302b6f4e9f7275af27e78,prod,Python,HIGH
0e9c5f85884eb6197cad53a7727916bb6537820e,function,handle_response,"def handle_response(self, endpoint:",backend/app/services/jira/response_handler.py,35,85,51,44,2dce537c5f74ca4c822302b6f4e9f7275af27e78,prod,Python,HIGH
a77d5e47027a29181bec10a523a802a607c490aa,function,_is_auth_error,"def _is_auth_error(self, response:",backend/app/services/jira/response_handler.py,87,138,52,43,2dce537c5f74ca4c822302b6f4e9f7275af27e78,prod,Python,HIGH
1d9208de9a90c0d4d5b44f9422b2b14109bf652b,function,get_server_type_name,def get_server_type_name(self) -> str:,backend/app/services/jira/version_resolver.py,119,126,8,7,b38cc83620c80bd39bafbb4f6e7e371ade6a9c66,prod,Python,HIGH
accd1e17b3d2e398c97e2edb6ea5f14c4a34c9a3,function,reset_cache,def reset_cache(self) -> None:,backend/app/services/jira/version_resolver.py,128,135,8,7,b38cc83620c80bd39bafbb4f6e7e371ade6a9c66,prod,Python,HIGH
98c2a98c23f63565735dfa10a9515322776fe847,function,__init__,"def __init__(self, base_url:",backend/app/services/jira/version_resolver.py,25,33,9,8,b38cc83620c80bd39bafbb4f6e7e371ade6a9c66,prod,Python,HIGH
46a05784b3de178bece2fd62b211e01e86f6fcdd,function,is_server,def is_server(self) -> bool:,backend/app/services/jira/version_resolver.py,35,49,15,14,b38cc83620c80bd39bafbb4f6e7e371ade6a9c66,prod,Python,HIGH
725baaa294422f50c66a08ba8ca2d0b323f1fad7,function,_detect_server_type,def _detect_server_type(self) -> bool:,backend/app/services/jira/version_resolver.py,51,70,20,16,b38cc83620c80bd39bafbb4f6e7e371ade6a9c66,prod,Python,HIGH
995af19bd4e2d480eee07b236050614d53191958,function,get_api_versions,def get_api_versions(,backend/app/services/jira/version_resolver.py,72,117,46,38,b38cc83620c80bd39bafbb4f6e7e371ade6a9c66,prod,Python,HIGH
790d14320015365320afa89b99e32bb79c1cb870,function,_fetch_all_fields,async def _fetch_all_fields(self) -> List[Dict]:,backend/app/services/jira_field_mapper.py,103,121,19,17,5c3116c995d82184f5c3f56461ae15d281ad7b0b,prod,Python,HIGH
498236cff23925bcdc27388ff3371e3398bf2b14,function,_auto_map_fields,async def _auto_map_fields(self):,backend/app/services/jira_field_mapper.py,123,160,38,34,5c3116c995d82184f5c3f56461ae15d281ad7b0b,prod,Python,HIGH
84936b68eca0bdd04f06785a410ed99e27fce295,function,get_field_id,"def get_field_id(self, field_type:",backend/app/services/jira_field_mapper.py,162,164,3,3,5c3116c995d82184f5c3f56461ae15d281ad7b0b,prod,Python,HIGH
65589af38841c50950832175c1fd300c35bdea50,function,set_field_mapping,"def set_field_mapping(self, field_type:",backend/app/services/jira_field_mapper.py,166,169,4,4,5c3116c995d82184f5c3f56461ae15d281ad7b0b,prod,Python,HIGH
33adf158d447290928b19eabd746c04f1ee9d677,function,parse_sprint_field,"async def parse_sprint_field(self, field_value:",backend/app/services/jira_field_mapper.py,171,201,31,26,5c3116c995d82184f5c3f56461ae15d281ad7b0b,prod,Python,HIGH
19596612d71bdb6622217e935cd2279d141a38b7,function,_parse_single_sprint,"def _parse_single_sprint(self, sprint_data:",backend/app/services/jira_field_mapper.py,203,222,20,17,5c3116c995d82184f5c3f56461ae15d281ad7b0b,prod,Python,HIGH
acfb9a6b476f51b5de8549c2a436fab4328d6826,function,_parse_sprint_string,"def _parse_sprint_string(self, sprint_str:",backend/app/services/jira_field_mapper.py,224,256,33,26,5c3116c995d82184f5c3f56461ae15d281ad7b0b,prod,Python,HIGH
128d50d6e541acf47afd66545891620b309cada0,function,get_issue_with_mapped_fields,"async def get_issue_with_mapped_fields(self, issue_key:",backend/app/services/jira_field_mapper.py,258,317,60,52,5c3116c995d82184f5c3f56461ae15d281ad7b0b,prod,Python,HIGH
16bf683f3feeee0d509b8f6353b99c79f85de361,function,_fetch_issue_with_all_fields,"async def _fetch_issue_with_all_fields(self, issue_key:",backend/app/services/jira_field_mapper.py,319,337,19,17,5c3116c995d82184f5c3f56461ae15d281ad7b0b,prod,Python,HIGH
912e1507f84301e633aa09456ff58b54b933a9f6,function,_get_nested,"def _get_nested(self, data:",backend/app/services/jira_field_mapper.py,339,346,8,8,5c3116c995d82184f5c3f56461ae15d281ad7b0b,prod,Python,HIGH
76c846a558fa5d0281378da3dcca7d98d82f2afb,function,_get_user_info,"def _get_user_info(self, user_data:",backend/app/services/jira_field_mapper.py,348,358,11,10,5c3116c995d82184f5c3f56461ae15d281ad7b0b,prod,Python,HIGH
716504236d69bd84cabaf8bbb113c0b04387a9c2,function,calibrate,"async def calibrate(self, sample_project_key:",backend/app/services/jira_field_mapper.py,360,452,93,80,5c3116c995d82184f5c3f56461ae15d281ad7b0b,prod,Python,HIGH
9ff0468b097e23d10e3794ad8f0cbe58904f7e40,function,_looks_like_sprint,"def _looks_like_sprint(self, samples:",backend/app/services/jira_field_mapper.py,454,467,14,14,5c3116c995d82184f5c3f56461ae15d281ad7b0b,prod,Python,HIGH
10fb8eeca0e6b0b445664225124c37cd2dbb3888,function,_looks_like_story_points,"def _looks_like_story_points(self, samples:",backend/app/services/jira_field_mapper.py,469,475,7,7,5c3116c995d82184f5c3f56461ae15d281ad7b0b,prod,Python,HIGH
51f2ccd9f04fc51f56ef340a94d3a53e769a5bcb,function,_looks_like_epic_link,"def _looks_like_epic_link(self, samples:",backend/app/services/jira_field_mapper.py,477,482,6,6,5c3116c995d82184f5c3f56461ae15d281ad7b0b,prod,Python,HIGH
9fd0c4a8b6dee663ea4d770d07b7635bb70268e5,function,__init__,"def __init__(self, jira_service):",backend/app/services/jira_field_mapper.py,48,53,6,6,5c3116c995d82184f5c3f56461ae15d281ad7b0b,prod,Python,HIGH
0291e9a66a3dc0bfb2c46d74c768bbf5fa90ad6c,function,get_sprints_with_fallback,"async def get_sprints_with_fallback(self, issue_key:",backend/app/services/jira_field_mapper.py,484,506,23,21,5c3116c995d82184f5c3f56461ae15d281ad7b0b,prod,Python,HIGH
2f9b3973723a62ae791f60250d28de4be74d280f,function,_get_sprints_from_custom_field,"async def _get_sprints_from_custom_field(self, issue_key:",backend/app/services/jira_field_mapper.py,508,519,12,10,5c3116c995d82184f5c3f56461ae15d281ad7b0b,prod,Python,HIGH
0f5b179107b9ed6634623a16bc4b9145d4b4b1ea,function,_get_sprints_from_agile_api,"async def _get_sprints_from_agile_api(self, issue_key:",backend/app/services/jira_field_mapper.py,521,544,24,20,5c3116c995d82184f5c3f56461ae15d281ad7b0b,prod,Python,HIGH
f9e06f0a2891d3a087ae80ea13eb9e12ab44c3d5,function,_get_sprints_from_board_api,"async def _get_sprints_from_board_api(self, issue_key:",backend/app/services/jira_field_mapper.py,546,550,5,5,5c3116c995d82184f5c3f56461ae15d281ad7b0b,prod,Python,HIGH
1a257cad22bc262b61a330965b868c0c57f6681a,function,_client,def _client(self) -> JiraHttpClient:,backend/app/services/jira_field_mapper.py,55,60,6,6,5c3116c995d82184f5c3f56461ae15d281ad7b0b,prod,Python,HIGH
bdaead5ed7ae45711592ab387be61a203525da95,function,export_configuration,"def export_configuration(self) -> Dict[str, Any]:",backend/app/services/jira_field_mapper.py,552,559,8,8,5c3116c995d82184f5c3f56461ae15d281ad7b0b,prod,Python,HIGH
cb2d7293e9ecfa13722ea7d38fe405c36d3abb2e,function,import_configuration,"def import_configuration(self, config:",backend/app/services/jira_field_mapper.py,561,571,11,10,5c3116c995d82184f5c3f56461ae15d281ad7b0b,prod,Python,HIGH
4c21da87256c35c9aa72ceb02a8fe0f86691a14e,function,discover_fields,"async def discover_fields(self, force_refresh:",backend/app/services/jira_field_mapper.py,62,101,40,34,5c3116c995d82184f5c3f56461ae15d281ad7b0b,prod,Python,HIGH
6dd77e284dfa73b9dae09d8fbdddd61b4f21467c,function,perform_project_sync,async def perform_project_sync(project_key:,backend/app/services/jira_sync.py,11,41,31,28,,prod,Python,HIGH
c21fef59128abeec77832df169c25af5c9ae9b5a,function,__init__,"def __init__(self, reports_dir:",backend/app/services/report_generator.py,128,130,3,3,8b13f319dbe4af7c061d18499dda3fb2d5d3feff,prod,Python,HIGH
389fab947dcf6d25be03225ce04ea576712a4393,function,generate_report_data,def generate_report_data(,backend/app/services/report_generator.py,132,195,64,60,8b13f319dbe4af7c061d18499dda3fb2d5d3feff,prod,Python,HIGH
282434c1003cb3e662ba6b57cd6c72ff669e9a8a,function,_compute_quality_score,def _compute_quality_score(,backend/app/services/report_generator.py,197,240,44,37,8b13f319dbe4af7c061d18499dda3fb2d5d3feff,prod,Python,HIGH
0ce8c18f0a4935263efbe65ff2ef35f14c49af5c,function,_score_to_grade,"def _score_to_grade(self, score:",backend/app/services/report_generator.py,242,252,11,11,8b13f319dbe4af7c061d18499dda3fb2d5d3feff,prod,Python,HIGH
3d137fc26c9055c564d1431732ab52007bbbc0c1,function,_generate_highlights_concerns,def _generate_highlights_concerns(,backend/app/services/report_generator.py,254,299,46,38,8b13f319dbe4af7c061d18499dda3fb2d5d3feff,prod,Python,HIGH
fd894a6ea4e81da420e653027a96a27b52cfcee3,function,_generate_recommendations,def _generate_recommendations(,backend/app/services/report_generator.py,301,360,60,54,8b13f319dbe4af7c061d18499dda3fb2d5d3feff,prod,Python,HIGH
b26070fe175e9fb39b2d4b01540b60fa364908c1,function,__init__,"def __init__(self, report:",backend/app/services/report_generator.py,35,38,4,4,c3e819f59820b01cf8116ab44e68408e7bff7641,prod,Python,HIGH
bfb977ab578f036f1b9d78b142b20253750723fa,function,generate_pdf,"def generate_pdf(self, report:",backend/app/services/report_generator.py,362,454,93,86,8b13f319dbe4af7c061d18499dda3fb2d5d3feff,prod,Python,HIGH
32d11bcefb961120d5c5137a13f52e6c6f378de5,function,header,def header(self):,backend/app/services/report_generator.py,40,52,13,13,c3e819f59820b01cf8116ab44e68408e7bff7641,prod,Python,HIGH
1404f06f9963a5fd11f3af25660321fc252b1006,function,generate_excel,"def generate_excel(self, report:",backend/app/services/report_generator.py,456,564,109,98,8b13f319dbe4af7c061d18499dda3fb2d5d3feff,prod,Python,HIGH
02fc404627e6b3b054822f7ae655a541b59d281c,function,footer,def footer(self):,backend/app/services/report_generator.py,54,58,5,5,c3e819f59820b01cf8116ab44e68408e7bff7641,prod,Python,HIGH
6332cc01899359a20bbc57ce150ec37fcd97326f,function,save_report,def save_report(,backend/app/services/report_generator.py,566,593,28,25,8b13f319dbe4af7c061d18499dda3fb2d5d3feff,prod,Python,HIGH
7aacfde4e0c28a5b29c4778e62fe4f3c7f7cf6b4,function,section_title,"def section_title(self, title:",backend/app/services/report_generator.py,60,64,5,5,c3e819f59820b01cf8116ab44e68408e7bff7641,prod,Python,HIGH
bb93494e71dbd71842369091e9a8dea0cd2d5581,function,subsection_title,"def subsection_title(self, title:",backend/app/services/report_generator.py,66,69,4,4,c3e819f59820b01cf8116ab44e68408e7bff7641,prod,Python,HIGH
facdf6e94a9121a49ed61c057fe1dd49e29afe18,function,add_metric_row,"def add_metric_row(self, label:",backend/app/services/report_generator.py,71,77,7,7,c3e819f59820b01cf8116ab44e68408e7bff7641,prod,Python,HIGH
ef1604262cd0f7b86e1ed308b79dee34876ddda7,function,add_quality_grade_box,"def add_quality_grade_box(self, grade:",backend/app/services/report_generator.py,79,97,19,19,c3e819f59820b01cf8116ab44e68408e7bff7641,prod,Python,HIGH
86855be87d658516bb8acf433d6911753f94f9a4,function,add_highlights_concerns,"def add_highlights_concerns(self, highlights:",backend/app/services/report_generator.py,99,122,24,23,c3e819f59820b01cf8116ab44e68408e7bff7641,prod,Python,HIGH
99897fde33b3329634faadf4772e974bab780550,function,get_primary_repository,async def get_primary_repository(,backend/app/services/repository_resolver.py,13,41,29,26,eb274fa73736c94f23cc58cfbe3b05b691e28c51,prod,Python,HIGH
ec44320c359dc5f3c04a53aad0333099bcd03265,function,get_all_repositories,async def get_all_repositories(,backend/app/services/repository_resolver.py,44,57,14,13,eb274fa73736c94f23cc58cfbe3b05b691e28c51,prod,Python,HIGH
a77cf77293fd4b5e383029bb3addadd4ff124a80,function,get_repository_by_provider,async def get_repository_by_provider(,backend/app/services/repository_resolver.py,60,79,20,19,eb274fa73736c94f23cc58cfbe3b05b691e28c51,prod,Python,HIGH
05ac8d6499a54d60f03773b1cb4679b6e57e1a0b,function,get_project_by_repository,async def get_project_by_repository(,backend/app/services/repository_resolver.py,82,110,29,26,eb274fa73736c94f23cc58cfbe3b05b691e28c51,prod,Python,HIGH
6b9c34c5672e5e844477e340bd4146715953bb40,function,validate_list_of_strings,def validate_list_of_strings(value:,backend/app/services/rule_execution_engine.py,122,138,17,13,29ce45c453d6a3bef2b4d3e44cf5e4ec152deed5,prod,Python,HIGH
e9c340c7e10c34c8399f458b6521b7957983529e,function,__init__,"def __init__(self, rule_id:",backend/app/services/rule_execution_engine.py,144,159,16,15,f1ca9b7ba0ab9085887a70da2f03a681e3e11211,prod,Python,HIGH
b648c1232717ff577f815ee88ad3d58cd130bc6f,function,set_node_output,"def set_node_output(self, node_id:",backend/app/services/rule_execution_engine.py,161,163,3,3,f1ca9b7ba0ab9085887a70da2f03a681e3e11211,prod,Python,HIGH
57a29ff4824c4d8b15fef4c3efc5cd3eb5a9a027,function,get_node_output,"def get_node_output(self, node_id:",backend/app/services/rule_execution_engine.py,165,167,3,3,f1ca9b7ba0ab9085887a70da2f03a681e3e11211,prod,Python,HIGH
d72b8c605e0ce3dcbde743513355fb2ea9719713,function,add_link,"def add_link(self, link:",backend/app/services/rule_execution_engine.py,169,171,3,3,f1ca9b7ba0ab9085887a70da2f03a681e3e11211,prod,Python,HIGH
cc9f03db9577983fb1a8496d3fa4e380a339f1ed,function,add_error,"def add_error(self, message:",backend/app/services/rule_execution_engine.py,173,175,3,3,f1ca9b7ba0ab9085887a70da2f03a681e3e11211,prod,Python,HIGH
dd4b1d0053f89a94531f8970f0b708808e87de31,function,add_warning,"def add_warning(self, message:",backend/app/services/rule_execution_engine.py,177,179,3,3,f1ca9b7ba0ab9085887a70da2f03a681e3e11211,prod,Python,HIGH
b7b5ae57f952615877efb8671bbc7294f218aa11,function,get_input_artifacts,"def get_input_artifacts(self, node_id:",backend/app/services/rule_execution_engine.py,181,193,13,10,f1ca9b7ba0ab9085887a70da2f03a681e3e11211,prod,Python,HIGH
cea59be3e5b8cdbd88a8a96a90f96220b285b0cf,function,execute,"def execute(self, node:",backend/app/services/rule_execution_engine.py,199,201,3,3,b7fae6877e1e515b08ae27e8c1bf38cca28e55b3,prod,Python,HIGH
0bcb7c2968f7156b5a1506b6062d000355377f7a,function,execute,"def execute(self, node:",backend/app/services/rule_execution_engine.py,207,238,32,25,3258c0a1f3fd5de61744b3d5f1a1214149e794c2,prod,Python,HIGH
5273de8b108315a3e8bd1fccf6b96c0b7b8256fc,function,execute,"def execute(self, node:",backend/app/services/rule_execution_engine.py,244,281,38,32,79a628bc4959b94b6913cd5d5800e41b3d8a2803,prod,Python,HIGH
e8030261bfe4be4090e9642013426aadef9632a8,function,execute,"def execute(self, node:",backend/app/services/rule_execution_engine.py,287,317,31,26,d335dc9ab603effcf517da5f63a162a27da306b9,prod,Python,HIGH
987bec13553c71384a98a2c444a636666f246ca5,function,execute,"def execute(self, node:",backend/app/services/rule_execution_engine.py,323,383,61,50,1e1e75b1e1743635587dce3aff396a69b696513b,prod,Python,HIGH
1fedb617721444391c32537ab813b6d0191995aa,function,validate_string,def validate_string(value:,backend/app/services/rule_execution_engine.py,38,49,12,9,29ce45c453d6a3bef2b4d3e44cf5e4ec152deed5,prod,Python,HIGH
5e2845dfe7a8326ae3eee11a543f7e85436f77c4,function,execute,"def execute(self, node:",backend/app/services/rule_execution_engine.py,389,460,72,63,008ad1e091cecfaf33e7203a96c28b076e71c976,prod,Python,HIGH
8b9c08cf5d467d9622c128ff3780a28a38440298,function,execute,"def execute(self, node:",backend/app/services/rule_execution_engine.py,466,512,47,41,989b44b85fb81e0619adebc061a8482d951e7dd3,prod,Python,HIGH
c8d715d18e91ba9794e164e420f653f14d097395,function,_get_field_value,"def _get_field_value(self, artifact:",backend/app/services/rule_execution_engine.py,514,525,12,12,989b44b85fb81e0619adebc061a8482d951e7dd3,prod,Python,HIGH
3775b61b0b78f3b05a55814dfb44b1f5c7046bfc,function,validate_date,def validate_date(value:,backend/app/services/rule_execution_engine.py,52,64,13,11,29ce45c453d6a3bef2b4d3e44cf5e4ec152deed5,prod,Python,HIGH
b9c3e13786968fe7c089653ad9c7064cb8fb4b0e,function,execute,"def execute(self, node:",backend/app/services/rule_execution_engine.py,534,565,32,25,eab6014ecbe5f2fc5f04e630d8878b53932a2484,prod,Python,HIGH
1e4bd50242afb7df3f59e78b05ddb62389b1ba63,function,_get_field_value,"def _get_field_value(self, artifact:",backend/app/services/rule_execution_engine.py,567,569,3,3,eab6014ecbe5f2fc5f04e630d8878b53932a2484,prod,Python,HIGH
109398c6fe193410617811e4f49d45bd7ab54a9b,function,_apply_operator,"def _apply_operator(self, field_value:",backend/app/services/rule_execution_engine.py,571,588,18,18,eab6014ecbe5f2fc5f04e630d8878b53932a2484,prod,Python,HIGH
e8d7c4bca86582cff37192cadd9cda80593f31d0,function,execute,"def execute(self, node:",backend/app/services/rule_execution_engine.py,594,623,30,23,493124951b11081d847cda9a2d69397231ca920e,prod,Python,HIGH
060860da3af2a901df4639030844bb0d4570cce1,function,_evaluate_condition,"def _evaluate_condition(self, artifacts:",backend/app/services/rule_execution_engine.py,625,636,12,12,493124951b11081d847cda9a2d69397231ca920e,prod,Python,HIGH
18e7cd9c66bd7d4275fd3bd43d88c5bb19612ed4,function,execute,"def execute(self, node:",backend/app/services/rule_execution_engine.py,652,679,28,23,b62c789d1c5f98adb3acf6fa79c4650c7f251150,prod,Python,HIGH
829b3ae425ea45d73ebc878845f4df173e524cef,function,validate_regex_pattern,def validate_regex_pattern(pattern:,backend/app/services/rule_execution_engine.py,67,119,53,44,29ce45c453d6a3bef2b4d3e44cf5e4ec152deed5,prod,Python,HIGH
621711bd41b2f1d14d465c1e7a58de49ef33ca6b,function,execute,"def execute(self, node:",backend/app/services/rule_execution_engine.py,693,717,25,20,54d2e7f3c58dfaa9c934ef590c980300d53d785b,prod,Python,HIGH
9d2acdf9aa212b04c4f0ed77a7c054b88d77488b,function,execute,"def execute(self, node:",backend/app/services/rule_execution_engine.py,723,764,42,31,ca6d31dd9a04e2c424f48152a1cae6a638256545,prod,Python,HIGH
e819404e437e10d7c4b17a9be5d24178217a664c,function,_create_self_links,"def _create_self_links(self, artifacts:",backend/app/services/rule_execution_engine.py,766,773,8,8,ca6d31dd9a04e2c424f48152a1cae6a638256545,prod,Python,HIGH
86431083b9a8670bb6e0c14852bd08383b756efc,function,_create_cross_links,"def _create_cross_links(self, sources:",backend/app/services/rule_execution_engine.py,775,782,8,8,ca6d31dd9a04e2c424f48152a1cae6a638256545,prod,Python,HIGH
7a96c89e6acda97d5311644cb186ffebf62d0d73,function,_create_link,"def _create_link(self, source:",backend/app/services/rule_execution_engine.py,784,809,26,22,ca6d31dd9a04e2c424f48152a1cae6a638256545,prod,Python,HIGH
0e40d227e701225606afc167921ab0e7e840e2ac,function,_calculate_confidence,"def _calculate_confidence(self, source:",backend/app/services/rule_execution_engine.py,811,846,36,31,ca6d31dd9a04e2c424f48152a1cae6a638256545,prod,Python,HIGH
f3695873bbb2e8729a60d027cae8ce5d98a57445,function,_get_reverse_link_type,"def _get_reverse_link_type(self, link_type:",backend/app/services/rule_execution_engine.py,848,858,11,11,ca6d31dd9a04e2c424f48152a1cae6a638256545,prod,Python,HIGH
88ae1817d9d9f148798d3935d2b9d36ec38aefa0,function,__init__,"def __init__(self, db:",backend/app/services/rule_execution_engine.py,882,883,2,2,9464d360db220f3e6494c287478afb34cf205e3c,prod,Python,HIGH
17c04e148b3dc3d5edc0bca900f19b5ba0d00170,function,execute_rule,"def execute_rule(self, rule_id:",backend/app/services/rule_execution_engine.py,885,956,72,59,9464d360db220f3e6494c287478afb34cf205e3c,prod,Python,HIGH
4364098eec55c60f9bc3f4eff19fcb4132f1f66d,function,_topological_sort,"def _topological_sort(self, nodes:",backend/app/services/rule_execution_engine.py,958,988,31,24,9464d360db220f3e6494c287478afb34cf205e3c,prod,Python,HIGH
35d5d0a430c72ce93f52accc4b297e573ef85c02,function,_sync_board_sprints,async def _sync_board_sprints(,backend/app/services/sync/board_sync_service.py,111,158,48,40,5f5c645ec8655bad283f24827b711bfb9f0633ad,prod,Python,HIGH
bfceac4c38718a5e75cc412af4d72ac1f807b777,function,_sync_sprint,async def _sync_sprint(,backend/app/services/sync/board_sync_service.py,160,210,51,43,5f5c645ec8655bad283f24827b711bfb9f0633ad,prod,Python,HIGH
4176e45a6f648256b28f2e9786128dc11b710178,function,_link_sprint_tasks,async def _link_sprint_tasks(,backend/app/services/sync/board_sync_service.py,212,244,33,27,5f5c645ec8655bad283f24827b711bfb9f0633ad,prod,Python,HIGH
74effadde2aa20600bfb828eb7940d576653219c,function,__post_init__,def __post_init__(self):,backend/app/services/sync/board_sync_service.py,31,33,3,3,41044b10f689bcd83245dbe7745c0de519bd5529,prod,Python,HIGH
001bddd897a77ea8a2928d0941fb9734bf210160,function,__init__,"def __init__(self, jira_service:",backend/app/services/sync/board_sync_service.py,47,48,2,2,5f5c645ec8655bad283f24827b711bfb9f0633ad,prod,Python,HIGH
9428b7b4f22ec4329844480bc513edce80d9aa99,function,sync_boards,async def sync_boards(,backend/app/services/sync/board_sync_service.py,50,109,60,50,5f5c645ec8655bad283f24827b711bfb9f0633ad,prod,Python,HIGH
f1114a2dec9e787f7b09fcf7b59d30b910bb984c,function,_build_lookup_cache,"async def _build_lookup_cache(self, project_id:",backend/app/services/sync/issue_sync_service.py,133,149,17,15,e1aae30ac7c2d9c07f2c36da6adc1f4013151add,prod,Python,HIGH
6b17102c054ec43eda6d8b6b9e9922096c134f7b,function,_process_batch,async def _process_batch(,backend/app/services/sync/issue_sync_service.py,151,199,49,41,e1aae30ac7c2d9c07f2c36da6adc1f4013151add,prod,Python,HIGH
68232e8297de90f874a7a69d9f8ddbfaf0f5766f,function,_process_single_issue,async def _process_single_issue(,backend/app/services/sync/issue_sync_service.py,201,241,41,35,e1aae30ac7c2d9c07f2c36da6adc1f4013151add,prod,Python,HIGH
a8651fed3ba88accaa9fbccde734da6bc0c66d70,function,_find_existing_task,async def _find_existing_task(,backend/app/services/sync/issue_sync_service.py,243,268,26,23,e1aae30ac7c2d9c07f2c36da6adc1f4013151add,prod,Python,HIGH
9414ac986ee6c2880beb4ac976f3844ddc5c60e5,function,_update_task_identifiers,def _update_task_identifiers(,backend/app/services/sync/issue_sync_service.py,270,295,26,23,e1aae30ac7c2d9c07f2c36da6adc1f4013151add,prod,Python,HIGH
d2d703cf1e6a5ece479de6b3c8fd9f18fe5eba93,function,__post_init__,def __post_init__(self):,backend/app/services/sync/issue_sync_service.py,29,31,3,3,ebb689129176467a9138d8a453711f3a4c1e757c,prod,Python,HIGH
5426f0a5a5f28397af1fa3d104d30d92646e5730,function,_update_task_fields,def _update_task_fields(,backend/app/services/sync/issue_sync_service.py,297,345,49,42,e1aae30ac7c2d9c07f2c36da6adc1f4013151add,prod,Python,HIGH
81a9a4a3340b49861379431ef474d55bae9134b4,function,_extract_name,"def _extract_name(self, value:",backend/app/services/sync/issue_sync_service.py,347,353,7,7,e1aae30ac7c2d9c07f2c36da6adc1f4013151add,prod,Python,HIGH
565c622f75f7ec24163f6e27c96c125f99c6b3ce,function,_update_people_fields,def _update_people_fields(,backend/app/services/sync/issue_sync_service.py,355,383,29,27,e1aae30ac7c2d9c07f2c36da6adc1f4013151add,prod,Python,HIGH
82619335501eba638eaf88ac9845261138ae21dc,function,_update_time_fields,def _update_time_fields(,backend/app/services/sync/issue_sync_service.py,385,404,20,18,e1aae30ac7c2d9c07f2c36da6adc1f4013151add,prod,Python,HIGH
1ef31d0857f2e98423917f457572bcf76c868f22,function,_update_date_fields,def _update_date_fields(,backend/app/services/sync/issue_sync_service.py,406,422,17,17,e1aae30ac7c2d9c07f2c36da6adc1f4013151add,prod,Python,HIGH
db3117362c67389b3a085da3f441f59f5a0a7aca,function,_update_components,"def _update_components(self, db_issue:",backend/app/services/sync/issue_sync_service.py,424,434,11,11,e1aae30ac7c2d9c07f2c36da6adc1f4013151add,prod,Python,HIGH
90b1ac8ecaef6b1970d7b99f326b750e29c1f23d,function,_verify_batch,async def _verify_batch(,backend/app/services/sync/issue_sync_service.py,436,459,24,22,e1aae30ac7c2d9c07f2c36da6adc1f4013151add,prod,Python,HIGH
0be08c4e786d72a8426b31957c927a605a4ef2f0,function,__init__,def __init__(self):,backend/app/services/sync/issue_sync_service.py,47,49,3,3,e1aae30ac7c2d9c07f2c36da6adc1f4013151add,prod,Python,HIGH
a7c99182c37d04e8e51205ab35368d25c5fed7bb,function,sync_issues,async def sync_issues(,backend/app/services/sync/issue_sync_service.py,51,131,81,69,e1aae30ac7c2d9c07f2c36da6adc1f4013151add,prod,Python,HIGH
8faa3e07931ecc9d04abc569ec0bfa4bfc06fe6e,function,_ensure_jira_connection,async def _ensure_jira_connection(self) -> None:,backend/app/services/sync/project_sync_orchestrator.py,155,178,24,22,a4dd1c64a4683ded2c83c307efcac2b17e5d2ef4,prod,Python,HIGH
dd7a92833238292835dbf874d9be015631e5881f,function,_fetch_issues,"async def _fetch_issues(self, project_key:",backend/app/services/sync/project_sync_orchestrator.py,180,188,9,7,a4dd1c64a4683ded2c83c307efcac2b17e5d2ef4,prod,Python,HIGH
15ef9e911e0d863893727b3c882ffb1ac09d1b92,function,_sync_issues,async def _sync_issues(,backend/app/services/sync/project_sync_orchestrator.py,190,208,19,19,a4dd1c64a4683ded2c83c307efcac2b17e5d2ef4,prod,Python,HIGH
5b2524614aa9dadc7b8af234ad204230d228b3b7,function,_sync_worklogs,async def _sync_worklogs(,backend/app/services/sync/project_sync_orchestrator.py,210,228,19,19,a4dd1c64a4683ded2c83c307efcac2b17e5d2ef4,prod,Python,HIGH
ef0776d0c51af886b27ecc51efd49dd50703348a,function,_sync_snapshots,"async def _sync_snapshots(self, project_id:",backend/app/services/sync/project_sync_orchestrator.py,230,241,12,12,a4dd1c64a4683ded2c83c307efcac2b17e5d2ef4,prod,Python,HIGH
dec2d615c3d935ae59b6957bb620d65c8f467859,function,_sync_boards,async def _sync_boards(,backend/app/services/sync/project_sync_orchestrator.py,243,259,17,17,a4dd1c64a4683ded2c83c307efcac2b17e5d2ef4,prod,Python,HIGH
97e8cc8b859881dca1675f7ad8d3051d0462922f,function,_update_project_metadata,async def _update_project_metadata(,backend/app/services/sync/project_sync_orchestrator.py,261,280,20,19,a4dd1c64a4683ded2c83c307efcac2b17e5d2ef4,prod,Python,HIGH
368bbf1b11baaabfac90a58734538044a3fda145,function,_update_project_dates,"async def _update_project_dates(self, project_key:",backend/app/services/sync/project_sync_orchestrator.py,282,321,40,33,a4dd1c64a4683ded2c83c307efcac2b17e5d2ef4,prod,Python,HIGH
5070d04f5992777408a833fd1fe20512dae1674f,function,_notify_success,"async def _notify_success(self, project_key:",backend/app/services/sync/project_sync_orchestrator.py,323,325,3,3,a4dd1c64a4683ded2c83c307efcac2b17e5d2ef4,prod,Python,HIGH
7a8b3b6741d79bed5179c41e3f575df890b2e9df,function,_notify_failure,async def _notify_failure(,backend/app/services/sync/project_sync_orchestrator.py,327,341,15,15,a4dd1c64a4683ded2c83c307efcac2b17e5d2ef4,prod,Python,HIGH
cb59d9a21880135175647aa3d25046d14e75b71b,function,_notify,"async def _notify(self, event_type:",backend/app/services/sync/project_sync_orchestrator.py,343,349,7,7,a4dd1c64a4683ded2c83c307efcac2b17e5d2ef4,prod,Python,HIGH
0bc4fa47d8db157b131524db606ddfbe67b5d8e0,function,__init__,def __init__(self):,backend/app/services/sync/project_sync_orchestrator.py,64,68,5,5,a4dd1c64a4683ded2c83c307efcac2b17e5d2ef4,prod,Python,HIGH
91e0017bea476a9bb2eff68eb27b9416acef61ff,function,sync_project,async def sync_project(,backend/app/services/sync/project_sync_orchestrator.py,70,153,84,66,a4dd1c64a4683ded2c83c307efcac2b17e5d2ef4,prod,Python,HIGH
00c675ef352350792a9060a08d08488c2ab71ea4,function,_create_sprint_snapshots,async def _create_sprint_snapshots(,backend/app/services/sync/sprint_snapshot_service.py,110,167,58,51,c998ad2386559f41bd5f813ab9bc940dea9f0b2b,prod,Python,HIGH
062d8c15f9b69e45c9b976b46c69dadb4efa85cc,function,_calculate_daily_work,async def _calculate_daily_work(,backend/app/services/sync/sprint_snapshot_service.py,169,211,43,36,c998ad2386559f41bd5f813ab9bc940dea9f0b2b,prod,Python,HIGH
e314a59f5cbd8b11ab92a4cb0cd32be32b06bf1f,function,_generate_daily_snapshots,async def _generate_daily_snapshots(,backend/app/services/sync/sprint_snapshot_service.py,213,265,53,45,c998ad2386559f41bd5f813ab9bc940dea9f0b2b,prod,Python,HIGH
3fd0a184e7a0abb14f3f5debf08bafbca3e2e5cd,function,__post_init__,def __post_init__(self):,backend/app/services/sync/sprint_snapshot_service.py,28,30,3,3,971416077f3883ce442741d8fc12de9d3d378648,prod,Python,HIGH
1f7467f1168ec32f871ba47a8f5f49c2de45f3d7,function,create_snapshots,async def create_snapshots(,backend/app/services/sync/sprint_snapshot_service.py,45,108,64,52,c998ad2386559f41bd5f813ab9bc940dea9f0b2b,prod,Python,HIGH
f24d0878e252d115ecac37a3311534315b6bb3f6,function,_sync_issue_worklogs,async def _sync_issue_worklogs(,backend/app/services/sync/worklog_sync_service.py,146,203,58,53,3510ed7e7a0a160e57cc2f461c8378dc8b87e36f,prod,Python,HIGH
d070533219a3a9854f00f5d4d63fabc9c50ba584,function,_upsert_worklog,async def _upsert_worklog(,backend/app/services/sync/worklog_sync_service.py,205,236,32,28,3510ed7e7a0a160e57cc2f461c8378dc8b87e36f,prod,Python,HIGH
bb0ced660636816ad9ccef32420661b4290f11e3,function,_batch_fetch_task_ids,async def _batch_fetch_task_ids(,backend/app/services/sync/worklog_sync_service.py,238,268,31,26,3510ed7e7a0a160e57cc2f461c8378dc8b87e36f,prod,Python,HIGH
74522bca4397d686e49c43c71852fc65bb6dd445,function,__post_init__,def __post_init__(self):,backend/app/services/sync/worklog_sync_service.py,32,34,3,3,76cf295f853c83ef36e95a545aa3ddfa81de087d,prod,Python,HIGH
b72e4ff93230a252960c96fb842ecc4dca33ef60,function,__init__,"def __init__(self, jira_service:",backend/app/services/sync/worklog_sync_service.py,50,51,2,2,3510ed7e7a0a160e57cc2f461c8378dc8b87e36f,prod,Python,HIGH
9c759cf4cce0ddd216a25d0406e9dd9cde7d0e3d,function,sync_worklogs,async def sync_worklogs(,backend/app/services/sync/worklog_sync_service.py,53,144,92,79,3510ed7e7a0a160e57cc2f461c8378dc8b87e36f,prod,Python,HIGH
b248e2e3cd3051e64fb50cb387486c70465e6b52,function,get_task,"def get_task(self, task_id:",backend/app/services/task_manager.py,105,128,24,22,1c51573d853411c98df6f32dfddaf02ff117f9a1,prod,Python,HIGH
ccab077305241548104227502fce4f24c9247b08,function,update_task,"def update_task(self, task_id:",backend/app/services/task_manager.py,130,157,28,24,1c51573d853411c98df6f32dfddaf02ff117f9a1,prod,Python,HIGH
22ed41f677bbb69cc9a78cc559cfbf62ac5c78bf,function,update_progress,"def update_progress(self, task_id:",backend/app/services/task_manager.py,159,161,3,3,1c51573d853411c98df6f32dfddaf02ff117f9a1,prod,Python,HIGH
c9baf7be04965db34be4e99593d2b798c5da6546,function,complete_task,"def complete_task(self, task_id:",backend/app/services/task_manager.py,163,171,9,9,1c51573d853411c98df6f32dfddaf02ff117f9a1,prod,Python,HIGH
1f6fdf3f7035b3b766f598341661f77a63fb0778,function,fail_task,"def fail_task(self, task_id:",backend/app/services/task_manager.py,173,180,8,8,1c51573d853411c98df6f32dfddaf02ff117f9a1,prod,Python,HIGH
9325f1834f2ddd35d2f2182e89cb7aef67aa146e,function,cancel_task,"def cancel_task(self, task_id:",backend/app/services/task_manager.py,182,193,12,10,1c51573d853411c98df6f32dfddaf02ff117f9a1,prod,Python,HIGH
3c207f3f65e28b15a95f28ba87eb104f51af95d6,function,is_cancelled,"def is_cancelled(self, task_id:",backend/app/services/task_manager.py,195,198,4,4,1c51573d853411c98df6f32dfddaf02ff117f9a1,prod,Python,HIGH
82bcd868c634b7fe7810be10c63f3e105efbde6d,function,run_async,async def run_async(,backend/app/services/task_manager.py,200,246,47,40,1c51573d853411c98df6f32dfddaf02ff117f9a1,prod,Python,HIGH
bee3820b1d53cb63010eeea87a9ef0c1e3551ba5,function,__init__,"def __init__(self, task_id:",backend/app/services/task_manager.py,24,36,13,13,1ffc81d40ce5c6fcc16cb1dfd5fe00fe8e663d4b,prod,Python,HIGH
2e9e3fd9b679270ae7acdad17ca85494d4a2aae4,function,get_user_tasks,"def get_user_tasks(self, user_id:",backend/app/services/task_manager.py,248,258,11,10,1c51573d853411c98df6f32dfddaf02ff117f9a1,prod,Python,HIGH
b3932f874150e24c397b39c1daeac61607764174,function,_cleanup_old_tasks,def _cleanup_old_tasks(self):,backend/app/services/task_manager.py,260,277,18,14,1c51573d853411c98df6f32dfddaf02ff117f9a1,prod,Python,HIGH
7419296d62019bcb3b8977f756d1847698809969,function,_send_progress_notification,"def _send_progress_notification(self, task:",backend/app/services/task_manager.py,279,290,12,12,1c51573d853411c98df6f32dfddaf02ff117f9a1,prod,Python,HIGH
a932d8d7a5ffa711634e97c117c841947d501c5e,function,background_task,def background_task(name:,backend/app/services/task_manager.py,298,313,16,13,,prod,Python,HIGH
d8e24e1be08c70e7c0331bc27eb06aef08973bcf,function,to_dict,"def to_dict(self) -> Dict[str, Any]:",backend/app/services/task_manager.py,38,55,18,18,1ffc81d40ce5c6fcc16cb1dfd5fe00fe8e663d4b,prod,Python,HIGH
8a2f68d2a61147f8a98cc9220907f81f0712aef5,function,__init__,def __init__(self):,backend/app/services/task_manager.py,58,63,6,6,1c51573d853411c98df6f32dfddaf02ff117f9a1,prod,Python,HIGH
e0583256f24d7e9066443b688992bdd6871fc34a,function,_init_redis,def _init_redis(self):,backend/app/services/task_manager.py,65,80,16,16,1c51573d853411c98df6f32dfddaf02ff117f9a1,prod,Python,HIGH
1fb617134546fa37a5e39e5f60140b49807ef5d1,function,create_task,"def create_task(self, name:",backend/app/services/task_manager.py,82,103,22,19,1c51573d853411c98df6f32dfddaf02ff117f9a1,prod,Python,HIGH
fb4f4025b3db9b69e277ab9978c6f3d4108148c9,function,_get_artifact_text,"def _get_artifact_text(self, artifact:",backend/app/services/text_similarity.py,131,161,31,26,9777ddba8618af9cd774430a48a3dadfb689de90,prod,Python,HIGH
c3ce8042c5024d5b9742ddd5b246cfa758cc9e40,function,build_index,async def build_index(,backend/app/services/text_similarity.py,163,222,60,48,9777ddba8618af9cd774430a48a3dadfb689de90,prod,Python,HIGH
c71430a604d474eceeb2d481ab9dc09184c301e9,function,find_similar,def find_similar(,backend/app/services/text_similarity.py,224,260,37,31,9777ddba8618af9cd774430a48a3dadfb689de90,prod,Python,HIGH
56ddd81ab6f296b217045371b92a1f72de8c4a97,function,generate_suggestions,async def generate_suggestions(,backend/app/services/text_similarity.py,262,368,107,90,9777ddba8618af9cd774430a48a3dadfb689de90,prod,Python,HIGH
75a7ce0b106fd1abafc8945ff50323a05bac8a2a,function,store_suggestions,async def store_suggestions(,backend/app/services/text_similarity.py,370,414,45,40,9777ddba8618af9cd774430a48a3dadfb689de90,prod,Python,HIGH
24995fdfda4a72d43301fe6246060755af4f1311,function,find_similar_to_artifact,async def find_similar_to_artifact(,backend/app/services/text_similarity.py,416,447,32,27,9777ddba8618af9cd774430a48a3dadfb689de90,prod,Python,HIGH
a4cdb4402510cc83ea0b6449016095a7fdd2f486,function,get_similarity_service,def get_similarity_service() -> TextSimilarityService:,backend/app/services/text_similarity.py,454,459,6,6,,prod,Python,HIGH
074fe4b0ea7201eb92f3963dd162b7522b997850,function,__init__,def __init__(,backend/app/services/text_similarity.py,67,95,29,26,9777ddba8618af9cd774430a48a3dadfb689de90,prod,Python,HIGH
51204d08298cd0432ae842262caf934f287ca281,function,_preprocess_text,"def _preprocess_text(self, text:",backend/app/services/text_similarity.py,97,129,33,25,9777ddba8618af9cd774430a48a3dadfb689de90,prod,Python,HIGH
c8ddfdf3d535d3a7e6edca8ef3fb136cb9a86d81,function,_async_sync_space,async def _async_sync_space(,backend/app/tasks/confluence_tasks.py,151,259,109,90,,prod,Python,HIGH
fd4421cc4979a32d2973bd16fd0ecce2176e89d8,function,__init__,def __init__(self):,backend/app/tasks/confluence_tasks.py,25,31,7,7,b4f5d0c6a1f13d078a3a3cd420c5965e1221803d,prod,Python,HIGH
ec07472423e6e828fdfb6a762f252cdf8b3fede1,function,_process_page,"async def _process_page(db, page_data:",backend/app/tasks/confluence_tasks.py,262,314,53,49,,prod,Python,HIGH
3a5d68bd39d23128d65bdc36719a9637b00dc281,function,scheduled_confluence_sync,def scheduled_confluence_sync():,backend/app/tasks/confluence_tasks.py,319,325,7,7,,prod,Python,HIGH
f4ebd3542eaebed0533ee20ef8cd6482dab7c3e7,function,update_progress,"def update_progress(self, message:",backend/app/tasks/confluence_tasks.py,33,67,35,33,b4f5d0c6a1f13d078a3a3cd420c5965e1221803d,prod,Python,HIGH
1cfc5160a3fdaf623ed31bcb01a97381233ee4cb,function,sync_confluence_space,def sync_confluence_space(,backend/app/tasks/confluence_tasks.py,80,148,69,60,,prod,Python,HIGH
35eed28261a28a2aee4c3bdab94e11ea9fa9cc17,function,sync_project_issues_task,def sync_project_issues_task(project_key:,backend/app/tasks/jira_sync.py,13,16,4,4,,prod,Python,HIGH
71a9ff84ee98e2bda436405136813dd96bca60c1,function,__init__,def __init__(self):,backend/app/tasks/jira_tasks.py,28,34,7,7,3d8ffe52713ebc060428dcd08b4e941c687a7c92,prod,Python,HIGH
57cd2fde2e6222f460d9e2dfc2e0bc5b1287c8e2,function,update_progress,"def update_progress(self, message:",backend/app/tasks/jira_tasks.py,36,70,35,33,3d8ffe52713ebc060428dcd08b4e941c687a7c92,prod,Python,HIGH
fc684111887f57b133900bdd6a613ad5a9976878,function,sync_jira_project,def sync_jira_project(,backend/app/tasks/jira_tasks.py,83,201,119,101,,prod,Python,HIGH
6bdb5edc5df82a09b01a359841f22424d069a5fa,function,batch_fetch_by_ids,async def batch_fetch_by_ids(,backend/app/utils/batch_operations.py,115,152,38,30,,prod,Python,HIGH
c35c012a6a6866fa208158135f31665cc30c5f41,function,batch_fetch_related,async def batch_fetch_related(,backend/app/utils/batch_operations.py,155,193,39,33,,prod,Python,HIGH
1155a9cf87a46a8bcd5034d35b724bbad6b3603e,function,detect_cycles_batched,async def detect_cycles_batched(,backend/app/utils/batch_operations.py,200,253,54,44,,prod,Python,HIGH
eb73347ed52a67df4d69eb809fa6cff2f3290992,function,traverse_graph_batched,async def traverse_graph_batched(,backend/app/utils/batch_operations.py,256,330,75,63,,prod,Python,HIGH
467845a11b4a4a9e8ba097423b1c45ba12f8fae9,function,bulk_delete_by_ids,async def bulk_delete_by_ids(,backend/app/utils/batch_operations.py,31,64,34,28,,prod,Python,HIGH
71423f83ec64014cf7223410872cec2a03793532,function,bulk_update_by_ids,async def bulk_update_by_ids(,backend/app/utils/batch_operations.py,337,369,33,28,,prod,Python,HIGH
a0711df48d2b0b26023346d56a435cd5696271b7,function,bulk_update_conditional,async def bulk_update_conditional(,backend/app/utils/batch_operations.py,372,410,39,33,,prod,Python,HIGH
d9d0c8d0e1acfba000446b4d192cfd58ec447c71,function,aggregate_by_group,async def aggregate_by_group(,backend/app/utils/batch_operations.py,417,470,54,46,,prod,Python,HIGH
572e91441b162e21a6df013b3eb8661a4b180b63,function,bulk_delete_with_cascade_check,async def bulk_delete_with_cascade_check(,backend/app/utils/batch_operations.py,67,108,42,36,,prod,Python,HIGH
99454ea79faf39fefe77880e51cb7095ef7a9c67,function,parse_datetime,def parse_datetime(value:,backend/app/utils/datetime_utils.py,7,69,63,49,,prod,Python,HIGH
1ea7bd18641eeaccb39a69d55056a655abcec338,function,execute_with_lock,async def execute_with_lock(,backend/app/utils/db_operations.py,106,142,37,32,,prod,Python,HIGH
389a1b21a453d68b24fb452a62f0a6fe4c8bf6d4,function,transactional_session,async def transactional_session(,backend/app/utils/db_operations.py,16,103,88,75,,prod,Python,HIGH
9b2c6d483c5de20bbab842c28ed679215d27856c,function,get_or_404,async def get_or_404(,backend/app/utils/entity.py,11,53,43,35,,prod,Python,HIGH
86cc69360561ea9601829867ec3202efe960feae,function,get_by_id_or_404,async def get_by_id_or_404(,backend/app/utils/entity.py,56,98,43,35,,prod,Python,HIGH
e899178ff9684a96e46f6437bdbf040c0124529e,function,async_handle_api_error,async def async_handle_api_error(,backend/app/utils/error_handling.py,138,216,79,65,,prod,Python,HIGH
4bbe6e9c665f401df5bb09cc5358a61467e5455c,function,api_error_handler,def api_error_handler(,backend/app/utils/error_handling.py,219,281,63,56,,prod,Python,HIGH
ef06f88a8af648831f810131a2616d53f4cfd76e,function,handle_api_error,def handle_api_error(,backend/app/utils/error_handling.py,32,134,103,86,,prod,Python,HIGH
104d84cf316307a0d3233e3082ad045c70b9de8d,function,count_with_filters,async def count_with_filters(,backend/app/utils/pagination.py,11,44,34,28,,prod,Python,HIGH
57274f36c792c036bfc0e70837848d66f316be32,function,paginate_query,async def paginate_query(,backend/app/utils/pagination.py,47,76,30,26,,prod,Python,HIGH
bc0796fca45d6d2c5201cd9dd67929e457723f1b,function,get_projects,def get_projects():,backend/app_simple.py,136,177,42,41,,prod,Python,HIGH
71758fbc43ec513e85cead1f6b761a09fb1bd422,function,root,def root():,backend/app_simple.py,15,20,6,6,,prod,Python,HIGH
ab789c6310a74ca4e3c6be4a6435f659ed2dbbbc,function,get_project_velocity,def get_project_velocity(project_id):,backend/app_simple.py,180,195,16,16,,prod,Python,HIGH
b80d79f6353a85aa3d36cbda020aa897d60081e6,function,identify_project_risks,def identify_project_risks(project_id):,backend/app_simple.py,198,235,38,38,,prod,Python,HIGH
8dde48d7a8827c8c4e368ea828e366cb18c2648f,function,health_check,def health_check():,backend/app_simple.py,23,24,2,2,,prod,Python,HIGH
d2b102d3d9e425f940c9adad9323b701d492500f,function,forecast_completion,def forecast_completion(project_id):,backend/app_simple.py,238,249,12,12,,prod,Python,HIGH
a68e376d2958e55a5ba94081e05dadd6abed26f7,function,get_demo_analytics,def get_demo_analytics():,backend/app_simple.py,252,279,28,28,,prod,Python,HIGH
6d5367bb02961ef702106874682bdbc2ebdb6521,function,connect_to_jira,def connect_to_jira():,backend/app_simple.py,27,38,12,12,,prod,Python,HIGH
321cf2fc5331fb8d77fc5afb817689215b089d0a,function,get_jira_project,def get_jira_project(project_key):,backend/app_simple.py,41,49,9,9,,prod,Python,HIGH
e241d39e1b6e85f1018b0d3787ecff61baf868fb,function,get_project_issues,def get_project_issues(project_key):,backend/app_simple.py,52,133,82,81,,prod,Python,HIGH
a4ef4b2817d092d6ccf13253e18804fef7f48f5d,function,check,async def check():,backend/check_db.py,6,21,16,14,,prod,Python,HIGH
62e95de806ce91c57208e7f398c6eacdccfe25b4,function,check,async def check():,backend/check_prim.py,7,28,22,20,,prod,Python,HIGH
42889582afd88b26dfb64cba05147d4ffec37e1e,function,create_tables,async def create_tables():,backend/create_db.py,10,14,5,5,,prod,Python,HIGH
30bff091a251845bc722d9536b5b73d20d8844d2,function,setup_jira,async def setup_jira():,backend/debug_sync.py,103,113,11,11,,prod,Python,HIGH
357abc0c66973b29d6c5c9383a3277ad1ac83ea8,function,test_sync_with_logging,async def test_sync_with_logging():,backend/debug_sync.py,22,90,69,57,,prod,Python,HIGH
727919469c45ea1c92126beda9f46b3cd28d7612,function,fix_orphaned_tasks,async def fix_orphaned_tasks():,backend/fix_orphaned_tasks.py,12,56,45,36,,prod,Python,HIGH
ffe304cf27fdc67dbbcd5f5ba87200dc3314d763,function,check_current_status,async def check_current_status():,backend/fix_orphaned_tasks.py,58,84,27,25,,prod,Python,HIGH
7bc8793a120b7b641c4eef2d225834743eece389,function,main,async def main():,backend/inspect_meta.py,6,10,5,5,,prod,Python,HIGH
7e3affb72583f1a0eab379ea374ee6e966772466,function,override_get_current_user,async def override_get_current_user():,backend/inspect_project_api.py,10,12,3,3,,prod,Python,HIGH
b5cff694b1fcb48f3d0648058b12cb733b3d028f,function,has_permission,"def has_permission(self, perm:",backend/inspect_project_api.py,7,8,2,2,f29938539e9c0986cfb42a6f3f07357d97c794cb,prod,Python,HIGH
a418004886a1a93ac6f489004307bab8360d5e86,function,main,async def main():,backend/inspect_project_schema.py,7,37,31,31,,prod,Python,HIGH
853d60de24afa02c290cedddc6c548047f2698be,function,run_worker,def run_worker():,backend/run_celery_worker.py,16,47,32,25,,prod,Python,HIGH
7eb8c950aae2816c3650c1815fe199d91f98495b,function,main,async def main():,backend/scripts/assign_demo_role.py,18,54,37,30,,prod,Python,HIGH
11eb024c4c25d0712501e78a582683ccd1e02f27,function,print_summary,def print_summary(stats:,backend/scripts/encrypt_existing_credentials.py,149,170,22,20,,prod,Python,HIGH
4e32506456b8924ba8274bed2fb1cd3d6ddb42ac,function,main,async def main():,backend/scripts/encrypt_existing_credentials.py,173,220,48,41,,prod,Python,HIGH
637bd98affb125d203f065aff495344a378689ab,function,is_encrypted,def is_encrypted(value:,backend/scripts/encrypt_existing_credentials.py,48,52,5,5,,prod,Python,HIGH
66320ad1a22e5ff4142f77d0a2980d2e27b3a810,function,encrypt_integration_settings,async def encrypt_integration_settings(session:,backend/scripts/encrypt_existing_credentials.py,55,146,92,74,,prod,Python,HIGH
f2947fe9c32e4e7690efe620a4eda392f6e25d14,function,test_tasks_list,async def test_tasks_list(session:,backend/scripts/profile_performance.py,133,145,13,13,,prod,Python,HIGH
e10afd4878e4f1456f337e7ee79fbed51d4058f1,function,test_tasks_with_filters,async def test_tasks_with_filters(session:,backend/scripts/profile_performance.py,148,161,14,14,,prod,Python,HIGH
115e6d00f4cdaadc28faad206ed0b33643d7456d,function,test_sprint_velocity,async def test_sprint_velocity(session:,backend/scripts/profile_performance.py,164,185,22,22,,prod,Python,HIGH
e8617a10aa8299d0347ddde8ee0466bbef9dcba7,function,test_test_results_trend,async def test_test_results_trend(session:,backend/scripts/profile_performance.py,188,203,16,16,,prod,Python,HIGH
c96c2915f81f414fed8448469bba641eb07c1768,function,test_coverage_history,async def test_coverage_history(session:,backend/scripts/profile_performance.py,206,217,12,12,,prod,Python,HIGH
4c2b62f6c837852da8ccb8be5e3f7e63185a6095,function,test_n1_simulation,async def test_n1_simulation(session:,backend/scripts/profile_performance.py,220,235,16,14,,prod,Python,HIGH
3de9b03ea44f54602ca84b3f2a01ed387dd4b929,function,test_batch_alternative,async def test_batch_alternative(session:,backend/scripts/profile_performance.py,238,256,19,17,,prod,Python,HIGH
0ba9fdc3d8e3e64714198500e5bd8fa63be49df3,function,analyze_indexes,async def analyze_indexes(session:,backend/scripts/profile_performance.py,263,321,59,55,,prod,Python,HIGH
0726207e2f2226a10969a9f56d76885d5c86ba29,function,run_profiling,async def run_profiling():,backend/scripts/profile_performance.py,328,449,122,102,,prod,Python,HIGH
6d285a1d7cc971752fa6bea098f1fd36d1d4c9cc,function,__init__,def __init__(self):,backend/scripts/profile_performance.py,51,53,3,3,338b3968b6193ea37e68686b5c1ab76296e399c0,prod,Python,HIGH
912890f44a63278295a9dd629db700bc3a381da3,function,before_execute,"def before_execute(self, conn, clauseelement, multiparams, params, execution_options):",backend/scripts/profile_performance.py,55,56,2,2,338b3968b6193ea37e68686b5c1ab76296e399c0,prod,Python,HIGH
c437aa090d77166e50fbc6691fb2701bbe4f2cb5,function,after_execute,"def after_execute(self, conn, clauseelement, multiparams, params, execution_options, result):",backend/scripts/profile_performance.py,58,66,9,9,338b3968b6193ea37e68686b5c1ab76296e399c0,prod,Python,HIGH
df49599e9f16437f6215ac37fec066932ede01e1,function,clear,def clear(self):,backend/scripts/profile_performance.py,68,69,2,2,338b3968b6193ea37e68686b5c1ab76296e399c0,prod,Python,HIGH
0d484271570366cea61856d14aae6104aff374dd,function,summary,"def summary(self) -> Dict[str, Any]:",backend/scripts/profile_performance.py,71,83,13,12,338b3968b6193ea37e68686b5c1ab76296e399c0,prod,Python,HIGH
3c1034d9f6ce5db90857d5573242d53661626670,function,profile_endpoint,async def profile_endpoint(,backend/scripts/profile_performance.py,90,130,41,36,,prod,Python,HIGH
c462625b9f137c313e42243c2753ff69988fda31,function,seed_roles,async def seed_roles(session:,backend/scripts/seed_roles.py,33,87,55,49,,prod,Python,HIGH
b0373e0aec5ebe0bba2e9a267c1d8e56aee98bf1,function,main,async def main():,backend/scripts/seed_roles.py,90,101,12,10,,prod,Python,HIGH
9432db1a4a6e81e64544fc65b7b5ab224ece416e,function,test,async def test():,backend/test_api.py,5,23,19,16,,prod,Python,HIGH
4518dbd2da4e6282a263d02d47d49b661d88a938,function,test_cloud_auth,def test_cloud_auth():,backend/test_confluence_auth.py,20,40,21,19,,prod,Python,HIGH
e3b20086c1fc114ec55a522e4ad9f49b79e5b3bb,function,test_datacenter_auth,def test_datacenter_auth():,backend/test_confluence_auth.py,43,62,20,18,,prod,Python,HIGH
4a67e8cbe6fcead82adf6b53d8948d84ed195a08,function,test_auto_detect,def test_auto_detect():,backend/test_confluence_auth.py,65,84,20,16,,prod,Python,HIGH
0248e77cd5854016cbb75f01ad60ba17e5c0f963,function,test_confluence_pat,def test_confluence_pat():,backend/test_confluence_pat.py,21,85,65,53,,prod,Python,HIGH
cc3773b721f8f7561496119fd1490a2e4d168c20,function,test_database_operations,async def test_database_operations():,backend/test_db_operations.py,17,157,141,126,,prod,Python,HIGH
a7d5f198df83d008757f89328a549945c25bd847,function,test,async def test():,backend/test_frontend.py,5,26,22,19,,prod,Python,HIGH
859e8808b636ce522551c4f299f3bb57cb426f1e,function,setup_test_database,async def setup_test_database():,backend/test_gitlab_sync.py,37,89,53,44,,prod,Python,HIGH
f81e1763d0838ff4f7fc0f047d730828a674d525,function,test_gitlab_sync,async def test_gitlab_sync():,backend/test_gitlab_sync.py,92,153,62,52,,prod,Python,HIGH
50ee48b56f61263de957542dafe05a64f3f90436,function,test_jira,async def test_jira():,backend/test_jira_api.py,8,63,56,47,,prod,Python,HIGH
99ce47f622526ef82fd71ea29c4d2b1c65e86062,function,test_sync,async def test_sync():,backend/test_jira_sync.py,9,115,107,92,,prod,Python,HIGH
f68403eedafc8fc47f36d0d3e5b9a5cee0b80e08,function,test_meta_update,async def test_meta_update():,backend/test_meta_update.py,8,53,46,37,,prod,Python,HIGH
04c891172b64f3466bfa4e26f094cf816bfda958,function,test_project_repository_binding,async def test_project_repository_binding():,backend/test_project_repository.py,8,66,59,54,,prod,Python,HIGH
406850fc75d319333fc7227a943ccd5e427a15ea,function,test_tasks_endpoint,def test_tasks_endpoint(limit=500):,backend/test_tasks_performance.py,9,69,61,50,,prod,Python,HIGH
ad7423a47a8e590b4ac85ebec4860afa59f8999c,function,reset_database,async def reset_database() -> None:,backend/tests/test_analytics_api.py,11,14,4,4,,test,Python,HIGH
5ea35139226c35014b456ac2d394d74f1c33c544,function,test_project_burndown_returns_curves,async def test_project_burndown_returns_curves():,backend/tests/test_analytics_api.py,145,201,57,52,,test,Python,HIGH
19a363d0edca84d770e987e40b86801dfc8eef68,function,test_dora_endpoint_returns_metrics,async def test_dora_endpoint_returns_metrics():,backend/tests/test_analytics_api.py,18,74,57,52,,test,Python,HIGH
7acdce72c5f2e36032ae82b91645a56bf035d7b5,function,test_test_trend_endpoint_groups_failures,async def test_test_trend_endpoint_groups_failures():,backend/tests/test_analytics_api.py,204,234,31,25,,test,Python,HIGH
6148ae6c6e00e25f9829ff56ac839ae438032c84,function,test_coverage_trend_endpoint_returns_daily_averages,async def test_coverage_trend_endpoint_returns_daily_averages():,backend/tests/test_analytics_api.py,238,280,43,38,,test,Python,HIGH
44f8b20447e1932fda745bed1ba66cb7118a4cdb,function,test_project_pr_forecast_returns_average_metrics,async def test_project_pr_forecast_returns_average_metrics():,backend/tests/test_analytics_api.py,284,333,50,45,,test,Python,HIGH
aa491663b219ac6bcdad608457df81d6f35a6650,function,test_identify_project_risks_flags_multiple_categories,async def test_identify_project_risks_flags_multiple_categories():,backend/tests/test_analytics_api.py,336,399,64,59,,test,Python,HIGH
779330182a9c916e3d5719bb06c61410a8f949f9,function,test_forecast_completion_uses_velocity_and_remaining_hours,async def test_forecast_completion_uses_velocity_and_remaining_hours():,backend/tests/test_analytics_api.py,403,482,80,75,,test,Python,HIGH
a726287f44ac69cfec42782732cdd457a5555ec5,function,test_velocity_endpoint_aggregates_closed_sprints,async def test_velocity_endpoint_aggregates_closed_sprints():,backend/tests/test_analytics_api.py,78,141,64,59,,test,Python,HIGH
00862989908f49feaa38e32a43ef2b371a194ffa,function,__init__,"def __init__(self, lead=None, cycle=None, rework=0, state=""merged""):",backend/tests/test_analytics_dora.py,10,14,5,5,e5de9b4c5975c66a77c5c20c7fe34fd63d0e32c8,test,Python,HIGH
1fb83d25b34366e6d3ec447e3ae9e936c4dc4d32,function,__init__,"def __init__(self, created:",backend/tests/test_analytics_dora.py,18,20,3,3,23562c153782481c59f8140fb56eda8f16f1d733,test,Python,HIGH
378c9ddcdb3fbcc790788457e0ce2cfacafc5577,function,test_calculate_dora_metrics_frequency,"def test_calculate_dora_metrics_frequency(deployments, incidents, window, expected_freq):",backend/tests/test_analytics_dora.py,30,33,4,4,,test,Python,HIGH
d5e29041c1a61c2f22e70ad92a5665e7e53e2a20,function,test_calculate_dora_metrics_failure_rate_and_percentiles,def test_calculate_dora_metrics_failure_rate_and_percentiles():,backend/tests/test_analytics_dora.py,36,46,11,11,,test,Python,HIGH
f170a65fd1d0f90b375a91501c42c39e33069e39,function,test_calculate_dora_metrics_mttr,def test_calculate_dora_metrics_mttr():,backend/tests/test_analytics_dora.py,49,58,10,10,,test,Python,HIGH
bcd7888254f52ac7e6089c938754a56e821550dc,function,reset_database,async def reset_database() -> None:,backend/tests/test_analytics_more.py,11,14,4,4,,test,Python,HIGH
a1e71e25d6c8a1d018e906e0cf811afc83394e91,function,test_value_metrics_endpoint_calculates_roi_and_sums,async def test_value_metrics_endpoint_calculates_roi_and_sums():,backend/tests/test_analytics_more.py,18,77,60,56,,test,Python,HIGH
16a7d060f2a1bf9256a00e4b7f1846b7c39eea9d,function,test_team_health_endpoint_returns_counts_and_cycles,async def test_team_health_endpoint_returns_counts_and_cycles():,backend/tests/test_analytics_more.py,81,160,80,76,,test,Python,HIGH
7f901ea146df36e3eb3af155f1e85b099a809311,function,async_session,async def async_session() -> AsyncSession:,backend/tests/test_analytics_team_health.py,20,27,8,8,,test,Python,HIGH
836af1bd418f7306f6c29472d96804375bdae3af,function,test_team_health_metrics,async def test_team_health_metrics(async_session:,backend/tests/test_analytics_team_health.py,31,83,53,49,,test,Python,HIGH
f685e0c172ccaa46330cf32d0d63ca2bb7fca6e5,function,test_team_health_no_tasks,async def test_team_health_no_tasks(async_session:,backend/tests/test_analytics_team_health.py,87,94,8,7,,test,Python,HIGH
3a67a1227423ec11a89b644e7568746b04dc01b3,function,test_test_connection_cloud_success,async def test_test_connection_cloud_success(self):,backend/tests/test_bitbucket_integration.py,102,127,26,23,83eda43919d8da3ae7781e23ee20f042bc7b117b,test,Python,HIGH
4ff0cfdf5860c4260dd84385fb9f0f8a311bcf92,function,test_test_connection_auth_failure,async def test_test_connection_auth_failure(self):,backend/tests/test_bitbucket_integration.py,130,148,19,17,83eda43919d8da3ae7781e23ee20f042bc7b117b,test,Python,HIGH
f2cad167380fdde14f84d69d7b88bc96f3179895,function,test_test_connection_no_credentials,async def test_test_connection_no_credentials(self):,backend/tests/test_bitbucket_integration.py,151,155,5,5,83eda43919d8da3ae7781e23ee20f042bc7b117b,test,Python,HIGH
a29e3579a4afd910b0b44caa20e0de51d3567c5a,function,test_fetch_pull_requests_cloud,async def test_fetch_pull_requests_cloud(self):,backend/tests/test_bitbucket_integration.py,158,185,28,25,83eda43919d8da3ae7781e23ee20f042bc7b117b,test,Python,HIGH
52458addbaf497a6f3862edf6d886d8cf275e38b,function,test_fetch_commits,async def test_fetch_commits(self):,backend/tests/test_bitbucket_integration.py,188,214,27,24,83eda43919d8da3ae7781e23ee20f042bc7b117b,test,Python,HIGH
768fb33551d21e1a250e5ef31b0ac477456dec4b,function,bitbucket_webhook_secret,def bitbucket_webhook_secret(self):,backend/tests/test_bitbucket_integration.py,221,223,3,3,3345ee20b3f3a844db431ecb4848f399e2f7e158,test,Python,HIGH
4696f63293d2b922ef4ab33dd4d7512374f58d15,function,bitbucket_webhook_headers,"def bitbucket_webhook_headers(self, bitbucket_webhook_secret:",backend/tests/test_bitbucket_integration.py,226,238,13,13,3345ee20b3f3a844db431ecb4848f399e2f7e158,test,Python,HIGH
7ee63805f1b0dd7adf1545ca4605fe274a77c9fc,function,test_bitbucket_push_webhook,async def test_bitbucket_push_webhook(,backend/tests/test_bitbucket_integration.py,240,295,56,52,3345ee20b3f3a844db431ecb4848f399e2f7e158,test,Python,HIGH
723469c3fcfb3aa0f7abb2256a99ec7fbce7bd06,function,test_bitbucket_pr_webhook,async def test_bitbucket_pr_webhook(,backend/tests/test_bitbucket_integration.py,297,348,52,48,3345ee20b3f3a844db431ecb4848f399e2f7e158,test,Python,HIGH
1d7c418b8b40f7554845896887bfcd055fdb2429,function,test_detect_cloud_from_bitbucket_org,def test_detect_cloud_from_bitbucket_org(self):,backend/tests/test_bitbucket_integration.py,35,39,5,5,efa5e81306a92ea1cd702754b6ba71d0d6a73218,test,Python,HIGH
952c4c0ef419b7040e1c16c42f2b4e5573100e8d,function,test_get_bitbucket_settings,"async def test_get_bitbucket_settings(self, client, auth_headers):",backend/tests/test_bitbucket_integration.py,354,363,10,9,c60d39be83fef5f641ee1962211ad0c2d1f70821,test,Python,HIGH
09a2a277edee0496333a84d0722e98d5b73964d9,function,test_put_bitbucket_settings,"async def test_put_bitbucket_settings(self, client, auth_headers):",backend/tests/test_bitbucket_integration.py,365,381,17,16,c60d39be83fef5f641ee1962211ad0c2d1f70821,test,Python,HIGH
3daf61aa6605ea939b27bc4a67fb699f43146e2f,function,test_test_bitbucket_connection,"async def test_test_bitbucket_connection(self, client, auth_headers, monkeypatch):",backend/tests/test_bitbucket_integration.py,383,410,28,25,c60d39be83fef5f641ee1962211ad0c2d1f70821,test,Python,HIGH
26fb85e89c3bbfd5212281ab839fb3ce8329739d,function,test_detect_server_from_custom_url,def test_detect_server_from_custom_url(self):,backend/tests/test_bitbucket_integration.py,41,45,5,5,efa5e81306a92ea1cd702754b6ba71d0d6a73218,test,Python,HIGH
0993fe990f24e0bc5dc738db5de3fa0ab5b0e295,function,test_get_api_base_cloud,def test_get_api_base_cloud(self):,backend/tests/test_bitbucket_integration.py,47,50,4,4,efa5e81306a92ea1cd702754b6ba71d0d6a73218,test,Python,HIGH
21da6996b75205916fdfa92f56c658dd48af4ac2,function,test_get_api_base_server,def test_get_api_base_server(self):,backend/tests/test_bitbucket_integration.py,52,59,8,7,efa5e81306a92ea1cd702754b6ba71d0d6a73218,test,Python,HIGH
116ff4ad98ad8e5e06811a952268db06b5a6b6fa,function,test_build_headers_cloud_basic_auth,def test_build_headers_cloud_basic_auth(self):,backend/tests/test_bitbucket_integration.py,61,73,13,12,efa5e81306a92ea1cd702754b6ba71d0d6a73218,test,Python,HIGH
3283236063c51a082381711b31b538dd16496b1e,function,test_build_headers_cloud_oauth,def test_build_headers_cloud_oauth(self):,backend/tests/test_bitbucket_integration.py,75,84,10,9,efa5e81306a92ea1cd702754b6ba71d0d6a73218,test,Python,HIGH
14fdd910e09d8637b8f3353c2f4434e04028bdde,function,test_build_headers_server_pat,def test_build_headers_server_pat(self):,backend/tests/test_bitbucket_integration.py,86,95,10,9,efa5e81306a92ea1cd702754b6ba71d0d6a73218,test,Python,HIGH
a2a2cb294681812236473d4969ea37b4a00b2d90,function,test_encrypt_str_sets_aes_gcm_prefix,def test_encrypt_str_sets_aes_gcm_prefix():,backend/tests/test_crypto.py,10,15,6,6,,test,Python,HIGH
5672abb302cab1228f1d7c95322933c52081c917,function,test_decrypt_str_supports_legacy_tokens,def test_decrypt_str_supports_legacy_tokens():,backend/tests/test_crypto.py,18,25,8,7,,test,Python,HIGH
914dc3e72194d0b1c0920f3b4d425c1239a5586e,function,test_decrypt_str_returns_none_for_bad_ciphertext,def test_decrypt_str_returns_none_for_bad_ciphertext():,backend/tests/test_crypto.py,28,29,2,2,,test,Python,HIGH
7a18930aafc7c49a4da33b680d66199ae3ca7115,function,test_github_pull_request_webhook,async def test_github_pull_request_webhook(,backend/tests/test_git_endpoints.py,116,158,43,39,f8831cd16e948d1b49d8ad5fd8080d39f4c7e083,test,Python,HIGH
8ee3b431f26b3cb0c0ebc9126dfbc4f051d0530c,function,test_gitlab_push_webhook,async def test_gitlab_push_webhook(,backend/tests/test_git_endpoints.py,160,199,40,37,f8831cd16e948d1b49d8ad5fd8080d39f4c7e083,test,Python,HIGH
25370676e85e98f5f7d6b32c1ec96427c2ab41c9,function,github_webhook_headers,def github_webhook_headers(github_webhook_secret:,backend/tests/test_git_endpoints.py,18,30,13,13,,test,Python,HIGH
571d1d84d6148265ff9ed9310476b928fdbe2c35,function,test_invalid_github_signature,async def test_invalid_github_signature(,backend/tests/test_git_endpoints.py,201,222,22,19,f8831cd16e948d1b49d8ad5fd8080d39f4c7e083,test,Python,HIGH
ebb9fcee6a6554f8bb64d7e6a59f045f1a75e96f,function,test_pull_request_list,async def test_pull_request_list(,backend/tests/test_git_endpoints.py,228,264,37,34,c3efe983e6f4ba4c89ab9f701dc73e92dad1fb8e,test,Python,HIGH
4b2546645cab5991460ad5278e2060a35aed6a81,function,test_pr_metrics_calculation,async def test_pr_metrics_calculation(,backend/tests/test_git_endpoints.py,266,313,48,43,c3efe983e6f4ba4c89ab9f701dc73e92dad1fb8e,test,Python,HIGH
c01a1f8e48f38e67253198e0600dca8b540d4877,function,test_commits_for_issue,async def test_commits_for_issue(,backend/tests/test_git_endpoints.py,315,374,60,55,c3efe983e6f4ba4c89ab9f701dc73e92dad1fb8e,test,Python,HIGH
a6cdb236b3f6c52091364d0ab50f763dc116ce80,function,github_webhook_secret,def github_webhook_secret():,backend/tests/test_git_endpoints.py,34,36,3,3,,test,Python,HIGH
92203ad7ca4cb9cb8cee06f738d1a97e70d62a0e,function,test_ci_results_with_junit,async def test_ci_results_with_junit(,backend/tests/test_git_endpoints.py,380,425,46,43,12fa0c3bcd8e09c72f19084838418032f85e29eb,test,Python,HIGH
b939d97c0a713bfd11067435195e0df3e9a6f9d6,function,gitlab_webhook_headers,def gitlab_webhook_headers(gitlab_webhook_secret:,backend/tests/test_git_endpoints.py,40,45,6,6,,test,Python,HIGH
1b00bb68f0a8e020110f1e8a4f999df0c51b3622,function,test_ci_results_with_cobertura,async def test_ci_results_with_cobertura(,backend/tests/test_git_endpoints.py,427,466,40,37,12fa0c3bcd8e09c72f19084838418032f85e29eb,test,Python,HIGH
c70710c65cac819887febae2c204a51dc4611d4e,function,test_list_repositories,async def test_list_repositories(,backend/tests/test_git_endpoints.py,472,499,28,25,4899483722f0cb4a258df2345a9a26b008d1cf07,test,Python,HIGH
cc2ece1c6939384ae3b85a842c972d4fdf15a5b6,function,gitlab_webhook_secret,def gitlab_webhook_secret():,backend/tests/test_git_endpoints.py,49,51,3,3,,test,Python,HIGH
e0b7481beafd1132cf44c38343aab3ed63eae5e8,function,test_git_health_check,"async def test_git_health_check(self, client:",backend/tests/test_git_endpoints.py,505,515,11,10,25a7658e665a86304d90fd88410d58c8238e83b7,test,Python,HIGH
f8a1bb3e5b90b83f12defbcf1e09c790c23e72e6,function,test_github_push_webhook,async def test_github_push_webhook(,backend/tests/test_git_endpoints.py,57,114,58,52,f8831cd16e948d1b49d8ad5fd8080d39f4c7e083,test,Python,HIGH
3d3ba62126d215e99e4dbdc2c1fc9eaff5d3d8dc,function,async_session,async def async_session() -> AsyncSession:,backend/tests/test_git_import_service.py,24,31,8,8,,test,Python,HIGH
d13e040b354d536dba010a90e51d4376551d1519,function,test_sync_project_imports_commits_and_prs,"async def test_sync_project_imports_commits_and_prs(monkeypatch, async_session:",backend/tests/test_git_import_service.py,35,118,84,70,,test,Python,HIGH
ac9b6e1b4001107b6766d4dafb34c854cd5d4bee,function,__init__,"def __init__(self, rows):",backend/tests/test_git_metrics.py,14,15,2,2,48d81383bc1672101e09397b7258b39cffaa8c4b,test,Python,HIGH
5cc0cf9f35f57b885e2d38477807abc291a5d656,function,scalars,def scalars(self):,backend/tests/test_git_metrics.py,17,18,2,2,48d81383bc1672101e09397b7258b39cffaa8c4b,test,Python,HIGH
b4cc4fa8d21665702eb259d67cc6f8e33f7418e2,function,all,def all(self):,backend/tests/test_git_metrics.py,20,21,2,2,48d81383bc1672101e09397b7258b39cffaa8c4b,test,Python,HIGH
da4878837da2b0285b7cc362d4d3afb3843bf93c,function,__init__,"def __init__(self, rows):",backend/tests/test_git_metrics.py,25,26,2,2,3ce5988106c35d4b2e515a8ee48a806f76d7d975,test,Python,HIGH
c64a6de659e07d7b72ed3da2ab00cab69139c8d4,function,execute,"async def execute(self, *_args, **_kwargs):",backend/tests/test_git_metrics.py,28,29,2,2,3ce5988106c35d4b2e515a8ee48a806f76d7d975,test,Python,HIGH
68684fd393c5f79b864152934d99a95dfc6c8910,function,test_histogram_counts_basic,def test_histogram_counts_basic():,backend/tests/test_git_metrics.py,32,36,5,5,,test,Python,HIGH
799339677f4d782a18f3a1b53249703d8cbfe416,function,test_pull_request_metrics_aggregation,async def test_pull_request_metrics_aggregation():,backend/tests/test_git_metrics.py,40,101,62,55,,test,Python,HIGH
9bae9e7706d005949826f6cd827a78153d3c3674,function,async_session,async def async_session() -> AsyncSession:,backend/tests/test_git_traceability.py,20,27,8,8,,test,Python,HIGH
8b5a662e875a601d440fc640b076bf97c313ded8,function,_create_project_with_issue,async def _create_project_with_issue(session:,backend/tests/test_git_traceability.py,30,48,19,18,,test,Python,HIGH
1dfabe2fe34c0e08106b14a937e63e804f6f4f85,function,test_create_commit_artifacts_links_to_issue,async def test_create_commit_artifacts_links_to_issue(async_session:,backend/tests/test_git_traceability.py,52,85,34,30,,test,Python,HIGH
c98a6ee03c0a8f1e47f06c5d441b446abf2a1745,function,test_upsert_pull_request_artifact_creates_links,async def test_upsert_pull_request_artifact_creates_links(async_session:,backend/tests/test_git_traceability.py,89,128,40,35,,test,Python,HIGH
5ff4d2ceb9634d6b81afac22d41642b483aabdfa,function,test_fetch_pull_requests_handles_auth_error,async def test_fetch_pull_requests_handles_auth_error():,backend/tests/test_github_client.py,22,31,10,9,,test,Python,HIGH
9d14dd96cc7b68c9296c7e1d84ba3ac15f830fd8,function,test_fetch_pull_requests_success,async def test_fetch_pull_requests_success(monkeypatch):,backend/tests/test_github_client.py,9,19,11,10,,test,Python,HIGH
51858adfea3fbf9318701feddc8de94948513e81,function,test_jira_project_check_unconfigured,async def test_jira_project_check_unconfigured():,backend/tests/test_jira_api_endpoints.py,18,24,7,7,,test,Python,HIGH
6cb46a2891b9734332069c9799c7f2463370aeb2,function,test_jira_status_unconfigured,async def test_jira_status_unconfigured():,backend/tests/test_jira_api_endpoints.py,8,14,7,7,,test,Python,HIGH
c44fee49b4cf7f658afca83ce6faee25e38823d3,function,_make_response,def _make_response(status:,backend/tests/test_jira_service.py,10,17,8,8,,test,Python,HIGH
c77ae6f69c0c6ef46f3953b40937b0752c700b6f,function,stub_metrics,def stub_metrics(monkeypatch):,backend/tests/test_jira_service.py,21,31,11,9,,test,Python,HIGH
b8e574c836ca40b9d733a77ab03f97454037e1d6,function,service,def service():,backend/tests/test_jira_service.py,35,36,2,2,,test,Python,HIGH
124c408648cc1ae1abe33f5dcf67c40d161f71a2,function,test_handle_response_success_returns_json,def test_handle_response_success_returns_json(service):,backend/tests/test_jira_service.py,39,42,4,4,,test,Python,HIGH
4a7892129c83f0f43341b8542dca61b1648f1360,function,test_handle_response_raises_for_non_json_response,def test_handle_response_raises_for_non_json_response(service):,backend/tests/test_jira_service.py,45,48,4,4,,test,Python,HIGH
5ba44424304f7b09516fecb16103eaf6d94a7a30,function,test_handle_response_raises_for_auth_error,def test_handle_response_raises_for_auth_error(service):,backend/tests/test_jira_service.py,51,54,4,4,,test,Python,HIGH
c8042c37a1a0d276162fd8ea4164bc656375eab3,function,test_get_user_info_success,async def test_get_user_info_success(self):,backend/tests/test_oauth_mfa.py,106,135,30,26,0512ec124afa1d6efd9988e50416047394d70f4f,test,Python,HIGH
8fa3469b033a5315afb06806c9b890b30b06a5ed,function,test_is_not_configured_without_credentials,def test_is_not_configured_without_credentials(self):,backend/tests/test_oauth_mfa.py,141,144,4,4,06a850aed106de7d2507b2dffaa9a27d0a06ecb8,test,Python,HIGH
b1c4addfa11ece2f5842ca2b514bd341b8e10e46,function,test_is_configured_with_credentials,def test_is_configured_with_credentials(self):,backend/tests/test_oauth_mfa.py,146,152,7,7,06a850aed106de7d2507b2dffaa9a27d0a06ecb8,test,Python,HIGH
d6071e3ab805b69ed2424b3cae83690d4ec3b0d8,function,test_get_authorization_url,def test_get_authorization_url(self):,backend/tests/test_oauth_mfa.py,154,167,14,13,06a850aed106de7d2507b2dffaa9a27d0a06ecb8,test,Python,HIGH
50be45ed0d5566baa576dfcf6ea782413888c08e,function,test_get_user_info_success,async def test_get_user_info_success(self):,backend/tests/test_oauth_mfa.py,170,197,28,24,06a850aed106de7d2507b2dffaa9a27d0a06ecb8,test,Python,HIGH
fbf9e8ec019e5198cefdf46eab0c3ac7e017ab4e,function,test_is_email_allowed_no_restrictions,"def test_is_email_allowed_no_restrictions(self, monkeypatch):",backend/tests/test_oauth_mfa.py,203,206,4,4,45d0b7597ad2a42dbcd607af7d2b86b9790d9c6a,test,Python,HIGH
ccc3c4db324d7ce08704be45fa5b407e08883120,function,test_is_email_allowed_with_restrictions,"def test_is_email_allowed_with_restrictions(self, monkeypatch):",backend/tests/test_oauth_mfa.py,208,217,10,9,45d0b7597ad2a42dbcd607af7d2b86b9790d9c6a,test,Python,HIGH
023a4ed0545192a33abf498e9d9394d8c99573b0,function,test_generate_totp_secret,def test_generate_totp_secret(self):,backend/tests/test_oauth_mfa.py,223,229,7,6,057a0cd5fd57bc0e4f4237d1f7f2b2ec00c1b217,test,Python,HIGH
60f8a448c2204cfb2af7a0120985dc457567659e,function,test_generate_backup_codes,def test_generate_backup_codes(self):,backend/tests/test_oauth_mfa.py,231,244,14,12,057a0cd5fd57bc0e4f4237d1f7f2b2ec00c1b217,test,Python,HIGH
4655ecbeec65867f60e94e891dfa5ed62e3d28a2,function,test_get_provisioning_uri,def test_get_provisioning_uri(self):,backend/tests/test_oauth_mfa.py,246,254,9,8,057a0cd5fd57bc0e4f4237d1f7f2b2ec00c1b217,test,Python,HIGH
d30ecc5abdf769ec9392af5e3cf616517c93b638,function,test_generate_qr_code_base64,def test_generate_qr_code_base64(self):,backend/tests/test_oauth_mfa.py,256,262,7,6,057a0cd5fd57bc0e4f4237d1f7f2b2ec00c1b217,test,Python,HIGH
c573b55457a433165f9f8bf841c5d0f1ae5cc5d9,function,test_setup_mfa,def test_setup_mfa(self):,backend/tests/test_oauth_mfa.py,264,271,8,7,057a0cd5fd57bc0e4f4237d1f7f2b2ec00c1b217,test,Python,HIGH
e75ea539af872854818bb4e4d580ca45bb60dcde,function,test_verify_totp_valid,def test_verify_totp_valid(self):,backend/tests/test_oauth_mfa.py,273,278,6,5,057a0cd5fd57bc0e4f4237d1f7f2b2ec00c1b217,test,Python,HIGH
c726707e4449d2b8fb81c9401d588c4aade3ef4b,function,test_verify_totp_invalid,def test_verify_totp_invalid(self):,backend/tests/test_oauth_mfa.py,280,287,8,7,057a0cd5fd57bc0e4f4237d1f7f2b2ec00c1b217,test,Python,HIGH
abc5cb7dc14b5f42057c6ca34515280de5c961bf,function,test_verify_totp_with_formatting,def test_verify_totp_with_formatting(self):,backend/tests/test_oauth_mfa.py,289,296,8,7,057a0cd5fd57bc0e4f4237d1f7f2b2ec00c1b217,test,Python,HIGH
7a6b7e10fa9535f95b0b9f25766272f4d61a7389,function,test_verify_backup_code_valid,def test_verify_backup_code_valid(self):,backend/tests/test_oauth_mfa.py,298,306,9,7,057a0cd5fd57bc0e4f4237d1f7f2b2ec00c1b217,test,Python,HIGH
18c7746622141f7d3ef57fd241ac854b3266de47,function,test_verify_backup_code_invalid,def test_verify_backup_code_invalid(self):,backend/tests/test_oauth_mfa.py,308,315,8,6,057a0cd5fd57bc0e4f4237d1f7f2b2ec00c1b217,test,Python,HIGH
8da56aa7a8571969af5eaae339f8534e38b13a4c,function,test_verify_backup_code_case_insensitive,def test_verify_backup_code_case_insensitive(self):,backend/tests/test_oauth_mfa.py,317,323,7,6,057a0cd5fd57bc0e4f4237d1f7f2b2ec00c1b217,test,Python,HIGH
9c37b653441ada440ced2303295a9196b085304b,function,test_remaining_time_in_period,def test_remaining_time_in_period(self):,backend/tests/test_oauth_mfa.py,325,329,5,4,057a0cd5fd57bc0e4f4237d1f7f2b2ec00c1b217,test,Python,HIGH
26aa761fdb76c5f61de5c0ba524996bd794a0f2f,function,test_get_oauth_providers,"async def test_get_oauth_providers(self, client, auth_headers):",backend/tests/test_oauth_mfa.py,335,345,11,10,8cfc982d91ad0aef0d35df142f385dec6c1b39c1,test,Python,HIGH
5b92b153aab5d91a6f805e4366a95a019ecc42e6,function,test_google_oauth_initiate,"async def test_google_oauth_initiate(self, client, monkeypatch):",backend/tests/test_oauth_mfa.py,347,357,11,9,8cfc982d91ad0aef0d35df142f385dec6c1b39c1,test,Python,HIGH
077164053303a35282da1f4aaed6a67427600339,function,test_microsoft_oauth_initiate,"async def test_microsoft_oauth_initiate(self, client, monkeypatch):",backend/tests/test_oauth_mfa.py,359,368,10,8,8cfc982d91ad0aef0d35df142f385dec6c1b39c1,test,Python,HIGH
51c9f77a1b43317e91a702be4ed7b1d84d02c631,function,test_get_mfa_status,"async def test_get_mfa_status(self, client, auth_headers):",backend/tests/test_oauth_mfa.py,374,384,11,10,5d63bef5ac1352de2710e5477be5180e014a5b75,test,Python,HIGH
50ab69eb0ff6ea15bec6d365a8f857e7c41f299a,function,test_mfa_setup,"async def test_mfa_setup(self, client, auth_headers):",backend/tests/test_oauth_mfa.py,386,397,12,11,5d63bef5ac1352de2710e5477be5180e014a5b75,test,Python,HIGH
34cf7b0ffc32f205dac7c9bd993d7e870a4a7cd8,function,test_is_not_configured_without_credentials,def test_is_not_configured_without_credentials(self):,backend/tests/test_oauth_mfa.py,39,42,4,4,0512ec124afa1d6efd9988e50416047394d70f4f,test,Python,HIGH
37105d2734131e4c1d8b228e9fd3d518bd29eb1e,function,test_mfa_verify,"async def test_mfa_verify(self, client, auth_headers, monkeypatch):",backend/tests/test_oauth_mfa.py,399,420,22,19,5d63bef5ac1352de2710e5477be5180e014a5b75,test,Python,HIGH
9d6bdc2e0557f58421f79444842420e6faacc893,function,test_mfa_disable,"async def test_mfa_disable(self, client, auth_headers):",backend/tests/test_oauth_mfa.py,422,431,10,9,5d63bef5ac1352de2710e5477be5180e014a5b75,test,Python,HIGH
8a1f64e5a0b5d1171e527e2338199ecd8866a645,function,test_regenerate_backup_codes,"async def test_regenerate_backup_codes(self, client, auth_headers):",backend/tests/test_oauth_mfa.py,433,445,13,12,5d63bef5ac1352de2710e5477be5180e014a5b75,test,Python,HIGH
4fbdcf9346a42cb7301115d7149d9ffff3ad6e84,function,test_is_configured_with_credentials,def test_is_configured_with_credentials(self):,backend/tests/test_oauth_mfa.py,44,50,7,7,0512ec124afa1d6efd9988e50416047394d70f4f,test,Python,HIGH
0a0260df0cefe6558a5d9532b25a4003ce5804b7,function,test_get_authorization_url,def test_get_authorization_url(self):,backend/tests/test_oauth_mfa.py,52,65,14,13,0512ec124afa1d6efd9988e50416047394d70f4f,test,Python,HIGH
cb5436c50d538c093d94f065cc1c39f8cb153c9f,function,test_get_authorization_url_not_configured,def test_get_authorization_url_not_configured(self):,backend/tests/test_oauth_mfa.py,67,73,7,6,0512ec124afa1d6efd9988e50416047394d70f4f,test,Python,HIGH
555343691a9bde528698d04a2555550d323b822a,function,test_exchange_code_success,async def test_exchange_code_success(self):,backend/tests/test_oauth_mfa.py,76,103,28,24,0512ec124afa1d6efd9988e50416047394d70f4f,test,Python,HIGH
15dd0e61f1832e21b39e4fd4de143a57ec157b53,function,test_validate_regex_rejects_custom_without_flag,def test_validate_regex_rejects_custom_without_flag(self):,backend/tests/test_security_input_validation.py,101,105,5,5,f7ca2d0a5d62968c55dae10820a30e475c2aef70,test,Python,HIGH
9c151173c811046033bb4623216b4b9ca93e4f63,function,test_validate_regex_detects_nested_quantifiers,def test_validate_regex_detects_nested_quantifiers(self):,backend/tests/test_security_input_validation.py,107,119,13,12,f7ca2d0a5d62968c55dae10820a30e475c2aef70,test,Python,HIGH
effeec378d5fc049221eb31c827a0b0e5365511b,function,test_validate_regex_rejects_too_long,def test_validate_regex_rejects_too_long(self):,backend/tests/test_security_input_validation.py,121,125,5,5,f7ca2d0a5d62968c55dae10820a30e475c2aef70,test,Python,HIGH
603e68fd03611f14c296dcac13b12dbe95d79e0d,function,test_validate_regex_rejects_too_many_quantifiers,def test_validate_regex_rejects_too_many_quantifiers(self):,backend/tests/test_security_input_validation.py,127,132,6,6,f7ca2d0a5d62968c55dae10820a30e475c2aef70,test,Python,HIGH
17dadf13577c2a17e7d7b54ede94df1f14671ad0,function,test_validate_regex_rejects_invalid_syntax,def test_validate_regex_rejects_invalid_syntax(self):,backend/tests/test_security_input_validation.py,134,145,12,11,f7ca2d0a5d62968c55dae10820a30e475c2aef70,test,Python,HIGH
dcb62f2bf123cf8ac88a264cb3da6a6280f25df5,function,test_validate_regex_rejects_non_string,def test_validate_regex_rejects_non_string(self):,backend/tests/test_security_input_validation.py,147,150,4,4,f7ca2d0a5d62968c55dae10820a30e475c2aef70,test,Python,HIGH
0a05edfda017c7d9d26a65417a5e57406a6bcaf0,function,test_validate_list_of_strings_basic,def test_validate_list_of_strings_basic(self):,backend/tests/test_security_input_validation.py,156,160,5,5,f7ca2d0a5d62968c55dae10820a30e475c2aef70,test,Python,HIGH
faa7efb57b634273bc61cf5e93f2900ebbd61ee0,function,test_validate_list_of_strings_converts_single_string,def test_validate_list_of_strings_converts_single_string(self):,backend/tests/test_security_input_validation.py,162,165,4,4,f7ca2d0a5d62968c55dae10820a30e475c2aef70,test,Python,HIGH
23d2b3471242c7ab1fb3adb4fe65094ec5a3af88,function,test_validate_list_of_strings_sanitizes_items,def test_validate_list_of_strings_sanitizes_items(self):,backend/tests/test_security_input_validation.py,167,171,5,5,f7ca2d0a5d62968c55dae10820a30e475c2aef70,test,Python,HIGH
44c61d660324129f72259f0ca17822acb71ec5da,function,test_validate_list_of_strings_rejects_too_many_items,def test_validate_list_of_strings_rejects_too_many_items(self):,backend/tests/test_security_input_validation.py,173,177,5,5,f7ca2d0a5d62968c55dae10820a30e475c2aef70,test,Python,HIGH
b3ae34fffe56861afc0ca1883c3e2f608ca075a1,function,test_validate_list_of_strings_rejects_too_long_item,def test_validate_list_of_strings_rejects_too_long_item(self):,backend/tests/test_security_input_validation.py,179,183,5,5,f7ca2d0a5d62968c55dae10820a30e475c2aef70,test,Python,HIGH
7ba3ee02506ad31988b1a4ae77a6524d4777e92a,function,test_validate_list_of_strings_rejects_non_list,def test_validate_list_of_strings_rejects_non_list(self):,backend/tests/test_security_input_validation.py,185,188,4,4,f7ca2d0a5d62968c55dae10820a30e475c2aef70,test,Python,HIGH
65e3bb499c9f8fdb650aacf50757f4b3bab04b84,function,test_sql_injection_attempt_in_string,def test_sql_injection_attempt_in_string(self):,backend/tests/test_security_input_validation.py,194,201,8,7,f7ca2d0a5d62968c55dae10820a30e475c2aef70,test,Python,HIGH
91fdc0b9313f8cc2f84f236591f91f5f9cd4ed27,function,test_xss_attempt_in_string,def test_xss_attempt_in_string(self):,backend/tests/test_security_input_validation.py,205,211,7,6,f7ca2d0a5d62968c55dae10820a30e475c2aef70,test,Python,HIGH
b07e57ebea47038c8170840424549932ce8e6601,function,test_redos_attack_prevented,def test_redos_attack_prevented(self):,backend/tests/test_security_input_validation.py,213,219,7,6,f7ca2d0a5d62968c55dae10820a30e475c2aef70,test,Python,HIGH
71abf3aaa89a4fe6ccf705205ad4b710dfb0765e,function,test_path_traversal_in_string,def test_path_traversal_in_string(self):,backend/tests/test_security_input_validation.py,221,227,7,6,f7ca2d0a5d62968c55dae10820a30e475c2aef70,test,Python,HIGH
d3d326caed2f40d26f4f266ba3ae4023f1d3192e,function,test_buffer_overflow_attempt,def test_buffer_overflow_attempt(self):,backend/tests/test_security_input_validation.py,230,236,7,6,f7ca2d0a5d62968c55dae10820a30e475c2aef70,test,Python,HIGH
33b990537cf2ab212a35d679d564263e8f044145,function,test_validate_string_basic,def test_validate_string_basic(self):,backend/tests/test_security_input_validation.py,24,27,4,4,f7ca2d0a5d62968c55dae10820a30e475c2aef70,test,Python,HIGH
05e974ed9d5b82604b916340b84fbb6468735a75,function,test_commit_source_executor_sanitizes_filters,def test_commit_source_executor_sanitizes_filters(self):,backend/tests/test_security_input_validation.py,242,246,5,5,319abe9286025a24cbbd99d1ab45753baa69c784,test,Python,HIGH
9a6d9b03cef452e6ea07d24cd71706f063216f0f,function,test_jira_issue_source_executor_sanitizes_filters,def test_jira_issue_source_executor_sanitizes_filters(self):,backend/tests/test_security_input_validation.py,248,250,3,3,319abe9286025a24cbbd99d1ab45753baa69c784,test,Python,HIGH
7bcceed9d5cf45c826c637b62b1b04de3f88ba51,function,test_confluence_source_executor_sanitizes_filters,def test_confluence_source_executor_sanitizes_filters(self):,backend/tests/test_security_input_validation.py,252,254,3,3,319abe9286025a24cbbd99d1ab45753baa69c784,test,Python,HIGH
348e2d322aa74c705775f98a6ce365e3902cd343,function,test_jira_key_extractor_prevents_redos,def test_jira_key_extractor_prevents_redos(self):,backend/tests/test_security_input_validation.py,256,258,3,3,319abe9286025a24cbbd99d1ab45753baa69c784,test,Python,HIGH
5ef9ca8dc14295ddb3f9d41127dddf5644c5cc17,function,test_filter_node_executor_validates_config,def test_filter_node_executor_validates_config(self):,backend/tests/test_security_input_validation.py,260,262,3,3,319abe9286025a24cbbd99d1ab45753baa69c784,test,Python,HIGH
91b59a18eb5f03a93072a103f7738771d83a169e,function,test_string_validation_performance,def test_string_validation_performance(self):,backend/tests/test_security_input_validation.py,272,283,12,10,82b5571fc53bfa44a8117f26c50e548d46b684d0,test,Python,HIGH
480380e678dbeefac19d8e8437e00a04f86d7e9a,function,test_regex_validation_performance,def test_regex_validation_performance(self):,backend/tests/test_security_input_validation.py,285,298,14,11,82b5571fc53bfa44a8117f26c50e548d46b684d0,test,Python,HIGH
5b3f108bccd16dea700fd0231c735472cf15f052,function,test_validate_string_removes_null_bytes,def test_validate_string_removes_null_bytes(self):,backend/tests/test_security_input_validation.py,29,34,6,6,f7ca2d0a5d62968c55dae10820a30e475c2aef70,test,Python,HIGH
2500257243fd1029c0c2d0288cd379070c8750cb,function,test_validate_string_strips_whitespace,def test_validate_string_strips_whitespace(self):,backend/tests/test_security_input_validation.py,36,39,4,4,f7ca2d0a5d62968c55dae10820a30e475c2aef70,test,Python,HIGH
518c61676e204bdbb48107302e9ffe7d0db9c30f,function,test_validate_string_rejects_too_long,def test_validate_string_rejects_too_long(self):,backend/tests/test_security_input_validation.py,41,45,5,5,f7ca2d0a5d62968c55dae10820a30e475c2aef70,test,Python,HIGH
64d64b3d71e53696751c0413daa3797056c225a7,function,test_validate_string_rejects_non_string,def test_validate_string_rejects_non_string(self):,backend/tests/test_security_input_validation.py,47,53,7,6,f7ca2d0a5d62968c55dae10820a30e475c2aef70,test,Python,HIGH
20ae9bfb22ce972c754fe3e1bf34f9c9dad6f4c7,function,test_validate_date_datetime_object,def test_validate_date_datetime_object(self):,backend/tests/test_security_input_validation.py,59,63,5,5,f7ca2d0a5d62968c55dae10820a30e475c2aef70,test,Python,HIGH
5346f46dc15651779db76eeadc6eef5603d5149c,function,test_validate_date_iso_string,def test_validate_date_iso_string(self):,backend/tests/test_security_input_validation.py,65,72,8,8,f7ca2d0a5d62968c55dae10820a30e475c2aef70,test,Python,HIGH
e1e042540a085883822db88210fb9e461f717a1e,function,test_validate_date_iso_string_with_z,def test_validate_date_iso_string_with_z(self):,backend/tests/test_security_input_validation.py,74,78,5,5,f7ca2d0a5d62968c55dae10820a30e475c2aef70,test,Python,HIGH
46b1a9ec6b444639ddaf13f9339c33fa51a7247e,function,test_validate_date_rejects_invalid_format,def test_validate_date_rejects_invalid_format(self):,backend/tests/test_security_input_validation.py,80,83,4,4,f7ca2d0a5d62968c55dae10820a30e475c2aef70,test,Python,HIGH
2f5dff73037dd5b1a10744506dae26d683581114,function,test_validate_date_rejects_non_datetime,def test_validate_date_rejects_non_datetime(self):,backend/tests/test_security_input_validation.py,85,88,4,4,f7ca2d0a5d62968c55dae10820a30e475c2aef70,test,Python,HIGH
260611479740dc4cfeb643b329577a9c2eeb8afe,function,test_validate_regex_safe_pattern,def test_validate_regex_safe_pattern(self):,backend/tests/test_security_input_validation.py,94,99,6,6,f7ca2d0a5d62968c55dae10820a30e475c2aef70,test,Python,HIGH
039863c144e79da4989bcc7b0c994f1da49485c6,function,test_would_create_cycle_detects_cycle,async def test_would_create_cycle_detects_cycle():,backend/tests/test_traceability.py,107,112,6,6,,test,Python,HIGH
80c424bbfa5c9c7d0b8fa89dcb1d7b2c56a71767,function,test_would_create_cycle_handles_acyclic_graph,async def test_would_create_cycle_handles_acyclic_graph():,backend/tests/test_traceability.py,116,121,6,6,,test,Python,HIGH
1bc61a427e5c02293caea9da8f372c19b028b807,function,test_would_create_cycle_skips_non_dag_types,async def test_would_create_cycle_skips_non_dag_types():,backend/tests/test_traceability.py,125,127,3,3,,test,Python,HIGH
50a38b24a9c94b91f6cf896dafb76a1c15b2df51,function,test_traceability_matrix_includes_link_type_counts,async def test_traceability_matrix_includes_link_type_counts():,backend/tests/test_traceability.py,131,164,34,30,,test,Python,HIGH
955b7c9cb91636650517c6ab2443371069646974,function,limit,"def limit(self, *_args, **_kwargs):",backend/tests/test_traceability.py,28,31,4,4,dd2cb35bd6563c9138e65aed25eba32c09f5de7b,test,Python,HIGH
7845dbaeb5ae8b3255c3777a0b4fe791fe787271,function,_fake_ensure_project_access,"async def _fake_ensure_project_access(project_id, _db, _current_user):",backend/tests/test_traceability.py,45,46,2,2,,test,Python,HIGH
d022115f7856190585e7f18448f28360c9f36cb4,function,__init__,"def __init__(self, values):",backend/tests/test_traceability.py,59,60,2,2,fdf9f7168fc48b88da97946478dda37395f9f24c,test,Python,HIGH
0b6988f6dc925495184b97401a8d125a3a98f9e5,function,scalars,def scalars(self):,backend/tests/test_traceability.py,62,63,2,2,fdf9f7168fc48b88da97946478dda37395f9f24c,test,Python,HIGH
09c34b6b43f0ec95a9404afa468276eff4ec69de,function,all,def all(self):,backend/tests/test_traceability.py,65,66,2,2,fdf9f7168fc48b88da97946478dda37395f9f24c,test,Python,HIGH
341fcbec05b704f556e29910b5e70bdd76ec2594,function,__init__,"def __init__(self, responses):",backend/tests/test_traceability.py,70,71,2,2,f49e37b2e7f5b44f5a0a2663db8197c725d96bdc,test,Python,HIGH
d8a2b0b6d93f6e237a81bd9b43339d85b37f6130,function,execute,"async def execute(self, *_args, **_kwargs):",backend/tests/test_traceability.py,73,76,4,4,f49e37b2e7f5b44f5a0a2663db8197c725d96bdc,test,Python,HIGH
5367466051ae84c874e84d8a20ed998982582bb4,function,__init__,"def __init__(self, payload, scalar=False):",backend/tests/test_traceability.py,80,82,3,3,a6b67735ac207aec2be77c06b488e0678eab01f7,test,Python,HIGH
b8a0d5c35e186529046b12593cc79de97a888c4a,function,scalars,def scalars(self):,backend/tests/test_traceability.py,84,87,4,4,a6b67735ac207aec2be77c06b488e0678eab01f7,test,Python,HIGH
9b94054753eeda4ef709e72ba507dd6dc541503f,function,all,def all(self):,backend/tests/test_traceability.py,89,90,2,2,a6b67735ac207aec2be77c06b488e0678eab01f7,test,Python,HIGH
991162a42f2bbe7778d9b4fd1ed5cff6ee8b1e50,function,__init__,"def __init__(self, artifacts, links):",backend/tests/test_traceability.py,94,97,4,4,2a5ff829b6cd1737076bc8df683824858d171473,test,Python,HIGH
e7ec30922f0fdfb27001fe8327f4dbafc5964b14,function,execute,"async def execute(self, *_args, **_kwargs):",backend/tests/test_traceability.py,99,103,5,5,2a5ff829b6cd1737076bc8df683824858d171473,test,Python,HIGH
f9e5cdc766aef5e94fe5f978bddacc7dc202ab34,function,get_users,async def get_users():,check_users.py,8,11,4,4,,prod,Python,HIGH
8c18af414612414d9a5c3c0f3047d48ebdaabf1b,function,login,async function login(page: Page),e2e/playwright/tests/analytics.spec.ts,20,26,7,7,,test,TypeScript,MEDIUM
c2a99d90e6b24afb1982a8228990a71b673802fa,function,login,"async function login(page: Page, email: string, password: string)",e2e/playwright/tests/auth.spec.ts,26,31,6,6,,test,TypeScript,MEDIUM
8447e470cafb16e9eaa6b35eb15d817713d41d11,function,expectLoggedIn,async function expectLoggedIn(page: Page),e2e/playwright/tests/auth.spec.ts,34,39,6,6,,test,TypeScript,MEDIUM
017cde9b15976628597e2db3f72967b186276229,function,expectOnLoginPage,async function expectOnLoginPage(page: Page),e2e/playwright/tests/auth.spec.ts,42,45,4,4,,test,TypeScript,MEDIUM
7706637fc1e4aace7084563b42f021c075f3fca8,function,loginAndNavigate,"async function loginAndNavigate(page: Page, path: string)",e2e/playwright/tests/flow-builder.spec.ts,24,36,13,11,,test,TypeScript,MEDIUM
4b16599392fa61fd5f24b1951043178498a60b48,function,waitForFlowBuilder,async function waitForFlowBuilder(page: Page),e2e/playwright/tests/flow-builder.spec.ts,39,42,4,4,,test,TypeScript,MEDIUM
436e4240e31704407fabf74caee77ff8c4a982c3,function,login,async function login(page: Page),e2e/playwright/tests/projects.spec.ts,21,27,7,7,,test,TypeScript,MEDIUM
748e29d21192a5997cf4bba412acb5124fe79e71,function,ensureDir,async function ensureDir(p),e2e/puppeteer/sequential_puppeteer.test.backup.js,11,13,3,3,,test,JavaScript,MEDIUM
338cf36727e16f0b338406ff3c94ccf746977ce1,function,logStep,"function logStep(n, msg)",e2e/puppeteer/sequential_puppeteer.test.backup.js,7,9,3,3,,test,JavaScript,MEDIUM
a02d65a5927a84d6c61a8da98cadd84ad208499d,function,waitVisibleXPath,"async function waitVisibleXPath(page, xp, timeout = 15000)",e2e/puppeteer/sequential_puppeteer.test.js,10,23,14,14,,test,JavaScript,MEDIUM
e66ab193f8890c9792ecb0823d15b4ecbd28f40f,function,clickXPath,"async function clickXPath(page, xp, timeout = 15000)",e2e/puppeteer/sequential_puppeteer.test.js,24,24,1,1,,test,JavaScript,MEDIUM
bb3d55df037d4d170164811216e03cbf68fbfc4b,function,typeByLabel,"async function typeByLabel(page, labelText, value)",e2e/puppeteer/sequential_puppeteer.test.js,25,30,6,6,,test,JavaScript,MEDIUM
8bb8387d41e780a9e6998df2671cd2ceaca50a26,function,logStep,"function logStep(n, msg)",e2e/puppeteer/sequential_puppeteer.test.js,7,7,1,1,,test,JavaScript,MEDIUM
e67e3a08fa2328e71c7256ab0af21972e7a3a3d3,function,ensureDir,async function ensureDir(p),e2e/puppeteer/sequential_puppeteer.test.js,8,8,1,1,,test,JavaScript,MEDIUM
ed2a19193ec1d07de709345218d67b198c59c14a,function,main,async function main(),frontend/scripts/check-analytics.js,3,39,37,32,,prod,JavaScript,MEDIUM
66d3a861a342d6c07442fc03796bc5666129af0d,function,clickByTestId,"async function clickByTestId(page, testId, expectDialog = false)",frontend/scripts/dashboard-smoke.js,36,48,13,13,,prod,JavaScript,MEDIUM
e503cca5a33ec0fb1ac0ce9f99b51b669fe5a8b9,function,ensureProjectSwitch,async function ensureProjectSwitch(page),frontend/scripts/dashboard-smoke.js,9,34,26,26,,prod,JavaScript,MEDIUM
e5c30c7f6ac58a249cb7af0e8b94b8dd150d05db,function,LazyFallback,LazyFallback = (),frontend/src/App.tsx,39,51,13,13,,prod,TypeScript,MEDIUM
1359ef77b47da2b671bb41508f50323d18b6ad2e,function,App,function App(),frontend/src/App.tsx,53,184,132,117,,prod,TypeScript,MEDIUM
90695ed448e530ed576d75d6f21c81edd02a46c4,function,AdvancedFieldMapping,AdvancedFieldMapping: React.FC<AdvancedFieldMappingProps> = (,frontend/src/components/AdvancedFieldMapping.tsx,48,278,231,222,,prod,TypeScript,MEDIUM
db59741b2ffa2ad0b475971c6ee8bcce17b1be50,function,AnalyticsFilters,AnalyticsFilters: React.FC<AnalyticsFiltersProps> = (,frontend/src/components/AnalyticsFilters.tsx,39,199,161,151,,prod,TypeScript,MEDIUM
81cef39545e9d5ffe876d9fd04897f654acdf06e,function,BackendStatusAlert,BackendStatusAlert: React.FC = (),frontend/src/components/BackendStatusAlert.tsx,5,123,119,108,,prod,TypeScript,MEDIUM
e3e70d88bafcbbf448ec131bfc6d0470e75cf459,function,BackfillProgressDialog,BackfillProgressDialog: React.FC<BackfillProgressDialogProps> = (,frontend/src/components/BackfillProgressDialog.tsx,38,206,169,156,,prod,TypeScript,MEDIUM
3da05af02b3bb908d2d1198fa22508c01b8cd6c0,function,CircularProgressWithLabel,CircularProgressWithLabel: React.FC<Props> = (,frontend/src/components/CircularProgressWithLabel.tsx,10,41,32,32,,prod,TypeScript,MEDIUM
43701692d64147ab07df526ec67fe81a10cd184e,function,DashboardFilters,DashboardFilters: React.FC<DashboardFiltersProps> = (,frontend/src/components/DashboardFilters.tsx,38,216,179,169,,prod,TypeScript,MEDIUM
3ca6544c8b41bd45759075dfdf3a5b384d7a7d51,function,DashboardSkeleton,DashboardSkeleton: React.FC = (),frontend/src/components/DashboardSkeleton.tsx,4,112,109,104,,prod,TypeScript,MEDIUM
f005d01ff1cdf6ba653853d10dbd7345589665e6,function,renderWithRouter,renderWithRouter = (component: React.ReactElement),frontend/src/components/EmptyState.test.tsx,8,10,3,3,,test,TypeScript,MEDIUM
a92f0249cfead3df455bec09fdf1487dca9b0a5b,function,EmptyState,EmptyState: React.FC<EmptyStateProps> = (,frontend/src/components/EmptyState.tsx,20,140,121,116,,prod,TypeScript,MEDIUM
10ab8b979b9639be919f3ec10fec15bce921fc46,function,HelpPanelComponent,HelpPanelComponent: React.FC<HelpPanelProps> = (,frontend/src/components/HelpPanel.tsx,37,170,134,128,,prod,TypeScript,MEDIUM
864754245927a4cb7ad2be6892fb29b732e6b492,function,HelpTooltipComponent,HelpTooltipComponent: React.FC<HelpTooltipProps> = (,frontend/src/components/HelpTooltip.tsx,14,61,48,47,,prod,TypeScript,MEDIUM
d7e08cf14b725dcb56204ad35cef50c8fe199aba,function,IntegrationCard,IntegrationCard: React.FC<IntegrationCardProps> = (,frontend/src/components/IntegrationCard.tsx,32,87,56,56,,prod,TypeScript,MEDIUM
ea1cc56fdb0b3e10aa6985ff41fe28c6e980ea70,function,getStatusColor,getStatusColor = (status?: string),frontend/src/components/KPIBar.tsx,26,38,13,13,,prod,TypeScript,MEDIUM
108e9d9b95a46a7cf7ef948067fc7efcb507ab7f,function,getTrendIcon,"getTrendIcon = (trend?: string, change?: number)",frontend/src/components/KPIBar.tsx,40,51,12,12,,prod,TypeScript,MEDIUM
43596ffe172a247e39d0bf658d7085020805c57e,function,formatChange,formatChange = (change?: number),frontend/src/components/KPIBar.tsx,53,57,5,5,,prod,TypeScript,MEDIUM
835ffa028f4f8dfa87f26a32c3ecfc31362959d1,function,Layout,export default function Layout(),frontend/src/components/Layout.tsx,102,323,222,211,,prod,TypeScript,MEDIUM
0ec8323129c655921ec7866c964e0c8e0129f6c9,function,OnboardingWizard,OnboardingWizard: React.FC<OnboardingWizardProps> = (,frontend/src/components/OnboardingWizard.tsx,73,718,646,592,,prod,TypeScript,MEDIUM
1e3500cd9e7ce85e56162606feba201b9f1ac257,function,OptionalIntegrations,OptionalIntegrations: React.FC<OptionalIntegrationsProps> = (,frontend/src/components/OptionalIntegrations.tsx,25,94,70,68,,prod,TypeScript,MEDIUM
2f706f35036e41f2583d6b1c66660f4aea96db54,function,PageViewTracker,PageViewTracker: React.FC<,frontend/src/components/PageViewTracker.tsx,8,33,26,22,,prod,TypeScript,MEDIUM
9fa38e35f12844ddfe5f19350cd9b3aa28920fc7,function,QuickSetupPanel,QuickSetupPanel: React.FC<QuickSetupPanelProps> = (,frontend/src/components/QuickSetupPanel.tsx,68,226,159,150,,prod,TypeScript,MEDIUM
94820ba266c21266c52cdca7df51201f7f612cdc,function,RepositoryStatusChip,RepositoryStatusChip: React.FC<RepositoryStatusChipProps> = (,frontend/src/components/RepositoryStatus/RepositoryStatusChip.tsx,22,110,89,83,,prod,TypeScript,MEDIUM
b17e9bc82e33ede826d6a7208fdd5a6ba312d276,function,RepositorySyncButton,RepositorySyncButton: React.FC<RepositorySyncButtonProps> = (,frontend/src/components/RepositoryStatus/RepositorySyncButton.tsx,34,150,117,110,,prod,TypeScript,MEDIUM
5307d38384215657f622a8da96c88ff5b3fb2a1c,function,RequireAuth,RequireAuth = (,frontend/src/components/RequireAuth.tsx,10,20,11,9,,prod,TypeScript,MEDIUM
0a8d9340b46701952a82ac764ed8b970ce015dd2,function,formatArtifactType,formatArtifactType = (type: string),frontend/src/components/SuggestedLinksPanel.tsx,68,73,6,6,,prod,TypeScript,MEDIUM
9bcaa5e91d0c6dfa7e6021dbd9043fd589f79ce1,function,SimilarityBar,SimilarityBar: React.FC<,frontend/src/components/SuggestedLinksPanel.tsx,75,92,18,17,,prod,TypeScript,MEDIUM
4354d1e6b0dc81908fd4b98825806c3ba46138a3,function,SuggestedLinksPanel,export default function SuggestedLinksPanel(,frontend/src/components/SuggestedLinksPanel.tsx,94,558,465,442,,prod,TypeScript,MEDIUM
0bb5d8ee319a3f592c0e4d588daf89f13720f9fe,function,SyncProgressDialogComponent,SyncProgressDialogComponent: React.FC<SyncProgressDialogProps> = (,frontend/src/components/SyncProgressDialog.tsx,38,185,148,135,,prod,TypeScript,MEDIUM
2caa112e69ca8c28ff7baa9929376ebca43a122c,function,TableSkeletonComponent,TableSkeletonComponent: React.FC<TableSkeletonProps> = (,frontend/src/components/TableSkeleton.tsx,20,62,43,43,,prod,TypeScript,MEDIUM
cbd983d56817bc4cb51fa80e9bf92067aba9bd43,function,useToast,useToast = (),frontend/src/components/ToastProvider.tsx,21,27,7,7,,prod,TypeScript,MEDIUM
1c5fdb6a7f56934efb172b63344086f0a91d6474,function,ToastProvider,ToastProvider: React.FC<ToastProviderProps> = (,frontend/src/components/ToastProvider.tsx,33,87,55,48,,prod,TypeScript,MEDIUM
ae103d3145bc1119792044cdc16d414aa7d37c57,function,VelocityChart,VelocityChart: React.FC<VelocityChartProps> = (,frontend/src/components/VelocityChart.tsx,39,230,192,178,,prod,TypeScript,MEDIUM
7da8c61ccf4d284e7696f4a99c11816940ac9111,function,WIPTrendIndicator,WIPTrendIndicator: React.FC<,frontend/src/components/capacity/CFDVisualization.tsx,116,136,21,19,,prod,TypeScript,MEDIUM
8780e22543bc87f16295d29d1a14f4a28bfe8e12,function,CFDVisualization,CFDVisualization: React.FC<CFDVisualizationProps> = (,frontend/src/components/capacity/CFDVisualization.tsx,138,560,423,405,,prod,TypeScript,MEDIUM
fe81db9d67d04a931f88c645c13a4c7796363a02,function,MetricCard,MetricCard: React.FC<,frontend/src/components/capacity/CFDVisualization.tsx,89,114,26,26,,prod,TypeScript,MEDIUM
a6d7420d4853213d15c31e41ad00309f1029e04d,function,UtilizationBar,UtilizationBar: React.FC<,frontend/src/components/capacity/CapacitySettingsPanel.tsx,104,121,18,17,,prod,TypeScript,MEDIUM
9acdf4520d045b742e6fa9d5f4d4a6261df4c848,function,CapacitySettingsPanel,CapacitySettingsPanel: React.FC<CapacitySettingsPanelProps> = (,frontend/src/components/capacity/CapacitySettingsPanel.tsx,123,562,440,426,,prod,TypeScript,MEDIUM
edfc90adf7cf9b3ceb820725db722b590133cb3c,function,FocusFactorSlider,FocusFactorSlider: React.FC<,frontend/src/components/capacity/CapacitySettingsPanel.tsx,63,102,40,39,,prod,TypeScript,MEDIUM
5d7d39a06f57ea997935f10d8de75d84bce22214,function,HappinessGauge,HappinessGauge: React.FC<,frontend/src/components/capacity/TeamHealthDashboard.tsx,114,137,24,22,,prod,TypeScript,MEDIUM
b33dce9a20078fd6865c46487c2e8bfae651d0f2,function,TrendIndicator,TrendIndicator: React.FC<,frontend/src/components/capacity/TeamHealthDashboard.tsx,139,159,21,19,,prod,TypeScript,MEDIUM
820f8bb2e45d3650b1bec83192a655862cf19775,function,BurnoutRiskIndicator,BurnoutRiskIndicator: React.FC<,frontend/src/components/capacity/TeamHealthDashboard.tsx,161,188,28,26,,prod,TypeScript,MEDIUM
2919e0c0a6159496c346a41f885916edf6d6079f,function,TeamHealthDashboard,TeamHealthDashboard: React.FC<TeamHealthDashboardProps> = (,frontend/src/components/capacity/TeamHealthDashboard.tsx,190,446,257,241,,prod,TypeScript,MEDIUM
d566198a9a39c3f9c4b32b310898eecdeccc6563,function,MetricSlider,MetricSlider: React.FC<,frontend/src/components/capacity/TeamHealthDashboard.tsx,69,112,44,43,,prod,TypeScript,MEDIUM
a5a3a2c5f95632925d18b7df9c3eef6862692ba0,function,MetricCard,MetricCard: React.FC<,frontend/src/components/quality/QualityDashboard.tsx,106,145,40,40,,prod,TypeScript,MEDIUM
f72a97ca71a3b93d65e39a93a6c8e0678a8b6c42,function,DREGauge,DREGauge: React.FC<,frontend/src/components/quality/QualityDashboard.tsx,148,199,52,50,,prod,TypeScript,MEDIUM
4556375bfe12a452324f56845d2e4b8fffdbd0e9,function,SeverityChart,SeverityChart: React.FC<,frontend/src/components/quality/QualityDashboard.tsx,202,225,24,23,,prod,TypeScript,MEDIUM
e2bda51a97788c818c3a3f6e6d658815e345f772,function,RootCauseChart,RootCauseChart: React.FC<,frontend/src/components/quality/QualityDashboard.tsx,228,256,29,28,,prod,TypeScript,MEDIUM
1d98917b1f1dbd58263fffed468101cdeb5fced7,function,TrendChart,TrendChart: React.FC<,frontend/src/components/quality/QualityDashboard.tsx,259,297,39,38,,prod,TypeScript,MEDIUM
dc93ca7e436604b3b7ec1c08e279ce1af39f63a8,function,RecentDefectsList,RecentDefectsList: React.FC<,frontend/src/components/quality/QualityDashboard.tsx,300,335,36,36,,prod,TypeScript,MEDIUM
bd000ea22aa3ed6504d9c89d4f116f20ded64026,function,ComponentTable,ComponentTable: React.FC<,frontend/src/components/quality/QualityDashboard.tsx,338,356,19,19,,prod,TypeScript,MEDIUM
477cb3ebd1aea07ecb2bcc3fd1ac65b4ff95b91e,function,AddDefectDialog,AddDefectDialog: React.FC<,frontend/src/components/quality/QualityDashboard.tsx,359,491,133,131,,prod,TypeScript,MEDIUM
403273872c89103b54d11b7334b14aab5cd403b2,function,QualityDashboardComponent,QualityDashboardComponent: React.FC<QualityDashboardProps> = (,frontend/src/components/quality/QualityDashboard.tsx,494,702,209,193,,prod,TypeScript,MEDIUM
1b5e4a4f910a30a9e122604941b6346e59d5e9c2,function,QualityReportPanel,QualityReportPanel: React.FC<QualityReportPanelProps> = (,frontend/src/components/quality/QualityReportPanel.tsx,79,438,360,342,,prod,TypeScript,MEDIUM
c3cecef742af64cb10098a8b1c86aa61ea9a733f,function,MFASettings,MFASettings: React.FC<MFASettingsProps> = (,frontend/src/components/security/MFASettings.tsx,59,528,470,433,,prod,TypeScript,MEDIUM
bf1f3ec61e8a14eef58d96138d10873a9c3ec5cb,function,CoverageGauge,CoverageGauge: React.FC<,frontend/src/components/testing/TestAnalyticsDashboard.tsx,110,168,59,58,,prod,TypeScript,MEDIUM
b71d483f4f384f32444f5b2db540fdc2a670a86d,function,FlakyTestsPanel,FlakyTestsPanel: React.FC<,frontend/src/components/testing/TestAnalyticsDashboard.tsx,170,251,82,82,,prod,TypeScript,MEDIUM
631a196693d113e7f681a5ae056ce5a4cb878fa2,function,ComponentCoveragePanel,ComponentCoveragePanel: React.FC<,frontend/src/components/testing/TestAnalyticsDashboard.tsx,253,317,65,65,,prod,TypeScript,MEDIUM
7f6e61e490b42ea40253ec87b44fd7516c2bae1a,function,TestAnalyticsDashboard,TestAnalyticsDashboard: React.FC<Props> = (,frontend/src/components/testing/TestAnalyticsDashboard.tsx,319,728,410,391,,prod,TypeScript,MEDIUM
72f9acfd59d2dee33fc95881c9557ac325a14570,function,MetricCard,MetricCard: React.FC<,frontend/src/components/testing/TestAnalyticsDashboard.tsx,81,108,28,28,,prod,TypeScript,MEDIUM
99ece01f809e46b5b5f3a81e9e32c7ef27ae9d5d,function,DataConsistencyPanel,DataConsistencyPanel: React.FC<DataConsistencyPanelProps> = (,frontend/src/components/traceability/DataConsistencyPanel.tsx,85,722,638,602,,prod,TypeScript,MEDIUM
ad41e69608efc48374a546c2eab0d49a20954954,function,ImpactAnalysisPanel,ImpactAnalysisPanel: React.FC<ImpactAnalysisPanelProps> = (,frontend/src/components/traceability/ImpactAnalysisPanel.tsx,70,317,248,234,,prod,TypeScript,MEDIUM
63a54a451d4f7d90e5239aad17dd41784c8b44a3,function,TabPanel,TabPanel: React.FC<TabPanelProps> = (,frontend/src/components/traceability/ImportExportDialog.tsx,32,38,7,7,,prod,TypeScript,MEDIUM
cbf76218d5e0065db90e0ffbac287d64cd7ac62a,function,ImportExportDialog,ImportExportDialog: React.FC<ImportExportDialogProps> = (,frontend/src/components/traceability/ImportExportDialog.tsx,40,211,172,155,,prod,TypeScript,MEDIUM
c33f8d935a1fa4d0bd07c9b5f6483e6c6d693c01,function,OrphanedArtifactsPanel,OrphanedArtifactsPanel: React.FC<OrphanedArtifactsPanelProps> = (,frontend/src/components/traceability/OrphanedArtifactsPanel.tsx,54,307,254,240,,prod,TypeScript,MEDIUM
9aff5e40a4a0bdaed41a1b63b55896096d53ba9d,function,PropertiesPanel,PropertiesPanel: React.FC<PropertiesPanelProps> = (,frontend/src/components/traceability/PropertiesPanel.tsx,21,165,145,131,,prod,TypeScript,MEDIUM
407a3c65c1152b3b8291bc01513c50f8c6e3bd63,function,PropertiesPanelEditable,PropertiesPanelEditable: React.FC<PropertiesPanelEditableProps> = (,frontend/src/components/traceability/PropertiesPanelEditable.tsx,67,508,442,416,,prod,TypeScript,MEDIUM
9a192e1fa1c747f57ebe5ff55f6010213c8b17ab,function,SyncHealthDashboard,SyncHealthDashboard: React.FC<SyncHealthDashboardProps> = (,frontend/src/components/traceability/SyncHealthDashboard.tsx,101,540,440,422,,prod,TypeScript,MEDIUM
03b98eaccd855fd178feb6ddc0ef2d8b844a7f83,function,formatRelativeTime,formatRelativeTime = (dateString?: string | null): string,frontend/src/components/traceability/SyncHealthDashboard.tsx,85,99,15,14,,prod,TypeScript,MEDIUM
b3ab2d8437069ff5e2c007fc36f97c26f6c71423,function,TemplateDialog,TemplateDialog: React.FC<TemplateDialogProps> = (,frontend/src/components/traceability/TemplateDialog.tsx,27,100,74,69,,prod,TypeScript,MEDIUM
83ddc8350cd81817b277862c52d7ed8e1448401b,function,Toolbox,Toolbox: React.FC<ToolboxProps> = (,frontend/src/components/traceability/Toolbox.tsx,146,253,108,98,,prod,TypeScript,MEDIUM
ffaa6956a70f73b0aef9c8161d407a1e8d397c0b,function,TraceabilityGraph,TraceabilityGraph: React.FC<TraceabilityGraphProps> = (,frontend/src/components/traceability/TraceabilityGraph.tsx,82,575,494,453,,prod,TypeScript,MEDIUM
55503943dfb3424ce6a4eb6d347ccb89a3135790,function,ValidationPanel,ValidationPanel: React.FC<ValidationPanelProps> = (,frontend/src/components/traceability/ValidationPanel.tsx,28,143,116,113,,prod,TypeScript,MEDIUM
d2adeafcd352607cd5be7cfdd02afad5b018a58e,function,BaseNode,BaseNode: React.FC<BaseNodeProps> = (,frontend/src/components/traceability/nodes/BaseNode.tsx,17,110,94,90,,prod,TypeScript,MEDIUM
4b94570e214799006bec58e733ac4f21b922d210,function,CommitSourceNode,CommitSourceNode: React.FC<NodeProps> = (,frontend/src/components/traceability/nodes/CommitSourceNode.tsx,7,40,34,34,,prod,TypeScript,MEDIUM
b788a1cbf01de88961801c7b866720d495b65fb2,function,ConfluenceSourceNode,ConfluenceSourceNode: React.FC<NodeProps> = (,frontend/src/components/traceability/nodes/ConfluenceSourceNode.tsx,7,33,27,27,,prod,TypeScript,MEDIUM
015fdad2f60d96d5bff7e37b00cfe501f85c0bef,function,CreateLinkActionNode,CreateLinkActionNode: React.FC<NodeProps> = (,frontend/src/components/traceability/nodes/CreateLinkActionNode.tsx,7,34,28,28,,prod,TypeScript,MEDIUM
78fdae2306073041a9f44741463f764c0feb30fa,function,DecisionNode,DecisionNode: React.FC<NodeProps> = (,frontend/src/components/traceability/nodes/DecisionNode.tsx,6,73,68,65,,prod,TypeScript,MEDIUM
d9f180df2e7a00b804438c24bcfd4622ed211fcd,function,FilterNode,FilterNode: React.FC<NodeProps> = (,frontend/src/components/traceability/nodes/FilterNode.tsx,7,41,35,35,,prod,TypeScript,MEDIUM
780fa8ff68f88c5a67242c8d1f55029242fce38c,function,JiraIssueSourceNode,JiraIssueSourceNode: React.FC<NodeProps> = (,frontend/src/components/traceability/nodes/JiraIssueSourceNode.tsx,7,29,23,23,,prod,TypeScript,MEDIUM
318190c06efe48171b23ad574668f45213d337a2,function,JiraKeyExtractorNode,JiraKeyExtractorNode: React.FC<NodeProps> = (,frontend/src/components/traceability/nodes/JiraKeyExtractorNode.tsx,7,34,28,28,,prod,TypeScript,MEDIUM
55d5ee907f162cbc0d46fc750a2021dcbc8b597b,function,useCapacityCalc,export function useCapacityCalc(),frontend/src/hooks/useCapacityCalc.ts,141,254,114,104,,prod,TypeScript,MEDIUM
15a21c1a41bd8173cdb9103f4366dbfcf380bbaa,function,useCapacityValue,"export function useCapacityValue(hoursPerWeek: number, focusFactor: number)",frontend/src/hooks/useCapacityCalc.ts,265,304,40,34,,prod,TypeScript,MEDIUM
59a35c9a35c8d8fa0d7694227804e9e861285ff6,function,getFocusFactorColor,export function getFocusFactorColor(focusFactor: number): CapacityColor,frontend/src/hooks/useCapacityCalc.ts,38,42,5,5,,prod,TypeScript,MEDIUM
6a2ce67bcc396015e166d5d122e741f1fc5da36b,function,focusFactorToPercent,export function focusFactorToPercent(focusFactor: number): number,frontend/src/hooks/useCapacityCalc.ts,49,51,3,3,,prod,TypeScript,MEDIUM
b792267868366865f76e3ccdd0e5ceb3d7cd1f21,function,calculateEffectiveCapacity,"export function calculateEffectiveCapacity( hoursPerWeek: number, focusFactor: number ): number",frontend/src/hooks/useCapacityCalc.ts,59,64,6,6,,prod,TypeScript,MEDIUM
ea1182352ff1b065833677ae414a3732577e8c59,function,calculateUtilization,"export function calculateUtilization(used: number, capacity: number): number",frontend/src/hooks/useCapacityCalc.ts,72,75,4,4,,prod,TypeScript,MEDIUM
d589133ffd38537a114477b654e2473d9a4e70f6,function,getUtilizationColor,export function getUtilizationColor(percentage: number): CapacityColor,frontend/src/hooks/useCapacityCalc.ts,82,86,5,5,,prod,TypeScript,MEDIUM
93d6995e166043adacee92b72ddb0be504b380ab,function,getHoursColor,export function getHoursColor(hoursPerWeek: number): CapacityColor,frontend/src/hooks/useCapacityCalc.ts,93,95,3,3,,prod,TypeScript,MEDIUM
197c1474581f08747a1bcca70be212e3eb49df3e,function,useThrottledCallback,export function useThrottledCallback<T extends (...args: unknown[]),frontend/src/hooks/useDebounce.ts,139,185,47,41,,prod,TypeScript,MEDIUM
fa84f4ad7eaf97f756d1fc259e71973827bf2eff,function,useDebounceState,"export function useDebounceState<T>( initialValue: T, delayMs: number ): DebounceStateResult<T>",frontend/src/hooks/useDebounce.ts,226,258,33,29,,prod,TypeScript,MEDIUM
b9d8ba720abd4e79ef25856ed4b337d6b5e845cd,function,useDebouncedValue,"export function useDebouncedValue<T>(value: T, delayMs: number): T",frontend/src/hooks/useDebounce.ts,33,47,15,12,,prod,TypeScript,MEDIUM
0dda92c8ba6b271593b6a349d7961c66ba4e5740,function,useDebouncedCallback,export function useDebouncedCallback<T extends (...args: unknown[]),frontend/src/hooks/useDebounce.ts,76,111,36,31,,prod,TypeScript,MEDIUM
d7ed56f5ce49cf53fc01244238bad22ecc820ff3,function,useAsyncData,export function useAsyncData<T>( initialValue: T | null = null ):,frontend/src/hooks/useParallelLoading.ts,236,285,50,44,,prod,TypeScript,MEDIUM
e406389cb08727e4e7839d74d60994d584ef27d5,function,useParallelLoading,"export function useParallelLoading<T extends Record<string, unknown>>( options: UseParallelLoadingOptions =",frontend/src/hooks/useParallelLoading.ts,97,231,135,117,,prod,TypeScript,MEDIUM
c1aa70d880ef2cd34758a94d6022ca139d00819e,function,isDoneStatus,export function isDoneStatus(status?: string | null): boolean,frontend/src/hooks/useTaskStatuses.ts,122,124,3,3,,prod,TypeScript,MEDIUM
96ab337a124742c00e34a1650d9f504a7b5da88e,function,isInProgressStatus,export function isInProgressStatus(status?: string | null): boolean,frontend/src/hooks/useTaskStatuses.ts,132,134,3,3,,prod,TypeScript,MEDIUM
e40a41e910a8673f78125487adf036160bc9ebab,function,isBlockedStatus,export function isBlockedStatus(status?: string | null): boolean,frontend/src/hooks/useTaskStatuses.ts,142,144,3,3,,prod,TypeScript,MEDIUM
c4cfb68c086d63f35468afb696e7037cf92dbc4d,function,useTaskStatuses,export function useTaskStatuses(),frontend/src/hooks/useTaskStatuses.ts,170,251,82,74,,prod,TypeScript,MEDIUM
09828d3595ff50f9fe3e525cee44ba0267521652,function,normalizeStatus,export function normalizeStatus(status?: string | null): string,frontend/src/hooks/useTaskStatuses.ts,66,68,3,3,,prod,TypeScript,MEDIUM
a14f071334288bb0fe68f2a3e02445adf386a7ea,function,categorizeStatus,export function categorizeStatus(status?: string | null): StatusBucket,frontend/src/hooks/useTaskStatuses.ts,76,114,39,32,,prod,TypeScript,MEDIUM
1565d6fe515beb6043799b25dc8a02a63a10d468,function,Analytics,Analytics = (),frontend/src/pages/Analytics.tsx,52,826,775,740,,prod,TypeScript,MEDIUM
b83cf7f5377d351406778567db8e06978a06ea93,function,AnalyticsDashboard,AnalyticsDashboard: React.FC = (),frontend/src/pages/AnalyticsDashboard.tsx,29,364,336,319,,prod,TypeScript,MEDIUM
30015f05e25db51881208e1c3e4d56d9022e09fc,function,Dashboard,Dashboard = (),frontend/src/pages/Dashboard.tsx,94,1084,991,924,,prod,TypeScript,MEDIUM
bab7f5db5608e353faef8ae095ce912027daae1b,function,JiraFieldsConfig,JiraFieldsConfig: React.FC = (),frontend/src/pages/JiraFieldsConfig.tsx,74,648,575,541,,prod,TypeScript,MEDIUM
4cc4730bf43d90bfde6969745c36054b559a28c1,function,Knowledge,Knowledge = (),frontend/src/pages/Knowledge.tsx,56,696,641,602,,prod,TypeScript,MEDIUM
58bdbc6ea1f3c9c599abdafbbf446c3152d85445,function,MicrosoftIcon,MicrosoftIcon = (),frontend/src/pages/Login.tsx,35,42,8,8,,prod,TypeScript,MEDIUM
e445c63b3a1b4606a89772db158b076ae67096dc,function,Login,Login = (),frontend/src/pages/Login.tsx,44,476,433,392,,prod,TypeScript,MEDIUM
28c8d3868380a41caad06fe48665d663c0e9d693,function,TabPanel,function TabPanel(props:,frontend/src/pages/Profile.tsx,23,30,8,8,,prod,TypeScript,MEDIUM
27dff36dca62348fd7e22f22ee21cbf02e9da2b1,function,initials,"initials = (name?: string, email?: string)",frontend/src/pages/Profile.tsx,32,40,9,9,,prod,TypeScript,MEDIUM
328a5ef1bdecc497258fa67a3f33363a2a9fecd7,function,Profile,Profile: React.FC = (),frontend/src/pages/Profile.tsx,42,195,154,143,,prod,TypeScript,MEDIUM
4484d8b8128f8e4b13c93b61da47a0cfc1887029,function,TabPanel,function TabPanel(props: TabPanelProps),frontend/src/pages/ProjectDetail.tsx,175,189,15,14,,prod,TypeScript,MEDIUM
11f0fd78941ee72d5c8bea50863030e6dfc6977e,function,cacheKeyForTasks,cacheKeyForTasks = (projectId: number),frontend/src/pages/ProjectDetail.tsx,191,192,2,2,,prod,TypeScript,MEDIUM
e8ac72df76f277bbdfce4fa4e505ddfc6f248f96,function,ProjectDetail,ProjectDetail = (),frontend/src/pages/ProjectDetail.tsx,194,2663,2470,2272,,prod,TypeScript,MEDIUM
40367de10c6dee4265b20f62a7b16bd672114a38,function,Projects,Projects = (),frontend/src/pages/Projects.tsx,50,617,568,534,,prod,TypeScript,MEDIUM
813ea577fde61c20133e66cc06eaae98459ec7dd,function,TabPanel,TabPanel: React.FC<TabPanelProps> = (,frontend/src/pages/Quality.tsx,30,34,5,5,,prod,TypeScript,MEDIUM
9ce2a495559d87514e46b921b3e3cb40e612f71a,function,Quality,Quality: React.FC = (),frontend/src/pages/Quality.tsx,36,330,295,277,,prod,TypeScript,MEDIUM
5a09d66cfe4afb25a3c49c6462fe5563a388ac40,function,TabPanel,function TabPanel(props: TabPanelProps),frontend/src/pages/Settings.tsx,32,44,13,12,,prod,TypeScript,MEDIUM
650857e4146fe7815dc87667aa23dc73b59b1d15,function,Settings,Settings = (),frontend/src/pages/Settings.tsx,46,741,696,668,,prod,TypeScript,MEDIUM
028cdd22af24a262432f173a2a03afafdb5a5917,function,TabPanel,TabPanel: React.FC<TabPanelProps> = (,frontend/src/pages/SprintCapacity.tsx,33,37,5,5,,prod,TypeScript,MEDIUM
8ec19fc7cc3f2d6749240a4fb609703dff28033a,function,SprintCapacity,SprintCapacity: React.FC = (),frontend/src/pages/SprintCapacity.tsx,39,187,149,141,,prod,TypeScript,MEDIUM
7ee230da954dc74be8d3323585c7aca85eb9e5ce,function,getStatusChipColor,getStatusChipColor = (status: string): 'default' | 'primary' | 'secondary' | 'error' | 'info' | 'success' | 'warning',frontend/src/pages/Tasks.tsx,36,51,16,16,,prod,TypeScript,MEDIUM
0a16e781377aaf16ea823103de46aa626db76397,function,getPriorityChipColor,getPriorityChipColor = (priority?: string | null): 'default' | 'primary' | 'secondary' | 'error' | 'info' | 'success' | 'warning',frontend/src/pages/Tasks.tsx,53,66,14,14,,prod,TypeScript,MEDIUM
72a7f3abf897920bc13dd57201d707ea1a42a6d2,function,Tasks,Tasks = (),frontend/src/pages/Tasks.tsx,68,374,307,290,,prod,TypeScript,MEDIUM
eecaf5722ea11aaaf7040597e7185210844f3c7d,function,TabPanel,function TabPanel(,frontend/src/pages/Testing.tsx,27,33,7,7,,prod,TypeScript,MEDIUM
3d8492acf35545a186773b9a37c423bee4a69479,function,Testing,Testing: React.FC = (),frontend/src/pages/Testing.tsx,44,472,429,411,,prod,TypeScript,MEDIUM
c14c0ec0f126d79309d4c7fe0439f8e825ee10f1,function,Traceability,Traceability: React.FC = (),frontend/src/pages/Traceability.tsx,94,1104,1011,948,,prod,TypeScript,MEDIUM
4194f6ed22df6c580ce22b7310f5c62399b5d999,function,TraceabilityExecutionHistory,TraceabilityExecutionHistory: React.FC = (),frontend/src/pages/TraceabilityExecutionHistory.tsx,42,262,221,207,,prod,TypeScript,MEDIUM
10b7d7a96b0ff12cfef9fc3c7551201b8dff27a8,function,TraceabilityFlowBuilder,TraceabilityFlowBuilder: React.FC = (),frontend/src/pages/TraceabilityFlowBuilder.tsx,47,332,286,261,,prod,TypeScript,MEDIUM
8b1e9996d4c1b16a2948c4fbfaac493cd430c914,function,TabPanel,function TabPanel(props: TabPanelProps),frontend/src/pages/TraceabilityVisualization.tsx,53,66,14,14,,prod,TypeScript,MEDIUM
57141853aaa8312e71537b0228cab58130cc7bd6,function,TraceabilityVisualization,TraceabilityVisualization: React.FC = (),frontend/src/pages/TraceabilityVisualization.tsx,68,445,378,352,,prod,TypeScript,MEDIUM
333ec9674f32453ca48528e69db1aae7d89fb53f,constructor,constructor,constructor(url: string),frontend/src/pages/__tests__/Dashboard.test.tsx,140,144,5,5,9a0e48a54e2b380cecd2d7dcd464588c91e65d64,test,TypeScript,MEDIUM
41a31520518f3c592782cdb39275c12a1c3b5121,method,close,close(),frontend/src/pages/__tests__/Dashboard.test.tsx,146,149,4,4,9a0e48a54e2b380cecd2d7dcd464588c91e65d64,test,TypeScript,MEDIUM
2d7d4a44fec53d1b3d1de3d5aa82f3a69f010a99,method,send,send(),frontend/src/pages/__tests__/Dashboard.test.tsx,151,151,1,1,9a0e48a54e2b380cecd2d7dcd464588c91e65d64,test,TypeScript,MEDIUM
a0d57bb292562ab5d76f28b954541551d12d7bbf,method,triggerMessage,triggerMessage(payload: any),frontend/src/pages/__tests__/Dashboard.test.tsx,153,155,3,3,9a0e48a54e2b380cecd2d7dcd464588c91e65d64,test,TypeScript,MEDIUM
c026b93ef7adeee614bceded9ee931b6f7113c98,method,last,static last(),frontend/src/pages/__tests__/Dashboard.test.tsx,157,159,3,3,9a0e48a54e2b380cecd2d7dcd464588c91e65d64,test,TypeScript,MEDIUM
d901ecce0e35e1d72c4a50740a3314d8ea76e6b2,method,reset,static reset(),frontend/src/pages/__tests__/Dashboard.test.tsx,161,163,3,3,9a0e48a54e2b380cecd2d7dcd464588c91e65d64,test,TypeScript,MEDIUM
baf93b20e59f11db233ebfd5377c05a3ddc089b7,function,renderDashboard,renderDashboard = (),frontend/src/pages/__tests__/Dashboard.test.tsx,197,215,19,18,,test,TypeScript,MEDIUM
4dce098961ea04571113bd6eb8367a939cb0b112,method,pageView,pageView(pageName: string): void,frontend/src/services/analytics.ts,108,114,7,6,9568f8c0aae9afdafa318ed913be4a31c3578c64,prod,TypeScript,MEDIUM
a8df8ae1b85d48f69209471e9a23b11f2b177f9d,method,trackOnboarding,"trackOnboarding(action: 'started' | 'step_completed' | 'completed' | 'skipped', data?: any): void",frontend/src/services/analytics.ts,119,156,38,33,9568f8c0aae9afdafa318ed913be4a31c3578c64,prod,TypeScript,MEDIUM
9f25c739dbc54189edcc25bf27ed89683b6d1cb5,method,getOnboardingMetrics,getOnboardingMetrics(): OnboardingMetrics,frontend/src/services/analytics.ts,161,178,18,17,9568f8c0aae9afdafa318ed913be4a31c3578c64,prod,TypeScript,MEDIUM
e47b1b59c3a366966d94976e432a2a6db4221e4f,method,trackTimeToValue,trackTimeToValue(milestone: keyof TimeToValueMetrics): void,frontend/src/services/analytics.ts,183,190,8,7,9568f8c0aae9afdafa318ed913be4a31c3578c64,prod,TypeScript,MEDIUM
aa7ecf226c880478c451fa81502eabad076133e7,method,getTimeToValueMetrics,getTimeToValueMetrics(): TimeToValueMetrics,frontend/src/services/analytics.ts,195,206,12,11,9568f8c0aae9afdafa318ed913be4a31c3578c64,prod,TypeScript,MEDIUM
da70ec70c8b967a15c162d57df941547784541ae,method,getTimeToFirstValue,getTimeToFirstValue(): number | null,frontend/src/services/analytics.ts,211,218,8,7,9568f8c0aae9afdafa318ed913be4a31c3578c64,prod,TypeScript,MEDIUM
f3e29f21ae748cd068af896c0a76d12b1c513427,method,getFeatureAdoptionMetrics,getFeatureAdoptionMetrics(): FeatureAdoptionMetrics,frontend/src/services/analytics.ts,223,240,18,16,9568f8c0aae9afdafa318ed913be4a31c3578c64,prod,TypeScript,MEDIUM
e9595ec9ff8ecd70c6276803ac219aeba37a1854,method,getFeatureVisit,private getFeatureVisit(feature: string):,frontend/src/services/analytics.ts,242,251,10,8,9568f8c0aae9afdafa318ed913be4a31c3578c64,prod,TypeScript,MEDIUM
e3c25bfa2d642b1a6702cca051bbd5e76fea1658,method,getOnboardingCompletionRate,getOnboardingCompletionRate(): number,frontend/src/services/analytics.ts,256,263,8,7,9568f8c0aae9afdafa318ed913be4a31c3578c64,prod,TypeScript,MEDIUM
bd80dc91b7034ce07cbcdfdb0bec7494bf77d8a3,method,getSessionDuration,getSessionDuration(): number,frontend/src/services/analytics.ts,268,275,8,7,9568f8c0aae9afdafa318ed913be4a31c3578c64,prod,TypeScript,MEDIUM
6fccf856d2cc24a5fbbe9b11bcd114f63b986079,method,exportData,exportData():,frontend/src/services/analytics.ts,280,294,15,15,9568f8c0aae9afdafa318ed913be4a31c3578c64,prod,TypeScript,MEDIUM
3ed34d06921508322e93f3895a603d3107af641d,method,clear,clear(): void,frontend/src/services/analytics.ts,299,313,15,13,9568f8c0aae9afdafa318ed913be4a31c3578c64,prod,TypeScript,MEDIUM
0ee2ebf036d6ef0c8c7a939f9a05f0650514a719,method,sendToBackend,private async sendToBackend(event: AnalyticsEvent): Promise<void>,frontend/src/services/analytics.ts,318,329,12,12,9568f8c0aae9afdafa318ed913be4a31c3578c64,prod,TypeScript,MEDIUM
26a34a72c8640e9afc85eb4a328ae0e486cb8f0a,constructor,constructor,constructor(),frontend/src/services/analytics.ts,54,57,4,4,9568f8c0aae9afdafa318ed913be4a31c3578c64,prod,TypeScript,MEDIUM
594f4cfb1492bd248a3f9db03cc3f4d9a4730c15,method,generateSessionId,private generateSessionId(): string,frontend/src/services/analytics.ts,59,61,3,3,9568f8c0aae9afdafa318ed913be4a31c3578c64,prod,TypeScript,MEDIUM
368cea6a829de59a7c96c0080fa088efeff70576,method,loadEvents,private loadEvents(): void,frontend/src/services/analytics.ts,63,73,11,11,9568f8c0aae9afdafa318ed913be4a31c3578c64,prod,TypeScript,MEDIUM
8fddfc409eaf5796b65a2fab59789442e0c1551a,method,saveEvents,private saveEvents(): void,frontend/src/services/analytics.ts,75,83,9,9,9568f8c0aae9afdafa318ed913be4a31c3578c64,prod,TypeScript,MEDIUM
aea33dd74c212cf5d6f8c2a6b959807bcdfd0509,method,track,"track(eventName: string, eventData?: Record<string, any>): void",frontend/src/services/analytics.ts,88,103,16,14,9568f8c0aae9afdafa318ed913be4a31c3578c64,prod,TypeScript,MEDIUM
e7d3aa85c8eff9b5b41dbd3026885a5ffe10eab2,function,getTeamMembersActivity,getTeamMembersActivity = async (projectId: number): Promise<unknown>,frontend/src/services/api/analytics.ts,102,105,4,4,,prod,TypeScript,MEDIUM
ca78452a7446921ae5788c771b61410259285609,function,getProjectTeamHealth,getProjectTeamHealth = async (projectId: number): Promise<TeamHealthMetrics>,frontend/src/services/api/analytics.ts,107,125,19,17,,prod,TypeScript,MEDIUM
74ea2a92d650b536a73694378edddcc0138411a5,function,makeCacheKey,"makeCacheKey = (prefix: string, params?: Record<string, unknown>): string",frontend/src/services/api/analytics.ts,13,21,9,9,,prod,TypeScript,MEDIUM
640faa57499eb1011f227d87814e161d6c59ff51,function,getProjectBudgetHours,getProjectBudgetHours = async (projectId: number): Promise<BudgetHoursResponse>,frontend/src/services/api/analytics.ts,140,156,17,15,,prod,TypeScript,MEDIUM
11dda885a9e4e0686476e2d0aec6fbfdbfd405a4,function,getProjectValueMetrics,getProjectValueMetrics = async (projectId: number): Promise<ValueMetricsResponse>,frontend/src/services/api/analytics.ts,164,180,17,15,,prod,TypeScript,MEDIUM
8edf6dd4323942e6d4727fdbe3573b3b15c092cd,function,getTestTrend,"getTestTrend = async ( projectId?: number, days = 30 ): Promise<TestTrendResponse>",frontend/src/services/api/analytics.ts,192,201,10,9,,prod,TypeScript,MEDIUM
27b448cfad9ecf153df8170c1b4a5547fbaa987c,function,getCoverageTrend,"getCoverageTrend = async ( projectId?: number, days = 30 ): Promise<CoverageTrendResponse>",frontend/src/services/api/analytics.ts,214,223,10,9,,prod,TypeScript,MEDIUM
30fae53ceb782579deba4045ff26aecf6f0129bc,function,getPRMetrics,getPRMetrics = async (opts?: GetPRMetricsOptions): Promise<PRMetricsSummary>,frontend/src/services/api/analytics.ts,237,247,11,10,,prod,TypeScript,MEDIUM
686ff6b172bfa3288bec74c26553f98881360e2e,function,listPullRequests,listPullRequests = async (opts?:,frontend/src/services/api/analytics.ts,254,266,13,12,,prod,TypeScript,MEDIUM
5046ae6815947bc516489be3bcdbce5348fb27b6,function,getVelocity,getVelocity = async (projectId: number): Promise<unknown>,frontend/src/services/api/analytics.ts,27,37,11,10,,prod,TypeScript,MEDIUM
f3752cc5c0e2cef480d5434a02ce1125d72bc8e0,function,getQualityGateStatus,"getQualityGateStatus = async ( prNumber: number, opts?:",frontend/src/services/api/analytics.ts,272,283,12,11,,prod,TypeScript,MEDIUM
736a0a5e1e5bbe9143a8104a3699c495ffa6dff7,function,evaluateQualityGate,evaluateQualityGate = async ( payload: QualityGateEvaluatePayload ): Promise<unknown>,frontend/src/services/api/analytics.ts,294,299,6,6,,prod,TypeScript,MEDIUM
3153f74ddb8007ba9183c2c39a3a1bf54982c2ee,function,evaluateQualityGateAndCheck,evaluateQualityGateAndCheck = async ( payload: QualityGateEvaluatePayload ): Promise<unknown>,frontend/src/services/api/analytics.ts,301,306,6,6,,prod,TypeScript,MEDIUM
1a5fad7123cd0ab42f44de5f1f47b95ab53f58fe,function,getQualityHistory,getQualityHistory = async (opts?:,frontend/src/services/api/analytics.ts,317,329,13,12,,prod,TypeScript,MEDIUM
4948f9a4928f5b5b45529031187bf2210db40c62,function,getIntegrationsHealth,getIntegrationsHealth = async (): Promise<unknown>,frontend/src/services/api/analytics.ts,335,338,4,4,,prod,TypeScript,MEDIUM
21b7d6278f69a2012cc4dc599f8b6170d0fbefc6,function,getMetricsText,getMetricsText = async (): Promise<string>,frontend/src/services/api/analytics.ts,340,345,6,6,,prod,TypeScript,MEDIUM
417e09c789adbbe3371dfefce36631e53e6a4858,function,getBurndown,"getBurndown = async (projectId: number, sprintId?: number): Promise<unknown>",frontend/src/services/api/analytics.ts,39,51,13,12,,prod,TypeScript,MEDIUM
8c4594004982822d6a8c15953d818d653f270027,function,getRisks,getRisks = async (projectId: number): Promise<unknown>,frontend/src/services/api/analytics.ts,53,63,11,10,,prod,TypeScript,MEDIUM
602154bcdee5fad432982743c396a3e4e1bab42a,function,getForecast,getForecast = async (projectId: number): Promise<unknown>,frontend/src/services/api/analytics.ts,65,75,11,10,,prod,TypeScript,MEDIUM
15940acb3777a15027627df6576fe3abc57abd5a,function,getDoraMetrics,"getDoraMetrics = async ( projectId: number, windowDays = 30 ): Promise<unknown>",frontend/src/services/api/analytics.ts,81,96,16,15,,prod,TypeScript,MEDIUM
e30d179477b32ed19db7d9f7b72aead9cc88f782,function,createTeamHealthCheck,createTeamHealthCheck = async (check:,frontend/src/services/api/capacity.ts,101,117,17,17,,prod,TypeScript,MEDIUM
09e6a56990c8c584c7a541fee7bc25faebdc6af7,function,getTeamHealthSummary,"getTeamHealthSummary = async ( projectId: number, periodDays?: number ): Promise<TeamHealthSummary>",frontend/src/services/api/capacity.ts,119,128,10,9,,prod,TypeScript,MEDIUM
c525165b17d76ee95125f8a029d83c7deb5ed8b1,function,getCFDData,"getCFDData = async ( projectId: number, opts?:",frontend/src/services/api/capacity.ts,134,145,12,11,,prod,TypeScript,MEDIUM
35eda64df25bbb1e21e42765326536c233769b3c,function,getFlowMetrics,"getFlowMetrics = async ( projectId: number, opts?:",frontend/src/services/api/capacity.ts,147,157,11,10,,prod,TypeScript,MEDIUM
6924751b04a039cb9cc8fbde57b81f5a07edee77,function,takeCFDSnapshot,"takeCFDSnapshot = async ( projectId: number, sprintId?: number ): Promise<",frontend/src/services/api/capacity.ts,159,168,10,9,,prod,TypeScript,MEDIUM
8eef48ef3381c29f3d077f4e3bde12e3360951bd,function,listCapacitySettings,listCapacitySettings = async (opts?:,frontend/src/services/api/capacity.ts,19,35,17,16,,prod,TypeScript,MEDIUM
89897ef2af99ecb9b0d0de796d7716375bc3975b,function,getCapacitySetting,getCapacitySetting = async (settingId: number): Promise<CapacitySetting>,frontend/src/services/api/capacity.ts,37,40,4,4,,prod,TypeScript,MEDIUM
6f71a3d70017055bf88d71676511dffb8a0eade1,function,createCapacitySetting,createCapacitySetting = async (setting:,frontend/src/services/api/capacity.ts,42,54,13,13,,prod,TypeScript,MEDIUM
ff044c1489c44b4d8f5a4fdc847ad493cdeb34e6,function,updateCapacitySetting,"updateCapacitySetting = async ( settingId: number, update: Partial<Omit<CapacitySetting, 'id' | 'created_at' | 'updated_at'>> ): Promise<CapacitySetting>",frontend/src/services/api/capacity.ts,56,62,7,7,,prod,TypeScript,MEDIUM
4cd350412d36267346f21ef2a16a5b062ca0feb8,function,deleteCapacitySetting,deleteCapacitySetting = async (settingId: number): Promise<void>,frontend/src/services/api/capacity.ts,64,66,3,3,,prod,TypeScript,MEDIUM
b47adf7c67620648787f244e65f77a2e4f2432ac,function,getTeamCapacitySummary,"getTeamCapacitySummary = async ( projectId: number, opts?:",frontend/src/services/api/capacity.ts,72,82,11,10,,prod,TypeScript,MEDIUM
47a9af4d06d5377b7794254c4eff8dde090249fc,function,listTeamHealthChecks,"listTeamHealthChecks = async ( projectId: number, opts?:",frontend/src/services/api/capacity.ts,88,99,12,11,,prod,TypeScript,MEDIUM
ca4416a9a34f75f71e4fa23ed76e90f5b26265cc,function,withRetry,export async function withRetry<T>( fn: (),frontend/src/services/api/client.ts,114,151,38,30,,prod,TypeScript,MEDIUM
c0f3a0ca7b688e70cdf7f2ed413cde684dc0e7dd,function,getGitlabSettings,getGitlabSettings = async (): Promise<,frontend/src/services/api/integrations.ts,110,117,8,8,,prod,TypeScript,MEDIUM
d3b5f7449a9f48f8ec1c6279009298e6d63cdc27,function,putGitlabSettings,putGitlabSettings = async (payload:,frontend/src/services/api/integrations.ts,119,126,8,8,,prod,TypeScript,MEDIUM
02b53443c874321ba1087c7aebe78ff965a390b8,function,testGitlabConnection,testGitlabConnection = async (payload:,frontend/src/services/api/integrations.ts,128,135,8,8,,prod,TypeScript,MEDIUM
8df35121b6d5d7050406ce5aaf6f4e2f1384c25a,function,listGitlabProjects,listGitlabProjects = async ( opts?:,frontend/src/services/api/integrations.ts,137,147,11,10,,prod,TypeScript,MEDIUM
7a3591342b403895b7a6cc75ecdd80eb32febc52,function,getJiraSettings,getJiraSettings = async (): Promise<IntegrationSettings>,frontend/src/services/api/integrations.ts,16,19,4,4,,prod,TypeScript,MEDIUM
4a80b1f44082f2641f6aeaff7e2716d42bf5e84b,function,getBitbucketSettings,getBitbucketSettings = async (): Promise<BitbucketSettings>,frontend/src/services/api/integrations.ts,169,172,4,4,,prod,TypeScript,MEDIUM
e4b9e13e181e78d68ec40e58574875ecdced9cf2,function,putBitbucketSettings,putBitbucketSettings = async (payload:,frontend/src/services/api/integrations.ts,174,182,9,9,,prod,TypeScript,MEDIUM
25171796b5416b98a7e63a949dd9780b0c3d41bc,function,testBitbucketConnection,testBitbucketConnection = async (payload:,frontend/src/services/api/integrations.ts,184,191,8,8,,prod,TypeScript,MEDIUM
b11d889011c3e56db2ffc839f0a4cdaea2042abb,function,getTestrailSettings,getTestrailSettings = async (): Promise<,frontend/src/services/api/integrations.ts,197,204,8,8,,prod,TypeScript,MEDIUM
1cb249ca2de21308d73ddbbeed31db622e6a81b0,function,putTestrailSettings,putTestrailSettings = async (payload:,frontend/src/services/api/integrations.ts,206,213,8,8,,prod,TypeScript,MEDIUM
3616849dd3914e24a6110d2cdb6363d5837234f8,function,putJiraSettings,putJiraSettings = async (payload:,frontend/src/services/api/integrations.ts,21,35,15,14,,prod,TypeScript,MEDIUM
f17dd733ec14659120807bb0e29691917f4832ae,function,testTestrailConnection,testTestrailConnection = async (payload:,frontend/src/services/api/integrations.ts,215,222,8,8,,prod,TypeScript,MEDIUM
27b884e4886818f49ffb495dd51b35adc8e870f8,function,clearIntegrationStatusCache,clearIntegrationStatusCache = (),frontend/src/services/api/integrations.ts,232,235,4,4,,prod,TypeScript,MEDIUM
9555115f90f320fdff8c0201f92b2087e442c74e,function,getIntegrationsStatus,getIntegrationsStatus = async (): Promise<IntegrationStatusResponse>,frontend/src/services/api/integrations.ts,266,279,14,10,,prod,TypeScript,MEDIUM
32bb8256400d273cd39e361683ab48378c5d7104,function,testJiraConnection,testJiraConnection = async (payload:,frontend/src/services/api/integrations.ts,37,44,8,8,,prod,TypeScript,MEDIUM
3a4eceda3207958da20b69bf931be17f984cca4f,function,getConfluenceSettings,getConfluenceSettings = async (): Promise<IntegrationSettings>,frontend/src/services/api/integrations.ts,50,53,4,4,,prod,TypeScript,MEDIUM
010e65e4575ad379e0ae64617b5475478e18c932,function,putConfluenceSettings,putConfluenceSettings = async (payload:,frontend/src/services/api/integrations.ts,55,67,13,12,,prod,TypeScript,MEDIUM
dd338b1c58db3870e783eba2422c13c9c5425dac,function,testConfluenceConnection,testConfluenceConnection = async (payload:,frontend/src/services/api/integrations.ts,69,76,8,8,,prod,TypeScript,MEDIUM
d3ac8a3f0fd4ce23f919a3ae42d1cf793ed20cbd,function,getGithubSettings,getGithubSettings = async (): Promise<,frontend/src/services/api/integrations.ts,82,88,7,7,,prod,TypeScript,MEDIUM
b92ef0d20d48ec5f2ec25824dc6226aa1b1fd00d,function,putGithubSettings,putGithubSettings = async (payload:,frontend/src/services/api/integrations.ts,90,96,7,7,,prod,TypeScript,MEDIUM
4e1f245937595b1ef7d2825b55c9a124df796b2e,function,testGithubConnection,testGithubConnection = async (payload:,frontend/src/services/api/integrations.ts,98,104,7,7,,prod,TypeScript,MEDIUM
7734f490e94806e3d01d924d3fbbe99482c344d2,function,getPrdRequirements,getPrdRequirements = async (pageId: string): Promise<PrdRequirementsResponse>,frontend/src/services/api/knowledge.ts,116,119,4,4,,prod,TypeScript,MEDIUM
e654826e6fabd7e89c957aa27a022bb5d8a96171,function,syncConfluence,syncConfluence = async (opts?:,frontend/src/services/api/knowledge.ts,131,150,20,19,,prod,TypeScript,MEDIUM
8861a5619db17fa919a1f574c9fb66e135c59ea5,function,getSpaceTree,"getSpaceTree = async ( spaceKey: string, limit = 100, maxPages?: number ): Promise<SpaceTreeResponse>",frontend/src/services/api/knowledge.ts,161,173,13,12,,prod,TypeScript,MEDIUM
fe54fbe62c3bb3c3633a15175120e32195fefe3d,function,syncSubtree,"syncSubtree = async ( pageId: string, limit = 50 ): Promise<ConfluenceSyncResult>",frontend/src/services/api/knowledge.ts,175,187,13,12,,prod,TypeScript,MEDIUM
2edd9ce12dc241e3bd11c1dbbf20b005e7fa167b,function,getADR,getADR = async (pageId: string): Promise<ADRResponse>,frontend/src/services/api/knowledge.ts,203,206,4,4,,prod,TypeScript,MEDIUM
5b8257215a4eb04025b53cb56be730a9abb27009,function,getResearch,getResearch = async (pageId: string): Promise<ResearchResponse>,frontend/src/services/api/knowledge.ts,218,221,4,4,,prod,TypeScript,MEDIUM
2fc50c1f1dd75175ad7f69802f822c9696aec231,function,listConfluenceSpaces,"listConfluenceSpaces = async ( q?: string, limit = 50 ): Promise<ConfluenceSpacesResponse>",frontend/src/services/api/knowledge.ts,22,31,10,9,,prod,TypeScript,MEDIUM
a45b1d81975093eb83fd15147a019b74bed8f55b,function,listConfluencePages,listConfluencePages = async (opts?:,frontend/src/services/api/knowledge.ts,51,65,15,14,,prod,TypeScript,MEDIUM
846d51cd0e16c365730ec741bd456558de589ab6,function,listConfluencePagesLocal,listConfluencePagesLocal = async (opts?:,frontend/src/services/api/knowledge.ts,67,81,15,14,,prod,TypeScript,MEDIUM
37ec587ad660473ddec619ae74922dfd994d7486,function,getConfluencePage,getConfluencePage = async (pageId: string): Promise<ConfluencePageDetail>,frontend/src/services/api/knowledge.ts,96,99,4,4,,prod,TypeScript,MEDIUM
49af0a2ec2fd2156e388018ebe76e689a1d28a21,function,createProject,createProject = async (payload:,frontend/src/services/api/projects.ts,108,119,12,12,,prod,TypeScript,MEDIUM
27375c3bb7f1998c73c015fe7e50020a6cac7ade,function,updateProject,"updateProject = async ( id: number, payload: Partial<Omit<Project, 'id' | 'created_at' | 'updated_at'>> ): Promise<Project>",frontend/src/services/api/projects.ts,121,128,8,8,,prod,TypeScript,MEDIUM
93e47459e8ba1191bf8cd85755edc7857a279a18,function,deleteProject,deleteProject = async (id: number): Promise<,frontend/src/services/api/projects.ts,130,134,5,5,,prod,TypeScript,MEDIUM
240f3c7829cb10db1d753857f1c80eb127ded636,function,purgeProject,purgeProject = async (id: number): Promise<,frontend/src/services/api/projects.ts,136,140,5,5,,prod,TypeScript,MEDIUM
dfa5c384364f84cfa2bb07fd7c3304b7c7ab5a0b,function,getProjectRepositories,getProjectRepositories = async (projectId: number): Promise<ProjectRepositoryLink[]>,frontend/src/services/api/projects.ts,146,149,4,4,,prod,TypeScript,MEDIUM
4cd7409641a1a072e90ae401dc2d18629f9a925d,function,bindRepositoryToProject,"bindRepositoryToProject = async ( projectId: number, payload: BindRepositoryPayload, ): Promise<ProjectRepositoryLink>",frontend/src/services/api/projects.ts,151,181,31,25,,prod,TypeScript,MEDIUM
2eeb4dd0ecc0c62fc1e38b20dac64ae320e230a5,function,unbindRepositoryFromProject,"unbindRepositoryFromProject = async (projectId: number, repositoryId: number): Promise<void>",frontend/src/services/api/projects.ts,183,185,3,3,,prod,TypeScript,MEDIUM
3fe27b6a826c618c2db0554d4c9bb9461aaa4006,function,setPrimaryRepository,"setPrimaryRepository = async (projectId: number, repositoryId: number): Promise<void>",frontend/src/services/api/projects.ts,187,189,3,3,,prod,TypeScript,MEDIUM
f0f9868fbf29ed57392acbf8b3c47ce409c98185,function,syncJiraProject,syncJiraProject = async (projectKey: string): Promise<,frontend/src/services/api/projects.ts,195,200,6,6,,prod,TypeScript,MEDIUM
0ea56810cc191f3c81bf967ca2664256c750378e,function,getTeamMembersActivity,getTeamMembersActivity = async (projectId: number): Promise<unknown>,frontend/src/services/api/projects.ts,206,209,4,4,,prod,TypeScript,MEDIUM
3e6f7cf6958b6788344cbd89cff91e92859ebaf5,function,getTestTrend,"getTestTrend = async (project_id?: number, days = 30)",frontend/src/services/api/projects.ts,211,221,11,10,,prod,TypeScript,MEDIUM
ee0feabf70ca94154bcdd254b965b04e9a5e7c93,function,getCoverageTrend,"getCoverageTrend = async (project_id?: number, days = 30)",frontend/src/services/api/projects.ts,223,238,16,15,,prod,TypeScript,MEDIUM
e091a7f5594ce831dc3fb620c631749eac68d9e7,function,projectCacheKey,projectCacheKey = (id: number),frontend/src/services/api/projects.ts,24,24,1,1,,prod,TypeScript,MEDIUM
2e3131e8a70a5bf7f6b4c811f6aef11ef59c83f1,function,getPRMetrics,getPRMetrics = async (opts?: GetPRMetricsOptions): Promise<PRMetricsSummary>,frontend/src/services/api/projects.ts,240,250,11,10,,prod,TypeScript,MEDIUM
684aac190d6f703b77d677e38a5bcae68d0cf6b6,function,listPullRequests,listPullRequests = async (opts?:,frontend/src/services/api/projects.ts,252,264,13,12,,prod,TypeScript,MEDIUM
9a21480bf63dce458e4dbaf1bc2c093c280516e1,function,invalidateProjectCache,invalidateProjectCache = (projectId?: number),frontend/src/services/api/projects.ts,26,31,6,6,,prod,TypeScript,MEDIUM
ce6ad400886bbf673591b4d6d912b807bd3774bc,function,getTeamHealth,getTeamHealth = async (projectId: number): Promise<TeamHealthMetrics>,frontend/src/services/api/projects.ts,266,272,7,7,,prod,TypeScript,MEDIUM
c095dde1d08428310efa2b0ebd268b7aa06d50b3,function,listProjects,listProjects = async (pagination?: PaginationParams): Promise<Project[]>,frontend/src/services/api/projects.ts,37,57,21,19,,prod,TypeScript,MEDIUM
cd289696d4f700114d1f3941e46b3a1d89191491,function,isValidProjectDetail,isValidProjectDetail = (value: unknown): value is Project,frontend/src/services/api/projects.ts,59,67,9,9,,prod,TypeScript,MEDIUM
e6d365a8f67fff5564b8af6d3220bacca4a2050c,function,normalizeProjectDetail,normalizeProjectDetail = (payload: unknown): Project,frontend/src/services/api/projects.ts,69,91,23,23,,prod,TypeScript,MEDIUM
ad0794c0654eea0af20cb1459cc326fb18dd410e,function,getProject,getProject = async (id: number): Promise<Project>,frontend/src/services/api/projects.ts,93,106,14,13,,prod,TypeScript,MEDIUM
6f13adfed7f225f6e46c60102c1255e28d4e8b98,function,listDefectMetrics,"listDefectMetrics = async ( projectId: number, sprintId?: number, limit?: number ): Promise<DefectMetrics[]>",frontend/src/services/api/quality.ts,104,114,11,11,,prod,TypeScript,MEDIUM
42343c2910588157b0e524abd8cc6c85b12f413b,function,calculateDefectMetrics,calculateDefectMetrics = async (opts:,frontend/src/services/api/quality.ts,116,127,12,12,,prod,TypeScript,MEDIUM
7041b54b81785aaa18dba7872fd60aaa9119a462,function,getRootCauseAnalysis,"getRootCauseAnalysis = async ( projectId: number, sprintId?: number ): Promise<unknown[]>",frontend/src/services/api/quality.ts,133,141,9,9,,prod,TypeScript,MEDIUM
6ad4081056315226c1253ea06388a1b3c1b3aa5f,function,getComponentAnalysis,"getComponentAnalysis = async ( projectId: number, sprintId?: number ): Promise<unknown[]>",frontend/src/services/api/quality.ts,143,151,9,9,,prod,TypeScript,MEDIUM
8daa0d371d9cdf92c6272001708915298c665035,function,getQualityTrend,"getQualityTrend = async ( projectId: number, days?: number ): Promise<unknown>",frontend/src/services/api/quality.ts,153,161,9,9,,prod,TypeScript,MEDIUM
5e76f73d01ea6f3ccf3effd137bf31d7f86d5c8d,function,getQualityReportData,"getQualityReportData = async ( projectId: number, sprintId?: number ): Promise<SprintQualityReport>",frontend/src/services/api/quality.ts,167,175,9,9,,prod,TypeScript,MEDIUM
2fc94a44cdc5fb7cae0fe7fb0d223b256f60dd4c,function,generateQualityReport,generateQualityReport = async ( request: ReportGenerationRequest ): Promise<ReportGenerationResponse>,frontend/src/services/api/quality.ts,177,182,6,6,,prod,TypeScript,MEDIUM
76dbcc13937eeb7ac3bf94e3f56d01b21cf6315e,function,getQualityReportPreviewUrl,"getQualityReportPreviewUrl = ( projectId: number, format: ReportFormat = 'pdf', sprintId?: number ): string",frontend/src/services/api/quality.ts,184,192,9,9,,prod,TypeScript,MEDIUM
590b94fc0a302c366487f83ae0a451c48ba296c8,function,downloadQualityReport,"downloadQualityReport = async ( projectId: number, format: ReportFormat = 'pdf', sprintId?: number, sections?: ReportSection[] ): Promise<",frontend/src/services/api/quality.ts,194,221,28,26,,prod,TypeScript,MEDIUM
c32abe6b163c60435daf83f68c337246bb04d470,function,createEscapedDefect,createEscapedDefect = async (defect: EscapedDefectCreate): Promise<EscapedDefect>,frontend/src/services/api/quality.ts,26,29,4,4,,prod,TypeScript,MEDIUM
56ed91687328838707f993022bb85f69c28e6aaf,function,listEscapedDefects,listEscapedDefects = async (opts:,frontend/src/services/api/quality.ts,31,46,16,16,,prod,TypeScript,MEDIUM
55d035666a93bbe4dddf000ad4ffaf8a5359645d,function,getEscapedDefect,getEscapedDefect = async (defectId: number): Promise<EscapedDefect>,frontend/src/services/api/quality.ts,48,51,4,4,,prod,TypeScript,MEDIUM
9456662ebfa29e9e2e385b33a308ae0fd9ec6369,function,updateEscapedDefect,"updateEscapedDefect = async ( defectId: number, update: EscapedDefectUpdate ): Promise<EscapedDefect>",frontend/src/services/api/quality.ts,53,59,7,7,,prod,TypeScript,MEDIUM
69998d87629c35f324dbb66010c3dc8e94423105,function,deleteEscapedDefect,deleteEscapedDefect = async (defectId: number): Promise<void>,frontend/src/services/api/quality.ts,61,63,3,3,,prod,TypeScript,MEDIUM
fc2cc8ca61facc513333ce97e7b526f53842aa3c,function,getQualitySummary,"getQualitySummary = async ( projectId: number, sprintId?: number ): Promise<QualitySummary>",frontend/src/services/api/quality.ts,69,77,9,9,,prod,TypeScript,MEDIUM
6ee8293a8e5097997c05e50d4d8f5d64feccccce,function,getQualityDashboard,"getQualityDashboard = async ( projectId: number, sprintId?: number ): Promise<QualityDashboard>",frontend/src/services/api/quality.ts,79,87,9,9,,prod,TypeScript,MEDIUM
5081d0a4e926487f4a973d01b51e173024ac66e4,function,getQualityMetrics,"getQualityMetrics = async ( projectId: number, opts?:",frontend/src/services/api/quality.ts,93,102,10,10,,prod,TypeScript,MEDIUM
2d03f015485a219129dba0753ec1c01611b04672,function,getProjectSprints,"getProjectSprints = async ( projectId: number, limit = 10, boardId?: number ): Promise<SprintsResponse>",frontend/src/services/api/sprints.ts,115,138,24,23,,prod,TypeScript,MEDIUM
ee2066fab21e4c8fc0ed3f60e7efac9efa3afe71,function,getSprintBurndown,getSprintBurndown = async (sprintId: number): Promise<unknown>,frontend/src/services/api/sprints.ts,144,147,4,4,,prod,TypeScript,MEDIUM
03c20e01c65d559414185c7bd89663392e55d318,function,getSprintQuality,getSprintQuality = async (sprintId: number): Promise<SprintQuality>,frontend/src/services/api/sprints.ts,149,152,4,4,,prod,TypeScript,MEDIUM
ce4f19bf3643183290b580ef0f42651c0ca3bc15,function,getSprintWipStatus,getSprintWipStatus = async (sprintId: number): Promise<SprintWipStatus>,frontend/src/services/api/sprints.ts,158,173,16,13,,prod,TypeScript,MEDIUM
c65b4ef15fa9d3316aaa8f5de6b31d02d39b8cac,function,getSprintCapacity,getSprintCapacity = async (sprintId: number): Promise<SprintCapacity>,frontend/src/services/api/sprints.ts,179,194,16,13,,prod,TypeScript,MEDIUM
892aa62664a18051e279fa22864d2614ecb0151f,function,getBoardsForProject,getBoardsForProject = async (jiraKey: string): Promise<BoardsResponse>,frontend/src/services/api/sprints.ts,200,203,4,4,,prod,TypeScript,MEDIUM
6906272a898b7b296af5443c0a5d29f68afc28b3,function,listSprints,listSprints = async ( filters?:,frontend/src/services/api/sprints.ts,75,113,39,36,,prod,TypeScript,MEDIUM
ee4e94f4532c7a89bbca111062b2234243d5eccb,function,listTasks,listTasks = async ( filters?:,frontend/src/services/api/tasks.ts,149,161,13,13,,prod,TypeScript,MEDIUM
c5773fe90bbeb81002ec990100f16d655162b382,function,extractTasksArray,function extractTasksArray(response: unknown): TaskItem[],frontend/src/services/api/tasks.ts,15,26,12,12,,prod,TypeScript,MEDIUM
f96d522b25733b9d64de42c5d96ae91905fcb529,function,getTask,getTask = async (taskId: number): Promise<TaskItem>,frontend/src/services/api/tasks.ts,163,166,4,4,,prod,TypeScript,MEDIUM
c7540ac6b04dfbf7f805c2003e2ce6b6eaf18905,function,clearTasksCache,clearTasksCache = (),frontend/src/services/api/tasks.ts,168,171,4,4,,prod,TypeScript,MEDIUM
8005f4ac0da34a0727bbd79b45af52bb28a4bcac,function,setTaskBusinessValue,"setTaskBusinessValue = async ( taskId: number, opts:",frontend/src/services/api/tasks.ts,177,187,11,10,,prod,TypeScript,MEDIUM
6a2d3dc036ae2f03f421694ae6d738557c9a2502,function,extractPaginationMeta,"function extractPaginationMeta(response: unknown, skip: number, limit: number): PaginationMeta",frontend/src/services/api/tasks.ts,31,51,21,21,,prod,TypeScript,MEDIUM
dc992105cf902b9b69e9fd5ccd373ff32bdef5d0,function,listTasksByProjectPaginated,"listTasksByProjectPaginated = async ( projectId: number, pagination?: PaginationParams, config?: AxiosRequestConfig, ): Promise<PaginatedResponse<TaskItem>>",frontend/src/services/api/tasks.ts,57,78,22,20,,prod,TypeScript,MEDIUM
7d46adbc8bbeb0d22ca41fb62bdf828952563f52,function,listTasksByProject,"listTasksByProject = async ( projectId: number, pagination?: PaginationParams, config?: AxiosRequestConfig, ): Promise<TaskItem[]>",frontend/src/services/api/tasks.ts,84,91,8,8,,prod,TypeScript,MEDIUM
497050b1847b7a6762d95b8704434e15640c096a,function,listTasksPaginated,listTasksPaginated = async ( filters?:,frontend/src/services/api/tasks.ts,97,143,47,41,,prod,TypeScript,MEDIUM
a7e9b4948c152f9d4955af787e60a17e803c10e5,function,getDeltaCoverage,"getDeltaCoverage = async ( projectId: number, opts?:",frontend/src/services/api/testing.ts,106,116,11,10,,prod,TypeScript,MEDIUM
742d7378bf2e36e260fa49279c6e13d10769b78b,function,getPRDeltaCoverage,"getPRDeltaCoverage = async ( projectId: number, prNumber: number ): Promise<DeltaCoverage>",frontend/src/services/api/testing.ts,118,125,8,8,,prod,TypeScript,MEDIUM
653bcb7d9b75fc477318e814d28d253e5dd380b0,function,calculateComponentCoverage,"calculateComponentCoverage = async ( projectId: number, opts?:",frontend/src/services/api/testing.ts,131,152,22,21,,prod,TypeScript,MEDIUM
c9ab56b6d80b8ef61711a35e9af076746b88411f,function,listComponentCoverage,"listComponentCoverage = async ( projectId: number, opts?:",frontend/src/services/api/testing.ts,154,165,12,11,,prod,TypeScript,MEDIUM
2809bca73bf602644982fcbe40de235a39e539ac,function,getComponentCoverageSummary,"getComponentCoverageSummary = async ( projectId: number, threshold?: number ): Promise<ComponentCoverageSummary>",frontend/src/services/api/testing.ts,167,176,10,9,,prod,TypeScript,MEDIUM
0a29663384f43295d5ec8609245be70be36b3667,function,getCoverageTrendAnalytics,"getCoverageTrendAnalytics = async ( projectId: number, period?: string ): Promise<CoverageTrendData>",frontend/src/services/api/testing.ts,182,191,10,9,,prod,TypeScript,MEDIUM
ae5a346905ee8c0c98830421ee7cd2bfb0cb3cba,function,getTestAnalyticsDashboard,"getTestAnalyticsDashboard = async ( projectId: number, opts?:",frontend/src/services/api/testing.ts,197,207,11,10,,prod,TypeScript,MEDIUM
54667d83d1c43e1cc7d657ab3d10e897bf503f66,function,listFlakyTests,"listFlakyTests = async ( projectId: number, opts?:",frontend/src/services/api/testing.ts,23,34,12,11,,prod,TypeScript,MEDIUM
b3d45042fb1633cfbbf64a80de5b36a20c2631dd,function,getFlakyTest,getFlakyTest = async (flakyId: number): Promise<FlakyTest>,frontend/src/services/api/testing.ts,36,39,4,4,,prod,TypeScript,MEDIUM
eb3f063b631d000c5bb91d836b27f01f3357474a,function,createFlakyTest,createFlakyTest = async (flaky: FlakyTestCreate): Promise<FlakyTest>,frontend/src/services/api/testing.ts,41,44,4,4,,prod,TypeScript,MEDIUM
ab6f35464c58bd5f04dfd802ae031ad9195a438c,function,updateFlakyTest,"updateFlakyTest = async (flakyId: number, updates: FlakyTestUpdate): Promise<FlakyTest>",frontend/src/services/api/testing.ts,46,49,4,4,,prod,TypeScript,MEDIUM
b8a9576cf1216e59094d40e7d10a3331385b483d,function,deleteFlakyTest,deleteFlakyTest = async (flakyId: number): Promise<void>,frontend/src/services/api/testing.ts,51,53,3,3,,prod,TypeScript,MEDIUM
328f44799ee030f33057d145b1134c94750b9140,function,detectFlakyTests,"detectFlakyTests = async ( projectId: number, opts?:",frontend/src/services/api/testing.ts,55,77,23,22,,prod,TypeScript,MEDIUM
475f246c1e88d064715fedb8e0f24a05c4183972,function,getFlakyTestsSummary,getFlakyTestsSummary = async (projectId: number): Promise<FlakyTestSummary>,frontend/src/services/api/testing.ts,79,82,4,4,,prod,TypeScript,MEDIUM
75637399b37dd7fcd583a5f975607d00653409a7,function,getCoverageFiles,getCoverageFiles = async (commit_sha: string),frontend/src/services/api/testing.ts,88,100,13,13,,prod,TypeScript,MEDIUM
0239ea0bcf0c26fe4f2de16c4c2c68484c2dc19b,function,getGitHubProjectPulls,"getGitHubProjectPulls = async ( projectId: number, opts?:",frontend/src/services/api/traceability.ts,107,116,10,10,,prod,TypeScript,MEDIUM
2bb4c5ee0885ddf866457f49ff1bc29a7482796d,function,getFullTraceabilityChain,"getFullTraceabilityChain = async ( artifactId: number, opts?:",frontend/src/services/api/traceability.ts,122,142,21,20,,prod,TypeScript,MEDIUM
aa9d13d97b055220235265433237ae16d048bd5b,function,getImpactAnalysis,"getImpactAnalysis = async ( artifactId: number, opts?:",frontend/src/services/api/traceability.ts,148,161,14,13,,prod,TypeScript,MEDIUM
1b98bf7721253f8a02b3edff42711bb753caf057,function,getOrphanedArtifacts,getOrphanedArtifacts = async ( opts?:,frontend/src/services/api/traceability.ts,167,181,15,14,,prod,TypeScript,MEDIUM
4d879a1407557b39ee27df6b4c07c5ddd3dd3d42,function,getConfidenceDistribution,getConfidenceDistribution = async ( opts?:,frontend/src/services/api/traceability.ts,187,199,13,12,,prod,TypeScript,MEDIUM
3ec4f0a75fe4adc40bc58b7bf658bf6b2102b97c,function,recalculateLinkConfidence,recalculateLinkConfidence = async ( opts?:,frontend/src/services/api/traceability.ts,201,213,13,12,,prod,TypeScript,MEDIUM
e944fb96df08eb23db04e3cc65c3e3a0c0b012cd,function,generateSuggestedLinks,generateSuggestedLinks = async ( opts?:,frontend/src/services/api/traceability.ts,219,232,14,13,,prod,TypeScript,MEDIUM
2eb724f5bee213ca4a4a5639568e091b47c87877,function,getSuggestedLinks,getSuggestedLinks = async ( opts?:,frontend/src/services/api/traceability.ts,234,249,16,15,,prod,TypeScript,MEDIUM
c3fd12a4a66f0be65080a3e90d77798e6c5225e3,function,getSuggestedLinksStats,getSuggestedLinksStats = async ( projectId?: number ): Promise<SuggestedLinksStats>,frontend/src/services/api/traceability.ts,251,259,9,8,,prod,TypeScript,MEDIUM
33d1c313149639ee2e36edbbedfd68ae5d8e4dc7,function,approveSuggestedLink,approveSuggestedLink = async (suggestionId: number): Promise<void>,frontend/src/services/api/traceability.ts,261,263,3,3,,prod,TypeScript,MEDIUM
6bbeac35c34ef9ecc9a70b2dcf74126c1d4072b7,function,rejectSuggestedLink,rejectSuggestedLink = async (suggestionId: number): Promise<void>,frontend/src/services/api/traceability.ts,265,267,3,3,,prod,TypeScript,MEDIUM
bf27ee6708d934229ce99b08946ae96ded3bcddc,function,bulkApproveSuggestedLinks,bulkApproveSuggestedLinks = async ( suggestionIds: number[] ): Promise<,frontend/src/services/api/traceability.ts,269,276,8,8,,prod,TypeScript,MEDIUM
730eca3d842e57f77904a790c39f8c6e35a40279,function,getSyncHealth,getSyncHealth = async ( opts?:,frontend/src/services/api/traceability.ts,282,293,12,11,,prod,TypeScript,MEDIUM
938ef8f71c7ae6312ea1e8c4f59dec15f7ebe482,function,getDetailedSyncHealth,getDetailedSyncHealth = async ( projectId: number ): Promise<DetailedSyncHealthResponse>,frontend/src/services/api/traceability.ts,295,303,9,9,,prod,TypeScript,MEDIUM
d5850b667bfa790eb219f2d35a7cfbfd2ef40828,function,runConsistencyCheck,runConsistencyCheck = async ( opts?:,frontend/src/services/api/traceability.ts,309,334,26,25,,prod,TypeScript,MEDIUM
b5af55a743e57ec57402de5a9f90c94fb6083bab,function,fixConsistencyIssues,fixConsistencyIssues = async ( opts?:,frontend/src/services/api/traceability.ts,336,355,20,19,,prod,TypeScript,MEDIUM
155ee1997df730ab35f42c673a8d87ea4da63016,function,getDetailedCycles,getDetailedCycles = async ( opts?:,frontend/src/services/api/traceability.ts,357,369,13,12,,prod,TypeScript,MEDIUM
ae7dfba08ba1843345742c442962722e11030fe9,function,getRules,getRules = async ( opts?: ListRulesOptions ): Promise<TraceabilityRuleListResponse>,frontend/src/services/api/traceability.ts,378,393,16,15,,prod,TypeScript,MEDIUM
476389731d144cbff0f34c26ce1903f9eeae2234,function,getRule,getRule = async (ruleId: number): Promise<TraceabilityRule>,frontend/src/services/api/traceability.ts,398,404,7,7,,prod,TypeScript,MEDIUM
b439f8300bf4c8deb9cfe7a77e1354ec4a65ee1f,function,createRule,createRule = async ( ruleData: TraceabilityRuleCreate ): Promise<TraceabilityRule>,frontend/src/services/api/traceability.ts,409,416,8,8,,prod,TypeScript,MEDIUM
6d0726edcbf8a53e39f73d8195aecb606824e6d1,function,getTraceabilityMatrix,"getTraceabilityMatrix = async ( projectId: number, opts?:",frontend/src/services/api/traceability.ts,41,50,10,10,,prod,TypeScript,MEDIUM
6c0403e747c4adc8d247d5c79b51b5add05a5044,function,updateRule,"updateRule = async ( ruleId: number, ruleData: TraceabilityRuleUpdate ): Promise<TraceabilityRule>",frontend/src/services/api/traceability.ts,421,429,9,9,,prod,TypeScript,MEDIUM
bfcfd42ac39c8e452cebd24c5975eb2e0dfb70f6,function,deleteRule,deleteRule = async (ruleId: number): Promise<void>,frontend/src/services/api/traceability.ts,434,436,3,3,,prod,TypeScript,MEDIUM
b6a9500762e2347d9d8a37d171aa0d216ab85b20,function,executeRule,"executeRule = async ( ruleId: number, opts?:",frontend/src/services/api/traceability.ts,441,450,10,10,,prod,TypeScript,MEDIUM
ce1376ddd06f9daa2e1306b2d21bb87e8814eb23,function,getRuleExecutions,"getRuleExecutions = async ( ruleId: number, opts?:",frontend/src/services/api/traceability.ts,455,468,14,13,,prod,TypeScript,MEDIUM
ed55f19eb67daf0511812058e1c047df6a4b1638,function,getAllRuleExecutions,getAllRuleExecutions = async ( opts?: ListRuleExecutionsOptions ): Promise<TraceabilityRuleExecutionListResponse>,frontend/src/services/api/traceability.ts,473,487,15,14,,prod,TypeScript,MEDIUM
b1644ac275aa4c3fff18feb1686e0f6392456e44,function,backfillTraceability,backfillTraceability = async ( projectId: number ): Promise<TraceabilityBackfillResult>,frontend/src/services/api/traceability.ts,52,59,8,8,,prod,TypeScript,MEDIUM
194df2f63b16fdc2a7c9fa9c3246a21e5f485b54,function,getTraceabilityRequirementFlow,"getTraceabilityRequirementFlow = async ( artifactId: number, opts?:",frontend/src/services/api/traceability.ts,65,82,18,15,,prod,TypeScript,MEDIUM
a64ea2bc28d6bae5bacf58c6ee6eb9c52322f304,function,getTraceabilityTaskArtifacts,"getTraceabilityTaskArtifacts = async ( jiraKey: string, config?: AxiosRequestConfig ): Promise<TraceabilityTaskArtifacts>",frontend/src/services/api/traceability.ts,88,101,14,13,,prod,TypeScript,MEDIUM
55b93480f6c33ad01a26e8541492eda72b445368,function,microsoftOAuthCallback,"microsoftOAuthCallback = async (code: string, state: string): Promise<OAuth2Token>",frontend/src/services/api/users.ts,101,106,6,6,,prod,TypeScript,MEDIUM
7cb1d17671ab301889786ab0e5971873eeba7544,function,getMFAStatus,getMFAStatus = async (): Promise<MFAStatus>,frontend/src/services/api/users.ts,141,144,4,4,,prod,TypeScript,MEDIUM
abe3484660b0149c67e502162aeca3a15b9de6fc,function,initiateMFASetup,initiateMFASetup = async (): Promise<MFASetupResponse>,frontend/src/services/api/users.ts,150,153,4,4,,prod,TypeScript,MEDIUM
7facf5ac85d59ede41355acffac732b7b48c9874,function,verifyMFASetup,verifyMFASetup = async (code: string): Promise<MFAVerifyResponse>,frontend/src/services/api/users.ts,159,162,4,4,,prod,TypeScript,MEDIUM
663482ee7b0a0dd78805563d816f0ceb7ef5e20d,function,disableMFA,disableMFA = async (code: string): Promise<MFAVerifyResponse>,frontend/src/services/api/users.ts,168,171,4,4,,prod,TypeScript,MEDIUM
227a9c078c9ffb997505e2a7222c5cdfe22f0a3b,function,regenerateBackupCodes,regenerateBackupCodes = async (code: string): Promise<,frontend/src/services/api/users.ts,177,180,4,4,,prod,TypeScript,MEDIUM
d5b58852a85b9c6301fe8357330053f2df1660c1,function,verifyMFALogin,"verifyMFALogin = async (code: string, tempToken: string): Promise<OAuth2Token>",frontend/src/services/api/users.ts,186,192,7,7,,prod,TypeScript,MEDIUM
afd0e18f4ec3fab33fc54cba45f8258722497131,function,updateCurrentUser,"updateCurrentUser = async ( payload: Partial<Pick<User, ""username"" | ""full_name"">>, ): Promise<User>",frontend/src/services/api/users.ts,24,31,8,8,,prod,TypeScript,MEDIUM
580e7fc4098929403e14df5f623b7fbd6fe89789,function,changePassword,changePassword = async (payload:,frontend/src/services/api/users.ts,33,39,7,7,,prod,TypeScript,MEDIUM
9ec016c21b07939f0f38c5cf486b8a198e0417fc,function,getOAuth2Providers,getOAuth2Providers = async (): Promise<OAuth2Providers>,frontend/src/services/api/users.ts,63,66,4,4,,prod,TypeScript,MEDIUM
7e7fdd8c31d6a515f25555f77c56ecbc24a5e898,function,startGoogleOAuth,startGoogleOAuth = async (redirectUri?: string): Promise<OAuth2AuthURL>,frontend/src/services/api/users.ts,72,76,5,5,,prod,TypeScript,MEDIUM
d8c2bbdd4b6432038a65ad61bc1bd6d2fc766805,function,startMicrosoftOAuth,startMicrosoftOAuth = async (redirectUri?: string): Promise<OAuth2AuthURL>,frontend/src/services/api/users.ts,82,86,5,5,,prod,TypeScript,MEDIUM
d4cf7e777ea21bc9a52e48f08459cba685b3bb06,function,getCurrentUser,getCurrentUser = async (): Promise<User>,frontend/src/services/api/users.ts,9,22,14,12,,prod,TypeScript,MEDIUM
cc0255c5f36f222faebaf3af182d01d8a2880d80,function,googleOAuthCallback,"googleOAuthCallback = async (code: string, state: string): Promise<OAuth2Token>",frontend/src/services/api/users.ts,91,96,6,6,,prod,TypeScript,MEDIUM
06c4f956d1c0681d231cb0611aa67fc289d5c2ad,function,getFieldMappings,"export async function getFieldMappings(projectKey?: string, activeOnly: boolean = true): Promise<FieldMapping[]>",frontend/src/services/jiraFieldsApi.ts,100,110,11,11,,prod,TypeScript,MEDIUM
1078ded35aea4c5cd6a0cf92c2f7885411b6fb1c,function,saveFieldMapping,"export async function saveFieldMapping( fieldType: string, fieldId: string, projectKey?: string ): Promise<",frontend/src/services/jiraFieldsApi.ts,113,130,18,17,,prod,TypeScript,MEDIUM
1190083b7a34f057a42e6842eaf1bc51af84b661,function,deleteFieldMapping,export async function deleteFieldMapping(mappingId: number): Promise<,frontend/src/services/jiraFieldsApi.ts,133,141,9,9,,prod,TypeScript,MEDIUM
f2e44db853e4b818de26d0aeb0af521900c6d22d,function,testFieldMapping,"export async function testFieldMapping(issueKey: string, fieldType?: string): Promise<TestMappingResult>",frontend/src/services/jiraFieldsApi.ts,144,157,14,13,,prod,TypeScript,MEDIUM
332de346e6e6280e871a542b48686b425487a876,function,exportConfiguration,export async function exportConfiguration(): Promise<JiraFieldConfiguration>,frontend/src/services/jiraFieldsApi.ts,160,166,7,7,,prod,TypeScript,MEDIUM
4ec6d157c14a7f67fcfa39894e94acb35c5d2dcb,function,importConfiguration,export async function importConfiguration(config: JiraFieldConfiguration): Promise<,frontend/src/services/jiraFieldsApi.ts,169,181,13,13,,prod,TypeScript,MEDIUM
0c5de1aeb34669d630ce6291d5afd5e1a79cf93c,function,getIssueSprints,export async function getIssueSprints(issueKey: string): Promise<,frontend/src/services/jiraFieldsApi.ts,184,195,12,12,,prod,TypeScript,MEDIUM
1c9351462b16b6ac4c7be0a8f8c15f6ef1092869,function,discoverJiraFields,export async function discoverJiraFields(forceRefresh: boolean = false): Promise<FieldDiscoveryResult>,frontend/src/services/jiraFieldsApi.ts,80,86,7,7,,prod,TypeScript,MEDIUM
f9c62e0b816a2a13a701d57db7ee9facd693b219,function,calibrateFields,"export async function calibrateFields(projectKey: string, sampleSize: number = 10): Promise<CalibrationResult>",frontend/src/services/jiraFieldsApi.ts,89,97,9,9,,prod,TypeScript,MEDIUM
384b4976e7b9ea154efa5f9e5fbfb0e196d5bd6d,function,loadProjects,loadProjects = async (),frontend/src/store/dataThunks.ts,37,67,31,27,,prod,TypeScript,MEDIUM
a6ba25de56a2e2d36221a13ee9a1c0c0fb89ff24,function,createInitialState,createInitialState = (): ProjectState,frontend/src/store/projectSlice.ts,26,32,7,7,,prod,TypeScript,MEDIUM
68f7ce0499fe62de6a0f0db44aad57c513eb4471,function,createInitialState,createInitialState = (): SprintState,frontend/src/store/sprintSlice.ts,28,35,8,8,,prod,TypeScript,MEDIUM
f7d5ab1d1290d05c6b706b0d658693443f69ee18,function,createInitialState,createInitialState = (): TaskState,frontend/src/store/taskSlice.ts,31,39,9,9,,prod,TypeScript,MEDIUM
a7318cc7aad67198d7b4957df6e725ed6025b2e2,constructor,constructor,constructor(),frontend/src/test/setup.ts,27,27,1,1,,test,TypeScript,MEDIUM
640e969fe80903b5fa4952f523c0c3e913840786,method,disconnect,disconnect(),frontend/src/test/setup.ts,28,28,1,1,,test,TypeScript,MEDIUM
3da6d01f84b18a1a869b52cf10be994dcd072736,method,observe,observe(),frontend/src/test/setup.ts,29,29,1,1,,test,TypeScript,MEDIUM
2e1b0691a230615f8df712f6e883849d4db5a43a,method,takeRecords,takeRecords(),frontend/src/test/setup.ts,30,32,3,3,,test,TypeScript,MEDIUM
5ed2cfdc94df93da4b5a991dcdfce8a0d00e942b,method,unobserve,unobserve(),frontend/src/test/setup.ts,33,33,1,1,,test,TypeScript,MEDIUM
48e2768b2b011c7578e169ab6c666cf59d458061,constructor,constructor,constructor(),frontend/src/test/setup.ts,38,38,1,1,,test,TypeScript,MEDIUM
c4e847b7d731ab334c309bbd14ae6d78c0ceb778,method,disconnect,disconnect(),frontend/src/test/setup.ts,39,39,1,1,,test,TypeScript,MEDIUM
92a97fe9642db799cb54d5d1f1546c949ffcfcce,method,observe,observe(),frontend/src/test/setup.ts,40,40,1,1,,test,TypeScript,MEDIUM
5fd0b700cb50a9d5e1bdb99051af584b3e19a9fe,method,unobserve,unobserve(),frontend/src/test/setup.ts,41,41,1,1,,test,TypeScript,MEDIUM
8ebf218cec72f9bcd16c86a5496777e324654d9e,function,debounce,export function debounce<T extends (...args: unknown[]),frontend/src/utils/apiOptimization.ts,102,139,38,32,,prod,TypeScript,MEDIUM
b67c4fcd4a5c3dc346f4dd627d0b1fc42aac43ab,function,useDebouncedValue,"export function useDebouncedValue<T>(value: T, delayMs: number): T",frontend/src/utils/apiOptimization.ts,154,168,15,13,,prod,TypeScript,MEDIUM
c2e2851c1a0b738231505a4b943f2a4526d8d44e,function,createBatchLoader,"export function createBatchLoader<TKey, TResult>( config: BatchConfig<TKey, TResult> ): BatchedLoader<TKey, TResult>",frontend/src/utils/apiOptimization.ts,210,278,69,57,,prod,TypeScript,MEDIUM
6f3e1ea87ab3899896e7f8f946c8c84d4a297d12,function,loadParallel,"export async function loadParallel<T extends Record<string, ()",frontend/src/utils/apiOptimization.ts,313,344,32,27,,prod,TypeScript,MEDIUM
48a6b9fea1a64783389f7a40038769fbdcc7442f,function,deduplicateRequest,"export async function deduplicateRequest<T>( key: string, requestFn: ()",frontend/src/utils/apiOptimization.ts,33,53,21,19,,prod,TypeScript,MEDIUM
d0962d1aa32a2775636e0ab032729ada02e8479f,method,get,get<T>(key: string):,frontend/src/utils/apiOptimization.ts,368,389,22,17,0b5ec197b3990e93ff14acb3ad7ed88af6ae81ae,prod,TypeScript,MEDIUM
f88bdbbd8caf5e7fe529256373e21c6bc229407b,method,set,"set<T>(key: string, value: T, options: CacheOptions): void",frontend/src/utils/apiOptimization.ts,391,407,17,15,0b5ec197b3990e93ff14acb3ad7ed88af6ae81ae,prod,TypeScript,MEDIUM
a4b704235c4ebf8d5910ca5368ef4714957b5acf,method,delete,delete(key: string): boolean,frontend/src/utils/apiOptimization.ts,409,411,3,3,0b5ec197b3990e93ff14acb3ad7ed88af6ae81ae,prod,TypeScript,MEDIUM
a069fbda6eb537400ff4f6f76137d9a7b76290cf,method,deletePattern,deletePattern(pattern: string): number,frontend/src/utils/apiOptimization.ts,413,422,10,10,0b5ec197b3990e93ff14acb3ad7ed88af6ae81ae,prod,TypeScript,MEDIUM
d6936ee17392a14489a5510b7a973bc93855dab2,method,clear,clear(): void,frontend/src/utils/apiOptimization.ts,424,426,3,3,0b5ec197b3990e93ff14acb3ad7ed88af6ae81ae,prod,TypeScript,MEDIUM
f70657287a4305167601eed18c6ccb4e4d41cad9,function,fetchWithCache,"export async function fetchWithCache<T>( key: string, fetchFn: ()",frontend/src/utils/apiOptimization.ts,453,488,36,31,,prod,TypeScript,MEDIUM
1fe4ccfcfef1744f53865759e4e2cf73e34171f4,function,invalidateProjectCache,export function invalidateProjectCache(projectId: number): void,frontend/src/utils/apiOptimization.ts,500,514,15,14,,prod,TypeScript,MEDIUM
83b24bfcc13d5c34521ca57800b1b87b39317cae,function,invalidateSprintCache,export function invalidateSprintCache(sprintId: number): void,frontend/src/utils/apiOptimization.ts,519,529,11,10,,prod,TypeScript,MEDIUM
0979a1e7de604e65e80dd92ac71436b7c8b2da89,function,clearAllCache,export function clearAllCache(): void,frontend/src/utils/apiOptimization.ts,536,540,5,5,,prod,TypeScript,MEDIUM
93151d1818ad9be0b06223a32f600d39b10779b4,function,loadProjectAnalytics,"export async function loadProjectAnalytics( projectId: number, api:",frontend/src/utils/apiOptimization.ts,570,589,20,20,,prod,TypeScript,MEDIUM
b9c13d849439da27d50a0f12e5368a3690ee0d37,function,makeCacheKey,"export function makeCacheKey( endpoint: string, params?: Record<string, unknown> ): string",frontend/src/utils/apiOptimization.ts,58,73,16,14,,prod,TypeScript,MEDIUM
2364e1d44264ad6f831407494b35d633fc7633b3,method,markUnhealthy,markUnhealthy(error?: string),frontend/src/utils/backendHealth.ts,108,113,6,6,c5a4391c9f815ca2c088577bb19513d86676b653,prod,TypeScript,MEDIUM
181d5fde948400d3d30615da7b443d962aba20cb,method,startMonitoring,startMonitoring(),frontend/src/utils/backendHealth.ts,24,36,13,11,c5a4391c9f815ca2c088577bb19513d86676b653,prod,TypeScript,MEDIUM
74acb0e1a3f9474d17732e7c7ec2fb80e7d105eb,method,stopMonitoring,stopMonitoring(),frontend/src/utils/backendHealth.ts,41,46,6,6,c5a4391c9f815ca2c088577bb19513d86676b653,prod,TypeScript,MEDIUM
ef0b10fd9fcf367dad9e6eadfa23ca0f38dc7706,method,checkHealth,async checkHealth(): Promise<BackendHealthStatus>,frontend/src/utils/backendHealth.ts,51,87,37,32,c5a4391c9f815ca2c088577bb19513d86676b653,prod,TypeScript,MEDIUM
d165987b4274dcb7e9f6de42679a0af129136b48,method,getStatus,getStatus(): BackendHealthStatus,frontend/src/utils/backendHealth.ts,92,94,3,3,c5a4391c9f815ca2c088577bb19513d86676b653,prod,TypeScript,MEDIUM
2548680fac873b0dadcae159b1d7a46e1362d2e5,method,notifyHealthChange,private notifyHealthChange(isHealthy: boolean),frontend/src/utils/backendHealth.ts,99,103,5,5,c5a4391c9f815ca2c088577bb19513d86676b653,prod,TypeScript,MEDIUM
4ae546fbea1a69be4278b4717776c519561ac482,function,getErrorMessage,"export function getErrorMessage(error: unknown, fallback: string): string",frontend/src/utils/errorUtils.ts,21,43,23,19,,prod,TypeScript,MEDIUM
984208a4e71eb6f03fa1940e6e2480d68f285d6d,function,isErrorWithMessage,function isErrorWithMessage(error: unknown): error is,frontend/src/utils/errorUtils.ts,48,55,8,8,,prod,TypeScript,MEDIUM
af68873c2a3368317a4679b8a1ecf579667171c8,function,isAxiosError,function isAxiosError( error: unknown ): error is,frontend/src/utils/errorUtils.ts,60,68,9,9,,prod,TypeScript,MEDIUM
ac7829a4533bb33711c3b09384908609304bc574,function,logError,"export function logError(context: string, error: unknown): void",frontend/src/utils/errorUtils.ts,76,78,3,3,,prod,TypeScript,MEDIUM
fe6f37251e9f81ee75eff9d6c66149d0a2689df2,function,clearSessionStorage,function clearSessionStorage(): void,frontend/src/utils/logout.ts,111,117,7,7,,prod,TypeScript,MEDIUM
f754c8d9478eb8d0527020be2e28210d3fa0c89e,function,performLogout,"export function performLogout( dispatch: Dispatch, navigate: NavigateFunction, redirectPath: string = '/login' ): void",frontend/src/utils/logout.ts,134,165,32,27,,prod,TypeScript,MEDIUM
0cb24875354c826b90332eb7435678cdab526d59,function,getLogoutStats,export function getLogoutStats():,frontend/src/utils/logout.ts,172,216,45,37,,prod,TypeScript,MEDIUM
b541a98a3c46dff8bddf6d2e17aabaca5c68845e,function,clearLocalStorage,function clearLocalStorage(): string[],frontend/src/utils/logout.ts,71,106,36,30,,prod,TypeScript,MEDIUM
398e2898fd2d29fb20d0932e5125552534564d1d,function,getTemplateById,export function getTemplateById(id: string): RuleTemplate | undefined,frontend/src/utils/ruleTemplates.ts,249,251,3,3,,prod,TypeScript,MEDIUM
cebdf77105cadd00a39788d4ea5bb64db54ca3dc,function,getTemplatesByCategory,export function getTemplatesByCategory(category: 'basic' | 'advanced' | 'custom'): RuleTemplate[],frontend/src/utils/ruleTemplates.ts,256,258,3,3,,prod,TypeScript,MEDIUM
96410e488ace520e44655df04b37d18918a05e70,function,getTemplatesByTag,export function getTemplatesByTag(tag: string): RuleTemplate[],frontend/src/utils/ruleTemplates.ts,263,265,3,3,,prod,TypeScript,MEDIUM
39515cab8ed3613a47086a6d5235cdd385245fa7,function,applyTemplate,export function applyTemplate(template: RuleTemplate):,frontend/src/utils/ruleTemplates.ts,270,294,25,22,,prod,TypeScript,MEDIUM
b2a91f04cfcc7d799d503427afb8069327d7920a,function,validateNodeConfiguration,function validateNodeConfiguration(node: Node): ValidationError[],frontend/src/utils/ruleValidation.ts,142,191,50,45,,prod,TypeScript,MEDIUM
cb6554efe6444ebf7497cb1f91a7b138f66a3924,function,detectCycles,"function detectCycles(nodes: Node[], edges: Edge[]): string[]",frontend/src/utils/ruleValidation.ts,196,249,54,47,,prod,TypeScript,MEDIUM
961cbfc6abaa6ccde1a0e2a121e8c07787154621,function,getSourceNodes,export function getSourceNodes(nodes: Node[]): Node[],frontend/src/utils/ruleValidation.ts,254,258,5,5,,prod,TypeScript,MEDIUM
b74154b504cf813b35c5bc914d0e9527ae348e6a,function,validateRule,"export function validateRule(nodes: Node[], edges: Edge[]): ValidationResult",frontend/src/utils/ruleValidation.ts,26,137,112,101,,prod,TypeScript,MEDIUM
7ad07f0cf223e1318cef61be5c47918d171d0f07,function,getActionNodes,export function getActionNodes(nodes: Node[]): Node[],frontend/src/utils/ruleValidation.ts,263,267,5,5,,prod,TypeScript,MEDIUM
50886f5fd3c40198a770efb45259733d6e3b9e31,function,hasCompletePath,"export function hasCompletePath(nodes: Node[], edges: Edge[]): boolean",frontend/src/utils/ruleValidation.ts,272,300,29,25,,prod,TypeScript,MEDIUM
4664e3e53d5d12882cac7091976e6e3cf4a25f7f,function,getReachableNodes,"function getReachableNodes(startId: string, adjacencyList: Map<string, string[]>): Set<string>",frontend/src/utils/ruleValidation.ts,305,319,15,12,,prod,TypeScript,MEDIUM
805e48e61f2e5425fb137b02cc0a120e85e202c4,function,analyzeWorkingHours,export function analyzeWorkingHours(tasks: any[]): number,frontend/src/utils/smartDefaults.ts,129,137,9,8,,prod,TypeScript,MEDIUM
442cb2b77ff111423c9a0dcb4fd13ab29532686d,function,determinePreferredMetrics,export function determinePreferredMetrics(useCase?: string): string[],frontend/src/utils/smartDefaults.ts,142,169,28,24,,prod,TypeScript,MEDIUM
4140ebd4e38074e9f7f18575c9604f0840baf2f6,function,determineDefaultTimeRange,export function determineDefaultTimeRange(projectCreatedAt?: string): '1month' | '3months' | '6months' | '1year',frontend/src/utils/smartDefaults.ts,174,192,19,17,,prod,TypeScript,MEDIUM
39f98d5f43009e35b1cb4a1cdee0c7fa7935bd19,function,generateSmartDefaults,"export async function generateSmartDefaults( sprints?: any[], tasks?: any[], projectCreatedAt?: string, useCase?: string ): Promise<SmartDefaults>",frontend/src/utils/smartDefaults.ts,197,212,16,16,,prod,TypeScript,MEDIUM
93cea6da4b2bc82e3db15100c14fd4426da9920b,function,saveSmartDefaults,export function saveSmartDefaults(defaults: SmartDefaults): void,frontend/src/utils/smartDefaults.ts,217,223,7,7,,prod,TypeScript,MEDIUM
8fa47f962146982dbcb41596c1db9bb464d43249,function,loadSmartDefaults,export function loadSmartDefaults(): SmartDefaults | null,frontend/src/utils/smartDefaults.ts,228,238,11,11,,prod,TypeScript,MEDIUM
75001a5b0916e5c19102d2e5c1ba15a6ee50c723,function,applyDefaultsToSettings,"export function applyDefaultsToSettings(defaults: SmartDefaults): Record<string, any>",frontend/src/utils/smartDefaults.ts,243,250,8,8,,prod,TypeScript,MEDIUM
91c8e9356e24ab93f5ce2dcade6edb7abbc3ac7c,function,explainDefault,"export function explainDefault(field: keyof SmartDefaults, value: any): string",frontend/src/utils/smartDefaults.ts,255,267,13,12,,prod,TypeScript,MEDIUM
508364b0928c9c735c25b6679f1ab8cae009872b,function,detectTimezone,export function detectTimezone(): string,frontend/src/utils/smartDefaults.ts,28,34,7,7,,prod,TypeScript,MEDIUM
26236640f8fe2cf1130a09580c022891269ca060,function,detectCurrency,export function detectCurrency(): string,frontend/src/utils/smartDefaults.ts,39,78,40,36,,prod,TypeScript,MEDIUM
b7556db34a887ed0cc427f6bf7d25d7b8f055f6f,function,analyzeSprintDuration,export function analyzeSprintDuration(sprints: any[]): number,frontend/src/utils/smartDefaults.ts,84,123,40,33,,prod,TypeScript,MEDIUM
6aab76eab73af9f0154066f24abab1a12d844bf3,method,get,"get<T>(key: string, options?:",frontend/src/utils/storage.ts,147,171,25,21,258e97b86e3134952d36580c774cee7e2c38333e,prod,TypeScript,MEDIUM
c01fa88297cd53679808105fdbac5de92948d11e,method,remove,remove(key: string): void,frontend/src/utils/storage.ts,173,177,5,5,258e97b86e3134952d36580c774cee7e2c38333e,prod,TypeScript,MEDIUM
e08a1bd27a656c24211320ca2a304d36786a2522,method,clearExpired,clearExpired(): void,frontend/src/utils/storage.ts,179,207,29,26,258e97b86e3134952d36580c774cee7e2c38333e,prod,TypeScript,MEDIUM
59912eb1604758d44b4d978ee0574565aead0632,method,clearAll,clearAll(): void,frontend/src/utils/storage.ts,209,223,15,12,258e97b86e3134952d36580c774cee7e2c38333e,prod,TypeScript,MEDIUM
af8740d437b54d425a30b62bb366d23238f8a1fc,constructor,constructor,private constructor(),frontend/src/utils/storage.ts,21,23,3,3,258e97b86e3134952d36580c774cee7e2c38333e,prod,TypeScript,MEDIUM
0020a3dbf003bccc23362e07506de9b730785ca3,method,getUsageInfo,getUsageInfo():,frontend/src/utils/storage.ts,225,231,7,7,258e97b86e3134952d36580c774cee7e2c38333e,prod,TypeScript,MEDIUM
70236cc4a7b7d18ab2c52ebda8abeed409467409,method,getInstance,static getInstance(): SafeStorage,frontend/src/utils/storage.ts,25,30,6,6,258e97b86e3134952d36580c774cee7e2c38333e,prod,TypeScript,MEDIUM
669f147bcfceb11de85d8bd821a2b5b5425d9838,method,calculateStorageUsage,private calculateStorageUsage(): void,frontend/src/utils/storage.ts,32,48,17,17,258e97b86e3134952d36580c774cee7e2c38333e,prod,TypeScript,MEDIUM
565bac87f070d53e04c29059a2c48f0efa550f6e,method,getItemSize,"private getItemSize(key: string, value: string): number",frontend/src/utils/storage.ts,50,52,3,3,258e97b86e3134952d36580c774cee7e2c38333e,prod,TypeScript,MEDIUM
cef7a4b7576ae4d07ad616d1d6de627cee9249de,method,evictOldestItems,private evictOldestItems(requiredSpace: number): void,frontend/src/utils/storage.ts,54,91,38,33,258e97b86e3134952d36580c774cee7e2c38333e,prod,TypeScript,MEDIUM
1e8d961366dc7a24bb1561ef695472b093ffb69e,method,set,"set<T>(key: string, data: T, options: CacheOptions =",frontend/src/utils/storage.ts,93,145,53,47,258e97b86e3134952d36580c774cee7e2c38333e,prod,TypeScript,MEDIUM
49726c76eaa22368feee8dccd8d0ce469496e3a0,function,RuleBuilder,RuleBuilder: React.FC<RuleBuilderProps> = (,frontend_src_pages_TraceabilityRules_MOCKUP.tsx,136,172,37,33,,prod,TypeScript,MEDIUM
77ef7d0dff03de67d20bfee117a9228dbee81735,function,TraceabilityRulesPage,TraceabilityRulesPage: React.FC = (),frontend_src_pages_TraceabilityRules_MOCKUP.tsx,16,36,21,19,,prod,TypeScript,MEDIUM
8090f03a3c195db8ee24d278ee79991fcdf01a47,function,FormBuilder,FormBuilder: React.FC<FormBuilderProps> = (,frontend_src_pages_TraceabilityRules_MOCKUP.tsx,183,400,218,207,,prod,TypeScript,MEDIUM
6578760e19c985a0ae1b44ff344e0822719c1531,function,StrategyConfigEditor,StrategyConfigEditor: React.FC<StrategyConfigEditorProps> = (,frontend_src_pages_TraceabilityRules_MOCKUP.tsx,412,510,99,91,,prod,TypeScript,MEDIUM
e11d6684628ce7b3d7b651299949b40323a33c55,function,TemplateGallery,TemplateGallery: React.FC<TemplateGalleryProps> = (,frontend_src_pages_TraceabilityRules_MOCKUP.tsx,46,73,28,27,,prod,TypeScript,MEDIUM
7a161d04030f48949f4efb0340b1e653fc47a30a,function,PreviewPanel,PreviewPanel: React.FC<PreviewPanelProps> = (,frontend_src_pages_TraceabilityRules_MOCKUP.tsx,521,558,38,35,,prod,TypeScript,MEDIUM
636e63a8cab7cef2b497010a25794ff82b5a7892,function,TemplateCard,TemplateCard: React.FC<TemplateCardProps> = (,frontend_src_pages_TraceabilityRules_MOCKUP.tsx,84,123,40,38,,prod,TypeScript,MEDIUM
60618fdcfb662a3aa5abea5728779156289f5b5a,function,parse_args,def parse_args() -> argparse.Namespace:,scripts/check_bom.py,46,53,8,8,,prod,Python,HIGH
e2dffb9128a3a19ea2e30417b86fc3ef97bbf366,function,find_bom_files,def find_bom_files(root:,scripts/check_bom.py,56,68,13,13,,prod,Python,HIGH
2f81063f4232e20f4855040365c7de78ee246fdd,function,main,def main() -> int:,scripts/check_bom.py,71,86,16,14,,prod,Python,HIGH
f339ac8742c800e97419752b613bac6e53d092fe,top_level_function,module,module frontend/src/index.tsx,frontend/src/index.tsx,1,30,30,28,,prod,TypeScript,MEDIUM
