method_id,kind,name,signature,file,start_line,end_line,loc_total,loc_nonempty,type_id,target,language,confidence
482507101c221100c6e5cdf5d43d7fe03fb35145,function,run_migrations_offline,def run_migrations_offline(),backend/alembic/env.py,26,37,12,12,,prod,Python,MEDIUM
269d4d7db2684ed78cd85d8506c96188ccde4644,function,do_run_migrations,def do_run_migrations(connection),backend/alembic/env.py,40,44,5,5,,prod,Python,MEDIUM
a545b90cd6ba7ef7421035a17eef26817d4c0537,function,run_async_migrations,async def run_async_migrations(),backend/alembic/env.py,47,58,12,12,,prod,Python,MEDIUM
427d711ffcfa1cc3ebc719cc6e47e9ae2829c1f4,function,run_migrations_online,def run_migrations_online(),backend/alembic/env.py,61,63,3,3,,prod,Python,MEDIUM
17ddafea528c8f09e6f51783f7f1fb0df6ab06c5,function,upgrade,def upgrade(),backend/alembic/versions/006_add_pr_indexes.py,14,17,4,4,,prod,Python,MEDIUM
c1d164c7f0f33efb36463f2d01e00619e857928d,function,downgrade,def downgrade(),backend/alembic/versions/006_add_pr_indexes.py,20,23,4,4,,prod,Python,MEDIUM
20855c5d2e6321dc9e7e4151b251fe053aec73cc,function,upgrade,def upgrade(),backend/alembic/versions/009_add_task_indexes.py,16,18,3,3,,prod,Python,MEDIUM
d9551493a346453e0f2b77d0cf72197142c99f4c,function,downgrade,def downgrade(),backend/alembic/versions/009_add_task_indexes.py,21,23,3,3,,prod,Python,MEDIUM
9fe36c41356b9bd77a3b91db2b9da0cab3f92400,function,upgrade,def upgrade(),backend/alembic/versions/012_add_sprint_indexes.py,19,53,35,35,,prod,Python,MEDIUM
bbc4905754d34d58de9bfb6c54b5331490767e6c,function,downgrade,def downgrade(),backend/alembic/versions/012_add_sprint_indexes.py,56,62,7,7,,prod,Python,MEDIUM
6820b355de13f15c733099c73f2c3e96189132fa,function,upgrade,def upgrade(),backend/alembic/versions/013_optimize_tasks_query_indexes.py,17,77,61,61,,prod,Python,MEDIUM
3b6d1a21d8565b06f6705f411e029eec78201fc4,function,downgrade,def downgrade(),backend/alembic/versions/013_optimize_tasks_query_indexes.py,80,94,15,15,,prod,Python,MEDIUM
a5e9a9ab07b04d66f4702c804bf7a543f1ce54e2,function,upgrade,def upgrade(),backend/alembic/versions/014_create_integration_settings_table.py,17,34,18,18,,prod,Python,MEDIUM
2bc3373c3e924370413f7e8be10b851bf379b575,function,downgrade,def downgrade(),backend/alembic/versions/014_create_integration_settings_table.py,37,40,4,4,,prod,Python,MEDIUM
2c99574f73b1096cf7db520d2d023064b7843f36,function,_table_exists,def _table_exists(table_name),backend/alembic/versions/014_create_integration_settings_table.py,43,46,4,4,,prod,Python,MEDIUM
416a6fcbbd67de2c565f4372fd6c6cac96dcac34,function,_ensure_index,"def _ensure_index(table_name, index_name, columns, unique)",backend/alembic/versions/014_create_integration_settings_table.py,49,54,6,6,,prod,Python,MEDIUM
9eba4a1a4fd19ae949812cd331296a297d7f5a9d,function,_table_exists,def _table_exists(table_name),backend/alembic/versions/015_add_project_repositories.py,19,23,5,5,,prod,Python,MEDIUM
33a62acdd03b0c5be60fec249d6f10f68f4e5e18,function,upgrade,def upgrade(),backend/alembic/versions/015_add_project_repositories.py,26,47,22,22,,prod,Python,MEDIUM
e0018ce71b938b0ab9bf474038842cb0aac5ed1f,function,downgrade,def downgrade(),backend/alembic/versions/015_add_project_repositories.py,50,58,9,9,,prod,Python,MEDIUM
081398908741574ad89cdcb3983f4a8eda1b0294,function,_table_exists,def _table_exists(table_name),backend/alembic/versions/017_add_rbac_tables.py,31,35,5,5,,prod,Python,MEDIUM
020b80d4fbffe5169faf49d4d87263354ee400e3,function,upgrade,def upgrade(),backend/alembic/versions/017_add_rbac_tables.py,38,151,114,114,,prod,Python,MEDIUM
1cbbdb12e4cc09a720f2629218ca763441156395,function,downgrade,def downgrade(),backend/alembic/versions/017_add_rbac_tables.py,154,161,8,8,,prod,Python,MEDIUM
309864e4d1080dc4cf5dbf0e2438f424b826eed2,function,_table_exists,def _table_exists(table_name),backend/alembic/versions/018_add_traceability_rules.py,19,23,5,5,,prod,Python,MEDIUM
a5ad1e7a534e59ae79628129407106b47002c2bd,function,_index_exists,"def _index_exists(table_name, index_name)",backend/alembic/versions/018_add_traceability_rules.py,26,31,6,6,,prod,Python,MEDIUM
fe249024a7e79a3fdf53ead9a90be93998277e8b,function,_ensure_index,"def _ensure_index(table_name, index_name, columns, unique)",backend/alembic/versions/018_add_traceability_rules.py,34,37,4,4,,prod,Python,MEDIUM
f8340646ebd730580eaf5ce9fe82caa920dc995d,function,upgrade,def upgrade(),backend/alembic/versions/018_add_traceability_rules.py,40,96,57,57,,prod,Python,MEDIUM
ce4d3c0d04ce8e3978169367cbf70890abd08995,function,downgrade,def downgrade(),backend/alembic/versions/018_add_traceability_rules.py,99,112,14,14,,prod,Python,MEDIUM
79c0a794bb775a1c49cb71b07ca5ab7738d356ae,function,_table_exists,def _table_exists(table_name),backend/alembic/versions/019_add_capacity_health_cfd_tables.py,23,27,5,5,,prod,Python,MEDIUM
6e7ae8bb4d672cfb4022437dd9b4d447337e19f7,function,_index_exists,"def _index_exists(table_name, index_name)",backend/alembic/versions/019_add_capacity_health_cfd_tables.py,30,35,6,6,,prod,Python,MEDIUM
3e6a4ae51ee0801b7d50ccb98378ef54a4af3fde,function,_ensure_index,"def _ensure_index(table_name, index_name, columns, unique)",backend/alembic/versions/019_add_capacity_health_cfd_tables.py,38,41,4,4,,prod,Python,MEDIUM
361ccb52fc1c2a152394321549cf60bd96dfe785,function,upgrade,def upgrade(),backend/alembic/versions/019_add_capacity_health_cfd_tables.py,44,139,96,96,,prod,Python,MEDIUM
00942f2ecf1009fb020fbc0998937f431fed98d9,function,downgrade,def downgrade(),backend/alembic/versions/019_add_capacity_health_cfd_tables.py,142,164,23,23,,prod,Python,MEDIUM
8c7f80f786434678bf223535213171774c92b278,function,_table_exists,def _table_exists(table_name),backend/alembic/versions/020_add_quality_metrics_tables.py,18,22,5,5,,prod,Python,MEDIUM
8592c6287b0ea1b90477d4c558b4dcec62f7a786,function,upgrade,def upgrade(),backend/alembic/versions/020_add_quality_metrics_tables.py,25,98,74,74,,prod,Python,MEDIUM
f32245b2c44e41ce9a2568e95a3e060c376f5de9,function,downgrade,def downgrade(),backend/alembic/versions/020_add_quality_metrics_tables.py,101,103,3,3,,prod,Python,MEDIUM
156ce37f0eaf064512c1cde97dbff393c98fb160,function,_table_exists,def _table_exists(table_name),backend/alembic/versions/021_add_coverage_analytics_tables.py,18,22,5,5,,prod,Python,MEDIUM
986fe5f7125e53aa607fed6d699ff92f1d615192,function,upgrade,def upgrade(),backend/alembic/versions/021_add_coverage_analytics_tables.py,25,121,97,97,,prod,Python,MEDIUM
a3f0cdbb23b82dc67ab7bbed27c226b5ea5cfde8,function,downgrade,def downgrade(),backend/alembic/versions/021_add_coverage_analytics_tables.py,124,127,4,4,,prod,Python,MEDIUM
86898ae2a2cf28620bc4bbf6ac1bb75004ffd528,function,_table_exists,def _table_exists(table_name),backend/alembic/versions/022_add_filter_indexes.py,21,25,5,5,,prod,Python,MEDIUM
0aad43b474af4cab1bd998b4adad74d4938cbc4a,function,_index_exists,"def _index_exists(table_name, index_name)",backend/alembic/versions/022_add_filter_indexes.py,28,36,9,9,,prod,Python,MEDIUM
3ba0e91d84b5b9b460764bc3b3f9f1877d2ce9d8,function,upgrade,def upgrade(),backend/alembic/versions/022_add_filter_indexes.py,79,88,10,10,,prod,Python,MEDIUM
084b6e91b599ffe83b35d3bf5109f869dea293d6,function,downgrade,def downgrade(),backend/alembic/versions/022_add_filter_indexes.py,91,94,4,4,,prod,Python,MEDIUM
5886622864aac30a1e418913f507c67128bb5b18,function,_table_exists,def _table_exists(table_name),backend/alembic/versions/023_add_composite_performance_indexes.py,20,24,5,5,,prod,Python,MEDIUM
70d263ed0256b85b19a864816a1b53ea2e498c7f,function,_index_exists,"def _index_exists(table_name, index_name)",backend/alembic/versions/023_add_composite_performance_indexes.py,27,35,9,9,,prod,Python,MEDIUM
8b0f47fc6bb8dce89184816b77320ae60970b9b7,function,upgrade,def upgrade(),backend/alembic/versions/023_add_composite_performance_indexes.py,56,65,10,10,,prod,Python,MEDIUM
c1e167b989f3304613ec915eea4c56ffb09b1130,function,downgrade,def downgrade(),backend/alembic/versions/023_add_composite_performance_indexes.py,68,71,4,4,,prod,Python,MEDIUM
b7b0cb2437e0bea7b143d416534a9d25dd6c6245,function,_table_exists,def _table_exists(table_name),backend/alembic/versions/024_add_rule_scheduling_columns.py,26,30,5,5,,prod,Python,MEDIUM
79ea8751490d793db449dce861312d4f3b3ec154,function,_column_exists,"def _column_exists(table_name, column_name)",backend/alembic/versions/024_add_rule_scheduling_columns.py,33,38,6,6,,prod,Python,MEDIUM
8a9cd9c73918381234521fab33adec032d218445,function,_index_exists,"def _index_exists(table_name, index_name)",backend/alembic/versions/024_add_rule_scheduling_columns.py,41,46,6,6,,prod,Python,MEDIUM
05c007067b0770b22eb76bcecbdab8a836c9d14b,function,upgrade,def upgrade(),backend/alembic/versions/024_add_rule_scheduling_columns.py,49,106,58,58,,prod,Python,MEDIUM
85441a5db4d32cfadba20364490eb3c2578f0b85,function,downgrade,def downgrade(),backend/alembic/versions/024_add_rule_scheduling_columns.py,109,137,29,29,,prod,Python,MEDIUM
c03f33402a6e346116ef484e4c29baa8764c2e22,function,_table_exists,def _table_exists(table_name),backend/alembic/versions/025_add_oauth_fields.py,26,30,5,5,,prod,Python,MEDIUM
830ff27fe8372bf33c92ac76c4b6f54965f31664,function,_column_exists,"def _column_exists(table_name, column_name)",backend/alembic/versions/025_add_oauth_fields.py,33,38,6,6,,prod,Python,MEDIUM
68fa212364e2b6c3936683b6f1fb99b223bea76d,function,_index_exists,"def _index_exists(table_name, index_name)",backend/alembic/versions/025_add_oauth_fields.py,41,46,6,6,,prod,Python,MEDIUM
cd10547c6956d1da20a7e95f608886bc62419bd3,function,upgrade,def upgrade(),backend/alembic/versions/025_add_oauth_fields.py,49,104,56,56,,prod,Python,MEDIUM
c7ad281514011dec756ca8240672d061ed7ff644,function,downgrade,def downgrade(),backend/alembic/versions/025_add_oauth_fields.py,107,143,37,37,,prod,Python,MEDIUM
f687a3bcb1fa1da1ce901541f9b4340dd0b40c39,function,_table_exists,def _table_exists(table_name),backend/alembic/versions/026_add_mfa_fields.py,23,27,5,5,,prod,Python,MEDIUM
244ef729b8f86a6db6aaec723ce7ce724587ae8d,function,_column_exists,"def _column_exists(table_name, column_name)",backend/alembic/versions/026_add_mfa_fields.py,30,35,6,6,,prod,Python,MEDIUM
38d6dc7c3e80fcc5cef992ad29cf55c23c095d67,function,upgrade,def upgrade(),backend/alembic/versions/026_add_mfa_fields.py,38,61,24,24,,prod,Python,MEDIUM
4994b21957e1c90e218ef8417f408b118b787dce,function,downgrade,def downgrade(),backend/alembic/versions/026_add_mfa_fields.py,64,76,13,13,,prod,Python,MEDIUM
302123b048c94439e648a17e8ac23ef8a030dda8,function,get_project_velocity,"async def get_project_velocity(project_id, sprints_count, db)",backend/app/api/api_v1/endpoints/analytics.py,46,138,93,93,,prod,Python,MEDIUM
76f587b3a2d1275260593286adb32e73da32548c,function,get_dora_metrics,"async def get_dora_metrics(project_id, window_days, db)",backend/app/api/api_v1/endpoints/analytics.py,147,215,69,69,,prod,Python,MEDIUM
7661e5afcdd938b882c0cc8659395541fb9218d1,function,project_budget_hours,"async def project_budget_hours(project_id, top_n, db)",backend/app/api/api_v1/endpoints/analytics.py,220,319,100,100,,prod,Python,MEDIUM
429cdefb042c48a649d1d47f7a8a725f45b4b04d,function,project_value_metrics,"async def project_value_metrics(project_id, db)",backend/app/api/api_v1/endpoints/analytics.py,323,403,81,81,,prod,Python,MEDIUM
ac2ea9efbc97c17d7e5e0a1d239de7046288a58b,function,sprint_wip_status,"async def sprint_wip_status(sprint_id, db)",backend/app/api/api_v1/endpoints/analytics.py,407,478,72,72,,prod,Python,MEDIUM
3f8570131ffdc96580f6c973849a8fc229ed474e,function,eff_limit,def eff_limit(assignee),backend/app/api/api_v1/endpoints/analytics.py,436,443,8,8,,prod,Python,MEDIUM
10bbf17652328834f3cd959a81858df278e9ad83,function,sprint_capacity,"async def sprint_capacity(sprint_id, db)",backend/app/api/api_v1/endpoints/analytics.py,482,610,129,129,,prod,Python,MEDIUM
a865cfb96fe5f2d9e5a40532c074d2bc226c4ad9,function,project_sprints,"async def project_sprints(project_id, limit, board_id, db)",backend/app/api/api_v1/endpoints/analytics.py,614,699,86,86,,prod,Python,MEDIUM
50f2268d5a410be4f4be0e61ac7725e49f89f5b9,function,sprint_burndown,"async def sprint_burndown(sprint_id, db)",backend/app/api/api_v1/endpoints/analytics.py,707,714,8,8,,prod,Python,MEDIUM
403f9bddeff37125960b66c3e4e1dd52cd080e0d,function,sprint_quality,"async def sprint_quality(sprint_id, db)",backend/app/api/api_v1/endpoints/analytics.py,718,760,43,43,,prod,Python,MEDIUM
81b6e890c807bec95a47a6a0beff33e941b851de,function,get_team_members_activity,"async def get_team_members_activity(project_id, db)",backend/app/api/api_v1/endpoints/analytics.py,766,843,78,78,,prod,Python,MEDIUM
3db5301bbe2b394a0089032002a8ad278d9a2b40,function,get_project_team_health,"async def get_project_team_health(project_id, db)",backend/app/api/api_v1/endpoints/analytics.py,851,958,108,108,,prod,Python,MEDIUM
94abb35b691409bc34a41bf948f8c085980cb4d8,function,project_burndown,"async def project_burndown(project_id, sprint_id, db)",backend/app/api/api_v1/endpoints/analytics.py,965,999,35,35,,prod,Python,MEDIUM
4ac7855fcc63f6db77ff7bc664f51cbffbe3fbfd,function,identify_project_risks,"async def identify_project_risks(project_id, db)",backend/app/api/api_v1/endpoints/analytics.py,1007,1126,120,120,,prod,Python,MEDIUM
2bdb728df9a40608a4ef6581e41d1981d2169a30,function,forecast_completion,"async def forecast_completion(project_id, db)",backend/app/api/api_v1/endpoints/analytics.py,1133,1158,26,26,,prod,Python,MEDIUM
d656b4a093b30d2426cc321af4b51da2599640a6,function,test_trend,"async def test_trend(project_id, days, db)",backend/app/api/api_v1/endpoints/analytics.py,1166,1197,32,32,,prod,Python,MEDIUM
f0e030ca872edb18fb627cfcdffdbd8ac7bda1fc,function,coverage_trend,"async def coverage_trend(project_id, days, db)",backend/app/api/api_v1/endpoints/analytics.py,1205,1237,33,33,,prod,Python,MEDIUM
8aef0c14bceb4507a5b2b1b7824ea8158bfe8427,function,project_pr_forecast,"async def project_pr_forecast(project_id, db)",backend/app/api/api_v1/endpoints/analytics.py,1241,1271,31,31,,prod,Python,MEDIUM
fab9af15c7ce8743994fe9dc76bbdfca44a6f2bb,function,simple_budget_hours,"async def simple_budget_hours(project_id, db)",backend/app/api/api_v1/endpoints/analytics_simple.py,10,42,33,33,,prod,Python,MEDIUM
88d677cfd2f93152b9095feda5a249f24adc787b,function,login,"async def login(request, db, form_data)",backend/app/api/api_v1/endpoints/auth.py,36,83,48,48,,prod,Python,MEDIUM
3357c7fc80065f61e1295b3529e78824fc978480,function,register,"async def register(user_in, db)",backend/app/api/api_v1/endpoints/auth.py,87,118,32,32,,prod,Python,MEDIUM
a6b9a358aa358072dcc5c126fe4abf263324fd82,function,get_available_providers,async def get_available_providers(),backend/app/api/api_v1/endpoints/auth.py,138,141,4,4,,prod,Python,MEDIUM
82197800a839fd9ed0985b0b77af801bf2da0138,function,google_oauth_start,async def google_oauth_start(redirect_uri),backend/app/api/api_v1/endpoints/auth.py,149,167,19,19,,prod,Python,MEDIUM
545f4a3e04e453023d6e62df3b64aab43ca31309,function,google_oauth_callback,"async def google_oauth_callback(code, state, db)",backend/app/api/api_v1/endpoints/auth.py,171,207,37,37,,prod,Python,MEDIUM
37798bec7496c2446ab89174cf1e8a8f91ccc486,function,microsoft_oauth_start,async def microsoft_oauth_start(redirect_uri),backend/app/api/api_v1/endpoints/auth.py,215,233,19,19,,prod,Python,MEDIUM
3594d3e0f9ec55edfb4c0bb5f08414284c20feb5,function,microsoft_oauth_callback,"async def microsoft_oauth_callback(code, state, db)",backend/app/api/api_v1/endpoints/auth.py,237,273,37,37,,prod,Python,MEDIUM
a070912d9f3a0507e20105c3a6f0ff303491b717,function,_process_oauth_login,"async def _process_oauth_login(db, user_info)",backend/app/api/api_v1/endpoints/auth.py,280,361,82,82,,prod,Python,MEDIUM
1b11e1612fb55ec36f1160116f9ba03ab8912b0f,function,_generate_username_from_email,def _generate_username_from_email(email),backend/app/api/api_v1/endpoints/auth.py,364,372,9,9,,prod,Python,MEDIUM
ef9379d514ef351cb5e66f6d909992b4f59cceed,function,get_mfa_status,async def get_mfa_status(current_user),backend/app/api/api_v1/endpoints/auth.py,411,421,11,11,,prod,Python,MEDIUM
07a6ed0d7421892a49f80483b5aa99b90c5cd447,function,initiate_mfa_setup,"async def initiate_mfa_setup(request, db, current_user)",backend/app/api/api_v1/endpoints/auth.py,426,460,35,35,,prod,Python,MEDIUM
f6cc380e0759f71ef5f5ffaae7982703f6118762,function,verify_mfa_setup,"async def verify_mfa_setup(request, body, db, current_user)",backend/app/api/api_v1/endpoints/auth.py,465,506,42,42,,prod,Python,MEDIUM
05c7c5ac2d2ef3c19a0e742b5f736efee63d71fa,function,disable_mfa,"async def disable_mfa(request, body, db, current_user)",backend/app/api/api_v1/endpoints/auth.py,511,556,46,46,,prod,Python,MEDIUM
eb88b899dc8f1086270c14a5eaf0cf1c166685ad,function,regenerate_backup_codes,"async def regenerate_backup_codes(request, body, db, current_user)",backend/app/api/api_v1/endpoints/auth.py,561,594,34,34,,prod,Python,MEDIUM
e8d646dace596c3614548456b52022f53b90c3a9,function,verify_mfa_login,"async def verify_mfa_login(request, body, temp_token, db)",backend/app/api/api_v1/endpoints/auth.py,599,669,71,71,,prod,Python,MEDIUM
882fbbaa04eac1ccdb97d2cfd4269cb21f5caeac,function,list_capacity_settings,"async def list_capacity_settings(project_id, assignee_email, include_expired, skip, limit, db)",backend/app/api/api_v1/endpoints/capacity.py,52,112,61,61,,prod,Python,MEDIUM
d07dae7156372da446cfaab5c2e68a7fb3327663,function,get_capacity_setting,"async def get_capacity_setting(setting_id, db)",backend/app/api/api_v1/endpoints/capacity.py,116,130,15,15,,prod,Python,MEDIUM
aa6e707651470110964c3751f14590759db28e2e,function,create_capacity_setting,"async def create_capacity_setting(data, db)",backend/app/api/api_v1/endpoints/capacity.py,134,186,53,53,,prod,Python,MEDIUM
34060fd51d6bf3d673a7df01119f0b0855eb40cf,function,update_capacity_setting,"async def update_capacity_setting(setting_id, data, db)",backend/app/api/api_v1/endpoints/capacity.py,190,217,28,28,,prod,Python,MEDIUM
7aaec320344426d95d80f3368ff44a004022cf28,function,delete_capacity_setting,"async def delete_capacity_setting(setting_id, db)",backend/app/api/api_v1/endpoints/capacity.py,221,242,22,22,,prod,Python,MEDIUM
b6f4799e25b04971685c992b1ff9fe30e70872ed,function,get_team_capacity_summary,"async def get_team_capacity_summary(project_id, sprint_weeks, reference_date, db)",backend/app/api/api_v1/endpoints/capacity.py,250,323,74,74,,prod,Python,MEDIUM
316f5887279d53daa336bd5f5a1b9ba34edecc6b,function,get_assignee_capacity,"async def get_assignee_capacity(db, assignee_email, project_id, reference_date)",backend/app/api/api_v1/endpoints/capacity.py,330,376,47,47,,prod,Python,MEDIUM
ca89fa9e4fb457577afd23002c13f71b007a0cd0,function,list_health_checks,"async def list_health_checks(project_id, sprint_id, skip, limit, db)",backend/app/api/api_v1/endpoints/capacity.py,384,422,39,39,,prod,Python,MEDIUM
419434c419ad7b6d28852f2896841ea40f0ff4d7,function,create_health_check,"async def create_health_check(data, db)",backend/app/api/api_v1/endpoints/capacity.py,426,476,51,51,,prod,Python,MEDIUM
fa276cad433c305a39e0b9a450db5356221ac968,function,get_health_summary,"async def get_health_summary(project_id, limit, db)",backend/app/api/api_v1/endpoints/capacity.py,484,536,53,53,,prod,Python,MEDIUM
d23a07d750cedfb261add8a1db31152f5c339e80,function,get_cfd_data,"async def get_cfd_data(project_id, sprint_id, start_date, end_date, db)",backend/app/api/api_v1/endpoints/capacity.py,548,585,38,38,,prod,Python,MEDIUM
7cfd28a5dab64802fc4686a84982d1555ecb218d,function,create_cfd_snapshot,"async def create_cfd_snapshot(project_id, sprint_id, snapshot_date, db)",backend/app/api/api_v1/endpoints/capacity.py,589,671,83,83,,prod,Python,MEDIUM
bad7b71db6ad3889984e447f6c4acbba3235ca6e,function,get_count,def get_count(*status_names),backend/app/api/api_v1/endpoints/capacity.py,639,640,2,2,,prod,Python,MEDIUM
14330859fc3a560e69e5b03dfa1526c8ba71c38d,function,get_flow_metrics,"async def get_flow_metrics(project_id, sprint_id, days, db)",backend/app/api/api_v1/endpoints/capacity.py,679,751,73,73,,prod,Python,MEDIUM
72a0110fb4a6cb80d80cb640ffe9e8fafff2b09f,function,_call_confluence,"async def _call_confluence(func, *args, **kwargs)",backend/app/api/api_v1/endpoints/confluence.py,23,25,3,3,,prod,Python,MEDIUM
d17d2cd126684baebeffec1efe92555440e95383,function,connect_confluence,"async def connect_confluence(base_url, email, api_token, is_cloud, save, db)",backend/app/api/api_v1/endpoints/confluence.py,29,61,33,33,,prod,Python,MEDIUM
3924322bb1cbacf11d015ad08e1eb11a5ea2f7c6,function,status,async def status(),backend/app/api/api_v1/endpoints/confluence.py,65,66,2,2,,prod,Python,MEDIUM
05391ea4c53476741b1e88af28837552ccb5d218,function,search_cql,"async def search_cql(cql, limit)",backend/app/api/api_v1/endpoints/confluence.py,70,84,15,15,,prod,Python,MEDIUM
937e51262b30adb767ed2c998c69f0d843ac1021,function,list_spaces,"async def list_spaces(q, limit)",backend/app/api/api_v1/endpoints/confluence.py,88,91,4,4,,prod,Python,MEDIUM
97f563b58fd05dc1659750b91fdc622216b18fd5,function,list_pages,"async def list_pages(space, q, limit, start)",backend/app/api/api_v1/endpoints/confluence.py,95,98,4,4,,prod,Python,MEDIUM
46ecb12afc0872a06d7b2293596eec97d96f23a5,function,get_space_tree,"async def get_space_tree(space_key, limit, max_pages)",backend/app/api/api_v1/endpoints/confluence.py,102,105,4,4,,prod,Python,MEDIUM
8362a61695ac9e958422dd27d3c4de6dc953e2ef,function,_parse_dt,def _parse_dt(s),backend/app/api/api_v1/endpoints/confluence.py,108,119,12,12,,prod,Python,MEDIUM
d09ee11eeaec8e66d0414c483e7d9331e5a493fa,function,_upsert_confluence_page,"async def _upsert_confluence_page(pid, db)",backend/app/api/api_v1/endpoints/confluence.py,122,187,66,66,,prod,Python,MEDIUM
e1cbe2f55fdab6efc94813be1dec1b7fb7db1d35,function,sync_confluence,"async def sync_confluence(space, q, limit, start, full, db)",backend/app/api/api_v1/endpoints/confluence.py,191,268,78,78,,prod,Python,MEDIUM
0ee8fc4bfea3e49698e50a0c2c4f02c4f658e3ee,function,sync_confluence_sse,"async def sync_confluence_sse(space, q, limit, start, full, db)",backend/app/api/api_v1/endpoints/confluence.py,272,401,130,130,,prod,Python,MEDIUM
32d7c36454b71357d01a5c33a3e4167e33957e62,function,generate_events,async def generate_events(),backend/app/api/api_v1/endpoints/confluence.py,282,388,107,107,,prod,Python,MEDIUM
fed66299c4c6efaaffe73290c2932d8a293e2f4d,function,start_celery_sync,"async def start_celery_sync(space, q, full)",backend/app/api/api_v1/endpoints/confluence.py,405,431,27,27,,prod,Python,MEDIUM
7ee837eb0efb20e009dd1df915f7aa0555cffb9f,function,stream_celery_sync,async def stream_celery_sync(channel_id),backend/app/api/api_v1/endpoints/confluence.py,435,481,47,47,,prod,Python,MEDIUM
f3cee877edc58b1d38f4e7519636bfd1cd2b80ab,function,generate_events,async def generate_events(),backend/app/api/api_v1/endpoints/confluence.py,439,471,33,33,,prod,Python,MEDIUM
4ec65e7b4d42b9ac332a5f8753123dafaa406857,function,sync_subtree,"async def sync_subtree(page_id, limit, db)",backend/app/api/api_v1/endpoints/confluence.py,485,544,60,60,,prod,Python,MEDIUM
b0ee364b8bf4877b895e5acf1789ffc81f796314,function,list_local_pages,"async def list_local_pages(space, q, limit, offset, db)",backend/app/api/api_v1/endpoints/confluence.py,547,570,24,24,,prod,Python,MEDIUM
7708a7fd8153da68ba44f150c23e093d86414937,function,get_page,async def get_page(page_id),backend/app/api/api_v1/endpoints/confluence.py,574,585,12,12,,prod,Python,MEDIUM
6d90f774d231ce2bd7f32f34a3f4b996951f048f,function,extract_prd_requirements,async def extract_prd_requirements(page_id),backend/app/api/api_v1/endpoints/confluence.py,589,609,21,21,,prod,Python,MEDIUM
581cb4be65425ba4d683fd271059f033373577b2,function,_extract_section_text,"def _extract_section_text(soup, titles)",backend/app/api/api_v1/endpoints/confluence.py,612,635,24,24,,prod,Python,MEDIUM
37b1a938e58f2d089b05e4cfe5d664d555ea3739,function,extract_adr,async def extract_adr(page_id),backend/app/api/api_v1/endpoints/confluence.py,639,653,15,15,,prod,Python,MEDIUM
79ae619fde8df144e7a46d67a141b36cbdd2187c,function,extract_research,async def extract_research(page_id),backend/app/api/api_v1/endpoints/confluence.py,657,693,37,37,,prod,Python,MEDIUM
55d9d2c5c7683aede29ca4a97dd43d4a0c1bb87f,function,collect_bullets,def collect_bullets(),backend/app/api/api_v1/endpoints/confluence.py,663,670,8,8,,prod,Python,MEDIUM
654a172ee48e2b15b2f14185705534976aae5d1e,function,cat,def cat(t),backend/app/api/api_v1/endpoints/confluence.py,673,683,11,11,,prod,Python,MEDIUM
302ca578cacb0370d537c353774c261d0a6aaa86,function,parse_junit_xml,def parse_junit_xml(xml_text),backend/app/api/api_v1/endpoints/git/ci.py,25,101,77,77,,prod,Python,MEDIUM
1862a143413ade3e08ee4e5a14d85a617cee0e25,function,handle_test_case,"def handle_test_case(suite_name, case_el)",backend/app/api/api_v1/endpoints/git/ci.py,35,78,44,44,,prod,Python,MEDIUM
dc07d7355845e38eab41776354c21a3862d07bfe,function,parse_cobertura_xml,def parse_cobertura_xml(xml_text),backend/app/api/api_v1/endpoints/git/ci.py,104,187,84,84,,prod,Python,MEDIUM
9138437b8da5da65ed908117242fbd7c52f7e43a,function,to_percentage,def to_percentage(val),backend/app/api/api_v1/endpoints/git/ci.py,116,125,10,10,,prod,Python,MEDIUM
b16458756383859d333174275ea44597186877e2,function,parse_jacoco_xml,def parse_jacoco_xml(xml_text),backend/app/api/api_v1/endpoints/git/ci.py,190,233,44,44,,prod,Python,MEDIUM
24a0343517eacf94ffcc29e259d730bce23cbb2a,function,process_ci_results,"async def process_ci_results(db, payload)",backend/app/api/api_v1/endpoints/git/ci.py,236,466,231,231,,prod,Python,MEDIUM
71b54d21c7356677f9b32931ee26b07a97a782ec,function,histogram_counts,"def histogram_counts(values, thresholds)",backend/app/api/api_v1/endpoints/git/metrics.py,34,57,24,24,,prod,Python,MEDIUM
486fd8eeb28ee2e08f5d927c510cc14598b66a97,function,parse_iso_datetime,def parse_iso_datetime(dt_val),backend/app/api/api_v1/endpoints/git/metrics.py,60,81,22,22,,prod,Python,MEDIUM
08a73a5d313e0cc8a3247b8539f60b80b7e7f155,function,datetime_to_iso,def datetime_to_iso(dt_val),backend/app/api/api_v1/endpoints/git/metrics.py,84,97,14,14,,prod,Python,MEDIUM
2c4083aadb5a0f6c94c6824a3a05391656224e84,function,get_pull_requests_for_project,"async def get_pull_requests_for_project(db, project_id, provider)",backend/app/api/api_v1/endpoints/git/metrics.py,100,161,62,62,,prod,Python,MEDIUM
230c35d2838b94b6acdae32b5bd31942d79c0498,function,calculate_pr_metrics,"async def calculate_pr_metrics(db, project_id, provider, limit, since_days, disable_cache)",backend/app/api/api_v1/endpoints/git/metrics.py,164,339,176,176,,prod,Python,MEDIUM
89129494dcfb9dde3119918f3f5a766453502e61,function,pr_time,def pr_time(p),backend/app/api/api_v1/endpoints/git/metrics.py,195,196,2,2,,prod,Python,MEDIUM
8a81759959273dd5c599fbd6bc39222940cd7ad8,function,get_pr_list,"async def get_pr_list(db, project_id, provider, limit)",backend/app/api/api_v1/endpoints/git/metrics.py,342,387,46,46,,prod,Python,MEDIUM
901e4399278f405c793b5d7aa4d43e455c25c5e5,function,pr_time,def pr_time(p),backend/app/api/api_v1/endpoints/git/metrics.py,354,355,2,2,,prod,Python,MEDIUM
a9e212dcbe7db26cbd77b3f7fde6a54f7a46e29e,function,get_commits_for_issue,"async def get_commits_for_issue(db, jira_key)",backend/app/api/api_v1/endpoints/git/metrics.py,390,475,86,86,,prod,Python,MEDIUM
131a461cecf8b6a9637c1a9f89e70f59e7e958d4,function,verify_github_signature,"def verify_github_signature(secret, body, signature)",backend/app/api/api_v1/endpoints/git/webhooks.py,46,63,18,18,,prod,Python,MEDIUM
923ac8c78c9873c0ccc8d53bd0872b7b4826832a,function,verify_gitlab_token,def verify_gitlab_token(token),backend/app/api/api_v1/endpoints/git/webhooks.py,66,76,11,11,,prod,Python,MEDIUM
044f9fdfe300dc4af1e3b9c1cc96015ec8bc973e,function,_handle_push_event,"async def _handle_push_event(db, provider, repo_slug, payload, webhook_breaker)",backend/app/api/api_v1/endpoints/git/webhooks.py,79,118,40,40,,prod,Python,MEDIUM
0016c80adba5a585a2657d4394f63499049124a2,function,handle_github_webhook,"async def handle_github_webhook(request, db)",backend/app/api/api_v1/endpoints/git/webhooks.py,121,227,107,107,,prod,Python,MEDIUM
270e8ba6ec92e8f311b16d3b61d1ec07db2657c0,function,handle_gitlab_webhook,"async def handle_gitlab_webhook(request, db)",backend/app/api/api_v1/endpoints/git/webhooks.py,230,308,79,79,,prod,Python,MEDIUM
f3f59d485df04fffd1e32ab9206e4b41f251d2a2,function,verify_bitbucket_signature,"def verify_bitbucket_signature(secret, body, signature)",backend/app/api/api_v1/endpoints/git/webhooks.py,311,333,23,23,,prod,Python,MEDIUM
f20d048b24d747b63ee077e74e990a7043004822,function,handle_bitbucket_webhook,"async def handle_bitbucket_webhook(request, db)",backend/app/api/api_v1/endpoints/git/webhooks.py,336,486,151,151,,prod,Python,MEDIUM
854dd1ba8f1c58af8e7b622fb75401623dbfacdb,function,_normalize_bitbucket_pr_state,def _normalize_bitbucket_pr_state(state),backend/app/api/api_v1/endpoints/git/webhooks.py,489,501,13,13,,prod,Python,MEDIUM
6efde5321629f2cf93d3ed117b7b56c422317274,function,_decode_token,def _decode_token(raw_token),backend/app/api/api_v1/endpoints/gitlab_projects.py,29,39,11,11,,prod,Python,MEDIUM
17191b2f005ca75de4eb805e4d98d4c36bbc66d0,function,_load_gitlab_config,async def _load_gitlab_config(db),backend/app/api/api_v1/endpoints/gitlab_projects.py,42,60,19,19,,prod,Python,MEDIUM
1dcc10b8a75037c41eace4d6732bc4e8169e7742,function,_request_json,"async def _request_json(url, token, params)",backend/app/api/api_v1/endpoints/gitlab_projects.py,63,85,23,23,,prod,Python,MEDIUM
a763a33f2a347270ba8606395fc08041499f91f1,function,_do_request,def _do_request(),backend/app/api/api_v1/endpoints/gitlab_projects.py,64,66,3,3,,prod,Python,MEDIUM
38f7bd17437d3d4e6a00e64b9f74bed8fd806443,function,_summarize_project,def _summarize_project(project),backend/app/api/api_v1/endpoints/gitlab_projects.py,88,102,15,15,,prod,Python,MEDIUM
36a9da08ffe9772e7e68a14ae66266c0b97718cb,function,list_gitlab_projects,"async def list_gitlab_projects(group_id, group_path, search, include_subgroups, page, per_page, db)",backend/app/api/api_v1/endpoints/gitlab_projects.py,106,148,43,43,,prod,Python,MEDIUM
32bb05deadcbea873105c70d783b72eb6599859e,function,health_check,async def health_check(),backend/app/api/api_v1/endpoints/health.py,17,19,3,3,,prod,Python,MEDIUM
3508a5dc0a30201f987d96343d30a85a3fbfb2b3,function,_jira_status,def _jira_status(),backend/app/api/api_v1/endpoints/health.py,22,23,2,2,,prod,Python,MEDIUM
5758e94d553a074840bdf0cc0f21da26883741ce,function,_confluence_status,def _confluence_status(),backend/app/api/api_v1/endpoints/health.py,26,28,3,3,,prod,Python,MEDIUM
a0ef94f7546c65b2d3a50ecb617a8fb032631ccc,function,integrations_status,async def integrations_status(db),backend/app/api/api_v1/endpoints/health.py,32,87,56,56,,prod,Python,MEDIUM
a2e1668a076f5d81eaba67b5b0df6ccf25358be2,function,integration_status,"async def integration_status(name, db)",backend/app/api/api_v1/endpoints/health.py,91,110,20,20,,prod,Python,MEDIUM
b20beab527d9ace17ae9ee0ca0a479bbb162d1d4,function,metrics_export,async def metrics_export(),backend/app/api/api_v1/endpoints/health.py,114,116,3,3,,prod,Python,MEDIUM
ecf7105d482b4d1cd6995c8fcc1e824cbac1903b,function,connect_to_jira,"async def connect_to_jira(base_url, email, api_token, save, use_pat, db)",backend/app/api/api_v1/endpoints/jira.py,25,64,40,40,,prod,Python,MEDIUM
a280cfc9b141f32fde146f3b9f3a1c243e2d0298,function,jira_status,async def jira_status(),backend/app/api/api_v1/endpoints/jira.py,68,69,2,2,,prod,Python,MEDIUM
636756aecf605d8e05a439dbc55ec08a3f55e8fd,function,list_accessible_projects,async def list_accessible_projects(q),backend/app/api/api_v1/endpoints/jira.py,73,80,8,8,,prod,Python,MEDIUM
f9bc22ab5ee4cba8c4da3ca596cfadccc0b59a13,function,check_project_key,async def check_project_key(project_key),backend/app/api/api_v1/endpoints/jira.py,84,90,7,7,,prod,Python,MEDIUM
b56d5270699cdcbfacdf56576b97bfb60fc8459f,function,list_boards,async def list_boards(project_key),backend/app/api/api_v1/endpoints/jira.py,94,97,4,4,,prod,Python,MEDIUM
b182bc2bea035bababefcf185955c218a59c87b2,function,get_jira_project,async def get_jira_project(project_key),backend/app/api/api_v1/endpoints/jira.py,101,105,5,5,,prod,Python,MEDIUM
8994d2ed0f2b8e9ab01221405cf966a52430d0c6,function,get_project_issues,"async def get_project_issues(project_key, max_results)",backend/app/api/api_v1/endpoints/jira.py,109,123,15,15,,prod,Python,MEDIUM
7b83b3c7f6520cdc3f744ba2b8b0c673b96db644,function,sync_project_data,"async def sync_project_data(project_key, background_tasks, db)",backend/app/api/api_v1/endpoints/jira.py,127,208,82,82,,prod,Python,MEDIUM
e618caddfdca45ca4161fa49d987be1cad0e1f5f,function,_async_sync_job,"async def _async_sync_job(p_key, p_id)",backend/app/api/api_v1/endpoints/jira.py,192,199,8,8,,prod,Python,MEDIUM
3d1fdc436c2323548bee0684dd3d0809c379a028,function,get_active_sprints,async def get_active_sprints(board_id),backend/app/api/api_v1/endpoints/jira.py,212,219,8,8,,prod,Python,MEDIUM
7a41814db3e8fe945be0c542f4f81c320968f55c,function,get_issue_worklogs,async def get_issue_worklogs(issue_key),backend/app/api/api_v1/endpoints/jira.py,223,230,8,8,,prod,Python,MEDIUM
5f6dad27957406683284bbf8216c0457871e7cf8,function,connect_to_jira_pat,"async def connect_to_jira_pat(base_url, api_token, save, db)",backend/app/api/api_v1/endpoints/jira.py,232,239,8,8,,prod,Python,MEDIUM
d13d43cc72d713e7c3d487b6bdd3472d23d444e5,function,debug_jira_project,async def debug_jira_project(project_key),backend/app/api/api_v1/endpoints/jira.py,243,343,101,101,,prod,Python,MEDIUM
c59085f247e45250d52358318a7bb82df743d06b,function,discover_fields,"async def discover_fields(force_refresh, db)",backend/app/api/api_v1/endpoints/jira_fields.py,26,54,29,29,,prod,Python,MEDIUM
33af4d915cf22fbc5d8283fa1f55138810104f1a,function,calibrate_fields,"async def calibrate_fields(project_key, sample_size, db)",backend/app/api/api_v1/endpoints/jira_fields.py,58,114,57,57,,prod,Python,MEDIUM
a887688b3a3ff0db8cde863aa71fe3ab06841530,function,get_field_mappings,"async def get_field_mappings(project_key, active_only, db)",backend/app/api/api_v1/endpoints/jira_fields.py,118,150,33,33,,prod,Python,MEDIUM
d8d5a90a9aefe2f38e2fc18d0edc321ef16de2e1,function,save_field_mapping,"async def save_field_mapping(field_type, field_id, project_key, db)",backend/app/api/api_v1/endpoints/jira_fields.py,154,211,58,58,,prod,Python,MEDIUM
ec9c42f40209e584b43274de1828b6e9199b2376,function,delete_field_mapping,"async def delete_field_mapping(mapping_id, db)",backend/app/api/api_v1/endpoints/jira_fields.py,215,233,19,19,,prod,Python,MEDIUM
c559393fc6e34af947d49b1bf3ca5a795d43ef68,function,test_field_mapping,"async def test_field_mapping(issue_key, field_type)",backend/app/api/api_v1/endpoints/jira_fields.py,237,273,37,37,,prod,Python,MEDIUM
d20d9ae12ddad08ac7fbd8c3a316b0a8fbd5a003,function,export_configuration,async def export_configuration(),backend/app/api/api_v1/endpoints/jira_fields.py,277,284,8,8,,prod,Python,MEDIUM
2bddb1a44c155eaef1e9b39b336568adafec0437,function,import_configuration,"async def import_configuration(config, db)",backend/app/api/api_v1/endpoints/jira_fields.py,288,333,46,46,,prod,Python,MEDIUM
523ece7ee4f9cd5fe7d60f5e753f28413a4a634b,function,get_issue_sprints,async def get_issue_sprints(issue_key),backend/app/api/api_v1/endpoints/jira_fields.py,337,350,14,14,,prod,Python,MEDIUM
c37441569e6a3edd3398eb343ecfa236cc48dbdc,function,parse_repository_url,def parse_repository_url(url),backend/app/api/api_v1/endpoints/project_repository.py,24,63,40,40,,prod,Python,MEDIUM
8e0fc4aa3ade40224fa43bf3f8978316b2055858,function,get_project_repositories,"async def get_project_repositories(project_id, db)",backend/app/api/api_v1/endpoints/project_repository.py,67,96,30,30,,prod,Python,MEDIUM
045bc5c91ecac55c54f58ef1ed7521174eba1538,function,bind_repository_to_project,"async def bind_repository_to_project(project_id, binding, db)",backend/app/api/api_v1/endpoints/project_repository.py,100,214,115,115,,prod,Python,MEDIUM
d08b04dbbbe0accfe38ad05c8ebdb95f2b779c49,function,unbind_repository_from_project,"async def unbind_repository_from_project(project_id, repository_id, db)",backend/app/api/api_v1/endpoints/project_repository.py,218,236,19,19,,prod,Python,MEDIUM
6e3c8292f22416d2335d85ed8559129fc4d94e4a,function,set_primary_repository,"async def set_primary_repository(project_id, repository_id, db)",backend/app/api/api_v1/endpoints/project_repository.py,240,272,33,33,,prod,Python,MEDIUM
0449e70d34ec61e286d87e4041b577d2a836ea2e,function,list_all_repositories,"async def list_all_repositories(provider, skip, limit, db)",backend/app/api/api_v1/endpoints/project_repository.py,276,313,38,38,,prod,Python,MEDIUM
610bcfb9911d49430ef4e90c4d27c166d77ad050,function,get_primary_repository,"async def get_primary_repository(project_id, db)",backend/app/api/api_v1/endpoints/project_repository.py,317,340,24,24,,prod,Python,MEDIUM
2a8affe2766046ffb8bce0e04f028fd5ee9fd112,function,get_projects,"async def get_projects(skip, limit, db, current_user)",backend/app/api/api_v1/endpoints/projects.py,24,49,26,26,,prod,Python,MEDIUM
8bbfad561ab53f7a92a0f68722219420f3864472,function,get_project,"async def get_project(project_id, db, current_user)",backend/app/api/api_v1/endpoints/projects.py,53,111,59,59,,prod,Python,MEDIUM
1890bf31ad645336edbc013970f4081e835c1923,function,create_project,"async def create_project(project, db, current_user)",backend/app/api/api_v1/endpoints/projects.py,115,157,43,43,,prod,Python,MEDIUM
6243e3357255821b64486d3a6e6ef1133011ff90,function,update_project,"async def update_project(project_id, project_update, db, current_user)",backend/app/api/api_v1/endpoints/projects.py,161,220,60,60,,prod,Python,MEDIUM
88f3273ccebf2beee9f75e31110a0ba913b68937,function,delete_project,"async def delete_project(project_id, db, current_user)",backend/app/api/api_v1/endpoints/projects.py,224,256,33,33,,prod,Python,MEDIUM
1f28ae38861a96f602cf5a49a6b73b85e189337a,function,purge_project_data,"async def purge_project_data(project_id, db, current_user)",backend/app/api/api_v1/endpoints/projects.py,260,296,37,37,,prod,Python,MEDIUM
172eddf09ca31dedfd024abc6ebf9e88332c4c3d,function,persist_quality_history,"async def persist_quality_history(payload, result, db)",backend/app/api/api_v1/endpoints/quality/common.py,58,92,35,35,,prod,Python,MEDIUM
1e3a07aecb441863db87bc4f188ab3508abb7c05,function,check_gate_thresholds,"def check_gate_thresholds(line_cov, branch_cov, min_line, min_branch)",backend/app/api/api_v1/endpoints/quality/common.py,95,117,23,23,,prod,Python,MEDIUM
d53031b6110dbf49a9fa3ecc0259c91c5a0c3848,function,severity_to_score,def severity_to_score(severity),backend/app/api/api_v1/endpoints/quality/common.py,120,122,3,3,,prod,Python,MEDIUM
efcbd4dd204966172445951b9c110b1c18ad8184,function,create_escaped_defect,"async def create_escaped_defect(defect, db)",backend/app/api/api_v1/endpoints/quality/defects.py,25,36,12,12,,prod,Python,MEDIUM
3a9ff0f722a3d769ed02003a56fa66ea38e766a6,function,list_escaped_defects,"async def list_escaped_defects(project_id, sprint_id, severity, status, limit, offset, db)",backend/app/api/api_v1/endpoints/quality/defects.py,40,59,20,20,,prod,Python,MEDIUM
0bd7b60b3ac983c69e7b26964a08a070bfda4692,function,get_escaped_defect,"async def get_escaped_defect(defect_id, db)",backend/app/api/api_v1/endpoints/quality/defects.py,63,74,12,12,,prod,Python,MEDIUM
dcad4adb2561ae91088f5ab532459fdc008fa15f,function,update_escaped_defect,"async def update_escaped_defect(defect_id, update, db)",backend/app/api/api_v1/endpoints/quality/defects.py,78,108,31,31,,prod,Python,MEDIUM
2be6ecd849540366caaf914c9d85a87426a4a15e,function,delete_escaped_defect,"async def delete_escaped_defect(defect_id, db)",backend/app/api/api_v1/endpoints/quality/defects.py,112,130,19,19,,prod,Python,MEDIUM
ccf1845fb97c50fd6a543cd2606c127b3bc9e64a,function,quality_gate_pr,"async def quality_gate_pr(pr_number, min_line, min_branch, project_id, db)",backend/app/api/api_v1/endpoints/quality/gates.py,27,66,40,40,,prod,Python,MEDIUM
66274fbb9547ac72837ada08bfd2f4b73dd135f0,function,quality_gate_assess,"async def quality_gate_assess(payload, db)",backend/app/api/api_v1/endpoints/quality/gates.py,70,119,50,50,,prod,Python,MEDIUM
363651f78eace08b67838b7e784c85c852915e32,function,update_github_status,"async def update_github_status(pr_number, gate_result, db)",backend/app/api/api_v1/endpoints/quality/gates.py,122,177,56,56,,prod,Python,MEDIUM
2c63ee7b2dbbcce34348cd508a96468f6defa665,function,quality_gate_assess_and_update,"async def quality_gate_assess_and_update(payload, db)",backend/app/api/api_v1/endpoints/quality/gates.py,181,193,13,13,,prod,Python,MEDIUM
6a30bcf8e7ebb827c9e3a9ab432002eca3bc7fe2,function,update_github_check_run,"async def update_github_check_run(pr_number, gate_result, db)",backend/app/api/api_v1/endpoints/quality/gates.py,196,258,63,63,,prod,Python,MEDIUM
d1fc7db8b5d8a2711cd0f773dc232050c6f0aced,function,quality_gate_assess_and_check,"async def quality_gate_assess_and_check(payload, db)",backend/app/api/api_v1/endpoints/quality/gates.py,262,274,13,13,,prod,Python,MEDIUM
4032a098be8315c53dc027da0be66d42fa65e1ba,function,quality_history,"async def quality_history(project_id, pr_number, limit, db)",backend/app/api/api_v1/endpoints/quality/gates.py,278,308,31,31,,prod,Python,MEDIUM
feb55bdaaf636de3d77c4e1b9620333347fc810a,function,get_quality_summary,"async def get_quality_summary(project_id, sprint_id, db)",backend/app/api/api_v1/endpoints/quality/metrics.py,44,136,93,93,,prod,Python,MEDIUM
2d8248cb71ec19ef1022fabd04730cdd01f65f47,function,get_root_cause_analysis,"async def get_root_cause_analysis(project_id, sprint_id, db)",backend/app/api/api_v1/endpoints/quality/metrics.py,144,180,37,37,,prod,Python,MEDIUM
d49c720050cf47754a7564671d23f9f4f8181663,function,get_component_analysis,"async def get_component_analysis(project_id, sprint_id, db)",backend/app/api/api_v1/endpoints/quality/metrics.py,188,233,46,46,,prod,Python,MEDIUM
a6ac9306d8775764bb1cc279830056ed9d6c5c6d,function,get_quality_trend,"async def get_quality_trend(project_id, days, db)",backend/app/api/api_v1/endpoints/quality/metrics.py,241,310,70,70,,prod,Python,MEDIUM
2dcc7c36c90a4e2b442f928385df8db09b45b228,function,get_quality_dashboard,"async def get_quality_dashboard(project_id, sprint_id, db)",backend/app/api/api_v1/endpoints/quality/metrics.py,318,343,26,26,,prod,Python,MEDIUM
3a854625b9599065b627eb02894f85f8962b3a72,function,calculate_defect_metrics,"async def calculate_defect_metrics(project_id, sprint_id, period_start, period_end, lines_of_code, defects_found_in_dev, defects_found_in_qa, db)",backend/app/api/api_v1/endpoints/quality/metrics.py,351,456,106,106,,prod,Python,MEDIUM
2896e887547de3e97bbc3d6e549d26574aa4f23b,function,list_defect_metrics,"async def list_defect_metrics(project_id, sprint_id, skip, limit, db)",backend/app/api/api_v1/endpoints/quality/metrics.py,460,473,14,14,,prod,Python,MEDIUM
e2c3e7555ce427a1a0eedda84be94ba60f6a3cb5,function,get_report_data,"async def get_report_data(project_id, sprint_id, db)",backend/app/api/api_v1/endpoints/quality/reports.py,45,176,132,132,,prod,Python,MEDIUM
0619e92c1a86f737c6d9d5f3e769cbaf1ac23378,function,generate_report,"async def generate_report(request, db)",backend/app/api/api_v1/endpoints/quality/reports.py,180,214,35,35,,prod,Python,MEDIUM
9b7ecadfda9c7a9e048a874f9bb1923174e9ab32,function,download_report,async def download_report(filename),backend/app/api/api_v1/endpoints/quality/reports.py,218,241,24,24,,prod,Python,MEDIUM
278e4d3049f24176fe9127c6afbfb699d391c86d,function,preview_report,"async def preview_report(project_id, sprint_id, format, db)",backend/app/api/api_v1/endpoints/quality/reports.py,245,282,38,38,,prod,Python,MEDIUM
bf5898642856153e416aaa75dbd4fd8efe71fdec,function,get_roles,"async def get_roles(skip, limit, db, current_user)",backend/app/api/api_v1/endpoints/roles.py,22,34,13,13,,prod,Python,MEDIUM
eab05b8b6d35b22c7d97675321c1d6256a4e3d39,function,get_role,"async def get_role(role_id, db, current_user)",backend/app/api/api_v1/endpoints/roles.py,38,45,8,8,,prod,Python,MEDIUM
e9221583915b60c60ce67691a4836f5c7bfc92aa,function,create_role,"async def create_role(role, db, current_user)",backend/app/api/api_v1/endpoints/roles.py,49,70,22,22,,prod,Python,MEDIUM
96edacc5d2c3cba42dbd63f858e0feb7b165c808,function,delete_role,"async def delete_role(role_id, db, current_user)",backend/app/api/api_v1/endpoints/roles.py,74,87,14,14,,prod,Python,MEDIUM
601fa682b47f206f7f61cf61a4a3d0a937ac5b74,function,_get_integration,"async def _get_integration(db, kind)",backend/app/api/api_v1/endpoints/settings.py,21,23,3,3,,prod,Python,MEDIUM
796bbf61b4887a56849b3196e98b91ff27e07ee0,function,get_jira_settings,"async def get_jira_settings(db, current_user)",backend/app/api/api_v1/endpoints/settings.py,27,36,10,10,,prod,Python,MEDIUM
bbe30c90f3201c2333914425209097b94a3bcf06,function,put_jira_settings,"async def put_jira_settings(payload, db, current_user)",backend/app/api/api_v1/endpoints/settings.py,40,100,61,61,,prod,Python,MEDIUM
97affb28b2e5fd0a6eebebc3a6531b7e600a2120,function,get_confluence_settings,async def get_confluence_settings(db),backend/app/api/api_v1/endpoints/settings.py,104,108,5,5,,prod,Python,MEDIUM
50380d127c85f70010bad959edbe94f7c91ae122,function,put_confluence_settings,"async def put_confluence_settings(payload, db)",backend/app/api/api_v1/endpoints/settings.py,112,154,43,43,,prod,Python,MEDIUM
c19d21b8ccb05648903c646dac6ad1c9e788d87c,function,reload_confluence_settings,async def reload_confluence_settings(db),backend/app/api/api_v1/endpoints/settings.py,158,182,25,25,,prod,Python,MEDIUM
298dfeaf0b776093333b8310d9457139e0c91ae7,function,get_github_settings,async def get_github_settings(db),backend/app/api/api_v1/endpoints/settings.py,187,192,6,6,,prod,Python,MEDIUM
ca890ccba4d69ffd3649387c0e2ae56053f0b287,function,put_github_settings,"async def put_github_settings(payload, db)",backend/app/api/api_v1/endpoints/settings.py,196,214,19,19,,prod,Python,MEDIUM
0eef7b05fe30075f4b5019271d5dfc6658f8f07f,function,test_github_connection,"async def test_github_connection(payload, db)",backend/app/api/api_v1/endpoints/settings.py,218,355,138,138,,prod,Python,MEDIUM
8865e8a155afee5e307fecff0372a23ca0979639,function,_github_request,def _github_request(base),backend/app/api/api_v1/endpoints/settings.py,265,272,8,8,,prod,Python,MEDIUM
776f277c1790328d5ae6a8b8e23f476230d26637,function,_is_json_response,def _is_json_response(response),backend/app/api/api_v1/endpoints/settings.py,274,282,9,9,,prod,Python,MEDIUM
97d6550e65e67c0fadfa4f9124a7aed72780a766,function,_maybe_switch_to_rest_api,def _maybe_switch_to_rest_api(response),backend/app/api/api_v1/endpoints/settings.py,286,311,26,26,,prod,Python,MEDIUM
5fce1815414f0d503e829be9cbbbe8901c6050f1,function,get_gitlab_settings,async def get_gitlab_settings(db),backend/app/api/api_v1/endpoints/settings.py,359,363,5,5,,prod,Python,MEDIUM
96ed9ba834487c06bd1a5f572911830742800a8b,function,put_gitlab_settings,"async def put_gitlab_settings(payload, db)",backend/app/api/api_v1/endpoints/settings.py,367,384,18,18,,prod,Python,MEDIUM
07123fd71a00f392899b0d79459bb37ee206101d,function,test_gitlab_connection,"async def test_gitlab_connection(payload, db)",backend/app/api/api_v1/endpoints/settings.py,388,462,75,75,,prod,Python,MEDIUM
7f1193b85d43d246f40f53360695d9caadf45ca2,function,_resp_message,def _resp_message(response),backend/app/api/api_v1/endpoints/settings.py,430,437,8,8,,prod,Python,MEDIUM
f49af0e186f60dc94ebae9ec02f61c5ceff03d47,function,get_testrail_settings,async def get_testrail_settings(db),backend/app/api/api_v1/endpoints/settings.py,467,471,5,5,,prod,Python,MEDIUM
82beaa64ec6e532bdc6782f485e99a43330ca193,function,put_testrail_settings,"async def put_testrail_settings(payload, db)",backend/app/api/api_v1/endpoints/settings.py,475,485,11,11,,prod,Python,MEDIUM
d0f67755476cc92feb5ed6688645dba0cdd199da,function,test_testrail_connection,"async def test_testrail_connection(payload, db)",backend/app/api/api_v1/endpoints/settings.py,487,535,49,49,,prod,Python,MEDIUM
df6a76278d05a8b369d02fed9e11a3773d564c03,function,get_bitbucket_settings,async def get_bitbucket_settings(db),backend/app/api/api_v1/endpoints/settings.py,540,559,20,20,,prod,Python,MEDIUM
165e93b9ab3fb919cf7f649c1474222980314c99,function,put_bitbucket_settings,"async def put_bitbucket_settings(payload, db)",backend/app/api/api_v1/endpoints/settings.py,563,606,44,44,,prod,Python,MEDIUM
193b8e60016b70b60bf747890dd17b5a6b852354,function,test_bitbucket_connection,"async def test_bitbucket_connection(payload, db)",backend/app/api/api_v1/endpoints/settings.py,610,666,57,57,,prod,Python,MEDIUM
e62abb652bdaa73cdd7293932cebf418c405cb67,function,get_tasks,"async def get_tasks(project_id, sprint_id, status, assignee, skip, limit, db, current_user)",backend/app/api/api_v1/endpoints/tasks.py,23,133,111,111,,prod,Python,MEDIUM
7bd7e9fddf09b18264ebc1853014484147b2148c,function,get_task,"async def get_task(task_id, db, current_user)",backend/app/api/api_v1/endpoints/tasks.py,137,165,29,29,,prod,Python,MEDIUM
ffb44c3540abe36a9473945bb5a7349ff5d8f33a,function,create_task,"async def create_task(task, db, current_user)",backend/app/api/api_v1/endpoints/tasks.py,169,192,24,24,,prod,Python,MEDIUM
90d87058d40f9a5c4ee189a0cd1714ac8cac28c0,function,update_task,"async def update_task(task_id, task_update, db, current_user)",backend/app/api/api_v1/endpoints/tasks.py,196,221,26,26,,prod,Python,MEDIUM
4ff79a817b6ee088e60fe6e1a3a4552d52f432ae,function,delete_task,"async def delete_task(task_id, db, current_user)",backend/app/api/api_v1/endpoints/tasks.py,225,243,19,19,,prod,Python,MEDIUM
cfb88d9bcc2cb3500b7acd685126f018937aa8fe,function,export_tasks_to_excel,"async def export_tasks_to_excel(project_id, sprint_id, db)",backend/app/api/api_v1/endpoints/tasks.py,247,318,72,72,,prod,Python,MEDIUM
f579dd654c6346bcf2864dc175833b8687c460c3,function,set_task_business_value,"async def set_task_business_value(task_id, business_value, value_delivered, reason, db)",backend/app/api/api_v1/endpoints/tasks.py,322,398,77,77,,prod,Python,MEDIUM
4635860f89e1e6de9fd0a7d389c15d5b531bb446,function,get_task_business_value_audit,"async def get_task_business_value_audit(task_id, limit, db)",backend/app/api/api_v1/endpoints/tasks.py,402,429,28,28,,prod,Python,MEDIUM
461e40e271b550981d3e1228e8a191b4c1402235,function,batch_delete_tasks,"async def batch_delete_tasks(task_ids, db, current_user)",backend/app/api/api_v1/endpoints/tasks.py,437,481,45,45,,prod,Python,MEDIUM
86b6a8600e6054609cbea528ea13142a99e67ea2,function,batch_update_tasks,"async def batch_update_tasks(task_ids, updates, db, current_user)",backend/app/api/api_v1/endpoints/tasks.py,485,550,66,66,,prod,Python,MEDIUM
0023a12a0e8d6646bfc30b5f441f8889eb2a3787,function,get_task_status,async def get_task_status(task_id),backend/app/api/api_v1/endpoints/tasks_async.py,11,17,7,7,,prod,Python,MEDIUM
477ed5619c02d1e40ababce5c4d3e193e5658a9d,function,cancel_task,async def cancel_task(task_id),backend/app/api/api_v1/endpoints/tasks_async.py,21,27,7,7,,prod,Python,MEDIUM
56f6f4ba84543a9c35aef5439daf118eda3d5442,function,list_tasks,"async def list_tasks(user_id, include_completed)",backend/app/api/api_v1/endpoints/tasks_async.py,31,45,15,15,,prod,Python,MEDIUM
2676936b15caa31e6895f22eb598f2969e3bf05c,function,delete_task,async def delete_task(task_id),backend/app/api/api_v1/endpoints/tasks_async.py,49,61,13,13,,prod,Python,MEDIUM
e08999ecd732c0c6a72cd5c89bd13fad3b3304bd,function,_get_allowed_commit_shas_for_project,"async def _get_allowed_commit_shas_for_project(project_id, db)",backend/app/api/api_v1/endpoints/testing.py,35,87,53,53,,prod,Python,MEDIUM
397ce2cc937e4102227cfe9fcdfd649012c53655,function,_filter_commits_by_project,"async def _filter_commits_by_project(items, project_id, db)",backend/app/api/api_v1/endpoints/testing.py,90,145,56,56,,prod,Python,MEDIUM
7870fc9d73f0d56896767f0330780108168df001,function,list_test_runs,"async def list_test_runs(project_id, provider, skip, limit, db)",backend/app/api/api_v1/endpoints/testing.py,149,218,70,70,,prod,Python,MEDIUM
a95a4c5db4510dfeb34fb2ad89b2dcbf256306a6,function,list_test_results,"async def list_test_results(project_id, commit_sha, status, since_days, skip, limit, db)",backend/app/api/api_v1/endpoints/testing.py,222,289,68,68,,prod,Python,MEDIUM
57a6c4094a27905b6159a661cd26198c44d095d3,function,list_coverage,"async def list_coverage(project_id, skip, limit, db)",backend/app/api/api_v1/endpoints/testing.py,293,340,48,48,,prod,Python,MEDIUM
a6a7a2d1218889ed8a0de5ccfa8e81142c66f89b,function,list_coverage_files,"async def list_coverage_files(commit_sha, skip, limit, db)",backend/app/api/api_v1/endpoints/testing.py,344,393,50,50,,prod,Python,MEDIUM
32fbaa1a9f0322039efeffaae34448d2a73787fb,function,create_flaky_test,"async def create_flaky_test(data, db)",backend/app/api/api_v1/endpoints/testing.py,401,447,47,47,,prod,Python,MEDIUM
f6c3c9fafa6e659cccb32abe769826d37c45fb0d,function,list_flaky_tests,"async def list_flaky_tests(project_id, status, skip, limit, db)",backend/app/api/api_v1/endpoints/testing.py,451,465,15,15,,prod,Python,MEDIUM
7a4497a9629caff259c11d8ff193802167d3066b,function,get_flaky_test,"async def get_flaky_test(flaky_id, db)",backend/app/api/api_v1/endpoints/testing.py,469,478,10,10,,prod,Python,MEDIUM
41f82749ef2654360ec123833cc7731b8d9446d5,function,update_flaky_test,"async def update_flaky_test(flaky_id, data, db)",backend/app/api/api_v1/endpoints/testing.py,482,507,26,26,,prod,Python,MEDIUM
1a3ac92ef8cca8482f2ab204826676e296784444,function,delete_flaky_test,"async def delete_flaky_test(flaky_id, db)",backend/app/api/api_v1/endpoints/testing.py,511,523,13,13,,prod,Python,MEDIUM
eeb0b67232fc30a78fad4994e3b02617af80ccfa,function,detect_flaky_tests,"async def detect_flaky_tests(project_id, days, min_runs, flakiness_threshold, db)",backend/app/api/api_v1/endpoints/testing.py,527,621,95,95,,prod,Python,MEDIUM
44575a1694d2e8379888de3d7a33986200280acc,function,get_flaky_tests_summary,"async def get_flaky_tests_summary(project_id, db)",backend/app/api/api_v1/endpoints/testing.py,625,655,31,31,,prod,Python,MEDIUM
2f9823079ffa06f0b1f4ba2d61a9db46305e4dbb,function,get_delta_coverage,"async def get_delta_coverage(base_commit, head_commit, project_id, db)",backend/app/api/api_v1/endpoints/testing.py,663,769,107,107,,prod,Python,MEDIUM
43627d68a0f0e6747cdd12528b50490d5cfa5648,function,get_pr_delta_coverage,"async def get_pr_delta_coverage(pr_number, project_id, db)",backend/app/api/api_v1/endpoints/testing.py,773,824,52,52,,prod,Python,MEDIUM
b4a611a54212e03fcbee8986b0dbd5a91e4e1cb5,function,calculate_component_coverage,"async def calculate_component_coverage(project_id, commit_sha, depth, db)",backend/app/api/api_v1/endpoints/testing.py,832,946,115,115,,prod,Python,MEDIUM
c205a6ecb17000f5877d02d3d5f775b4f6fcb2d8,function,list_component_coverage,"async def list_component_coverage(project_id, commit_sha, skip, limit, db)",backend/app/api/api_v1/endpoints/testing.py,950,964,15,15,,prod,Python,MEDIUM
34eae2fbaa9da238c560c43192c7c93cec5d7a1e,function,get_component_coverage_summary,"async def get_component_coverage_summary(project_id, threshold, db)",backend/app/api/api_v1/endpoints/testing.py,968,1012,45,45,,prod,Python,MEDIUM
31f6d402c96b33fbb7435a303e7670f7f1457a5f,function,get_coverage_trend,"async def get_coverage_trend(project_id, period, db)",backend/app/api/api_v1/endpoints/testing.py,1020,1098,79,79,,prod,Python,MEDIUM
9b1efad72067a1a3a3e89e581fd27b9e64d29fa7,function,record_coverage_history,"async def record_coverage_history(data, db)",backend/app/api/api_v1/endpoints/testing.py,1102,1134,33,33,,prod,Python,MEDIUM
ce62ef3f32b6c14ec9049c752d96fdbe7102c96f,function,get_test_analytics_dashboard,"async def get_test_analytics_dashboard(project_id, sprint_id, coverage_target, db)",backend/app/api/api_v1/endpoints/testing.py,1142,1216,75,75,,prod,Python,MEDIUM
83e0fecc9dafaf7189cf1acba389f7a58bb43407,function,_artifact_to_node,"def _artifact_to_node(artifact, level, is_center)",backend/app/api/api_v1/endpoints/traceability/analysis.py,25,39,15,15,,prod,Python,MEDIUM
8689a6abeb7b35f491ecf3905f7d2f3d5a03ebe3,function,_traverse_chain,"async def _traverse_chain(db, start_id, max_depth, min_confidence, include_factors, nodes, edges, levels, seen, is_upstream, project_id)",backend/app/api/api_v1/endpoints/traceability/analysis.py,42,111,70,70,,prod,Python,MEDIUM
dcce1ca5d9eb70438eec90fdc9d3885cd713af19,function,_calculate_chain_stats,"def _calculate_chain_stats(nodes, edges)",backend/app/api/api_v1/endpoints/traceability/analysis.py,114,141,28,28,,prod,Python,MEDIUM
292bad64781036bbfdab579049f0ec71b767ce4a,function,get_full_chain,"async def get_full_chain(artifact_id, depth, direction, min_confidence, include_factors, db, current_user)",backend/app/api/api_v1/endpoints/traceability/analysis.py,145,214,70,70,,prod,Python,MEDIUM
85679a639070ba42708f320ecb0abdf3978ae37c,function,_calculate_impact_risk,"def _calculate_impact_risk(artifact, directly_affected, indirectly_affected, change_type)",backend/app/api/api_v1/endpoints/traceability/analysis.py,217,248,32,32,,prod,Python,MEDIUM
b887c25ceaaf89190a65d4c3e35f6f64953834f4,function,_generate_impact_recommendations,"def _generate_impact_recommendations(artifact, directly_affected, indirectly_affected, change_type, risk_score)",backend/app/api/api_v1/endpoints/traceability/analysis.py,251,305,55,55,,prod,Python,MEDIUM
8af6d40387a430f0a17202d9c087324369caed4a,function,get_impact_analysis,"async def get_impact_analysis(artifact_id, change_type, db, current_user)",backend/app/api/api_v1/endpoints/traceability/analysis.py,309,419,111,111,,prod,Python,MEDIUM
4c8505a2b0e88185562c77b57d4bb7e9690bbf1c,function,_dag_types,def _dag_types(),backend/app/api/api_v1/endpoints/traceability/common.py,36,38,3,3,,prod,Python,MEDIUM
fc254e47b00f54fdae6c0b16523fe816964d10e3,function,_would_create_cycle,"async def _would_create_cycle(db, from_id, to_id, link_type, project_id)",backend/app/api/api_v1/endpoints/traceability/common.py,41,64,24,24,,prod,Python,MEDIUM
76af4450e9dc13c9ab6356a4b22f9d66aa219937,function,_link_exists,"async def _link_exists(db, from_id, to_id, link_type)",backend/app/api/api_v1/endpoints/traceability/common.py,67,81,15,15,,prod,Python,MEDIUM
f39d3d8abfae7be10368fd2391bb39514d320e3b,function,_suggest_link_action_by_type,def _suggest_link_action_by_type(artifact_type),backend/app/api/api_v1/endpoints/traceability/health.py,23,34,12,12,,prod,Python,MEDIUM
f90383810cfebcdfee120fcc4d2a6c711fd439f2,function,_calculate_consistency_health,"def _calculate_consistency_health(issues, is_filtered)",backend/app/api/api_v1/endpoints/traceability/health.py,37,72,36,36,,prod,Python,MEDIUM
768f26e4892260f17c3a3ad103215562ffd0bd68,function,_generate_consistency_recommendations,def _generate_consistency_recommendations(issues),backend/app/api/api_v1/endpoints/traceability/health.py,75,146,72,72,,prod,Python,MEDIUM
443fc9c6a534628637aa6f1cf24266253bebf071,function,_detect_all_cycles,"async def _detect_all_cycles(db, project_id, max_links)",backend/app/api/api_v1/endpoints/traceability/health.py,149,233,85,85,,prod,Python,MEDIUM
0c234284da044aa0a1f108259dff7a61e78844a1,function,dfs,def dfs(node),backend/app/api/api_v1/endpoints/traceability/health.py,204,227,24,24,,prod,Python,MEDIUM
b6270a98dfb5c2f92310ef7bb66a94810ef6e73c,function,get_sync_health,"async def get_sync_health(project_id, db, current_user)",backend/app/api/api_v1/endpoints/traceability/health.py,237,385,149,149,,prod,Python,MEDIUM
f7d4588fa0028418a2885a7add241d1cb7c6d5c5,function,get_detailed_sync_health,"async def get_detailed_sync_health(project_id, db, current_user)",backend/app/api/api_v1/endpoints/traceability/health.py,389,499,111,111,,prod,Python,MEDIUM
d3f45f84d7bf88b15f7906d305a9d313847d5af1,function,run_consistency_check,"async def run_consistency_check(project_id, check_orphans, check_cycles, check_duplicates, check_broken_refs, check_stale, stale_days, db, current_user)",backend/app/api/api_v1/endpoints/traceability/health.py,503,725,223,223,,prod,Python,MEDIUM
efe63999968151d8ffc2ec3eb031cc85521be457,function,fix_consistency_issues,"async def fix_consistency_issues(project_id, fix_broken_refs, fix_duplicates, dry_run, db, current_user)",backend/app/api/api_v1/endpoints/traceability/health.py,729,859,131,131,,prod,Python,MEDIUM
f23d062d31098c1519232352275abd3daa2ea90a,function,detect_cycles_detailed,"async def detect_cycles_detailed(project_id, link_type, db, current_user)",backend/app/api/api_v1/endpoints/traceability/health.py,863,932,70,70,,prod,Python,MEDIUM
e6c9899d0ea98937deacb72afb8798f2cadc57e8,function,create_link,"async def create_link(from_id, to_id, link_type, confidence, confidence_factors, tenant_id, project_id, db, current_user)",backend/app/api/api_v1/endpoints/traceability/links.py,36,91,56,56,,prod,Python,MEDIUM
e28cdd26f355746f53322505e0b2d202dcfe446c,function,artifacts_for_task,"async def artifacts_for_task(jira_key, db, _current_user)",backend/app/api/api_v1/endpoints/traceability/links.py,95,149,55,55,,prod,Python,MEDIUM
dc2d977a75580b10da8dd32982a033587f8ffac3,function,requirement_flow,"async def requirement_flow(artifact_id, depth, db, current_user)",backend/app/api/api_v1/endpoints/traceability/links.py,153,183,31,31,,prod,Python,MEDIUM
a9fa05577d3df461168127d5d083e2fe89c26302,function,traceability_matrix,"async def traceability_matrix(project_id, db, current_user)",backend/app/api/api_v1/endpoints/traceability/links.py,187,294,108,108,,prod,Python,MEDIUM
051af74ab1654395c3b430e27cfff45348a14ecb,function,backfill_artifacts,"async def backfill_artifacts(request, project_id, include_confluence, include_git, db, current_user)",backend/app/api/api_v1/endpoints/traceability/links.py,299,405,107,107,,prod,Python,MEDIUM
c498cbc9657e686c098f885d9ec4449cccadeb92,function,autolink_confluence_page,"async def autolink_confluence_page(page_id, project_id, db, current_user)",backend/app/api/api_v1/endpoints/traceability/links.py,409,514,106,106,,prod,Python,MEDIUM
a931a7d7b35f3b76e0783c807825476ddaac8061,function,_suggest_link_action,def _suggest_link_action(artifact),backend/app/api/api_v1/endpoints/traceability/orphans.py,25,36,12,12,,prod,Python,MEDIUM
031528395c07eb784d4a60e1150c4b6a03767f75,function,get_orphaned_artifacts,"async def get_orphaned_artifacts(project_id, artifact_type, skip, limit, db, current_user)",backend/app/api/api_v1/endpoints/traceability/orphans.py,40,118,79,79,,prod,Python,MEDIUM
3d9d555b1ecb541d38e9d748050506014c28b52a,function,recalculate_link_confidence,"async def recalculate_link_confidence(link_id, project_id, min_current_confidence, db, current_user)",backend/app/api/api_v1/endpoints/traceability/orphans.py,122,226,105,105,,prod,Python,MEDIUM
702baece30a2e5e0f4fb35f0be783975d6822ce7,function,get_confidence_distribution,"async def get_confidence_distribution(project_id, link_type, db, current_user)",backend/app/api/api_v1/endpoints/traceability/orphans.py,230,322,93,93,,prod,Python,MEDIUM
c16d10db5c02165e32d967355b312460f5b43987,function,validate_flow,def validate_flow(flow_json),backend/app/api/api_v1/endpoints/traceability/rules.py,127,219,93,93,,prod,Python,MEDIUM
724b57e7301fb669eeed87ec55e1983ec9aaa0df,function,_detect_cycles,"def _detect_cycles(nodes, edges)",backend/app/api/api_v1/endpoints/traceability/rules.py,222,261,40,40,,prod,Python,MEDIUM
0c8f488d6a0f7867fbdf582c8877d645ff1b2157,function,dfs,"def dfs(node_id, path)",backend/app/api/api_v1/endpoints/traceability/rules.py,233,252,20,20,,prod,Python,MEDIUM
8d0aec2d22e862e9d92fd6ccbf582296aeccac66,function,_validate_node_configuration,def _validate_node_configuration(node),backend/app/api/api_v1/endpoints/traceability/rules.py,264,308,45,45,,prod,Python,MEDIUM
6d64fa18a940b42bd8643bff598c05c729cb978d,function,validate_rule_flow,"async def validate_rule_flow(request, current_user)",backend/app/api/api_v1/endpoints/traceability/rules.py,316,326,11,11,,prod,Python,MEDIUM
386c54e93c0194fec02ef16fc0d3096b6a6e474a,function,list_rules,"async def list_rules(skip, limit, enabled, category, project_id, db, current_user)",backend/app/api/api_v1/endpoints/traceability/rules.py,330,360,31,31,,prod,Python,MEDIUM
75e89fc51447889f57d861e05bd191f64b777b8e,function,get_all_rule_executions,"async def get_all_rule_executions(skip, limit, status, db, current_user)",backend/app/api/api_v1/endpoints/traceability/rules.py,365,406,42,42,,prod,Python,MEDIUM
ba077a5ec17275786d0dfca2ce2fac1fff0cf5c6,function,get_rule,"async def get_rule(rule_id, db, current_user)",backend/app/api/api_v1/endpoints/traceability/rules.py,410,421,12,12,,prod,Python,MEDIUM
c2d4b02d2a1ae893e9b8f6aaf3e8b37e3a970486,function,create_rule,"async def create_rule(rule_data, db, current_user)",backend/app/api/api_v1/endpoints/traceability/rules.py,425,451,27,27,,prod,Python,MEDIUM
c5f78236dac65079d4f599dafc6446ad76439f23,function,update_rule,"async def update_rule(rule_id, rule_data, db, current_user)",backend/app/api/api_v1/endpoints/traceability/rules.py,455,483,29,29,,prod,Python,MEDIUM
14957f292186f5008748fa53b56d1b7958092e5c,function,delete_rule,"async def delete_rule(rule_id, db, current_user)",backend/app/api/api_v1/endpoints/traceability/rules.py,487,500,14,14,,prod,Python,MEDIUM
d6037a155fed51960ea4b8338757fa5c50413159,function,list_rule_executions,"async def list_rule_executions(rule_id, skip, limit, db, current_user)",backend/app/api/api_v1/endpoints/traceability/rules.py,504,529,26,26,,prod,Python,MEDIUM
066fea43d08c8a54ff634d154675390ff4168aea,function,execute_rule,"def execute_rule(rule_id, db, current_user)",backend/app/api/api_v1/endpoints/traceability/rules.py,533,555,23,23,,prod,Python,MEDIUM
dde4773ac1d4c9ebb4fdd2aedd9efa0874adae45,function,_calculate_next_run,def _calculate_next_run(cron_expression),backend/app/api/api_v1/endpoints/traceability/rules.py,562,572,11,11,,prod,Python,MEDIUM
700836dd6f7a6bc23de2d0ffc4e962c36f6d2998,function,_validate_cron_expression,def _validate_cron_expression(cron_expression),backend/app/api/api_v1/endpoints/traceability/rules.py,575,584,10,10,,prod,Python,MEDIUM
0fe873ba02508a2c56a6d5b530432c92d3bb6cdc,function,_generate_webhook_token,def _generate_webhook_token(),backend/app/api/api_v1/endpoints/traceability/rules.py,587,590,4,4,,prod,Python,MEDIUM
df8614f5d54a48bcb76380c53d0296217ff9218c,function,get_rule_schedule,"async def get_rule_schedule(rule_id, db, current_user)",backend/app/api/api_v1/endpoints/traceability/rules.py,594,611,18,18,,prod,Python,MEDIUM
3329edbe7580a02483aea48989ece93d3b6391f3,function,update_rule_schedule,"async def update_rule_schedule(rule_id, schedule_data, db, current_user)",backend/app/api/api_v1/endpoints/traceability/rules.py,615,668,54,54,,prod,Python,MEDIUM
d8b99c2870b5f97a2e9b5c87cc399086724a79dd,function,get_rule_webhook,"async def get_rule_webhook(rule_id, db, current_user)",backend/app/api/api_v1/endpoints/traceability/rules.py,672,694,23,23,,prod,Python,MEDIUM
b7b39c46af97c4da6776131051890685b2fdc380,function,enable_rule_webhook,"async def enable_rule_webhook(rule_id, db, current_user)",backend/app/api/api_v1/endpoints/traceability/rules.py,698,730,33,33,,prod,Python,MEDIUM
88d89db28caa990334ba4ed6a3a111bf1d82c079,function,disable_rule_webhook,"async def disable_rule_webhook(rule_id, db, current_user)",backend/app/api/api_v1/endpoints/traceability/rules.py,734,757,24,24,,prod,Python,MEDIUM
d7c2617d4fd524d730de572a7ca22aa9d99f0873,function,execute_rule_by_webhook,"def execute_rule_by_webhook(webhook_token, db)",backend/app/api/api_v1/endpoints/traceability/rules.py,765,802,38,38,,prod,Python,MEDIUM
3b3c5d88297ac006aa95cefc96a587d278026d0d,function,generate_link_suggestions,"async def generate_link_suggestions(project_id, min_similarity, max_per_artifact, artifact_types, db, current_user)",backend/app/api/api_v1/endpoints/traceability/suggestions.py,25,77,53,53,,prod,Python,MEDIUM
69c9f8827bd12d185f701d9decfcb6452c0d2a19,function,list_suggested_links,"async def list_suggested_links(project_id, status, min_score, skip, limit, db, current_user)",backend/app/api/api_v1/endpoints/traceability/suggestions.py,81,161,81,81,,prod,Python,MEDIUM
880ac2cf1efc34905691f227279b2e90e862517c,function,approve_suggestion,"async def approve_suggestion(suggestion_id, note, db, current_user)",backend/app/api/api_v1/endpoints/traceability/suggestions.py,165,266,102,102,,prod,Python,MEDIUM
5d2bc455bf00cfd2a62e3298f07c811f4ec5e5fc,function,reject_suggestion,"async def reject_suggestion(suggestion_id, note, db, current_user)",backend/app/api/api_v1/endpoints/traceability/suggestions.py,270,307,38,38,,prod,Python,MEDIUM
0793f7d40e9f081ccf3e0cf0fab005a0bd391bfa,function,get_suggestion_stats,"async def get_suggestion_stats(project_id, db, current_user)",backend/app/api/api_v1/endpoints/traceability/suggestions.py,311,366,56,56,,prod,Python,MEDIUM
dd0fe31f6cd2f4d69493ed23c9d91df8ac9c9420,function,bulk_approve_suggestions,"async def bulk_approve_suggestions(suggestion_ids, note, db, current_user)",backend/app/api/api_v1/endpoints/traceability/suggestions.py,370,469,100,100,,prod,Python,MEDIUM
63ad0f8352a06c58306c35d534bbbb0bd0f058dc,function,track_event,async def track_event(event),backend/app/api/api_v1/endpoints/usage_analytics.py,42,63,22,22,,prod,Python,MEDIUM
58e0542ec94d6f34114a69d1c5dbba651cd2c8cc,function,track_events_batch,async def track_events_batch(events),backend/app/api/api_v1/endpoints/usage_analytics.py,67,79,13,13,,prod,Python,MEDIUM
0149189bdfdcd547c2426e638ca71dbb876a0ce9,function,get_onboarding_metrics,async def get_onboarding_metrics(),backend/app/api/api_v1/endpoints/usage_analytics.py,83,108,26,26,,prod,Python,MEDIUM
7ed9386b9540fe73241821f0ebdeb6e264d53a38,function,get_time_to_value_metrics,async def get_time_to_value_metrics(),backend/app/api/api_v1/endpoints/usage_analytics.py,112,132,21,21,,prod,Python,MEDIUM
b73a1f6a02b21e27f2b79d08e630c67cd8a60a8e,function,get_feature_adoption_metrics,async def get_feature_adoption_metrics(),backend/app/api/api_v1/endpoints/usage_analytics.py,136,160,25,25,,prod,Python,MEDIUM
80c44ac8300936e2a198dabba47ac6ee4b84a78d,function,get_usage_metrics_summary,async def get_usage_metrics_summary(),backend/app/api/api_v1/endpoints/usage_analytics.py,164,177,14,14,,prod,Python,MEDIUM
06fbd128a3e959beb78d4a818cea9de64a094441,function,clear_analytics_data,async def clear_analytics_data(),backend/app/api/api_v1/endpoints/usage_analytics.py,181,190,10,10,,prod,Python,MEDIUM
33de7967aad9a3dfa2d8e5741329813b9a9a8b25,function,websocket_updates,async def websocket_updates(ws),backend/app/api/ws.py,9,19,11,11,,prod,Python,MEDIUM
63d9a990be966a3fc7f6603a9aec641b58786594,method,build,"def build(cls, domain, resource, resource_id, variant, **kwargs)",backend/app/core/cache_enhanced.py,138,160,23,23,ed3dad7b90a92d75bbb8aac912be50b10d9fa003,prod,Python,MEDIUM
9ca75a72c1400865f6696faefd686b067e2bc12c,method,pattern_for_invalidation,"def pattern_for_invalidation(cls, domain, resource, resource_id)",backend/app/core/cache_enhanced.py,163,183,21,21,ed3dad7b90a92d75bbb8aac912be50b10d9fa003,prod,Python,MEDIUM
97c195f4af4b272f5b603da6b4ce772c4feeeaa1,method,velocity,"def velocity(project_id, sprints_count)",backend/app/core/cache_enhanced.py,194,198,5,5,41f491b2f74e11b8d44b003977764ae3b446adfa,prod,Python,MEDIUM
eeb7d66dad02c631ba2bc0795d01c75edf482de5,method,dora,"def dora(project_id, window_days)",backend/app/core/cache_enhanced.py,201,205,5,5,41f491b2f74e11b8d44b003977764ae3b446adfa,prod,Python,MEDIUM
4877c357123be62ddd518775bdf513eca1264f54,method,team_health,def team_health(project_id),backend/app/core/cache_enhanced.py,208,212,5,5,41f491b2f74e11b8d44b003977764ae3b446adfa,prod,Python,MEDIUM
548355438a95a954929bba4964fdcd5c8484aa37,method,budget_hours,"def budget_hours(project_id, top_n)",backend/app/core/cache_enhanced.py,215,219,5,5,41f491b2f74e11b8d44b003977764ae3b446adfa,prod,Python,MEDIUM
bf8ced6b5c9e1e982abe1393f5be2c76e4bb7c18,method,sprint_burndown,def sprint_burndown(sprint_id),backend/app/core/cache_enhanced.py,222,226,5,5,41f491b2f74e11b8d44b003977764ae3b446adfa,prod,Python,MEDIUM
b8a31d2e4093f7eeb2d83e0f29e328b18f0d7d55,method,sprint_capacity,def sprint_capacity(sprint_id),backend/app/core/cache_enhanced.py,229,233,5,5,41f491b2f74e11b8d44b003977764ae3b446adfa,prod,Python,MEDIUM
5260c94f9b9e479c36a92bc5da094b26a98d0dc6,method,sprint_wip,def sprint_wip(sprint_id),backend/app/core/cache_enhanced.py,236,240,5,5,41f491b2f74e11b8d44b003977764ae3b446adfa,prod,Python,MEDIUM
35c967e124b4509f0d59ddd824015c070a232714,method,project_sprints,"def project_sprints(project_id, limit, board_id)",backend/app/core/cache_enhanced.py,243,249,7,7,41f491b2f74e11b8d44b003977764ae3b446adfa,prod,Python,MEDIUM
52cdbeea5b0a7b59bbec43955af30819e1e84d83,method,project_risks,def project_risks(project_id),backend/app/core/cache_enhanced.py,252,256,5,5,41f491b2f74e11b8d44b003977764ae3b446adfa,prod,Python,MEDIUM
76645241fd475e20983e0fe0cae3dc87f70c00ce,method,project_forecast,def project_forecast(project_id),backend/app/core/cache_enhanced.py,259,263,5,5,41f491b2f74e11b8d44b003977764ae3b446adfa,prod,Python,MEDIUM
27592e79d0866b33e2bdafa574bb0c4543cf59c2,method,project_burndown,"def project_burndown(project_id, sprint_id)",backend/app/core/cache_enhanced.py,266,270,5,5,41f491b2f74e11b8d44b003977764ae3b446adfa,prod,Python,MEDIUM
d12e3e36b6a6bd191bf221aa1ae0fdbd6f728b3f,method,test_trend,"def test_trend(project_id, days)",backend/app/core/cache_enhanced.py,273,278,6,6,41f491b2f74e11b8d44b003977764ae3b446adfa,prod,Python,MEDIUM
06d4f55fba8438ee5d5b078061c017aed51f4645,method,coverage_trend,"def coverage_trend(project_id, days)",backend/app/core/cache_enhanced.py,281,286,6,6,41f491b2f74e11b8d44b003977764ae3b446adfa,prod,Python,MEDIUM
32cb847abbf6dce152392b8ccc9e727f3f628f75,method,team_summary,def team_summary(project_id),backend/app/core/cache_enhanced.py,293,295,3,3,540359c0f5fbfd6ef30e4e1e4bc7372d965445c8,prod,Python,MEDIUM
c61f194e67174fffcdc1d5686dcae6a110258e58,method,cfd_data,def cfd_data(project_id),backend/app/core/cache_enhanced.py,298,300,3,3,540359c0f5fbfd6ef30e4e1e4bc7372d965445c8,prod,Python,MEDIUM
4efa4000eb79368a1d79a79a011a922a3ffc3c14,method,flow_metrics,def flow_metrics(project_id),backend/app/core/cache_enhanced.py,303,305,3,3,540359c0f5fbfd6ef30e4e1e4bc7372d965445c8,prod,Python,MEDIUM
25841f888dbd7c0bc89fd999dd468135c7436d1b,method,health_summary,def health_summary(project_id),backend/app/core/cache_enhanced.py,308,310,3,3,540359c0f5fbfd6ef30e4e1e4bc7372d965445c8,prod,Python,MEDIUM
bc0888e862ad0334a1d1915b5d674906285154b8,method,matrix,def matrix(project_id),backend/app/core/cache_enhanced.py,317,322,6,6,427b952dff553d8dd629dba06ca9f16fe5482391,prod,Python,MEDIUM
6f0f9f367225fd966bc3c2461f80c205456a31b1,method,flow,"def flow(artifact_id, depth)",backend/app/core/cache_enhanced.py,325,329,5,5,427b952dff553d8dd629dba06ca9f16fe5482391,prod,Python,MEDIUM
6cf6f5035730ebb23ab9cf03654294a14d05c855,method,task_artifacts,def task_artifacts(jira_key),backend/app/core/cache_enhanced.py,332,336,5,5,427b952dff553d8dd629dba06ca9f16fe5482391,prod,Python,MEDIUM
8360781e93da748eec006325e068170ff551e7e5,method,full_chain,"def full_chain(artifact_id, depth, direction, min_confidence)",backend/app/core/cache_enhanced.py,339,349,11,11,427b952dff553d8dd629dba06ca9f16fe5482391,prod,Python,MEDIUM
413250f6395e02eca4fc711c286ff296354b4cce,method,impact_analysis,"def impact_analysis(artifact_id, change_type)",backend/app/core/cache_enhanced.py,352,357,6,6,427b952dff553d8dd629dba06ca9f16fe5482391,prod,Python,MEDIUM
c2cfd9e7cc44f7b6c0c3360d3a72a83b4ce857e3,method,orphaned_artifacts,"def orphaned_artifacts(project_id, artifact_type, skip, limit)",backend/app/core/cache_enhanced.py,360,372,13,13,427b952dff553d8dd629dba06ca9f16fe5482391,prod,Python,MEDIUM
60ed4b2b984e82be4479cbefff10795dd7b84086,method,list_key,"def list_key(project_id, sprint_id, status, assignee, skip, limit)",backend/app/core/cache_enhanced.py,379,395,17,17,5a77af9e0283462baaebda00702130dc34de2255,prod,Python,MEDIUM
e136bad326aee2239aeb345feccaab51e86a3969,method,project,def project(project_key),backend/app/core/cache_enhanced.py,402,404,3,3,b575281726a74ff69d74b8e67854cc31db2d173d,prod,Python,MEDIUM
a3885513ee4640434fe3721b992b913ad19860ea,method,project_list,def project_list(query),backend/app/core/cache_enhanced.py,407,412,6,6,b575281726a74ff69d74b8e67854cc31db2d173d,prod,Python,MEDIUM
cf88f46a9f48bcd4c418c07346415f7235409b28,method,boards,def boards(project_key),backend/app/core/cache_enhanced.py,415,417,3,3,b575281726a74ff69d74b8e67854cc31db2d173d,prod,Python,MEDIUM
efb10aa64d288ae1b3d5096352d28b5426b64e1c,method,sprints,def sprints(board_id),backend/app/core/cache_enhanced.py,420,422,3,3,b575281726a74ff69d74b8e67854cc31db2d173d,prod,Python,MEDIUM
6b00d3432a24ac7a07796b7c729dd411487e4d18,method,sprint_issues,def sprint_issues(sprint_id),backend/app/core/cache_enhanced.py,425,427,3,3,b575281726a74ff69d74b8e67854cc31db2d173d,prod,Python,MEDIUM
62a84cf680931f25b6df44196c901d4a75a37853,method,worklogs,def worklogs(issue_key),backend/app/core/cache_enhanced.py,430,432,3,3,b575281726a74ff69d74b8e67854cc31db2d173d,prod,Python,MEDIUM
124ba47addd88ab696bf5ee8bee5986128510433,method,summary,"def summary(project_id, sprint_id)",backend/app/core/cache_enhanced.py,439,443,5,5,336cf79e15a42a197df2f32102cccd835f41de61,prod,Python,MEDIUM
3de535b9ad6634ccf965af15256c93f23228bade,method,dashboard,"def dashboard(project_id, sprint_id)",backend/app/core/cache_enhanced.py,446,450,5,5,336cf79e15a42a197df2f32102cccd835f41de61,prod,Python,MEDIUM
6006afa3d6e49df3aed0d3d15549c2c3bd8248b4,method,component_analysis,"def component_analysis(project_id, sprint_id)",backend/app/core/cache_enhanced.py,453,457,5,5,336cf79e15a42a197df2f32102cccd835f41de61,prod,Python,MEDIUM
e541630ce89643fa66b7e931577c4a9945618b58,method,trend,"def trend(project_id, days)",backend/app/core/cache_enhanced.py,460,464,5,5,336cf79e15a42a197df2f32102cccd835f41de61,prod,Python,MEDIUM
854b24544c99e1934cf519a754656373f4698bd4,method,history,"def history(project_id, limit)",backend/app/core/cache_enhanced.py,467,471,5,5,336cf79e15a42a197df2f32102cccd835f41de61,prod,Python,MEDIUM
07268693788be3286b3fd41529e515127360f8be,method,root_cause_analysis,"def root_cause_analysis(project_id, sprint_id)",backend/app/core/cache_enhanced.py,474,478,5,5,336cf79e15a42a197df2f32102cccd835f41de61,prod,Python,MEDIUM
8ae6c7ea104373620d25895e5cb759dad08b6acd,constructor,__init__,"def __init__(self, redis_url)",backend/app/core/cache_enhanced.py,495,501,7,7,f3f539ce560edd6fa936f81caf3edd6018164ee2,prod,Python,MEDIUM
da604fac4e147026ded557f091f8dd1793f3c3b1,method,initialize,async def initialize(self),backend/app/core/cache_enhanced.py,503,527,25,25,f3f539ce560edd6fa936f81caf3edd6018164ee2,prod,Python,MEDIUM
e99386e6f682bb5bc55031ef2a357c5cd3646317,method,_get_tier_config,"def _get_tier_config(self, tier)",backend/app/core/cache_enhanced.py,529,531,3,3,f3f539ce560edd6fa936f81caf3edd6018164ee2,prod,Python,MEDIUM
84af17a812c197eac34c0b6e26ad7ab2cdde2e4c,method,get,"async def get(self, key, tier)",backend/app/core/cache_enhanced.py,533,573,41,41,f3f539ce560edd6fa936f81caf3edd6018164ee2,prod,Python,MEDIUM
afdf1c2e63e6ffab2d564b58f69210e66e2def7a,method,get_or_set,"async def get_or_set(self, key, factory, tier)",backend/app/core/cache_enhanced.py,575,610,36,36,f3f539ce560edd6fa936f81caf3edd6018164ee2,prod,Python,MEDIUM
27de0cc99cd4a194463e243067543efc8e1d99c0,method,set,"async def set(self, key, value, tier, ttl_override)",backend/app/core/cache_enhanced.py,612,650,39,39,f3f539ce560edd6fa936f81caf3edd6018164ee2,prod,Python,MEDIUM
70ed789e6c476da2f425c77195dae4d985d29610,method,delete,"async def delete(self, key)",backend/app/core/cache_enhanced.py,652,666,15,15,f3f539ce560edd6fa936f81caf3edd6018164ee2,prod,Python,MEDIUM
5db330f458ec2468a760544859759fa91012ceb1,method,invalidate_pattern,"async def invalidate_pattern(self, pattern)",backend/app/core/cache_enhanced.py,668,702,35,35,f3f539ce560edd6fa936f81caf3edd6018164ee2,prod,Python,MEDIUM
c6d8f0bc40aa42882a61aac5aec7eeeda72a7863,method,invalidate_project,"async def invalidate_project(self, project_id)",backend/app/core/cache_enhanced.py,704,716,13,13,f3f539ce560edd6fa936f81caf3edd6018164ee2,prod,Python,MEDIUM
bf0faf8019ead5d9edb8d1cb102fe576f77720a4,method,invalidate_sprint,"async def invalidate_sprint(self, sprint_id)",backend/app/core/cache_enhanced.py,718,721,4,4,f3f539ce560edd6fa936f81caf3edd6018164ee2,prod,Python,MEDIUM
387db5e42e370894b9e63ec3c825f43c9276c926,method,_cleanup_memory_cache,"def _cleanup_memory_cache(self, count)",backend/app/core/cache_enhanced.py,723,735,13,13,f3f539ce560edd6fa936f81caf3edd6018164ee2,prod,Python,MEDIUM
5f9dc845f14a40e47c1b76a1aa2c17ec702f393d,method,close,async def close(self),backend/app/core/cache_enhanced.py,737,741,5,5,f3f539ce560edd6fa936f81caf3edd6018164ee2,prod,Python,MEDIUM
752b0a12411dcc1bb7f42d6494b6c2e45edcc8e3,function,_get_sync_cache_lock,def _get_sync_cache_lock(),backend/app/core/cache_enhanced.py,753,759,7,7,,prod,Python,MEDIUM
54da219f0533c17fe10cbef7eb3c0da6093d2087,function,sync_cache_get,def sync_cache_get(key),backend/app/core/cache_enhanced.py,762,783,22,22,,prod,Python,MEDIUM
f8777eaf41b3093e8f7ed2bee327e3687cedb545,function,sync_cache_set,"def sync_cache_set(key, value, tier)",backend/app/core/cache_enhanced.py,786,800,15,15,,prod,Python,MEDIUM
6534b3bf14e81b690a9f71936c05e64c7c696112,function,_sync_cache_cleanup,def _sync_cache_cleanup(count),backend/app/core/cache_enhanced.py,803,815,13,13,,prod,Python,MEDIUM
9aafd0debd5c6474f0509e387e923f783bd7fd17,function,sync_cache_invalidate_jira,def sync_cache_invalidate_jira(),backend/app/core/cache_enhanced.py,818,827,10,10,,prod,Python,MEDIUM
0a98ba31ba40aec906eed3d7452102dc4430865b,function,sync_cached_jira,"def sync_cached_jira(key_func, tier)",backend/app/core/cache_enhanced.py,830,877,48,48,,prod,Python,MEDIUM
041c09519b817779d9ff6a748781ef3e0f984b3c,function,decorator,def decorator(func),backend/app/core/cache_enhanced.py,852,876,25,25,,prod,Python,MEDIUM
5d07fd1389414f7e124f23ed927646e54bfe4c31,function,wrapper,"def wrapper(*args, **kwargs)",backend/app/core/cache_enhanced.py,854,874,21,21,,prod,Python,MEDIUM
6d4e62a045ca097af55d606892524745a31c33d2,function,cached_endpoint,"def cached_endpoint(key_builder, tier, cache_service)",backend/app/core/cache_enhanced.py,884,936,53,53,,prod,Python,MEDIUM
a6a4ebefa290704e0934f74ef1e1a69929b6fd5e,function,decorator,def decorator(func),backend/app/core/cache_enhanced.py,901,935,35,35,,prod,Python,MEDIUM
e43aef7715400ed2ba28a0721f4e94b01a085a5e,function,wrapper,"async def wrapper(*args, **kwargs)",backend/app/core/cache_enhanced.py,903,933,31,31,,prod,Python,MEDIUM
4657d5afe4c834675360b7c432f0e58da2524a0c,constructor,__init__,"def __init__(self, cache_service)",backend/app/core/cache_enhanced.py,950,951,2,2,6c2dc54bcb126cec8631f82428de8e50f71d4551,prod,Python,MEDIUM
d04d399e5812b9185a12b78a3c9e05d2d1112823,method,warm_project_analytics,"async def warm_project_analytics(self, project_id, db_session)",backend/app/core/cache_enhanced.py,953,969,17,17,6c2dc54bcb126cec8631f82428de8e50f71d4551,prod,Python,MEDIUM
c86b21abfabd1f5e14a55b44e1a1f5d8a179f97c,method,_warm_velocity,"async def _warm_velocity(self, project_id, db_session)",backend/app/core/cache_enhanced.py,971,980,10,10,6c2dc54bcb126cec8631f82428de8e50f71d4551,prod,Python,MEDIUM
c2f9fca6b4ce3e2c1dcf457e99a0e33edb7d5735,method,_warm_team_health,"async def _warm_team_health(self, project_id, db_session)",backend/app/core/cache_enhanced.py,982,990,9,9,6c2dc54bcb126cec8631f82428de8e50f71d4551,prod,Python,MEDIUM
841e39acce0715c36db09089d299b8c3e834c39d,function,get_enhanced_cache_service,def get_enhanced_cache_service(),backend/app/core/cache_enhanced.py,1001,1010,10,10,,prod,Python,MEDIUM
cc9e9ebbe5f8147644625b1235374d45bf42b88b,method,on_task_update,"async def on_task_update(project_id, sprint_id)",backend/app/core/cache_enhanced.py,1029,1036,8,8,b43e2cff8005d1f4478609470f1309ca94dfd66c,prod,Python,MEDIUM
661ad3f3c8eb3b1e882dc846fb657b82a1fe98ae,method,on_sprint_update,"async def on_sprint_update(project_id, sprint_id)",backend/app/core/cache_enhanced.py,1039,1043,5,5,b43e2cff8005d1f4478609470f1309ca94dfd66c,prod,Python,MEDIUM
bf25d49098b3393f40205ea65014ec5d422c7f6d,method,on_artifact_link_change,async def on_artifact_link_change(project_id),backend/app/core/cache_enhanced.py,1046,1054,9,9,b43e2cff8005d1f4478609470f1309ca94dfd66c,prod,Python,MEDIUM
4a8d1880c58af98a2150a00927204a05824b104e,method,on_jira_sync,async def on_jira_sync(project_id),backend/app/core/cache_enhanced.py,1057,1060,4,4,b43e2cff8005d1f4478609470f1309ca94dfd66c,prod,Python,MEDIUM
6057d5dbdf9ad060a0802771e571a7726c3544c6,method,on_quality_data_change,async def on_quality_data_change(project_id),backend/app/core/cache_enhanced.py,1063,1072,10,10,b43e2cff8005d1f4478609470f1309ca94dfd66c,prod,Python,MEDIUM
72a427f44520a5986cab6a7bf5e9c40889682d51,function,set_sqlite_pragma,"def set_sqlite_pragma(dbapi_conn, connection_record)",backend/app/core/database.py,48,61,14,14,,prod,Python,MEDIUM
55ba3ddf407d1b726694c33326e6cbe935d5e6d0,function,get_db,async def get_db(),backend/app/core/database.py,72,77,6,6,,prod,Python,MEDIUM
493697fc63ddfd4efe4bc2b4cb6283b7636a788e,function,_get_sync_url,def _get_sync_url(),backend/app/core/database.py,81,89,9,9,,prod,Python,MEDIUM
705547eb700a4724cef2a65cb153424f3a11fad9,function,get_sync_db,def get_sync_db(),backend/app/core/database.py,134,140,7,7,,prod,Python,MEDIUM
8e73c712a64d65b723fc6243a83828d4797f1e26,function,get_dialect_name,def get_dialect_name(session),backend/app/core/db_utils.py,6,24,19,19,,prod,Python,MEDIUM
e998d222ac83ebeab5c73e9a83dd8ff0308748ad,function,supports_for_update,def supports_for_update(session),backend/app/core/db_utils.py,27,33,7,7,,prod,Python,MEDIUM
0b591a8105d101997f91ab92c36dc65b82fd0d31,constructor,__init__,def __init__(self),backend/app/core/metrics.py,10,14,5,5,ae269b3b11b49ba06397e3eaea762edd36be7057,prod,Python,MEDIUM
845084dc778c66a9d2b4f4824188c633b5213b28,method,_key,"def _key(self, name, labels)",backend/app/core/metrics.py,16,18,3,3,ae269b3b11b49ba06397e3eaea762edd36be7057,prod,Python,MEDIUM
181163307e39297bdda90d39e2fa6721a13cd3ce,method,inc,"def inc(self, name, value, labels)",backend/app/core/metrics.py,20,22,3,3,ae269b3b11b49ba06397e3eaea762edd36be7057,prod,Python,MEDIUM
fd21f47ad7f99018e9e1d155de9dfb8ea9380748,method,set_gauge,"def set_gauge(self, name, value, labels)",backend/app/core/metrics.py,24,26,3,3,ae269b3b11b49ba06397e3eaea762edd36be7057,prod,Python,MEDIUM
ee2370ef9a0655137784f07b89703f2dd06f9461,method,observe,"def observe(self, name, value, labels)",backend/app/core/metrics.py,28,30,3,3,ae269b3b11b49ba06397e3eaea762edd36be7057,prod,Python,MEDIUM
34ba99d478b7f00781697c55546ecbd5959ad254,method,export_prometheus,def export_prometheus(self),backend/app/core/metrics.py,32,47,16,16,ae269b3b11b49ba06397e3eaea762edd36be7057,prod,Python,MEDIUM
fe25432111e386a8cdb9568c5b244a814d9d6cf1,constructor,__init__,"def __init__(self, error, description)",backend/app/core/mfa.py,36,39,4,4,2c564b8847c3b266a48ecc6a8a026aa757ea9081,prod,Python,MEDIUM
5db3090ec80da055b2ce3f8370b0db00eb84588d,function,generate_totp_secret,def generate_totp_secret(),backend/app/core/mfa.py,51,53,3,3,,prod,Python,MEDIUM
6c26844e797da4106c630cefc8466f8f8a0d802f,function,generate_backup_codes,def generate_backup_codes(count),backend/app/core/mfa.py,56,70,15,15,,prod,Python,MEDIUM
3a71258bc1d47304621d4a3b670f662386e6b0d8,function,get_provisioning_uri,"def get_provisioning_uri(secret, email, issuer)",backend/app/core/mfa.py,73,91,19,19,,prod,Python,MEDIUM
b575d3657887e419f2eefb4e11004783004327ea,function,generate_qr_code_base64,def generate_qr_code_base64(provisioning_uri),backend/app/core/mfa.py,94,122,29,29,,prod,Python,MEDIUM
6b723f4b23a2a75097ea1890cd53571e33028e25,function,setup_mfa,def setup_mfa(email),backend/app/core/mfa.py,125,145,21,21,,prod,Python,MEDIUM
8dc283c2e0a7ffdacbcaa425759e39437d4a4f7f,function,verify_totp,"def verify_totp(secret, code)",backend/app/core/mfa.py,148,171,24,24,,prod,Python,MEDIUM
65a15a4e589ba3e6cf66708b49195774b8c1568a,function,verify_backup_code,"def verify_backup_code(code, stored_codes)",backend/app/core/mfa.py,174,199,26,26,,prod,Python,MEDIUM
5b2c1eab481821f4ca9275cf44cf2bd0139370e1,function,hash_backup_codes,def hash_backup_codes(codes),backend/app/core/mfa.py,202,217,16,16,,prod,Python,MEDIUM
ce6f3fd918e1fc72f725a109c8219ce307b9b175,function,get_current_totp,def get_current_totp(secret),backend/app/core/mfa.py,220,231,12,12,,prod,Python,MEDIUM
59018de02c338f79c9c7c225dbe13e06c4d50075,function,remaining_time_in_period,def remaining_time_in_period(),backend/app/core/mfa.py,234,242,9,9,,prod,Python,MEDIUM
bb3866ba93566041dc7a22f35cfd1dfb49623912,constructor,__init__,"def __init__(self, app)",backend/app/core/middleware.py,19,20,2,2,1ac36ccee6c43be67feb1b59b7977460e51b0807,prod,Python,MEDIUM
cda97fca537ec1f1e9e69d1d59fb1d4dd57e61d9,method,__call__,"async def __call__(self, scope, receive, send)",backend/app/core/middleware.py,22,31,10,10,1ac36ccee6c43be67feb1b59b7977460e51b0807,prod,Python,MEDIUM
2d917c344ff2d42cd0caf984efa9bbd03c7d945f,constructor,__init__,"def __init__(self, app)",backend/app/core/middleware.py,35,36,2,2,90ad7bbf213cce3921cff82d263da6c3ab02bf89,prod,Python,MEDIUM
5c9fd929b31f016923f62f5c39bd9fd57e0ab0c1,method,__call__,"async def __call__(self, scope, receive, send)",backend/app/core/middleware.py,38,66,29,29,90ad7bbf213cce3921cff82d263da6c3ab02bf89,prod,Python,MEDIUM
7d9efbdca8257d5795c7edca2c6309ac5a7ccf3f,function,_send,async def _send(message),backend/app/core/middleware.py,48,52,5,5,,prod,Python,MEDIUM
c1caca54eadd5229149024e536efc4d3d8f34737,function,register_middlewares,def register_middlewares(app),backend/app/core/middleware.py,69,75,7,7,,prod,Python,MEDIUM
a63bf44dbf52238ea0111ba733b9331c7e1c2396,constructor,__init__,def __init__(self),backend/app/core/notifications.py,9,11,3,3,3ee07efab090a4e9a1fb11f88aa338b69e6e6bad,prod,Python,MEDIUM
a90e0e06a6569b7513895428afedfafe7827d135,method,add,"async def add(self, ws)",backend/app/core/notifications.py,13,15,3,3,3ee07efab090a4e9a1fb11f88aa338b69e6e6bad,prod,Python,MEDIUM
bb73e0746bf5db0768d3975392ef19f002de43c7,method,remove,"async def remove(self, ws)",backend/app/core/notifications.py,17,19,3,3,3ee07efab090a4e9a1fb11f88aa338b69e6e6bad,prod,Python,MEDIUM
9fe53eab512a67e66536d06da79dfbeeb899796e,method,broadcast_json,"async def broadcast_json(self, message)",backend/app/core/notifications.py,21,32,12,12,3ee07efab090a4e9a1fb11f88aa338b69e6e6bad,prod,Python,MEDIUM
d047613b0140a9609206e386b25bc90c9c096374,constructor,__init__,"def __init__(self, error, description)",backend/app/core/oauth.py,24,27,4,4,96651f9e2a8c9f2ed38ac94d15e134c5ce3609ec,prod,Python,MEDIUM
a60317d185c6b1834c52919d316125e8ccc15f27,constructor,__init__,"def __init__(self, client_id, client_secret, redirect_uri)",backend/app/core/oauth.py,48,56,9,9,8b849e02d5c7a74e20da58c21c1e0c2eddf08585,prod,Python,MEDIUM
0eb76306c3f1b39b38f60b48f34177b553b282a7,method,is_configured,def is_configured(self),backend/app/core/oauth.py,59,61,3,3,8b849e02d5c7a74e20da58c21c1e0c2eddf08585,prod,Python,MEDIUM
65a67b56fb40a9595142e60c8bb6d715ecdef21b,method,get_authorization_url,"def get_authorization_url(self, state)",backend/app/core/oauth.py,63,89,27,27,8b849e02d5c7a74e20da58c21c1e0c2eddf08585,prod,Python,MEDIUM
a141119295eefc10bb36eb1f6a64745143b0d499,method,exchange_code,"async def exchange_code(self, code)",backend/app/core/oauth.py,91,123,33,33,8b849e02d5c7a74e20da58c21c1e0c2eddf08585,prod,Python,MEDIUM
1bebd171340b651c0012622c7ece7af10f7f8ea2,method,get_user_info,"async def get_user_info(self, access_token)",backend/app/core/oauth.py,125,153,29,29,8b849e02d5c7a74e20da58c21c1e0c2eddf08585,prod,Python,MEDIUM
95845755f2987adb69899e9348e8f10148524efa,constructor,__init__,"def __init__(self, client_id, client_secret, redirect_uri, tenant_id)",backend/app/core/oauth.py,159,169,11,11,7ddbd4388df4e6b09782a8a94a66d26ac155b639,prod,Python,MEDIUM
5f5c13494262b637fefc80c04319dc02dcae3ee4,method,authorization_url,def authorization_url(self),backend/app/core/oauth.py,172,173,2,2,7ddbd4388df4e6b09782a8a94a66d26ac155b639,prod,Python,MEDIUM
21ba60786c9fafc190eb01a8c9eddf38a51235ac,method,token_url,def token_url(self),backend/app/core/oauth.py,176,177,2,2,7ddbd4388df4e6b09782a8a94a66d26ac155b639,prod,Python,MEDIUM
408ba639b87be5a633571f26dbabddf852509403,method,is_configured,def is_configured(self),backend/app/core/oauth.py,180,182,3,3,7ddbd4388df4e6b09782a8a94a66d26ac155b639,prod,Python,MEDIUM
49e3f6b0d7d49eb5d5296a1920147949a10750fd,method,get_authorization_url,"def get_authorization_url(self, state)",backend/app/core/oauth.py,184,209,26,26,7ddbd4388df4e6b09782a8a94a66d26ac155b639,prod,Python,MEDIUM
7e2e3c57a5330ce99510ae05ef51e37129bde8bf,method,exchange_code,"async def exchange_code(self, code)",backend/app/core/oauth.py,211,244,34,34,7ddbd4388df4e6b09782a8a94a66d26ac155b639,prod,Python,MEDIUM
488a6a647bfa8cab5d526787a91ca67a94d0d04f,method,get_user_info,"async def get_user_info(self, access_token)",backend/app/core/oauth.py,246,277,32,32,7ddbd4388df4e6b09782a8a94a66d26ac155b639,prod,Python,MEDIUM
a06218bdbca9c8e00899318ab4fb344717d490c9,function,get_oauth_providers,def get_oauth_providers(),backend/app/core/oauth.py,285,290,6,6,,prod,Python,MEDIUM
d2bb925c0f56c0562824b9eaf7deeb80f1136123,function,is_email_allowed,def is_email_allowed(email),backend/app/core/oauth.py,293,307,15,15,,prod,Python,MEDIUM
c232f0a5bb4c1fa3be7f46e10a6204f4113746fc,function,set_query_context,def set_query_context(endpoint),backend/app/core/query_metrics.py,37,45,9,9,,prod,Python,MEDIUM
aecc8d6b42989b5be60594041511f328820a7016,function,get_query_context,def get_query_context(),backend/app/core/query_metrics.py,48,50,3,3,,prod,Python,MEDIUM
a35476fd932cf88c505408ac7fb66accd7093dd0,function,_normalize_endpoint,def _normalize_endpoint(path),backend/app/core/query_metrics.py,53,80,28,28,,prod,Python,MEDIUM
3b442bd4513205c1b44581b2fd2928ab0d8a07c6,function,_before_cursor_execute,"def _before_cursor_execute(conn, cursor, statement, parameters, context, executemany)",backend/app/core/query_metrics.py,83,97,15,15,,prod,Python,MEDIUM
cc93f2294a3390c2717c35e07378a201494688ff,function,_after_cursor_execute,"def _after_cursor_execute(conn, cursor, statement, parameters, context, executemany)",backend/app/core/query_metrics.py,100,145,46,46,,prod,Python,MEDIUM
4d9cc8916d597212a01490a3c557ec44f8d9e0fe,function,_handle_error,def _handle_error(exception_context),backend/app/core/query_metrics.py,148,164,17,17,,prod,Python,MEDIUM
e05160cd906ad231835bacbb409efeee21ffde29,function,register_query_events,def register_query_events(engine),backend/app/core/query_metrics.py,167,186,20,20,,prod,Python,MEDIUM
61c8f15f0cbf58cfb13f526f0744a9cbee2272aa,function,get_query_stats,def get_query_stats(),backend/app/core/query_metrics.py,189,199,11,11,,prod,Python,MEDIUM
67c588e937f61241f46e5b5c504e78a42eb063f1,constructor,__init__,"def __init__(self, max_per_minute)",backend/app/core/rate_limiter.py,15,17,3,3,8de697544e5b89f14b38ca27f1b49dffe8b74ed6,prod,Python,MEDIUM
78412c6c563309853cbcf5c22ffab40818aa16d9,method,check_rate,"def check_rate(self, source)",backend/app/core/rate_limiter.py,19,29,11,11,8de697544e5b89f14b38ca27f1b49dffe8b74ed6,prod,Python,MEDIUM
60465727eeaf321ac9e27eb7335c1fc647f66e67,constructor,__init__,"def __init__(self, failure_threshold, base_backoff_seconds, max_backoff_seconds)",backend/app/core/rate_limiter.py,48,57,10,10,f0f7996fa61918ba664d2e4f83475fee9922f84e,prod,Python,MEDIUM
44e2ffb291fe67d92d08423daa2487053cf57112,method,_state,"def _state(self, source)",backend/app/core/rate_limiter.py,59,60,2,2,f0f7996fa61918ba664d2e4f83475fee9922f84e,prod,Python,MEDIUM
2ca292048cf7f7f6be3073a05725c9ecf6531a0a,method,allow,"def allow(self, source)",backend/app/core/rate_limiter.py,62,67,6,6,f0f7996fa61918ba664d2e4f83475fee9922f84e,prod,Python,MEDIUM
aeea90d7f2ea15ce774ccc03808791a1f0a86c9a,method,on_success,"def on_success(self, source)",backend/app/core/rate_limiter.py,69,74,6,6,f0f7996fa61918ba664d2e4f83475fee9922f84e,prod,Python,MEDIUM
a9cd7f4cfa4f7f2f57dc532e30c7b5f7ceb80596,method,on_failure,"def on_failure(self, source)",backend/app/core/rate_limiter.py,76,86,11,11,f0f7996fa61918ba664d2e4f83475fee9922f84e,prod,Python,MEDIUM
5e873409b82c68b31bfaac463a3624e1b54a1c9c,method,call,"def call(self, source)",backend/app/core/rate_limiter.py,88,109,22,22,f0f7996fa61918ba664d2e4f83475fee9922f84e,prod,Python,MEDIUM
f9474ad5f7e5704b780d87fb0ac7e550561f71f7,function,decorator,def decorator(func),backend/app/core/rate_limiter.py,94,107,14,14,,prod,Python,MEDIUM
07273a73080bc3b1dd4c13356fdd08ebec257bfa,function,wrapper,"def wrapper(*args, **kwargs)",backend/app/core/rate_limiter.py,95,105,11,11,,prod,Python,MEDIUM
7f655996d9d9e2129a8053a49dc2685f0f701f9a,function,verify_password,"def verify_password(plain_password, hashed_password)",backend/app/core/security.py,14,18,5,5,,prod,Python,MEDIUM
7f58762c1799294c508e90b0eb3bc25a42af2be0,function,get_password_hash,def get_password_hash(password),backend/app/core/security.py,21,22,2,2,,prod,Python,MEDIUM
e4ac2dd47ef7674961d9c2f3774a4912feea7be5,function,create_access_token,"def create_access_token(data, expires_delta)",backend/app/core/security.py,25,33,9,9,,prod,Python,MEDIUM
69089fbc63be32c2d80249b8bac32eafc0363a2b,function,decode_token,def decode_token(token),backend/app/core/security.py,36,45,10,10,,prod,Python,MEDIUM
8d7c6c8d89f0a0209b9f6f2022880ae197571973,function,_setup_sentry,def _setup_sentry(),backend/app/main.py,37,59,23,23,,prod,Python,MEDIUM
e44cc1d50798a7a423cc9551919ffce0094d35e0,function,root,async def root(),backend/app/main.py,90,95,6,6,,prod,Python,MEDIUM
45b52729a50670ecc5e51524ce513abfad282f85,function,health_check,async def health_check(),backend/app/main.py,99,100,2,2,,prod,Python,MEDIUM
203e84f1957acf02318927687c400f4cbeeb0fb0,function,_ensure_sqlite_columns,async def _ensure_sqlite_columns(),backend/app/main.py,103,139,37,37,,prod,Python,MEDIUM
ee3e8394f0c80097ac51b4d544bf484a5e07d39f,function,ensure_columns,"async def ensure_columns(table, columns)",backend/app/main.py,108,113,6,6,,prod,Python,MEDIUM
951494746b344e302bf3f47bd5053b3d914aba8f,function,_ensure_tables,async def _ensure_tables(),backend/app/main.py,143,206,64,64,,prod,Python,MEDIUM
246614487eb362910aa3ec95e4efd073fb4a3b5a,function,auto_connect_with_timeout,async def auto_connect_with_timeout(),backend/app/main.py,162,199,38,38,,prod,Python,MEDIUM
f1aaf23f64f04b0cc4d4fe0b52765c3990d37ea8,method,effective_capacity,def effective_capacity(self),backend/app/models/capacity.py,45,47,3,3,f20b913ec89ead119845715b5b465a4cf3b3459f,prod,Python,MEDIUM
e4a3ec861dd302e4c0a3bc9495e1586346e62100,method,__repr__,def __repr__(self),backend/app/models/capacity.py,49,50,2,2,f20b913ec89ead119845715b5b465a4cf3b3459f,prod,Python,MEDIUM
d898c7d5a698cc7890bdeb6990b8f29d1fc6fdf7,method,__repr__,def __repr__(self),backend/app/models/capacity.py,94,95,2,2,34a70a930cf07f05368dac0d93879aa4b0f3028e,prod,Python,MEDIUM
88e5ea0db7fffb113efedad694e2638f911631d1,method,__repr__,def __repr__(self),backend/app/models/capacity.py,134,135,2,2,f0887cf48d83392f1e219db8eb33c0c68ac88586,prod,Python,MEDIUM
5062f76cfd085e9dccdd69e19d13b0ccded8a7e3,method,permissions,def permissions(self),backend/app/models/rbac.py,73,84,12,12,ac2b81b4f59c01e4ecd516c77f41c2d17bceaf9e,prod,Python,MEDIUM
234c308ee899d828b2b75e6912861c52a6f301c2,method,permissions,"def permissions(self, value)",backend/app/models/rbac.py,87,90,4,4,ac2b81b4f59c01e4ecd516c77f41c2d17bceaf9e,prod,Python,MEDIUM
8d5780bd04a357cc1cbc8edc0f7de976a6d686e0,method,has_permission,"def has_permission(self, permission)",backend/app/models/rbac.py,92,94,3,3,ac2b81b4f59c01e4ecd516c77f41c2d17bceaf9e,prod,Python,MEDIUM
e9726ddee14e53838497291579f6b4a1b5cc46d7,method,__repr__,def __repr__(self),backend/app/models/rbac.py,96,97,2,2,ac2b81b4f59c01e4ecd516c77f41c2d17bceaf9e,prod,Python,MEDIUM
036aecf6c308d5d7228febef2e44b2a50ec8a7bb,method,__repr__,def __repr__(self),backend/app/models/traceability_rule.py,51,52,2,2,8f0da5f6b8cb59fc95903962295880501d0971e0,prod,Python,MEDIUM
7d258acea18ab8aada9a0d8d7d4727829e29e751,method,__repr__,def __repr__(self),backend/app/models/traceability_rule.py,84,85,2,2,d8524059058fb346b0494a25080aec39f48082f0,prod,Python,MEDIUM
26d8ce0203f3093fa14e66f9b75beca806744988,method,has_permission,"def has_permission(self, permission)",backend/app/models/user.py,37,56,20,20,e45513b6147b75b6ab9ddf61410a1211c86b2581,prod,Python,MEDIUM
ef938c8a3a9fdf6544ae172e4add084b30933c76,method,has_role,"def has_role(self, role_name)",backend/app/models/user.py,58,68,11,11,e45513b6147b75b6ab9ddf61410a1211c86b2581,prod,Python,MEDIUM
cc431f19eac7b378821bd4ceb9fc35db055ea688,method,is_oauth_user,def is_oauth_user(self),backend/app/models/user.py,71,73,3,3,e45513b6147b75b6ab9ddf61410a1211c86b2581,prod,Python,MEDIUM
a61405107b38564970d1f12757d8df5edca3670d,method,can_set_password,def can_set_password(self),backend/app/models/user.py,76,78,3,3,e45513b6147b75b6ab9ddf61410a1211c86b2581,prod,Python,MEDIUM
fe474e21dfb3181162b14beeb91c0d97cc7ef07e,method,has_password,def has_password(self),backend/app/models/user.py,81,83,3,3,e45513b6147b75b6ab9ddf61410a1211c86b2581,prod,Python,MEDIUM
7db5fb75431b230faa9942951900e3146c0aa2ac,method,mfa_configured,def mfa_configured(self),backend/app/models/user.py,86,88,3,3,e45513b6147b75b6ab9ddf61410a1211c86b2581,prod,Python,MEDIUM
956cf38b97b5a0194b4a7e8607e8c6506a655ae0,method,remaining_backup_codes,def remaining_backup_codes(self),backend/app/models/user.py,91,95,5,5,e45513b6147b75b6ab9ddf61410a1211c86b2581,prod,Python,MEDIUM
4c5df94f5e6fe282a6d706af601e7d496f7f01f9,method,validate_focus_factor,"def validate_focus_factor(cls, v)",backend/app/schemas/capacity.py,25,29,5,5,5606b36d39c07940bbb88886abd62cd7e4719b47,prod,Python,MEDIUM
723c3397833697322a7d913cb1483d6d94876210,method,from_orm_with_effective,"def from_orm_with_effective(cls, obj)",backend/app/schemas/capacity.py,62,78,17,17,478edcb23efeb2e689e4761784845553cab145e6,prod,Python,MEDIUM
710737de46c5db42f38494dd6d237879e762cef8,method,page,def page(self),backend/app/schemas/pagination.py,42,44,3,3,e17807e7a450d665c6201cd86ec8cecd87cd4700,prod,Python,MEDIUM
00c5a23fcea1368697aeff85807d7939884ef2d3,method,decode_cursor,def decode_cursor(self),backend/app/schemas/pagination.py,67,76,10,10,c2730fe850860c50be49017f696d2995ff6bfac2,prod,Python,MEDIUM
df200b3a6e73e4d65463823c72d5f728a3e928d6,method,encode_cursor,"def encode_cursor(last_value, last_id)",backend/app/schemas/pagination.py,79,82,4,4,c2730fe850860c50be49017f696d2995ff6bfac2,prod,Python,MEDIUM
0f85665cad7b9998b608650948906de6d3c87597,method,from_offset,"def from_offset(cls, total, skip, limit)",backend/app/schemas/pagination.py,100,117,18,18,e5afc57ba75c6207723a3418c5bc54c5683f6387,prod,Python,MEDIUM
332459480454e53187628a99f22c53dbd4d0c6ac,function,paginate_with_count,"async def paginate_with_count(db, query, model, skip, limit, filters)",backend/app/schemas/pagination.py,167,206,40,40,,prod,Python,MEDIUM
0ea2a58d9d55ee21fc226217e29cf6dd4e852937,function,cursor_paginate,"async def cursor_paginate(db, query, model, params, id_column)",backend/app/schemas/pagination.py,209,289,81,81,,prod,Python,MEDIUM
8909597cc17997e6672783347a9997495218ac40,function,paginated_response,"def paginated_response(data, total, skip, limit)",backend/app/schemas/pagination.py,296,322,27,27,,prod,Python,MEDIUM
23d5b4020b71b16346eb23e63f29a2767f321aa1,function,cursor_response,"def cursor_response(data, meta)",backend/app/schemas/pagination.py,325,335,11,11,,prod,Python,MEDIUM
e25f42d60bb868af76401a703657d706f2c82ab6,function,build_pagination_links,"def build_pagination_links(base_url, skip, limit, total)",backend/app/schemas/pagination.py,342,373,32,32,,prod,Python,MEDIUM
586e227cd5bf5b013af1b886d29bd47e5b207cfd,function,format_link_header,def format_link_header(links),backend/app/schemas/pagination.py,376,386,11,11,,prod,Python,MEDIUM
3382a79aa1a2930dbfced4b395f3cafcf9b1a7fe,method,_ensure_list,def _ensure_list(value),backend/app/schemas/task.py,10,20,11,11,8bb8c996d471b954d7336670d1a567a133a1b88c,prod,Python,MEDIUM
153af563a4a775634fe850a90f50883902877ba9,method,_ensure_dict,def _ensure_dict(value),backend/app/schemas/task.py,23,29,7,7,8bb8c996d471b954d7336670d1a567a133a1b88c,prod,Python,MEDIUM
9b367b75d7069feada10bc70a66c798ddecc4600,method,_validate_lists,"def _validate_lists(cls, v)",backend/app/schemas/task.py,32,33,2,2,8bb8c996d471b954d7336670d1a567a133a1b88c,prod,Python,MEDIUM
0ed1ea9aac837039bcff85aa16acd507db46f67a,method,_validate_custom_fields,"def _validate_custom_fields(cls, v)",backend/app/schemas/task.py,36,37,2,2,8bb8c996d471b954d7336670d1a567a133a1b88c,prod,Python,MEDIUM
d29364bebd7ae26fbf2fc30bbc2f74876e15b915,method,from_db,"def from_db(cls, db_rule)",backend/app/schemas/traceability_rule.py,81,107,27,27,9827140511bb97e42d8edadaa3baab5faaffea86,prod,Python,MEDIUM
5799bd75c28e71f0ad51c3d4848de30f1a311cdf,function,normalize_status,def normalize_status(value),backend/app/services/analytics_utils.py,31,33,3,3,,prod,Python,MEDIUM
e96606bb1f5835acc07c4489dfd54002e7cc4dee,function,as_float,def as_float(value),backend/app/services/analytics_utils.py,36,41,6,6,,prod,Python,MEDIUM
2aa72b9d5d4cd379b0a547215a0af4b8c3ae7691,function,calculate_percentile,"def calculate_percentile(values, percentile)",backend/app/services/analytics_utils.py,44,66,23,23,,prod,Python,MEDIUM
ad19bcc941a973a0ab918149bfad10cc36f23153,function,fetch_sprint_meta,"async def fetch_sprint_meta(db, sprint_id)",backend/app/services/analytics_utils.py,69,95,27,27,,prod,Python,MEDIUM
ab10ae35a3ee6dbeb740fca1e7bd425d9ef6dcea,function,compute_team_health,def compute_team_health(tasks),backend/app/services/analytics_utils.py,98,169,72,72,,prod,Python,MEDIUM
2de20614743c34af515eeb080ff1894aae33afdd,function,calculate_dora_metrics,"def calculate_dora_metrics(deployments, incidents, window_days)",backend/app/services/analytics_utils.py,172,260,89,89,,prod,Python,MEDIUM
bf7f22dfb1087bc2b6bca12c7f0b736bb53838c2,function,compute_sprint_burndown,"async def compute_sprint_burndown(db, sprint_id)",backend/app/services/analytics_utils.py,263,316,54,54,,prod,Python,MEDIUM
10b0d73b7dd926ebb59528812c91454ecdd1b380,constructor,__init__,"def __init__(self, message, status_code)",backend/app/services/bitbucket_client.py,32,35,4,4,d1d45294abb9f23823b0f78f1a4f815437db61d8,prod,Python,MEDIUM
3e87feaf2b98550a19794601e8bfb033d1fcf1c4,function,detect_instance_type,def detect_instance_type(base_url),backend/app/services/bitbucket_client.py,53,58,6,6,,prod,Python,MEDIUM
0492d38ca189a5fff0a54272d211349df19fdfdb,function,get_api_base,"def get_api_base(base_url, instance_type)",backend/app/services/bitbucket_client.py,61,72,12,12,,prod,Python,MEDIUM
e3ed89845894c2efabf90daddbcb7f2e59ac2fb8,function,build_headers,def build_headers(auth),backend/app/services/bitbucket_client.py,75,98,24,24,,prod,Python,MEDIUM
8032d1f49656e81c7170f76d02610f5ba6c25310,function,test_connection,"async def test_connection(base_url, username, app_password, access_token, timeout)",backend/app/services/bitbucket_client.py,101,188,88,88,,prod,Python,MEDIUM
72cbcb371358a1b354c9d64c6f80a12f5f5f28b7,function,fetch_pull_requests,"async def fetch_pull_requests(base_url, workspace, repo_slug, username, app_password, access_token, state, per_page, timeout)",backend/app/services/bitbucket_client.py,191,280,90,90,,prod,Python,MEDIUM
4078925f2569f388e46d172c7df532b8eeb4cb67,function,fetch_commits,"async def fetch_commits(base_url, workspace, repo_slug, username, app_password, access_token, branch, per_page, timeout)",backend/app/services/bitbucket_client.py,283,353,71,71,,prod,Python,MEDIUM
d58569dae4a4cba169bdfbab970690999222d12f,function,fetch_branches,"async def fetch_branches(base_url, workspace, repo_slug, username, app_password, access_token, per_page, timeout)",backend/app/services/bitbucket_client.py,356,413,58,58,,prod,Python,MEDIUM
8603590da536832184f4ae0c3f0bd910c38f9d20,function,fetch_repositories,"async def fetch_repositories(base_url, workspace, username, app_password, access_token, per_page, timeout)",backend/app/services/bitbucket_client.py,416,472,57,57,,prod,Python,MEDIUM
b2407722671c24ab358f080b2c627fcb4a49cb22,function,_extract_error_message,def _extract_error_message(response),backend/app/services/bitbucket_client.py,475,495,21,21,,prod,Python,MEDIUM
452f5d4807b02270e211cd8a54fb917de3f665d9,constructor,__init__,def __init__(self),backend/app/services/cache_service.py,16,19,4,4,6ae93c90d410fe2bdcb13ecb53d03d434f179ed7,prod,Python,MEDIUM
bdf7e8a9951a328fa14ac61278c3b303106e1681,method,_init_redis,def _init_redis(self),backend/app/services/cache_service.py,21,41,21,21,6ae93c90d410fe2bdcb13ecb53d03d434f179ed7,prod,Python,MEDIUM
78643593755b04d3c3fd4c65d13e68e9313e9f6d,method,_make_key,"def _make_key(self, prefix, *args, **kwargs)",backend/app/services/cache_service.py,43,48,6,6,6ae93c90d410fe2bdcb13ecb53d03d434f179ed7,prod,Python,MEDIUM
08b628da0ecf07a1703b1236bb252372304ba515,method,get,"def get(self, key)",backend/app/services/cache_service.py,50,73,24,24,6ae93c90d410fe2bdcb13ecb53d03d434f179ed7,prod,Python,MEDIUM
1b8ee02ec93c337e647d6e0e837389452dbb5db2,method,set,"def set(self, key, value, ttl)",backend/app/services/cache_service.py,75,98,24,24,6ae93c90d410fe2bdcb13ecb53d03d434f179ed7,prod,Python,MEDIUM
71b98b53b2ed581b422b1d3256facbfe47d0a1d5,method,delete,"def delete(self, key)",backend/app/services/cache_service.py,100,116,17,17,6ae93c90d410fe2bdcb13ecb53d03d434f179ed7,prod,Python,MEDIUM
02eb49c2f2763a0ff51ee91fbfc7f7676d6fe4e4,method,clear_pattern,"def clear_pattern(self, pattern)",backend/app/services/cache_service.py,118,137,20,20,6ae93c90d410fe2bdcb13ecb53d03d434f179ed7,prod,Python,MEDIUM
8f9e0d767ea7b5e9bfbfe4085d2c088a1e5fdc3d,method,_cleanup_memory_cache,def _cleanup_memory_cache(self),backend/app/services/cache_service.py,139,150,12,12,6ae93c90d410fe2bdcb13ecb53d03d434f179ed7,prod,Python,MEDIUM
bb863f6c2c2f6d94e797eb123652e991e2c654ed,function,cached,"def cached(prefix, ttl)",backend/app/services/cache_service.py,157,202,46,46,,prod,Python,MEDIUM
cfbfb13e093c2d3cf0cff0bc96a565de345ea27f,function,decorator,def decorator(func),backend/app/services/cache_service.py,159,200,42,42,,prod,Python,MEDIUM
4510ef66a82adbe9a424a00a8fc8f1c2dee391d8,function,wrapper,"def wrapper(*args, **kwargs)",backend/app/services/cache_service.py,161,176,16,16,,prod,Python,MEDIUM
bc4d7ef7037910862e7c8410e4b85f5c6ebfb893,function,async_wrapper,"async def async_wrapper(*args, **kwargs)",backend/app/services/cache_service.py,179,194,16,16,,prod,Python,MEDIUM
0a6de6bf1eb9bb0471372f94590b1aa79028b3ba,method,calculate_total,def calculate_total(self),backend/app/services/confidence_scoring.py,42,52,11,11,43c2c5946e76265f607d78c2fe4998ee7f62538a,prod,Python,MEDIUM
d804d6f0092f52a88369cedcfdceb42d89c2496a,method,to_dict,def to_dict(self),backend/app/services/confidence_scoring.py,54,65,12,12,43c2c5946e76265f607d78c2fe4998ee7f62538a,prod,Python,MEDIUM
56c99cd976651137b128ddba2f066088961675fc,method,calculate_confidence,"def calculate_confidence(self, from_artifact, to_artifact, link_type, context)",backend/app/services/confidence_scoring.py,86,136,51,51,353cd5d1a066b0db1932478b8fcb1630372d3a2a,prod,Python,MEDIUM
d27edc421bc1b022589759068d08c2889704dfbd,method,_calculate_text_similarity,"def _calculate_text_similarity(self, from_artifact, to_artifact)",backend/app/services/confidence_scoring.py,138,165,28,28,353cd5d1a066b0db1932478b8fcb1630372d3a2a,prod,Python,MEDIUM
b4f02cb476aef13f71a63607d084eeac47a5be38,method,_calculate_temporal_proximity,"def _calculate_temporal_proximity(self, from_artifact, to_artifact)",backend/app/services/confidence_scoring.py,167,191,25,25,353cd5d1a066b0db1932478b8fcb1630372d3a2a,prod,Python,MEDIUM
20e34472ac0879b727100d295584ad4e457e914c,method,_calculate_author_match,"def _calculate_author_match(self, from_artifact, to_artifact)",backend/app/services/confidence_scoring.py,193,219,27,27,353cd5d1a066b0db1932478b8fcb1630372d3a2a,prod,Python,MEDIUM
b1a3b4c78f2ab8208b56200b2cee3c733e97bde1,method,_calculate_explicit_reference,"def _calculate_explicit_reference(self, from_artifact, to_artifact, context)",backend/app/services/confidence_scoring.py,221,257,37,37,353cd5d1a066b0db1932478b8fcb1630372d3a2a,prod,Python,MEDIUM
ba7e5de91a2c52c24c14adc06f4f2dc8bfa36121,method,_calculate_path_similarity,"def _calculate_path_similarity(self, from_artifact, to_artifact)",backend/app/services/confidence_scoring.py,259,301,43,43,353cd5d1a066b0db1932478b8fcb1630372d3a2a,prod,Python,MEDIUM
27177293a0ca3e33822438ca41bdd590700f1d5b,method,_calculate_context_match,"def _calculate_context_match(self, from_artifact, to_artifact, link_type)",backend/app/services/confidence_scoring.py,303,337,35,35,353cd5d1a066b0db1932478b8fcb1630372d3a2a,prod,Python,MEDIUM
9d3e3920682707946bfb07c9eafa351e0b876ee2,method,_get_link_type_modifier,"def _get_link_type_modifier(self, link_type)",backend/app/services/confidence_scoring.py,339,349,11,11,353cd5d1a066b0db1932478b8fcb1630372d3a2a,prod,Python,MEDIUM
125c6dadbfbba95e0e4cd40f960c1c52190b7d52,method,_get_artifact_text,"def _get_artifact_text(self, artifact)",backend/app/services/confidence_scoring.py,351,371,21,21,353cd5d1a066b0db1932478b8fcb1630372d3a2a,prod,Python,MEDIUM
e46e2332167ee3b42276c0071a336768751e55c5,method,_get_timestamp,"def _get_timestamp(self, artifact)",backend/app/services/confidence_scoring.py,373,395,23,23,353cd5d1a066b0db1932478b8fcb1630372d3a2a,prod,Python,MEDIUM
dfe712662949f71711afc323d9f08b6145a32924,method,_get_author,"def _get_author(self, artifact)",backend/app/services/confidence_scoring.py,397,412,16,16,353cd5d1a066b0db1932478b8fcb1630372d3a2a,prod,Python,MEDIUM
b021783962fcd148fcd22b5d391fa162f278a29a,method,_tokenize,"def _tokenize(self, text)",backend/app/services/confidence_scoring.py,414,429,16,16,353cd5d1a066b0db1932478b8fcb1630372d3a2a,prod,Python,MEDIUM
6b578976e3d2178f08c1825d7761794a3175f2da,constructor,__init__,def __init__(self),backend/app/services/confluence_service.py,13,20,8,8,fd298bf4c4df59017ab42da88d9e583ee32f932d,prod,Python,MEDIUM
131b45afbbe91a0c308b2f2739c28401734c9e8e,method,_headers,def _headers(self),backend/app/services/confluence_service.py,22,26,5,5,fd298bf4c4df59017ab42da88d9e583ee32f932d,prod,Python,MEDIUM
61ad8f0917a0583cbbd2e51cbd54b4ffc900f96b,method,connect,"def connect(self, base_url, email, api_token, is_cloud)",backend/app/services/confluence_service.py,28,83,56,56,fd298bf4c4df59017ab42da88d9e583ee32f932d,prod,Python,MEDIUM
72c00209fcd7467b523a6a08d5e287b5e1aa94a6,method,_detect_instance_type,"def _detect_instance_type(self, base_url, email, api_token)",backend/app/services/confluence_service.py,85,136,52,52,fd298bf4c4df59017ab42da88d9e583ee32f932d,prod,Python,MEDIUM
ef9cae66afbafa018cca488f6c317ef90c627b09,method,_discover_base_url,def _discover_base_url(self),backend/app/services/confluence_service.py,138,161,24,24,fd298bf4c4df59017ab42da88d9e583ee32f932d,prod,Python,MEDIUM
b5ea967c525c32d4031d83254ecb19fbaa4825c3,method,status,def status(self),backend/app/services/confluence_service.py,163,176,14,14,fd298bf4c4df59017ab42da88d9e583ee32f932d,prod,Python,MEDIUM
fbd8e24974374826f56baccc8c3216a0595a9298,method,validate,def validate(self),backend/app/services/confluence_service.py,178,226,49,49,fd298bf4c4df59017ab42da88d9e583ee32f932d,prod,Python,MEDIUM
4cf25cef01f3a67ac7b356b12c5c661fff0fca3a,method,search_content,"def search_content(self, cql, limit, expand)",backend/app/services/confluence_service.py,228,242,15,15,fd298bf4c4df59017ab42da88d9e583ee32f932d,prod,Python,MEDIUM
15da952961dd3f78977249498e6da5a239a71cbf,method,get_page_by_id,"def get_page_by_id(self, page_id, expand)",backend/app/services/confluence_service.py,244,256,13,13,fd298bf4c4df59017ab42da88d9e583ee32f932d,prod,Python,MEDIUM
b903c4d06e36b79f20683085a322c83f86581f6a,method,extract_jira_keys_from_page,"def extract_jira_keys_from_page(self, page_content)",backend/app/services/confluence_service.py,267,318,52,52,fd298bf4c4df59017ab42da88d9e583ee32f932d,prod,Python,MEDIUM
e5cc81cc2b4efaa264360069039af8a4eafe13f0,method,list_spaces,"def list_spaces(self, q, limit)",backend/app/services/confluence_service.py,320,369,50,50,fd298bf4c4df59017ab42da88d9e583ee32f932d,prod,Python,MEDIUM
5c2b59a196034a85ef6f82329939bd8cf98074b0,method,list_pages,"def list_pages(self, space, q, limit, expand, start)",backend/app/services/confluence_service.py,371,480,110,110,fd298bf4c4df59017ab42da88d9e583ee32f932d,prod,Python,MEDIUM
73667cb8df37896fb637c3ae547e14ba941ce270,function,_cql_escape,def _cql_escape(s),backend/app/services/confluence_service.py,381,382,2,2,,prod,Python,MEDIUM
23a7e0a01e3ea31a1386ddf3eb4e52ff3110debf,method,list_space_tree,"def list_space_tree(self, space, page_limit, max_pages)",backend/app/services/confluence_service.py,482,540,59,59,fd298bf4c4df59017ab42da88d9e583ee32f932d,prod,Python,MEDIUM
5a7954a6e1fa968ee1cf2b2cde1de6f02432f1a4,function,sort_tree,def sort_tree(n),backend/app/services/confluence_service.py,534,537,4,4,,prod,Python,MEDIUM
13151290a381b17ef1b3976f42ffdd46f8801c55,method,list_children,"def list_children(self, page_id, limit, start)",backend/app/services/confluence_service.py,542,562,21,21,fd298bf4c4df59017ab42da88d9e583ee32f932d,prod,Python,MEDIUM
8b8dfe08c56ec5e06aafd52367056a5afb0c3099,method,iter_subtree,"def iter_subtree(self, root_id, limit)",backend/app/services/confluence_service.py,564,580,17,17,fd298bf4c4df59017ab42da88d9e583ee32f932d,prod,Python,MEDIUM
9b99032548d876903e1d252ba4512d8c0c03c358,function,parse_jira_keys_from_text,def parse_jira_keys_from_text(text),backend/app/services/git/webhook_processor.py,29,33,5,5,,prod,Python,MEDIUM
6ec63b2c872d914e016ee3bef1a4b66254f8bf57,function,parse_iso_datetime,def parse_iso_datetime(dt_val),backend/app/services/git/webhook_processor.py,36,50,15,15,,prod,Python,MEDIUM
b5d4efbfcc645a34afdc46ad7231eb47e5a201a3,function,get_or_create_repository,"async def get_or_create_repository(db, provider, slug, default_branch)",backend/app/services/git/webhook_processor.py,53,93,41,41,,prod,Python,MEDIUM
c1aeba27b6e2d92bc5f39939239e69e2a0dbf2f4,function,merge_artifact_meta,"async def merge_artifact_meta(artifact, extra)",backend/app/services/git/webhook_processor.py,96,102,7,7,,prod,Python,MEDIUM
8ce3d3363bcfbb2fe2bb9a6b91b32ba413602301,function,link_artifact_to_issue,"async def link_artifact_to_issue(db, artifact, issue, link_type, confidence, factors)",backend/app/services/git/webhook_processor.py,105,151,47,47,,prod,Python,MEDIUM
c35d9fa0d85210510acfce102e335e6b817acca4,function,process_commits,"async def process_commits(db, provider, repo_slug, commits, branch)",backend/app/services/git/webhook_processor.py,154,286,133,133,,prod,Python,MEDIUM
5cdfd8d944c71cdd907b086e01eb2de3088bc619,function,process_pull_request,"async def process_pull_request(db, provider, repo_slug, pr_data, action)",backend/app/services/git/webhook_processor.py,289,449,161,161,,prod,Python,MEDIUM
081b104902d01927b3fcc6d477abc25914cec62b,method,headers,def headers(self),backend/app/services/git_import_service.py,39,49,11,11,d97def4f707aab557822262189f154310ba71487,prod,Python,MEDIUM
a04886604a1848fe8015ef3cc9ee9c665bab3ec1,constructor,__init__,def __init__(self),backend/app/services/git_import_service.py,55,56,2,2,8667281c402c3ac91ae23a0375ddc77afe4e655f,prod,Python,MEDIUM
512be75e7bf77371555c6b70a1e8019d5ed84985,method,_get_session,def _get_session(self),backend/app/services/git_import_service.py,58,62,5,5,8667281c402c3ac91ae23a0375ddc77afe4e655f,prod,Python,MEDIUM
5a16c5dbc2a0d168c1056cafb8a0cd70dd8189b1,method,_session_get,"async def _session_get(self, url, **kwargs)",backend/app/services/git_import_service.py,64,66,3,3,8667281c402c3ac91ae23a0375ddc77afe4e655f,prod,Python,MEDIUM
e6460bc3d6e8e115119407a3ac695387c2f6b5bd,method,close,def close(self),backend/app/services/git_import_service.py,68,72,5,5,8667281c402c3ac91ae23a0375ddc77afe4e655f,prod,Python,MEDIUM
7452407705ddde3dde0e152abb417a0c24f76598,method,__del__,def __del__(self),backend/app/services/git_import_service.py,74,76,3,3,8667281c402c3ac91ae23a0375ddc77afe4e655f,prod,Python,MEDIUM
7d2fe4c2e31776fc6de5f8f74c53578f32abe146,method,sync_project,"async def sync_project(self, db, project_id, include_commits, include_pull_requests)",backend/app/services/git_import_service.py,78,133,56,56,8667281c402c3ac91ae23a0375ddc77afe4e655f,prod,Python,MEDIUM
fc6b49d87a797a78c5c77cf9c54abc476cfffffc,method,_get_provider_config,"async def _get_provider_config(self, db, provider)",backend/app/services/git_import_service.py,135,172,38,38,8667281c402c3ac91ae23a0375ddc77afe4e655f,prod,Python,MEDIUM
3186c3c3e4933e22d913675de4705fa56756c934,method,_get_all_provider_configs,"async def _get_all_provider_configs(self, db, providers)",backend/app/services/git_import_service.py,174,217,44,44,8667281c402c3ac91ae23a0375ddc77afe4e655f,prod,Python,MEDIUM
708ed7cecbe48c27dbb8413b4f4d5d0506c2d8d5,method,_ensure_default_branch,"async def _ensure_default_branch(self, db, repo, config)",backend/app/services/git_import_service.py,219,263,45,45,8667281c402c3ac91ae23a0375ddc77afe4e655f,prod,Python,MEDIUM
97bfde7c4421ca7f2cd73c05d4035073048a1edc,method,_sync_commits,"async def _sync_commits(self, db, repo, config, branch)",backend/app/services/git_import_service.py,265,295,31,31,8667281c402c3ac91ae23a0375ddc77afe4e655f,prod,Python,MEDIUM
770cfb2ad3dd84104baff8884b927c7289bee91b,method,_sync_pull_requests,"async def _sync_pull_requests(self, db, repo, config)",backend/app/services/git_import_service.py,297,341,45,45,8667281c402c3ac91ae23a0375ddc77afe4e655f,prod,Python,MEDIUM
c21ae9cf80ab4d2cf9895fc8525a6e6176978343,method,_fetch_github_commits,"def _fetch_github_commits(self, config, repo_slug)",backend/app/services/git_import_service.py,343,369,27,27,8667281c402c3ac91ae23a0375ddc77afe4e655f,prod,Python,MEDIUM
9be8936448976d50b5c6e69343cd97657338da9f,method,_fetch_gitlab_commits,"def _fetch_gitlab_commits(self, config, repo_slug, branch)",backend/app/services/git_import_service.py,371,454,84,84,8667281c402c3ac91ae23a0375ddc77afe4e655f,prod,Python,MEDIUM
e2601ea8854c3bbf731da0016fd52fa68f6c5d50,method,_fetch_gitlab_merge_requests,"def _fetch_gitlab_merge_requests(self, config, repo_slug)",backend/app/services/git_import_service.py,455,529,75,75,8667281c402c3ac91ae23a0375ddc77afe4e655f,prod,Python,MEDIUM
95af252cb48d86d55db6f97f77ac7aa13cc788f8,method,apply_auth,"def apply_auth(self, headers)",backend/app/services/jira/auth_strategy.py,18,28,11,11,9e335794104df7a17ecf76f66d3c60f76d906d2e,prod,Python,MEDIUM
d62c2a9c941e1677a8f9ff2646cd7bbbe8c3a2a6,method,get_requests_auth,def get_requests_auth(self),backend/app/services/jira/auth_strategy.py,31,38,8,8,9e335794104df7a17ecf76f66d3c60f76d906d2e,prod,Python,MEDIUM
1a1f07529dcf53078826c013870e0b30206e8ce1,method,auth_type,def auth_type(self),backend/app/services/jira/auth_strategy.py,41,48,8,8,9e335794104df7a17ecf76f66d3c60f76d906d2e,prod,Python,MEDIUM
acc1e1d6648209dc31bd12b3bda565a914f9d5f0,constructor,__init__,"def __init__(self, email, api_token)",backend/app/services/jira/auth_strategy.py,58,68,11,11,cf9a022253153c554c92441d3b3f87405504a5d5,prod,Python,MEDIUM
fafff7fb475f15e1cbd103e2b8b93379e184b91e,method,apply_auth,"def apply_auth(self, headers)",backend/app/services/jira/auth_strategy.py,70,80,11,11,cf9a022253153c554c92441d3b3f87405504a5d5,prod,Python,MEDIUM
64bb6d145ea0f8f02a553a1fb813c3e6e6ac4ec2,method,get_requests_auth,def get_requests_auth(self),backend/app/services/jira/auth_strategy.py,82,89,8,8,cf9a022253153c554c92441d3b3f87405504a5d5,prod,Python,MEDIUM
a6a393bd904c1403060397af880f320f59cda230,method,auth_type,def auth_type(self),backend/app/services/jira/auth_strategy.py,91,93,3,3,cf9a022253153c554c92441d3b3f87405504a5d5,prod,Python,MEDIUM
d79d9a8c5e217269ea9f1e2eb00de89f6877a810,method,__repr__,def __repr__(self),backend/app/services/jira/auth_strategy.py,95,96,2,2,cf9a022253153c554c92441d3b3f87405504a5d5,prod,Python,MEDIUM
8d46b8abed945df47a9f332adbe666db87103071,constructor,__init__,"def __init__(self, token)",backend/app/services/jira/auth_strategy.py,108,115,8,8,9c815949cd9f810493bb3c858a1db2004bbc5c70,prod,Python,MEDIUM
fe1f78958c96af43cc7506fc6df14266c2dba0a8,method,apply_auth,"def apply_auth(self, headers)",backend/app/services/jira/auth_strategy.py,117,129,13,13,9c815949cd9f810493bb3c858a1db2004bbc5c70,prod,Python,MEDIUM
634ebc7afdfb138a32dd76dcfa7d68c4015d77db,method,get_requests_auth,def get_requests_auth(self),backend/app/services/jira/auth_strategy.py,131,138,8,8,9c815949cd9f810493bb3c858a1db2004bbc5c70,prod,Python,MEDIUM
2b6cce0bdc08a671df1b5db1bad9a06f3b2b20fc,method,auth_type,def auth_type(self),backend/app/services/jira/auth_strategy.py,140,142,3,3,9c815949cd9f810493bb3c858a1db2004bbc5c70,prod,Python,MEDIUM
462459febb2ceaa1bee8764d91a62903237de015,method,__repr__,def __repr__(self),backend/app/services/jira/auth_strategy.py,144,145,2,2,9c815949cd9f810493bb3c858a1db2004bbc5c70,prod,Python,MEDIUM
fffdbb1c84eff60c248b1914fd7851fd81d0f19d,method,create_auth,"def create_auth(email, api_token, bearer_token, use_pat)",backend/app/services/jira/auth_strategy.py,156,201,46,46,3e4f4f746dff112127ca691e9727d11aa9b01061,prod,Python,MEDIUM
c5565a1de2fdaf5cef2390492fb4714bad034859,constructor,__init__,"def __init__(self, http_client, circuit_breaker, version_resolver)",backend/app/services/jira/board_service.py,31,47,17,17,e42270794083eb1fc633b2ab2ab534069888fc2b,prod,Python,MEDIUM
627b42f520d3b565dcfd015d7d269d48d28ab290,method,list_boards_for_project,"def list_boards_for_project(self, project_key)",backend/app/services/jira/board_service.py,49,91,43,43,e42270794083eb1fc633b2ab2ab534069888fc2b,prod,Python,MEDIUM
5a8af2403aa2c0b2d9a33865e00926d5f4839a02,method,list_sprints,"def list_sprints(self, board_id)",backend/app/services/jira/board_service.py,93,161,69,69,e42270794083eb1fc633b2ab2ab534069888fc2b,prod,Python,MEDIUM
49c7177511a67f2414ae38b748837a6b17fcd193,method,list_issues_in_sprint,"def list_issues_in_sprint(self, sprint_id)",backend/app/services/jira/board_service.py,163,211,49,49,e42270794083eb1fc633b2ab2ab534069888fc2b,prod,Python,MEDIUM
47aeb090356d6aea5bfde55cd08ee1543c863dce,method,get_issue_worklogs,"def get_issue_worklogs(self, issue_key)",backend/app/services/jira/board_service.py,213,290,78,78,e42270794083eb1fc633b2ab2ab534069888fc2b,prod,Python,MEDIUM
f653380ee59c21543cbcdc4261994ca5b4831ffa,method,async_get_issue_worklogs,"async def async_get_issue_worklogs(self, issue_key)",backend/app/services/jira/board_service.py,292,352,61,61,e42270794083eb1fc633b2ab2ab534069888fc2b,prod,Python,MEDIUM
f607e5378f7ccdb5499e1c4d977250bfa61f24e5,method,get_active_sprints,"def get_active_sprints(self, board_id)",backend/app/services/jira/board_service.py,355,366,12,12,e42270794083eb1fc633b2ab2ab534069888fc2b,prod,Python,MEDIUM
21accf0c9d0375cf87d574bf80bbd8bffc72725c,method,get_worklogs,"def get_worklogs(self, issue_key)",backend/app/services/jira/board_service.py,368,378,11,11,e42270794083eb1fc633b2ab2ab534069888fc2b,prod,Python,MEDIUM
2afdc70845cdb685487cd5a41c093710d16e6e8d,constructor,__init__,"def __init__(self, threshold, sleep_seconds, enabled)",backend/app/services/jira/circuit_breaker.py,30,72,43,43,66793426da89c2ae0a3998a1515a8dda4e2bf5a4,prod,Python,MEDIUM
e29b1b69c1c5fe215d6ef8178e7d242c21073b5b,method,is_open,def is_open(self),backend/app/services/jira/circuit_breaker.py,74,99,26,26,66793426da89c2ae0a3998a1515a8dda4e2bf5a4,prod,Python,MEDIUM
81e5a5dc505aaa45436c01470a77cd99be5ab0d6,method,record_success,def record_success(self),backend/app/services/jira/circuit_breaker.py,101,109,9,9,66793426da89c2ae0a3998a1515a8dda4e2bf5a4,prod,Python,MEDIUM
d440ee499eb4ce06e4389dde1276081c6eeb2068,method,record_failure,def record_failure(self),backend/app/services/jira/circuit_breaker.py,111,127,17,17,66793426da89c2ae0a3998a1515a8dda4e2bf5a4,prod,Python,MEDIUM
f9e89a1470cf87d073435b35077817e814dc45a3,method,_open,def _open(self),backend/app/services/jira/circuit_breaker.py,129,142,14,14,66793426da89c2ae0a3998a1515a8dda4e2bf5a4,prod,Python,MEDIUM
8b39b2e756587729915bed4edcea89d517ffe61a,method,_update_metrics_open,def _update_metrics_open(self),backend/app/services/jira/circuit_breaker.py,144,151,8,8,66793426da89c2ae0a3998a1515a8dda4e2bf5a4,prod,Python,MEDIUM
bf743c47f32f785b25dcfe4cb242194d2f3d8492,method,_update_metrics_closed,def _update_metrics_closed(self),backend/app/services/jira/circuit_breaker.py,153,158,6,6,66793426da89c2ae0a3998a1515a8dda4e2bf5a4,prod,Python,MEDIUM
af22670344e0ff90a6d7ffb387c6d6aa6b786e29,method,stats,def stats(self),backend/app/services/jira/circuit_breaker.py,161,176,16,16,66793426da89c2ae0a3998a1515a8dda4e2bf5a4,prod,Python,MEDIUM
e187c22fdd5dc5fb15e6efda10d999fa65e87948,constructor,__init__,"def __init__(self, base_url, auth, bearer_token, email, api_token)",backend/app/services/jira/http_client.py,27,59,33,33,c55ac9e5dafcc32ca08e29461bd0a1f2b4ab390a,prod,Python,MEDIUM
89c179bedc314f6fe93011aeff1e9600477dde4e,method,request,"def request(self, method, endpoint, **kwargs)",backend/app/services/jira/http_client.py,61,132,72,72,c55ac9e5dafcc32ca08e29461bd0a1f2b4ab390a,prod,Python,MEDIUM
9c32949c186edb59a4438712515659ace0088d0b,method,get,"def get(self, endpoint, **kwargs)",backend/app/services/jira/http_client.py,134,145,12,12,c55ac9e5dafcc32ca08e29461bd0a1f2b4ab390a,prod,Python,MEDIUM
3d9438f59593ecce880db2737b39b8c76ce19db4,method,post,"def post(self, endpoint, **kwargs)",backend/app/services/jira/http_client.py,147,158,12,12,c55ac9e5dafcc32ca08e29461bd0a1f2b4ab390a,prod,Python,MEDIUM
2acd59717f20db1f259fafdd3d0027807a66a197,method,put,"def put(self, endpoint, **kwargs)",backend/app/services/jira/http_client.py,160,171,12,12,c55ac9e5dafcc32ca08e29461bd0a1f2b4ab390a,prod,Python,MEDIUM
1fd03697f99a6ba5e33b76028e18f9906158b95e,method,delete,"def delete(self, endpoint, **kwargs)",backend/app/services/jira/http_client.py,173,184,12,12,c55ac9e5dafcc32ca08e29461bd0a1f2b4ab390a,prod,Python,MEDIUM
d8b8ea674b1ded861fdb80058e9fe9f129c8d813,method,headers,def headers(self),backend/app/services/jira/http_client.py,186,201,16,16,c55ac9e5dafcc32ca08e29461bd0a1f2b4ab390a,prod,Python,MEDIUM
2ab994bcc196504c3526e251a44d208c1db17e41,method,basic_auth_tuple,def basic_auth_tuple(self),backend/app/services/jira/http_client.py,203,216,14,14,c55ac9e5dafcc32ca08e29461bd0a1f2b4ab390a,prod,Python,MEDIUM
44f792e043f0a055417a24ac60b1a30e2759f979,constructor,__init__,def __init__(self),backend/app/services/jira/jira_service.py,76,103,28,28,7958a2fc88509867d339d1de21a8744bea68bfe6,prod,Python,MEDIUM
902cc07e763ce94ac1c10d155489f11d498e12b4,method,connect,"def connect(self, base_url, email, api_token, use_pat)",backend/app/services/jira/jira_service.py,105,165,61,61,7958a2fc88509867d339d1de21a8744bea68bfe6,prod,Python,MEDIUM
e9a83b1e2577dc0c71c426c1d2c2bc752d487a42,method,_initialize_services,def _initialize_services(self),backend/app/services/jira/jira_service.py,167,210,44,44,7958a2fc88509867d339d1de21a8744bea68bfe6,prod,Python,MEDIUM
db1ed7e4b28309b0ea7bbefa45af9b26c13c074c,method,validate,def validate(self),backend/app/services/jira/jira_service.py,212,286,75,75,7958a2fc88509867d339d1de21a8744bea68bfe6,prod,Python,MEDIUM
251649d634f8508f4c533c2f11072ca4d9a69800,method,_normalize_endpoint,"def _normalize_endpoint(self, url_or_endpoint)",backend/app/services/jira/jira_service.py,290,305,16,16,7958a2fc88509867d339d1de21a8744bea68bfe6,prod,Python,MEDIUM
a14621f693f6008e24effc1e613924c019e5de01,method,_headers,def _headers(self),backend/app/services/jira/jira_service.py,307,311,5,5,7958a2fc88509867d339d1de21a8744bea68bfe6,prod,Python,MEDIUM
8e3d5f73645449777c88187c657705b005a4214d,method,_get,"def _get(self, url, **kwargs)",backend/app/services/jira/jira_service.py,313,318,6,6,7958a2fc88509867d339d1de21a8744bea68bfe6,prod,Python,MEDIUM
eb122acfa34b92e22b7bfcd4f732564353907f5e,method,_handle_response,"def _handle_response(self, endpoint, response)",backend/app/services/jira/jira_service.py,320,326,7,7,7958a2fc88509867d339d1de21a8744bea68bfe6,prod,Python,MEDIUM
d89e064a40dbe6d189b28c10dcbdda04bb126f4d,method,status,def status(self),backend/app/services/jira/jira_service.py,328,340,13,13,7958a2fc88509867d339d1de21a8744bea68bfe6,prod,Python,MEDIUM
18d0dde6fd9d4b66bfa386a5d7f3c0652c33b0ad,method,get_project,"def get_project(self, project_key)",backend/app/services/jira/jira_service.py,344,375,32,32,7958a2fc88509867d339d1de21a8744bea68bfe6,prod,Python,MEDIUM
f56aaaf3f913f8cf22caee7bf64307547b1c13f2,method,get_project_issues,"def get_project_issues(self, project_key, max_results)",backend/app/services/jira/jira_service.py,377,398,22,22,7958a2fc88509867d339d1de21a8744bea68bfe6,prod,Python,MEDIUM
98ba9be4c66e5f888f30270a5851f3700b5db4ed,method,list_projects,"def list_projects(self, query)",backend/app/services/jira/jira_service.py,400,430,31,31,7958a2fc88509867d339d1de21a8744bea68bfe6,prod,Python,MEDIUM
abcc3a6ee5a56f36fbad31ccbf714dd245a04db0,method,async_get_project_issues,"async def async_get_project_issues(self, project_key, max_results)",backend/app/services/jira/jira_service.py,432,450,19,19,7958a2fc88509867d339d1de21a8744bea68bfe6,prod,Python,MEDIUM
d91bca5548d3a89bb3187ad631bfcaa5978a2894,method,list_boards_for_project,"def list_boards_for_project(self, project_key)",backend/app/services/jira/jira_service.py,454,481,28,28,7958a2fc88509867d339d1de21a8744bea68bfe6,prod,Python,MEDIUM
7a47fbb67fefdf42dfff4f8bd16df06bc7b9ba6c,method,list_sprints,"def list_sprints(self, board_id)",backend/app/services/jira/jira_service.py,483,510,28,28,7958a2fc88509867d339d1de21a8744bea68bfe6,prod,Python,MEDIUM
839d7af1d08c14f8fbc53cd52f470b9975e13304,method,list_issues_in_sprint,"def list_issues_in_sprint(self, sprint_id)",backend/app/services/jira/jira_service.py,512,539,28,28,7958a2fc88509867d339d1de21a8744bea68bfe6,prod,Python,MEDIUM
b39052467cd8c4042b828da9b9d35d81dcc86642,method,get_issue_worklogs,"def get_issue_worklogs(self, issue_key)",backend/app/services/jira/jira_service.py,541,567,27,27,7958a2fc88509867d339d1de21a8744bea68bfe6,prod,Python,MEDIUM
608e0dc9f5b7881db0828486c2d720837ff77e08,method,async_get_issue_worklogs,"async def async_get_issue_worklogs(self, issue_key)",backend/app/services/jira/jira_service.py,569,582,14,14,7958a2fc88509867d339d1de21a8744bea68bfe6,prod,Python,MEDIUM
aa8e66237f3fe82995e8ee1b2421116822e962ca,method,get_active_sprints,"def get_active_sprints(self, board_id)",backend/app/services/jira/jira_service.py,586,599,14,14,7958a2fc88509867d339d1de21a8744bea68bfe6,prod,Python,MEDIUM
1c7bf0b9b941d54337edb50386231b7aa0b23f4a,method,get_worklogs,"def get_worklogs(self, issue_key)",backend/app/services/jira/jira_service.py,601,611,11,11,7958a2fc88509867d339d1de21a8744bea68bfe6,prod,Python,MEDIUM
e6341d48369a5b3915265337e5efef8a2e4b205b,method,invalidate_cache,def invalidate_cache(self),backend/app/services/jira/jira_service.py,615,624,10,10,7958a2fc88509867d339d1de21a8744bea68bfe6,prod,Python,MEDIUM
e0598656447f121de0dc153aa8a716c3e0fa85e5,constructor,__init__,"def __init__(self, http_client, circuit_breaker, response_handler, version_resolver)",backend/app/services/jira/project_service.py,31,50,20,20,b66c07daa45d85710fb6ee49dfcd406ba0af04df,prod,Python,MEDIUM
64a851ac353349ad67304196ce1629b1fb6736e1,method,get_project,"def get_project(self, project_key)",backend/app/services/jira/project_service.py,52,106,55,55,b66c07daa45d85710fb6ee49dfcd406ba0af04df,prod,Python,MEDIUM
1114b4ec36649605427589e97ddeaee37ec863ec,method,get_project_issues,"def get_project_issues(self, project_key, max_results)",backend/app/services/jira/project_service.py,108,220,113,113,b66c07daa45d85710fb6ee49dfcd406ba0af04df,prod,Python,MEDIUM
4fa706ece9548eb0a736b6738e1ee8583e110c56,method,list_projects,"def list_projects(self, query)",backend/app/services/jira/project_service.py,222,305,84,84,b66c07daa45d85710fb6ee49dfcd406ba0af04df,prod,Python,MEDIUM
a75c87259fa267b7a5b02f6d338d0017b95ee805,method,async_get_project_issues,"async def async_get_project_issues(self, project_key, max_results)",backend/app/services/jira/project_service.py,307,433,127,127,b66c07daa45d85710fb6ee49dfcd406ba0af04df,prod,Python,MEDIUM
4f554fec991907e11c723836690edd9990d70e1a,method,_transform_issue,"def _transform_issue(self, issue)",backend/app/services/jira/project_service.py,435,476,42,42,b66c07daa45d85710fb6ee49dfcd406ba0af04df,prod,Python,MEDIUM
db322c2b11d0c47593c0855624042c1d1e101072,function,hours,def hours(val),backend/app/services/jira/project_service.py,447,452,6,6,,prod,Python,MEDIUM
8414a3a2f382677c9ecae19e1c253e0ff7061a35,method,_filter_projects,"def _filter_projects(self, items, query)",backend/app/services/jira/project_service.py,478,498,21,21,b66c07daa45d85710fb6ee49dfcd406ba0af04df,prod,Python,MEDIUM
e3fe5f72a7020b2c4f5c7c2f36c6fe903fa51223,method,handle_response,"def handle_response(self, endpoint, response)",backend/app/services/jira/response_handler.py,35,85,51,51,d5607241ad4936a10ef3441e4efab2336ebb2033,prod,Python,MEDIUM
f80b8a173186ff7bb9c9bb0acefdfac9bc0cd12e,method,_is_auth_error,"def _is_auth_error(self, response)",backend/app/services/jira/response_handler.py,87,138,52,52,d5607241ad4936a10ef3441e4efab2336ebb2033,prod,Python,MEDIUM
b3d1334bfb49a2c5bc1720d858787947bb48a7fc,method,_record_non_json_metric,"def _record_non_json_metric(self, endpoint)",backend/app/services/jira/response_handler.py,140,145,6,6,d5607241ad4936a10ef3441e4efab2336ebb2033,prod,Python,MEDIUM
9f4ec6e40e6c24d9776ae4a34cd34337913aa30e,method,_record_json_parse_error,"def _record_json_parse_error(self, endpoint)",backend/app/services/jira/response_handler.py,147,152,6,6,d5607241ad4936a10ef3441e4efab2336ebb2033,prod,Python,MEDIUM
65599c56420c2c8992ca221fa7e67141604d7c0f,method,validate_json_response,"def validate_json_response(self, response)",backend/app/services/jira/response_handler.py,154,165,12,12,d5607241ad4936a10ef3441e4efab2336ebb2033,prod,Python,MEDIUM
6f9d2b7d1370265abd2355570bc117b80cc09feb,constructor,__init__,"def __init__(self, base_url)",backend/app/services/jira/version_resolver.py,25,33,9,9,8b0a64ad01dfc22f4cc65ed8c1ef7ad21a2f682b,prod,Python,MEDIUM
09bab76ff7a3c9991e2981c958a9078747031175,method,is_server,def is_server(self),backend/app/services/jira/version_resolver.py,35,49,15,15,8b0a64ad01dfc22f4cc65ed8c1ef7ad21a2f682b,prod,Python,MEDIUM
772fb7e3dd99542e33d70e47e327f6603665bc91,method,_detect_server_type,def _detect_server_type(self),backend/app/services/jira/version_resolver.py,51,70,20,20,8b0a64ad01dfc22f4cc65ed8c1ef7ad21a2f682b,prod,Python,MEDIUM
f48c85f35811493f2473c981282296875ce8ffac,method,get_api_versions,"def get_api_versions(self, endpoint_type)",backend/app/services/jira/version_resolver.py,72,117,46,46,8b0a64ad01dfc22f4cc65ed8c1ef7ad21a2f682b,prod,Python,MEDIUM
afe37f053c4776cac0a440bfa05d69179a80f5d6,method,get_server_type_name,def get_server_type_name(self),backend/app/services/jira/version_resolver.py,119,126,8,8,8b0a64ad01dfc22f4cc65ed8c1ef7ad21a2f682b,prod,Python,MEDIUM
2c07ec542af247becfe5de8a046ad016418c99ab,method,reset_cache,def reset_cache(self),backend/app/services/jira/version_resolver.py,128,135,8,8,8b0a64ad01dfc22f4cc65ed8c1ef7ad21a2f682b,prod,Python,MEDIUM
599a2d21feeb3dace72b87dcb0e0522313b39a4b,constructor,__init__,"def __init__(self, jira_service)",backend/app/services/jira_field_mapper.py,48,53,6,6,70cdca796c3f3fdad29487935bf5e308a7c12ee9,prod,Python,MEDIUM
3e0942afbbf8b5a04206804d8298fb31d14900af,method,_client,def _client(self),backend/app/services/jira_field_mapper.py,55,60,6,6,70cdca796c3f3fdad29487935bf5e308a7c12ee9,prod,Python,MEDIUM
1e6ef9762d0444c80fdd02728b3f47fcb2bb2f62,method,discover_fields,"async def discover_fields(self, force_refresh)",backend/app/services/jira_field_mapper.py,62,101,40,40,70cdca796c3f3fdad29487935bf5e308a7c12ee9,prod,Python,MEDIUM
2a184c6879f8d03a5a0d5d2e0c8df93088d03be2,method,_fetch_all_fields,async def _fetch_all_fields(self),backend/app/services/jira_field_mapper.py,103,121,19,19,70cdca796c3f3fdad29487935bf5e308a7c12ee9,prod,Python,MEDIUM
c9ed81835d9fa3fa9b416c3f4cdccc176acd5a2b,method,_auto_map_fields,async def _auto_map_fields(self),backend/app/services/jira_field_mapper.py,123,160,38,38,70cdca796c3f3fdad29487935bf5e308a7c12ee9,prod,Python,MEDIUM
4bf818799080d616cdabdf1360bf222809cf392d,method,get_field_id,"def get_field_id(self, field_type)",backend/app/services/jira_field_mapper.py,162,164,3,3,70cdca796c3f3fdad29487935bf5e308a7c12ee9,prod,Python,MEDIUM
9e7ed7ff23df8026caf5727d8ff060ac5a0bccf5,method,set_field_mapping,"def set_field_mapping(self, field_type, field_id)",backend/app/services/jira_field_mapper.py,166,169,4,4,70cdca796c3f3fdad29487935bf5e308a7c12ee9,prod,Python,MEDIUM
660bcde0887d69e142607731655236632ebe876d,method,parse_sprint_field,"async def parse_sprint_field(self, field_value)",backend/app/services/jira_field_mapper.py,171,201,31,31,70cdca796c3f3fdad29487935bf5e308a7c12ee9,prod,Python,MEDIUM
54db2a2139fc7ef832ed644a1afacba9186d8341,method,_parse_single_sprint,"def _parse_single_sprint(self, sprint_data)",backend/app/services/jira_field_mapper.py,203,222,20,20,70cdca796c3f3fdad29487935bf5e308a7c12ee9,prod,Python,MEDIUM
44230621384c15a3eff58e991c6629cb5e8efcc9,method,_parse_sprint_string,"def _parse_sprint_string(self, sprint_str)",backend/app/services/jira_field_mapper.py,224,256,33,33,70cdca796c3f3fdad29487935bf5e308a7c12ee9,prod,Python,MEDIUM
11f1d5f4c54c5ea4badf79bab6a4f8bb6b91d8ce,method,get_issue_with_mapped_fields,"async def get_issue_with_mapped_fields(self, issue_key)",backend/app/services/jira_field_mapper.py,258,317,60,60,70cdca796c3f3fdad29487935bf5e308a7c12ee9,prod,Python,MEDIUM
6a8977654c0aeba43d3fb618f3ec4277a1ada564,method,_fetch_issue_with_all_fields,"async def _fetch_issue_with_all_fields(self, issue_key)",backend/app/services/jira_field_mapper.py,319,337,19,19,70cdca796c3f3fdad29487935bf5e308a7c12ee9,prod,Python,MEDIUM
5aa756c77b9a3b0ed1f7df07e5197f684b4ec259,method,_get_nested,"def _get_nested(self, data, *keys)",backend/app/services/jira_field_mapper.py,339,346,8,8,70cdca796c3f3fdad29487935bf5e308a7c12ee9,prod,Python,MEDIUM
69d3d354cf0b82b1bf457efd0bbb34de503fd296,method,_get_user_info,"def _get_user_info(self, user_data)",backend/app/services/jira_field_mapper.py,348,358,11,11,70cdca796c3f3fdad29487935bf5e308a7c12ee9,prod,Python,MEDIUM
cada47754887dabfd1af538377f121348ffb0206,method,calibrate,"async def calibrate(self, sample_project_key, sample_size)",backend/app/services/jira_field_mapper.py,360,452,93,93,70cdca796c3f3fdad29487935bf5e308a7c12ee9,prod,Python,MEDIUM
778f23f8248da1b403f04aba57a22699689422a6,method,_looks_like_sprint,"def _looks_like_sprint(self, samples)",backend/app/services/jira_field_mapper.py,454,467,14,14,70cdca796c3f3fdad29487935bf5e308a7c12ee9,prod,Python,MEDIUM
b8d2f1c9c0083c4d1c79d874c0bbca950003f049,method,_looks_like_story_points,"def _looks_like_story_points(self, samples)",backend/app/services/jira_field_mapper.py,469,475,7,7,70cdca796c3f3fdad29487935bf5e308a7c12ee9,prod,Python,MEDIUM
fa7218580a094bf62210dc3837a5e85cc727b66a,method,_looks_like_epic_link,"def _looks_like_epic_link(self, samples)",backend/app/services/jira_field_mapper.py,477,482,6,6,70cdca796c3f3fdad29487935bf5e308a7c12ee9,prod,Python,MEDIUM
4ccc3d4d8048368bc65f90a800ebf608d1a06d1a,method,get_sprints_with_fallback,"async def get_sprints_with_fallback(self, issue_key)",backend/app/services/jira_field_mapper.py,484,506,23,23,70cdca796c3f3fdad29487935bf5e308a7c12ee9,prod,Python,MEDIUM
121c91f39d048ce8fbfac5e74f3f248eef29cfc4,method,_get_sprints_from_custom_field,"async def _get_sprints_from_custom_field(self, issue_key)",backend/app/services/jira_field_mapper.py,508,519,12,12,70cdca796c3f3fdad29487935bf5e308a7c12ee9,prod,Python,MEDIUM
512ec587fe0f27772fe24779a2e54373f4a62921,method,_get_sprints_from_agile_api,"async def _get_sprints_from_agile_api(self, issue_key)",backend/app/services/jira_field_mapper.py,521,544,24,24,70cdca796c3f3fdad29487935bf5e308a7c12ee9,prod,Python,MEDIUM
cceb8290d821a59541211e920be726fab0c0694f,method,_get_sprints_from_board_api,"async def _get_sprints_from_board_api(self, issue_key)",backend/app/services/jira_field_mapper.py,546,550,5,5,70cdca796c3f3fdad29487935bf5e308a7c12ee9,prod,Python,MEDIUM
785a9fa8da69bc395ab83e39ca64f9982fce17ff,method,export_configuration,def export_configuration(self),backend/app/services/jira_field_mapper.py,552,559,8,8,70cdca796c3f3fdad29487935bf5e308a7c12ee9,prod,Python,MEDIUM
56831cbc5d4077047603f51a71b8ce50064a5252,method,import_configuration,"def import_configuration(self, config)",backend/app/services/jira_field_mapper.py,561,571,11,11,70cdca796c3f3fdad29487935bf5e308a7c12ee9,prod,Python,MEDIUM
d08f6f8ab64129bcb1b623d566505a49a830f3e9,constructor,__init__,"def __init__(self, report)",backend/app/services/report_generator.py,35,38,4,4,88c78c2093db9f95fa12d35b4187ec487529048c,prod,Python,MEDIUM
bf01ce057b7356e1db9d72440df884400d2ebfd2,method,header,def header(self),backend/app/services/report_generator.py,40,52,13,13,88c78c2093db9f95fa12d35b4187ec487529048c,prod,Python,MEDIUM
ce2bc9ddccbae9ec64728ad7f9f293f42c63d433,method,footer,def footer(self),backend/app/services/report_generator.py,54,58,5,5,88c78c2093db9f95fa12d35b4187ec487529048c,prod,Python,MEDIUM
87e9e13d23a5e179f2e6c2bc2dc20666cb1c7d4e,method,section_title,"def section_title(self, title)",backend/app/services/report_generator.py,60,64,5,5,88c78c2093db9f95fa12d35b4187ec487529048c,prod,Python,MEDIUM
979f54dbd1df244643fdfb59e93ca12c088ee3ba,method,subsection_title,"def subsection_title(self, title)",backend/app/services/report_generator.py,66,69,4,4,88c78c2093db9f95fa12d35b4187ec487529048c,prod,Python,MEDIUM
9ab7b47b3eb90840a9ddb0ca50979a48a1941b45,method,add_metric_row,"def add_metric_row(self, label, value, color)",backend/app/services/report_generator.py,71,77,7,7,88c78c2093db9f95fa12d35b4187ec487529048c,prod,Python,MEDIUM
2ff50c79f7d269e7bc920920a404d0f76149da32,method,add_quality_grade_box,"def add_quality_grade_box(self, grade, score)",backend/app/services/report_generator.py,79,97,19,19,88c78c2093db9f95fa12d35b4187ec487529048c,prod,Python,MEDIUM
2275ef1a94e3cbbca89a333b3c52e8c859c07b7b,method,add_highlights_concerns,"def add_highlights_concerns(self, highlights, concerns)",backend/app/services/report_generator.py,99,122,24,24,88c78c2093db9f95fa12d35b4187ec487529048c,prod,Python,MEDIUM
3d7d2861d82efff5dc467d603b0658836580c89f,constructor,__init__,"def __init__(self, reports_dir)",backend/app/services/report_generator.py,128,130,3,3,c4ae8ab41eb70d9e0c2152da6da8f7001c4c070c,prod,Python,MEDIUM
a47ca9084c1d10e81c5a59c3d1923616be88b3da,method,generate_report_data,"def generate_report_data(self, project_id, project_name, sprint_id, sprint_name, quality_summary, test_coverage, pr_quality, escaped_defects, component_health, coverage_trend, defect_trend)",backend/app/services/report_generator.py,132,195,64,64,c4ae8ab41eb70d9e0c2152da6da8f7001c4c070c,prod,Python,MEDIUM
8f827ee46b7ce3236a6e26cb35faefb9bd03cb44,method,_compute_quality_score,"def _compute_quality_score(self, quality_summary, test_coverage, pr_quality)",backend/app/services/report_generator.py,197,240,44,44,c4ae8ab41eb70d9e0c2152da6da8f7001c4c070c,prod,Python,MEDIUM
8c8311bd0541c7010731287916b53097415788dd,method,_score_to_grade,"def _score_to_grade(self, score)",backend/app/services/report_generator.py,242,252,11,11,c4ae8ab41eb70d9e0c2152da6da8f7001c4c070c,prod,Python,MEDIUM
704189bb3f68f2f739463769944bf4673678b90f,method,_generate_highlights_concerns,"def _generate_highlights_concerns(self, quality_summary, test_coverage, pr_quality)",backend/app/services/report_generator.py,254,299,46,46,c4ae8ab41eb70d9e0c2152da6da8f7001c4c070c,prod,Python,MEDIUM
a082909184803a06b5b026251b9374ce3d783c2b,method,_generate_recommendations,"def _generate_recommendations(self, quality_summary, test_coverage, pr_quality, component_health)",backend/app/services/report_generator.py,301,360,60,60,c4ae8ab41eb70d9e0c2152da6da8f7001c4c070c,prod,Python,MEDIUM
42c236581dc6e87aef3b405ae5bda9abc568ee73,method,generate_pdf,"def generate_pdf(self, report, sections)",backend/app/services/report_generator.py,362,454,93,93,c4ae8ab41eb70d9e0c2152da6da8f7001c4c070c,prod,Python,MEDIUM
fc54103e461b102d63f01eebd766a98b2fd94e58,method,generate_excel,"def generate_excel(self, report, sections)",backend/app/services/report_generator.py,456,564,109,109,c4ae8ab41eb70d9e0c2152da6da8f7001c4c070c,prod,Python,MEDIUM
92953ae53ab0a4f7061e9503857efad26a6d5268,method,save_report,"def save_report(self, report, format, sections)",backend/app/services/report_generator.py,566,593,28,28,c4ae8ab41eb70d9e0c2152da6da8f7001c4c070c,prod,Python,MEDIUM
396e8d110c62f0c129d13b55e0006d72c08f002a,method,get_primary_repository,"async def get_primary_repository(project_id, db)",backend/app/services/repository_resolver.py,13,41,29,29,a2a05b613821365c9c2645647042d0f552e1e20e,prod,Python,MEDIUM
f6f7f626b8422bf49bc7967912c513e05da8eb67,method,get_all_repositories,"async def get_all_repositories(project_id, db)",backend/app/services/repository_resolver.py,44,57,14,14,a2a05b613821365c9c2645647042d0f552e1e20e,prod,Python,MEDIUM
f0488c881daacb97b50a28aea9c0397c5b2aabe7,method,get_repository_by_provider,"async def get_repository_by_provider(project_id, provider, db)",backend/app/services/repository_resolver.py,60,79,20,20,a2a05b613821365c9c2645647042d0f552e1e20e,prod,Python,MEDIUM
a9e6ef561f4053c8207b74e7db94f51fbc84f32a,method,get_project_by_repository,"async def get_project_by_repository(repository_id, db)",backend/app/services/repository_resolver.py,82,110,29,29,a2a05b613821365c9c2645647042d0f552e1e20e,prod,Python,MEDIUM
f90161a544258295cd42c63d4678f55e91fe2ffc,method,validate_string,"def validate_string(value, field_name, max_length)",backend/app/services/rule_execution_engine.py,38,49,12,12,369deadf6c5b18d9df645b76a0eef0bad789c376,prod,Python,MEDIUM
1795f1ad68035883588cb3d6e847cefabff5dc3c,method,validate_date,"def validate_date(value, field_name)",backend/app/services/rule_execution_engine.py,52,64,13,13,369deadf6c5b18d9df645b76a0eef0bad789c376,prod,Python,MEDIUM
589692575712267c0c2dfa4e017bc1a2de5cae46,method,validate_regex_pattern,"def validate_regex_pattern(pattern, allow_custom)",backend/app/services/rule_execution_engine.py,67,119,53,53,369deadf6c5b18d9df645b76a0eef0bad789c376,prod,Python,MEDIUM
64ee17b9a4114700ab917be26f3f6bde21f7807a,method,validate_list_of_strings,"def validate_list_of_strings(value, field_name, max_items, max_item_length)",backend/app/services/rule_execution_engine.py,122,138,17,17,369deadf6c5b18d9df645b76a0eef0bad789c376,prod,Python,MEDIUM
ae3ec944ee25eb85b00f0517b61709e788195041,constructor,__init__,"def __init__(self, rule_id, db, edges)",backend/app/services/rule_execution_engine.py,144,159,16,16,f7e3e33c49a0516bd750435c57d4f021acb98af4,prod,Python,MEDIUM
9c837474a56361f7cb2f1f185d199e831c66e71d,method,set_node_output,"def set_node_output(self, node_id, artifacts)",backend/app/services/rule_execution_engine.py,161,163,3,3,f7e3e33c49a0516bd750435c57d4f021acb98af4,prod,Python,MEDIUM
9153af8dbe8400edb227afb4665a8b89645159bf,method,get_node_output,"def get_node_output(self, node_id)",backend/app/services/rule_execution_engine.py,165,167,3,3,f7e3e33c49a0516bd750435c57d4f021acb98af4,prod,Python,MEDIUM
687ab7edd975462150c402c9f9052616f2cbd771,method,add_link,"def add_link(self, link)",backend/app/services/rule_execution_engine.py,169,171,3,3,f7e3e33c49a0516bd750435c57d4f021acb98af4,prod,Python,MEDIUM
5358f71ce5cbdb45650225d62eb19a8859284d65,method,add_error,"def add_error(self, message)",backend/app/services/rule_execution_engine.py,173,175,3,3,f7e3e33c49a0516bd750435c57d4f021acb98af4,prod,Python,MEDIUM
6fd4c9da2d73acce392e6dddee29035333900c75,method,add_warning,"def add_warning(self, message)",backend/app/services/rule_execution_engine.py,177,179,3,3,f7e3e33c49a0516bd750435c57d4f021acb98af4,prod,Python,MEDIUM
60f04c5a384113a5aab5c4268f43fba4a80c5391,method,get_input_artifacts,"def get_input_artifacts(self, node_id)",backend/app/services/rule_execution_engine.py,181,193,13,13,f7e3e33c49a0516bd750435c57d4f021acb98af4,prod,Python,MEDIUM
85aa9a2df6c565f5bb5d3c2b9e3c24d041630128,method,execute,"def execute(self, node, context)",backend/app/services/rule_execution_engine.py,199,201,3,3,819ffd0afea13bf723a74d2de94c3bb180d40b7a,prod,Python,MEDIUM
52b62c94bf38659f8c9bb66f0ca3fca340930b51,method,execute,"def execute(self, node, context)",backend/app/services/rule_execution_engine.py,207,238,32,32,8c0e34bded5a4ec9dbaec017bec550302403b0eb,prod,Python,MEDIUM
7cc8fd2b129bca077dd162487c909b40d022807c,method,execute,"def execute(self, node, context)",backend/app/services/rule_execution_engine.py,244,281,38,38,3c5b874a96e50ff8fad2442817527411dde0da6a,prod,Python,MEDIUM
20ec9e3561a2f9242f6e67fb97973811497f9a01,method,execute,"def execute(self, node, context)",backend/app/services/rule_execution_engine.py,287,317,31,31,ada6c8159273b18c186e0fd6e9eed8c49fcea3a7,prod,Python,MEDIUM
5f4ec065dc14b065aa8c997af4ac5187fa0e3a36,method,execute,"def execute(self, node, context)",backend/app/services/rule_execution_engine.py,323,383,61,61,801ceb84f2be417c2a0581d3d98f84c684533829,prod,Python,MEDIUM
098d0fad247483b30ad960b470b4f139c8c4b3f5,method,execute,"def execute(self, node, context)",backend/app/services/rule_execution_engine.py,389,460,72,72,3fd08c5de192ce44d1967db4dfef0457aeed9685,prod,Python,MEDIUM
dbca461a4916e195b94e21af9e1d648936e16f56,method,execute,"def execute(self, node, context)",backend/app/services/rule_execution_engine.py,466,512,47,47,cbc3b0782606d8e9782ebe5ed7be5937962f1074,prod,Python,MEDIUM
107fee3ad3abcb743a679c989f7889e81decd371,method,_get_field_value,"def _get_field_value(self, artifact, field)",backend/app/services/rule_execution_engine.py,514,525,12,12,cbc3b0782606d8e9782ebe5ed7be5937962f1074,prod,Python,MEDIUM
46e59770de6236c1faf2d378f4dde501d2bd90eb,method,execute,"def execute(self, node, context)",backend/app/services/rule_execution_engine.py,534,565,32,32,6fedc8b7f1195c5e7a6530db2c8eab393a3c4c64,prod,Python,MEDIUM
13d20db351a7d1b981b4f6c548c87c21dcb3f01f,method,_get_field_value,"def _get_field_value(self, artifact, field)",backend/app/services/rule_execution_engine.py,567,569,3,3,6fedc8b7f1195c5e7a6530db2c8eab393a3c4c64,prod,Python,MEDIUM
93f55ac77af8689f65b455628e847c0c7550f183,method,_apply_operator,"def _apply_operator(self, field_value, operator, expected_value)",backend/app/services/rule_execution_engine.py,571,588,18,18,6fedc8b7f1195c5e7a6530db2c8eab393a3c4c64,prod,Python,MEDIUM
27f35d2210fd82d763ee7b6932c70ac1867fd54a,method,execute,"def execute(self, node, context)",backend/app/services/rule_execution_engine.py,594,623,30,30,329c46fd1dc9be365f15c1ee9c395c97cc737f2b,prod,Python,MEDIUM
5fb12d19fde7cfbe28e2865c9860f3b905d10c73,method,_evaluate_condition,"def _evaluate_condition(self, artifacts, condition_type, threshold)",backend/app/services/rule_execution_engine.py,625,636,12,12,329c46fd1dc9be365f15c1ee9c395c97cc737f2b,prod,Python,MEDIUM
6e2fc0879da34b9458bf683d420a0412f46f0823,method,execute,"def execute(self, node, context)",backend/app/services/rule_execution_engine.py,652,679,28,28,bc553c425745412423c07057c7f39740b90addb0,prod,Python,MEDIUM
3e4bbf31549faf2a382ce558d8e94cb01990fa01,method,execute,"def execute(self, node, context)",backend/app/services/rule_execution_engine.py,693,717,25,25,2e5c71eb36bdf3f36460e8c82806bf454392c67a,prod,Python,MEDIUM
f8529ed968df1c81eb355b5749a235d441251068,method,execute,"def execute(self, node, context)",backend/app/services/rule_execution_engine.py,723,764,42,42,56f565d1174abef60341922ff7f90807f4b821f6,prod,Python,MEDIUM
ca5b37838f32f2229f6c7f45ea76d19b617bf6b0,method,_create_self_links,"def _create_self_links(self, artifacts, link_type, bidirectional, context)",backend/app/services/rule_execution_engine.py,766,773,8,8,56f565d1174abef60341922ff7f90807f4b821f6,prod,Python,MEDIUM
3ab71a4f075af2a414fabc82fb87c2f2316a84c1,method,_create_cross_links,"def _create_cross_links(self, sources, targets, link_type, bidirectional, context)",backend/app/services/rule_execution_engine.py,775,782,8,8,56f565d1174abef60341922ff7f90807f4b821f6,prod,Python,MEDIUM
0b4ac83cd8c5bccc79f9c112aa993fd775a9def0,method,_create_link,"def _create_link(self, source, target, link_type, context, base_confidence)",backend/app/services/rule_execution_engine.py,784,809,26,26,56f565d1174abef60341922ff7f90807f4b821f6,prod,Python,MEDIUM
e0e5b3ff92e42200e36d77664d7f2e8f2029d75f,method,_calculate_confidence,"def _calculate_confidence(self, source, target, link_type, base, context)",backend/app/services/rule_execution_engine.py,811,846,36,36,56f565d1174abef60341922ff7f90807f4b821f6,prod,Python,MEDIUM
bb1fbc924b2833d4e13a680bcfd10172214cad53,method,_get_reverse_link_type,"def _get_reverse_link_type(self, link_type)",backend/app/services/rule_execution_engine.py,848,858,11,11,56f565d1174abef60341922ff7f90807f4b821f6,prod,Python,MEDIUM
d79e85b1d1c3c75844233456cf2747b5ffbf928a,constructor,__init__,"def __init__(self, db)",backend/app/services/rule_execution_engine.py,882,883,2,2,4d067fbd1ff9d017fcb5db654710febad6cffa95,prod,Python,MEDIUM
419fcdaa70ae62cd4376fab7baaedc39ab93063f,method,execute_rule,"def execute_rule(self, rule_id)",backend/app/services/rule_execution_engine.py,885,956,72,72,4d067fbd1ff9d017fcb5db654710febad6cffa95,prod,Python,MEDIUM
284b9e8cf4f88cb663145695ed753b9b1a3b41f6,method,_topological_sort,"def _topological_sort(self, nodes, edges)",backend/app/services/rule_execution_engine.py,958,988,31,31,4d067fbd1ff9d017fcb5db654710febad6cffa95,prod,Python,MEDIUM
8954c0782648adcf5d43b71b7e50d64b31ab6772,method,__post_init__,def __post_init__(self),backend/app/services/sync/board_sync_service.py,31,33,3,3,f3dbbde69ed5fbb854b6c025a5182bb8027c3bb9,prod,Python,MEDIUM
3ba86c0c71dbcb6967aa413474078705dd41a9fc,constructor,__init__,"def __init__(self, jira_service)",backend/app/services/sync/board_sync_service.py,47,48,2,2,ba54877d5af58e73cdfe53fc0b5ce9d8eb68f7f0,prod,Python,MEDIUM
80e5ab114451f8e9825cea96a6205fdd1b80ae23,method,sync_boards,"async def sync_boards(self, project_key, project_id, db)",backend/app/services/sync/board_sync_service.py,50,109,60,60,ba54877d5af58e73cdfe53fc0b5ce9d8eb68f7f0,prod,Python,MEDIUM
9c81ef892fff52face8542c5c160b397f8bc26c0,method,_sync_board_sprints,"async def _sync_board_sprints(self, board, project_id, db)",backend/app/services/sync/board_sync_service.py,111,158,48,48,ba54877d5af58e73cdfe53fc0b5ce9d8eb68f7f0,prod,Python,MEDIUM
12dc3ab9eac8ccbae6307c9f625fc683d470e9af,method,_sync_sprint,"async def _sync_sprint(self, sprint, project_id, db)",backend/app/services/sync/board_sync_service.py,160,210,51,51,ba54877d5af58e73cdfe53fc0b5ce9d8eb68f7f0,prod,Python,MEDIUM
f7ec457de61ac4e375c1a1e836fcab6f036d92c8,method,_link_sprint_tasks,"async def _link_sprint_tasks(self, sprint_jira_id, project_id, sprint_db_id, db)",backend/app/services/sync/board_sync_service.py,212,244,33,33,ba54877d5af58e73cdfe53fc0b5ce9d8eb68f7f0,prod,Python,MEDIUM
af186ed7625a4dd6c5b10e08a90eca3ba9cc3df5,method,__post_init__,def __post_init__(self),backend/app/services/sync/issue_sync_service.py,29,31,3,3,07fcaa7e2c27e6f323f036875a6b90d6d95f8f8b,prod,Python,MEDIUM
1b5ffd2e3adc85e571a1cb3cf157f873582255b0,constructor,__init__,def __init__(self),backend/app/services/sync/issue_sync_service.py,47,49,3,3,d69c03e727cee5c29e69c85654bde0fa21110b55,prod,Python,MEDIUM
99dc748242577f2d9035781c1628a16504c2276e,method,sync_issues,"async def sync_issues(self, project_key, project_id, issues, db)",backend/app/services/sync/issue_sync_service.py,51,131,81,81,d69c03e727cee5c29e69c85654bde0fa21110b55,prod,Python,MEDIUM
25e1e3fb6c5877f18ef76f2bd9d57bf7952b48bd,method,_build_lookup_cache,"async def _build_lookup_cache(self, project_id, db)",backend/app/services/sync/issue_sync_service.py,133,149,17,17,d69c03e727cee5c29e69c85654bde0fa21110b55,prod,Python,MEDIUM
6f310760597c87ae13de48061498458bde11da94,method,_process_batch,"async def _process_batch(self, project_key, project_id, batch, batch_start, batch_end, db)",backend/app/services/sync/issue_sync_service.py,151,199,49,49,d69c03e727cee5c29e69c85654bde0fa21110b55,prod,Python,MEDIUM
5a4660b38dde26dbcac222d7505b46d972809926,method,_process_single_issue,"async def _process_single_issue(self, project_id, issue, db, batch_result, created_tasks)",backend/app/services/sync/issue_sync_service.py,201,241,41,41,d69c03e727cee5c29e69c85654bde0fa21110b55,prod,Python,MEDIUM
5cc2ecb2492d9799179958bf7cec6e24acb48c46,method,_find_existing_task,"async def _find_existing_task(self, jira_id, key, db)",backend/app/services/sync/issue_sync_service.py,243,268,26,26,d69c03e727cee5c29e69c85654bde0fa21110b55,prod,Python,MEDIUM
a1975a8aff9468bde3d53c341c6289b5301a3754,method,_update_task_identifiers,"def _update_task_identifiers(self, db_issue, project_id, jira_id, key)",backend/app/services/sync/issue_sync_service.py,270,295,26,26,d69c03e727cee5c29e69c85654bde0fa21110b55,prod,Python,MEDIUM
abec5480defabc03bd6dc647c658161e49de5637,method,_update_task_fields,"def _update_task_fields(self, db_issue, fields, is_raw)",backend/app/services/sync/issue_sync_service.py,297,345,49,49,d69c03e727cee5c29e69c85654bde0fa21110b55,prod,Python,MEDIUM
5c915e3fbd35915f2fffabfc3f8df12ca677b2f2,method,_extract_name,"def _extract_name(self, value)",backend/app/services/sync/issue_sync_service.py,347,353,7,7,d69c03e727cee5c29e69c85654bde0fa21110b55,prod,Python,MEDIUM
43c0722d629938b782bf2dad04d43283996c5640,method,_update_people_fields,"def _update_people_fields(self, db_issue, fields, is_raw)",backend/app/services/sync/issue_sync_service.py,355,383,29,29,d69c03e727cee5c29e69c85654bde0fa21110b55,prod,Python,MEDIUM
f344ef0b25a87c67abe8b2840df9e5ce242c9746,method,_update_time_fields,"def _update_time_fields(self, db_issue, fields, is_raw)",backend/app/services/sync/issue_sync_service.py,385,404,20,20,d69c03e727cee5c29e69c85654bde0fa21110b55,prod,Python,MEDIUM
b90bef93cb08511c3b85ea8d237c63b5f485c951,method,_update_date_fields,"def _update_date_fields(self, db_issue, fields, is_raw)",backend/app/services/sync/issue_sync_service.py,406,422,17,17,d69c03e727cee5c29e69c85654bde0fa21110b55,prod,Python,MEDIUM
e2786b7884390aab12b4fe5f15eff368c0d3e8d5,method,_update_components,"def _update_components(self, db_issue, fields)",backend/app/services/sync/issue_sync_service.py,424,434,11,11,d69c03e727cee5c29e69c85654bde0fa21110b55,prod,Python,MEDIUM
9e90868e9f31ab998e07b88b85b369c24ead0c2d,method,_verify_batch,"async def _verify_batch(self, project_id, batch, db)",backend/app/services/sync/issue_sync_service.py,436,459,24,24,d69c03e727cee5c29e69c85654bde0fa21110b55,prod,Python,MEDIUM
38bebc23cd177a0ae703c246e38a2fc5805689bf,constructor,__init__,def __init__(self),backend/app/services/sync/project_sync_orchestrator.py,64,68,5,5,c80ef162b05ff91adf417f2af0df89bcc8aded52,prod,Python,MEDIUM
2db8b5b61e4b76943e74adf8c809ee1f2697b155,method,sync_project,"async def sync_project(self, project_key, project_id)",backend/app/services/sync/project_sync_orchestrator.py,70,153,84,84,c80ef162b05ff91adf417f2af0df89bcc8aded52,prod,Python,MEDIUM
d7544efcae0e239a42dafee1c4d4d04432d663e5,method,_ensure_jira_connection,async def _ensure_jira_connection(self),backend/app/services/sync/project_sync_orchestrator.py,155,178,24,24,c80ef162b05ff91adf417f2af0df89bcc8aded52,prod,Python,MEDIUM
263c1fd28132e5c07ffc1dc995b57af802740b76,method,_fetch_issues,"async def _fetch_issues(self, project_key)",backend/app/services/sync/project_sync_orchestrator.py,180,188,9,9,c80ef162b05ff91adf417f2af0df89bcc8aded52,prod,Python,MEDIUM
f7649e494f72289b68fe2bdcddae46db2073936b,method,_sync_issues,"async def _sync_issues(self, project_key, project_id, issues)",backend/app/services/sync/project_sync_orchestrator.py,190,208,19,19,c80ef162b05ff91adf417f2af0df89bcc8aded52,prod,Python,MEDIUM
29257f3f53bc4b85d56b2af534bfe1f7ebb213b6,method,_sync_worklogs,"async def _sync_worklogs(self, project_key, project_id, issues)",backend/app/services/sync/project_sync_orchestrator.py,210,228,19,19,c80ef162b05ff91adf417f2af0df89bcc8aded52,prod,Python,MEDIUM
96e6771163039214bbb33124fc0007a3a6e279e0,method,_sync_snapshots,"async def _sync_snapshots(self, project_id)",backend/app/services/sync/project_sync_orchestrator.py,230,241,12,12,c80ef162b05ff91adf417f2af0df89bcc8aded52,prod,Python,MEDIUM
d58cfa1223abf103282a42f4a7c9e26795dec1ff,method,_sync_boards,"async def _sync_boards(self, project_key, project_id)",backend/app/services/sync/project_sync_orchestrator.py,243,259,17,17,c80ef162b05ff91adf417f2af0df89bcc8aded52,prod,Python,MEDIUM
736d0195139d533c7cc1ea5332ffa38255c9958e,method,_update_project_metadata,"async def _update_project_metadata(self, project_id, issues)",backend/app/services/sync/project_sync_orchestrator.py,261,280,20,20,c80ef162b05ff91adf417f2af0df89bcc8aded52,prod,Python,MEDIUM
54ebf1f92fc9a9b46111a9537b470b74c1900356,method,_update_project_dates,"async def _update_project_dates(self, project_key, project_id)",backend/app/services/sync/project_sync_orchestrator.py,282,321,40,40,c80ef162b05ff91adf417f2af0df89bcc8aded52,prod,Python,MEDIUM
843d3f593c7d3e9db5af242a5df3b830fcccb2cc,method,_notify_success,"async def _notify_success(self, project_key, project_id)",backend/app/services/sync/project_sync_orchestrator.py,323,325,3,3,c80ef162b05ff91adf417f2af0df89bcc8aded52,prod,Python,MEDIUM
da755ec59b90519e925071ced3d5a44ce2a02fc9,method,_notify_failure,"async def _notify_failure(self, project_key, project_id, reason, detail)",backend/app/services/sync/project_sync_orchestrator.py,327,341,15,15,c80ef162b05ff91adf417f2af0df89bcc8aded52,prod,Python,MEDIUM
cb6afd7390c12503a5a299710e880c5aa291276c,method,_notify,"async def _notify(self, event_type, **payload)",backend/app/services/sync/project_sync_orchestrator.py,343,349,7,7,c80ef162b05ff91adf417f2af0df89bcc8aded52,prod,Python,MEDIUM
76bcdb9178fbd05da738b007ddd5bb3ad2298c94,method,__post_init__,def __post_init__(self),backend/app/services/sync/sprint_snapshot_service.py,28,30,3,3,bf92a3da77336df8769d48e832469d55c4a16400,prod,Python,MEDIUM
38f4134526c4357e74c7f208b79bf58fa2d7f91d,method,create_snapshots,"async def create_snapshots(self, project_id, db)",backend/app/services/sync/sprint_snapshot_service.py,45,108,64,64,d80518d3ef6fdb4cc75464ad8aae5540298d04e9,prod,Python,MEDIUM
fc21f496039c94d7321e92132c8c67d55c684a1b,method,_create_sprint_snapshots,"async def _create_sprint_snapshots(self, sprint, project_id, db)",backend/app/services/sync/sprint_snapshot_service.py,110,167,58,58,d80518d3ef6fdb4cc75464ad8aae5540298d04e9,prod,Python,MEDIUM
458cb616ac55f739bdc5dcccc704ac462763d6d2,method,_calculate_daily_work,"async def _calculate_daily_work(self, sprint_tasks, start, end, db)",backend/app/services/sync/sprint_snapshot_service.py,169,211,43,43,d80518d3ef6fdb4cc75464ad8aae5540298d04e9,prod,Python,MEDIUM
03ed47c28d89eae3efb011ee66d92c46d722b5b8,method,_generate_daily_snapshots,"async def _generate_daily_snapshots(self, sprint, sprint_tasks, start, end, commitment, spent_per_day, db)",backend/app/services/sync/sprint_snapshot_service.py,213,265,53,53,d80518d3ef6fdb4cc75464ad8aae5540298d04e9,prod,Python,MEDIUM
1c019e7db6a56336cb3897e16faed7660dc327ff,method,__post_init__,def __post_init__(self),backend/app/services/sync/worklog_sync_service.py,32,34,3,3,46d5c6497862a6e64658c5589bcece909334ae3a,prod,Python,MEDIUM
feb99d961e6e2447d382bcec6062aafc0ff6bb97,constructor,__init__,"def __init__(self, jira_service)",backend/app/services/sync/worklog_sync_service.py,50,51,2,2,f1217fe03b4a382eaec67acdf483c0d1cff28a2c,prod,Python,MEDIUM
72cbbf120799c35130d48510faa1cc8ef3d4811e,method,sync_worklogs,"async def sync_worklogs(self, project_key, project_id, issues, db)",backend/app/services/sync/worklog_sync_service.py,53,144,92,92,f1217fe03b4a382eaec67acdf483c0d1cff28a2c,prod,Python,MEDIUM
c80db0e6a7becd93dddbab581d2fce9368ef5b40,method,_sync_issue_worklogs,"async def _sync_issue_worklogs(self, issue_key, project_id, db, task_id_map)",backend/app/services/sync/worklog_sync_service.py,146,203,58,58,f1217fe03b4a382eaec67acdf483c0d1cff28a2c,prod,Python,MEDIUM
670afab7544814d342a270e2a9971aca4b3fed0e,method,_upsert_worklog,"async def _upsert_worklog(self, worklog, task_id, db)",backend/app/services/sync/worklog_sync_service.py,205,236,32,32,f1217fe03b4a382eaec67acdf483c0d1cff28a2c,prod,Python,MEDIUM
24bcadc6d0c9d0898b24b5118457d9020bea44c1,method,_batch_fetch_task_ids,"async def _batch_fetch_task_ids(self, db, issue_keys, project_id)",backend/app/services/sync/worklog_sync_service.py,238,268,31,31,f1217fe03b4a382eaec67acdf483c0d1cff28a2c,prod,Python,MEDIUM
c8c54a6a67523642ba3e386aaf7127a9dfb50418,constructor,__init__,"def __init__(self, task_id, name, user_id)",backend/app/services/task_manager.py,24,36,13,13,59a8e04d99b4222034b21d60c1b208b5b257dc38,prod,Python,MEDIUM
e4c452a9294a48863582844affb0ac8c0baf5a58,method,to_dict,def to_dict(self),backend/app/services/task_manager.py,38,55,18,18,59a8e04d99b4222034b21d60c1b208b5b257dc38,prod,Python,MEDIUM
adbc4f9e8533cdd57550257c7c80778627be02d0,constructor,__init__,def __init__(self),backend/app/services/task_manager.py,58,63,6,6,77d3126e02cf6b0c2870556370d6876dd6c2c42a,prod,Python,MEDIUM
1477216b2e1fa878f4629b302ca671f9980e7093,method,_init_redis,def _init_redis(self),backend/app/services/task_manager.py,65,80,16,16,77d3126e02cf6b0c2870556370d6876dd6c2c42a,prod,Python,MEDIUM
995cef09352f2d39a6c16c0e70887d3732d1b57c,method,create_task,"def create_task(self, name, user_id)",backend/app/services/task_manager.py,82,103,22,22,77d3126e02cf6b0c2870556370d6876dd6c2c42a,prod,Python,MEDIUM
07d08fbcfceb50a6a8bc12d757fe86f3dbdf460a,method,get_task,"def get_task(self, task_id)",backend/app/services/task_manager.py,105,128,24,24,77d3126e02cf6b0c2870556370d6876dd6c2c42a,prod,Python,MEDIUM
e18846e0056778f0f83b9fc583ab93de14b68906,method,update_task,"def update_task(self, task_id, **kwargs)",backend/app/services/task_manager.py,130,157,28,28,77d3126e02cf6b0c2870556370d6876dd6c2c42a,prod,Python,MEDIUM
ef8879a316e5bec80917ddc702f3422b8601ae47,method,update_progress,"def update_progress(self, task_id, progress, message)",backend/app/services/task_manager.py,159,161,3,3,77d3126e02cf6b0c2870556370d6876dd6c2c42a,prod,Python,MEDIUM
bb5ef45c3b4f448c529d0f46294f3afefa05802f,method,complete_task,"def complete_task(self, task_id, result)",backend/app/services/task_manager.py,163,171,9,9,77d3126e02cf6b0c2870556370d6876dd6c2c42a,prod,Python,MEDIUM
b6dde8edb0eb90b7f4efd5ef7f02848fde7fcd45,method,fail_task,"def fail_task(self, task_id, error)",backend/app/services/task_manager.py,173,180,8,8,77d3126e02cf6b0c2870556370d6876dd6c2c42a,prod,Python,MEDIUM
2ede9a46f4a43ab49e8f28a24a0b1c1d3f54d0d2,method,cancel_task,"def cancel_task(self, task_id)",backend/app/services/task_manager.py,182,193,12,12,77d3126e02cf6b0c2870556370d6876dd6c2c42a,prod,Python,MEDIUM
ee59815aa99e61c64319579ad5b02f9ec3c27c9a,method,is_cancelled,"def is_cancelled(self, task_id)",backend/app/services/task_manager.py,195,198,4,4,77d3126e02cf6b0c2870556370d6876dd6c2c42a,prod,Python,MEDIUM
5ddd856110f120096d87e5687eef939903a67a7c,method,run_async,"async def run_async(self, task_id, func, *args, **kwargs)",backend/app/services/task_manager.py,200,246,47,47,77d3126e02cf6b0c2870556370d6876dd6c2c42a,prod,Python,MEDIUM
45e30fffc7ade693cec590edec8bc27fc041474d,method,get_user_tasks,"def get_user_tasks(self, user_id, include_completed)",backend/app/services/task_manager.py,248,258,11,11,77d3126e02cf6b0c2870556370d6876dd6c2c42a,prod,Python,MEDIUM
28793b11da39156cf8c67362b3be656d9b4466bd,method,_cleanup_old_tasks,def _cleanup_old_tasks(self),backend/app/services/task_manager.py,260,277,18,18,77d3126e02cf6b0c2870556370d6876dd6c2c42a,prod,Python,MEDIUM
26044a762196681e7279c7035e60a0ccb3c040c4,method,_send_progress_notification,"def _send_progress_notification(self, task)",backend/app/services/task_manager.py,279,290,12,12,77d3126e02cf6b0c2870556370d6876dd6c2c42a,prod,Python,MEDIUM
708ed9d4d3c6d6eaabdd22064559d258d10f6306,function,background_task,def background_task(name),backend/app/services/task_manager.py,298,313,16,16,,prod,Python,MEDIUM
551837857a610aa5d3cf94d5775e0ad6b57df21c,function,decorator,def decorator(func),backend/app/services/task_manager.py,300,312,13,13,,prod,Python,MEDIUM
99654a2384119d7dc32bda16c9e18b17f43d8dd7,function,wrapper,"async def wrapper(*args, **kwargs)",backend/app/services/task_manager.py,301,310,10,10,,prod,Python,MEDIUM
39a23eaa45f6c714e40fc8a888dc22f609defb81,constructor,__init__,"def __init__(self, min_similarity, max_suggestions_per_artifact, ngram_range)",backend/app/services/text_similarity.py,67,95,29,29,8b38ee0541dc5eace74ae1300d535c5804a68536,prod,Python,MEDIUM
96dc2b1436cacb8fd28e9912c08d7e0fb50ce989,method,_preprocess_text,"def _preprocess_text(self, text)",backend/app/services/text_similarity.py,97,129,33,33,8b38ee0541dc5eace74ae1300d535c5804a68536,prod,Python,MEDIUM
87c0882b4d298881362dd977daeca0a88ef66989,method,_get_artifact_text,"def _get_artifact_text(self, artifact)",backend/app/services/text_similarity.py,131,161,31,31,8b38ee0541dc5eace74ae1300d535c5804a68536,prod,Python,MEDIUM
e7be1972282d2b28f1a899c4fbfc40a611341dae,method,build_index,"async def build_index(self, db, project_id, artifact_types)",backend/app/services/text_similarity.py,163,222,60,60,8b38ee0541dc5eace74ae1300d535c5804a68536,prod,Python,MEDIUM
569eb78c23ec0d691932afc75ccb2176fb990b71,method,find_similar,"def find_similar(self, artifact_idx, top_k)",backend/app/services/text_similarity.py,224,260,37,37,8b38ee0541dc5eace74ae1300d535c5804a68536,prod,Python,MEDIUM
52691f5c96b3c750c6f933ffc74bcb10b7c3f34a,method,generate_suggestions,"async def generate_suggestions(self, db, project_id, artifact_types, rebuild_index)",backend/app/services/text_similarity.py,262,368,107,107,8b38ee0541dc5eace74ae1300d535c5804a68536,prod,Python,MEDIUM
0a2224111d9b45f3722cee298506016ed6cdb390,method,store_suggestions,"async def store_suggestions(self, db, suggestions, project_id, tenant_id)",backend/app/services/text_similarity.py,370,414,45,45,8b38ee0541dc5eace74ae1300d535c5804a68536,prod,Python,MEDIUM
162d7c69b899f4b04b8cecc8a6a1b5f45b25a8b7,method,find_similar_to_artifact,"async def find_similar_to_artifact(self, db, artifact_id, top_k)",backend/app/services/text_similarity.py,416,447,32,32,8b38ee0541dc5eace74ae1300d535c5804a68536,prod,Python,MEDIUM
2dfb86699d62c634234c9c32967cf6993afa4ff7,function,get_similarity_service,def get_similarity_service(),backend/app/services/text_similarity.py,454,459,6,6,,prod,Python,MEDIUM
c7f0abcb4e2a2ec3417e0750f45b20b3eae4f5f7,constructor,__init__,def __init__(self),backend/app/tasks/confluence_tasks.py,25,31,7,7,47239c4d00d093964f49fbde65689f65666db6d0,prod,Python,MEDIUM
35a05876412dccd000a2a47a38eca16897b44cdf,method,update_progress,"def update_progress(self, message, percent)",backend/app/tasks/confluence_tasks.py,33,67,35,35,47239c4d00d093964f49fbde65689f65666db6d0,prod,Python,MEDIUM
77bf1da58d58e00dc2b37f0810c62a3f76881174,function,sync_confluence_space,"def sync_confluence_space(self, space_key, query, channel_id, full_sync)",backend/app/tasks/confluence_tasks.py,80,148,69,69,,prod,Python,MEDIUM
eccb5892c07aee112ced7a632c3d72acca904ff4,function,_async_sync_space,"async def _async_sync_space(task, space_key, query, full_sync)",backend/app/tasks/confluence_tasks.py,151,259,109,109,,prod,Python,MEDIUM
cc00ab3aea038e33b238d584045858d4dce67e53,function,_process_page,"async def _process_page(db, page_data)",backend/app/tasks/confluence_tasks.py,262,314,53,53,,prod,Python,MEDIUM
b34aae02aa03c437b5aa1ee16b5f56e4fb73c4e2,function,scheduled_confluence_sync,def scheduled_confluence_sync(),backend/app/tasks/confluence_tasks.py,319,325,7,7,,prod,Python,MEDIUM
8a91da5cd01ae8e1f5004698e211764fa3a11c44,constructor,__init__,def __init__(self),backend/app/tasks/jira_tasks.py,28,34,7,7,5ffd53335459b199611b402403b2769d1d916193,prod,Python,MEDIUM
5b9db8c9f60ecc8132f775c218b781f8f22ff1eb,method,update_progress,"def update_progress(self, message, percent)",backend/app/tasks/jira_tasks.py,36,70,35,35,5ffd53335459b199611b402403b2769d1d916193,prod,Python,MEDIUM
7648854facbf80276e105c697105e1dd1428dd2d,function,sync_jira_project,"def sync_jira_project(self, project_key, project_id, channel_id)",backend/app/tasks/jira_tasks.py,83,201,119,119,,prod,Python,MEDIUM
a27be85eb611b2101744b28970e0c1028193260b,function,_ensure_jira_connected,async def _ensure_jira_connected(),backend/app/tasks/jira_tasks.py,112,129,18,18,,prod,Python,MEDIUM
1bf1f5645ac66e2417986fd17685b472d73b302e,function,bulk_delete_by_ids,"async def bulk_delete_by_ids(db, model, ids, chunk_size)",backend/app/utils/batch_operations.py,31,64,34,34,,prod,Python,MEDIUM
0971dc37c173cc91ccb3a8a170c71f05c8fdee7a,function,bulk_delete_with_cascade_check,"async def bulk_delete_with_cascade_check(db, model, ids, dependent_models, chunk_size)",backend/app/utils/batch_operations.py,67,108,42,42,,prod,Python,MEDIUM
d9dc1db4d1a3dd192c754088a36131189e644560,function,batch_fetch_by_ids,"async def batch_fetch_by_ids(db, model, ids, eager_load)",backend/app/utils/batch_operations.py,115,152,38,38,,prod,Python,MEDIUM
3efca67be85645b98b8c46e589b11158f3e998cd,function,batch_fetch_related,"async def batch_fetch_related(db, main_model, main_ids, related_model, foreign_key)",backend/app/utils/batch_operations.py,155,193,39,39,,prod,Python,MEDIUM
da37536cedb4e28a19e0daf54b8c1d50b3d786cc,function,detect_cycles_batched,"async def detect_cycles_batched(db, link_model, from_column, to_column, start_id, target_id, project_id, max_depth)",backend/app/utils/batch_operations.py,200,253,54,54,,prod,Python,MEDIUM
219d6062f15f41cc9c559905bb1279658de0d999,function,traverse_graph_batched,"async def traverse_graph_batched(db, node_model, link_model, start_id, from_column, to_column, max_depth, project_id)",backend/app/utils/batch_operations.py,256,330,75,75,,prod,Python,MEDIUM
b0a5d87990afa387797642080402ff7eb8557db5,function,bulk_update_by_ids,"async def bulk_update_by_ids(db, model, ids, updates, chunk_size)",backend/app/utils/batch_operations.py,337,369,33,33,,prod,Python,MEDIUM
a0bbeaa30dd28673f110ce36178cb264da093ce8,function,bulk_update_conditional,"async def bulk_update_conditional(db, model, conditions, updates)",backend/app/utils/batch_operations.py,372,410,39,39,,prod,Python,MEDIUM
5ce0d8cab5929b4307aacffd4e6ebbd3f57f6593,function,aggregate_by_group,"async def aggregate_by_group(db, model, group_column, aggregations, filters)",backend/app/utils/batch_operations.py,417,470,54,54,,prod,Python,MEDIUM
4fbcfee6ac5fb9480a51182e2343dffc15f1a073,function,parse_datetime,def parse_datetime(value),backend/app/utils/datetime_utils.py,7,69,63,63,,prod,Python,MEDIUM
b835453d1c550a720a9ca10d6cdb360f1712c47c,function,transactional_session,"async def transactional_session(db, auto_commit, reraise, log_errors, error_message, exception_type)",backend/app/utils/db_operations.py,16,103,88,88,,prod,Python,MEDIUM
2a204bcd1e23d873c4c9e0af00d7e8c56441a450,function,execute_with_lock,"async def execute_with_lock(db, query)",backend/app/utils/db_operations.py,106,142,37,37,,prod,Python,MEDIUM
d76d86309a95b1805de603a58f6769fa8dd42ada,function,get_or_404,"async def get_or_404(db, query, entity_name)",backend/app/utils/entity.py,11,53,43,43,,prod,Python,MEDIUM
af7ee40b90fcd6471dd4dd3b2ff2ef5d470eb044,function,get_by_id_or_404,"async def get_by_id_or_404(db, model, entity_id, entity_name)",backend/app/utils/entity.py,56,98,43,43,,prod,Python,MEDIUM
548cd127576ebdc1598bf608358ca2809852bf4b,function,handle_api_error,"def handle_api_error(operation, status_code, context, log_level, exception_map)",backend/app/utils/error_handling.py,32,134,103,103,,prod,Python,MEDIUM
0d6565374cbe1f3e7a06c49eb0c5c90c4db5e3db,function,async_handle_api_error,"async def async_handle_api_error(operation, status_code, context, log_level, exception_map, db_session)",backend/app/utils/error_handling.py,138,216,79,79,,prod,Python,MEDIUM
250decd6b3c2b35c4e9c91e68fc01e4ed70843b5,function,api_error_handler,"def api_error_handler(operation, status_code, context_fn, exception_map)",backend/app/utils/error_handling.py,219,281,63,63,,prod,Python,MEDIUM
c44ca40e9e411a75c50d2d6afde2f2b34d24676d,function,decorator,def decorator(func),backend/app/utils/error_handling.py,251,279,29,29,,prod,Python,MEDIUM
8c268f53bc56dbf39ea0a3ba06a6a51b2810dc94,function,async_wrapper,"async def async_wrapper(*args, **kwargs)",backend/app/utils/error_handling.py,253,261,9,9,,prod,Python,MEDIUM
68b439a84862fc3c8758e8db0b3872e47140e139,function,sync_wrapper,"def sync_wrapper(*args, **kwargs)",backend/app/utils/error_handling.py,264,272,9,9,,prod,Python,MEDIUM
0d1e0df0da022b884d148b1a3c5e8c9f9e547a85,function,count_with_filters,"async def count_with_filters(db, model, filters)",backend/app/utils/pagination.py,11,44,34,34,,prod,Python,MEDIUM
3bd0c8e100beefc2e33dc9ff2319f98570ebea9d,function,paginate_query,"async def paginate_query(db, query, skip, limit)",backend/app/utils/pagination.py,47,76,30,30,,prod,Python,MEDIUM
d9b356d36b3762fd8905abf8b0fb7db286206655,function,root,def root(),backend/app_simple.py,15,20,6,6,,prod,Python,MEDIUM
3f3770d034c3c7cc9686861acdd9544739fab8d4,function,health_check,def health_check(),backend/app_simple.py,23,24,2,2,,prod,Python,MEDIUM
77a50c2c6ead02f9f0ea98c5d0e5447f6fdd2f57,function,connect_to_jira,def connect_to_jira(),backend/app_simple.py,27,38,12,12,,prod,Python,MEDIUM
b2ec81c0d3a01a385858e222f3780143b3a35260,function,get_jira_project,def get_jira_project(project_key),backend/app_simple.py,41,49,9,9,,prod,Python,MEDIUM
089826b8a459358b5be3a458aa5bc4d57e86e5b1,function,get_project_issues,def get_project_issues(project_key),backend/app_simple.py,52,133,82,82,,prod,Python,MEDIUM
0a60ea15336f9a25361add56706645bfa6ddc4f2,function,get_projects,def get_projects(),backend/app_simple.py,136,177,42,42,,prod,Python,MEDIUM
45876a3b6d4e9424c337749833e1f9fc82b099b6,function,get_project_velocity,def get_project_velocity(project_id),backend/app_simple.py,180,195,16,16,,prod,Python,MEDIUM
e00dc8a2da6d2a3fa5b9d9fb04cbd79b9914191b,function,identify_project_risks,def identify_project_risks(project_id),backend/app_simple.py,198,235,38,38,,prod,Python,MEDIUM
b04fb0bcc848168a285347cc2b6bee196e10cdc7,function,forecast_completion,def forecast_completion(project_id),backend/app_simple.py,238,249,12,12,,prod,Python,MEDIUM
9d435716f1e8fe173fd6dee906ed9b7785e0ada7,function,get_demo_analytics,def get_demo_analytics(),backend/app_simple.py,252,279,28,28,,prod,Python,MEDIUM
784c513932f4e84afa58fc582ba163c9c9d4f1cc,function,check,async def check(),backend/check_db.py,6,21,16,16,,prod,Python,MEDIUM
d397caef497f0699ff8c6357fb2e987da05f97cb,function,check,async def check(),backend/check_prim.py,7,28,22,22,,prod,Python,MEDIUM
f27235ccd0dd022e11ab37d3eafb9b88cbaa4bcf,function,create_tables,async def create_tables(),backend/create_db.py,10,14,5,5,,prod,Python,MEDIUM
bd18662f9df192087ca680ff6be68c1791409132,function,test_sync_with_logging,async def test_sync_with_logging(),backend/debug_sync.py,22,90,69,69,,prod,Python,MEDIUM
6e332b804100ce3c57723a162eabe9dddc0b3003,function,setup_jira,async def setup_jira(),backend/debug_sync.py,103,113,11,11,,prod,Python,MEDIUM
ee6373c05f49164714b973ee6c4eb1d623be9460,function,fix_orphaned_tasks,async def fix_orphaned_tasks(),backend/fix_orphaned_tasks.py,12,56,45,45,,prod,Python,MEDIUM
3f3cb1c7dcbed8ad65e6007acd79895829863a7f,function,check_current_status,async def check_current_status(),backend/fix_orphaned_tasks.py,58,84,27,27,,prod,Python,MEDIUM
0e442c5c9b433a68ac927e295f456cfc55b1a182,function,main,async def main(),backend/inspect_meta.py,6,10,5,5,,prod,Python,MEDIUM
da2e71052adf76407da7b17511d9b72b57b114b2,method,has_permission,"def has_permission(self, perm)",backend/inspect_project_api.py,7,8,2,2,9d240b57402c765a0fdcb8c3445c59d48752da17,prod,Python,MEDIUM
bca399bd236981ed95a46f5d20b667e8048895ea,function,override_get_current_user,async def override_get_current_user(),backend/inspect_project_api.py,10,12,3,3,,prod,Python,MEDIUM
f983324d1f06bf3ffa076cabd16a530d0e40d7b9,function,main,async def main(),backend/inspect_project_schema.py,7,37,31,31,,prod,Python,MEDIUM
bf019c26dc2cda750339cc1e59e1f76b0e81710a,function,run_worker,def run_worker(),backend/run_celery_worker.py,16,47,32,32,,prod,Python,MEDIUM
6354470c972afcabdee7b1b70bdf993647121cb4,function,main,async def main(),backend/scripts/assign_demo_role.py,18,54,37,37,,prod,Python,MEDIUM
a70a1a4fde20b8febaa45bd5e43ca2e0db09f7d5,function,is_encrypted,def is_encrypted(value),backend/scripts/encrypt_existing_credentials.py,48,52,5,5,,prod,Python,MEDIUM
18ecf520887631283d0f640599d3d6ed40c9d1b0,function,encrypt_integration_settings,"async def encrypt_integration_settings(session, dry_run)",backend/scripts/encrypt_existing_credentials.py,55,146,92,92,,prod,Python,MEDIUM
63980d4b71f1668271c2ae8656f749886d7b896f,function,print_summary,"def print_summary(stats, dry_run)",backend/scripts/encrypt_existing_credentials.py,149,170,22,22,,prod,Python,MEDIUM
fa53a29566237c84bcfd9ebdfe8599de2774b54f,function,main,async def main(),backend/scripts/encrypt_existing_credentials.py,173,220,48,48,,prod,Python,MEDIUM
7f9d96407a8c81c78a695bf667f611ccde8822bb,constructor,__init__,def __init__(self),backend/scripts/profile_performance.py,51,53,3,3,bb81afbd9dcce03678ddcc161e28b0b039e59468,prod,Python,MEDIUM
eee61b973dab0e2cfa34f59f8f43c207a90ff675,method,before_execute,"def before_execute(self, conn, clauseelement, multiparams, params, execution_options)",backend/scripts/profile_performance.py,55,56,2,2,bb81afbd9dcce03678ddcc161e28b0b039e59468,prod,Python,MEDIUM
98c72002815d09366b88590aa805eaf4df71d694,method,after_execute,"def after_execute(self, conn, clauseelement, multiparams, params, execution_options, result)",backend/scripts/profile_performance.py,58,66,9,9,bb81afbd9dcce03678ddcc161e28b0b039e59468,prod,Python,MEDIUM
77c07f2186c0e9dee329b6f439d13a95d41c8ad9,method,clear,def clear(self),backend/scripts/profile_performance.py,68,69,2,2,bb81afbd9dcce03678ddcc161e28b0b039e59468,prod,Python,MEDIUM
ed4db82f136eefde188bd52cc06484ed2049e8c3,method,summary,def summary(self),backend/scripts/profile_performance.py,71,83,13,13,bb81afbd9dcce03678ddcc161e28b0b039e59468,prod,Python,MEDIUM
1ee1575b70fef588ffe8a8bb1869ab0eca5b89e4,function,profile_endpoint,"async def profile_endpoint(session, name, query_func, logger, iterations)",backend/scripts/profile_performance.py,90,130,41,41,,prod,Python,MEDIUM
d49cea2b2a4eab7f04a608a029ed01d1d6675251,function,test_tasks_list,async def test_tasks_list(session),backend/scripts/profile_performance.py,133,145,13,13,,prod,Python,MEDIUM
fd056381418f4e394e1f1a117432194847ade797,function,test_tasks_with_filters,async def test_tasks_with_filters(session),backend/scripts/profile_performance.py,148,161,14,14,,prod,Python,MEDIUM
9e1b00a6b62e8a8f13bbdfddf5ff3680d84ae08e,function,test_sprint_velocity,async def test_sprint_velocity(session),backend/scripts/profile_performance.py,164,185,22,22,,prod,Python,MEDIUM
e3565b008e92fe99bb08834d1585e4e0a102b7c2,function,test_test_results_trend,async def test_test_results_trend(session),backend/scripts/profile_performance.py,188,203,16,16,,prod,Python,MEDIUM
e35d7d99cecb009b5dcc0c6a968ee566cf987932,function,test_coverage_history,async def test_coverage_history(session),backend/scripts/profile_performance.py,206,217,12,12,,prod,Python,MEDIUM
b4dbe986eac374f4762ae8bdca621b0a4bf4a136,function,test_n1_simulation,async def test_n1_simulation(session),backend/scripts/profile_performance.py,220,235,16,16,,prod,Python,MEDIUM
42d89caa91e0cbad80c7e24bacee874726c02e1e,function,test_batch_alternative,async def test_batch_alternative(session),backend/scripts/profile_performance.py,238,256,19,19,,prod,Python,MEDIUM
b417cc509b994583a063bfa88bca3d008b627089,function,analyze_indexes,async def analyze_indexes(session),backend/scripts/profile_performance.py,263,321,59,59,,prod,Python,MEDIUM
4890364730d64d6945bbdc6d554a4496cfb73f37,function,run_profiling,async def run_profiling(),backend/scripts/profile_performance.py,328,449,122,122,,prod,Python,MEDIUM
a2eec7b557dcc04edeac1229d27f644b5d933037,function,seed_roles,async def seed_roles(session),backend/scripts/seed_roles.py,33,87,55,55,,prod,Python,MEDIUM
bdced6cb7215c729734b95eb812921e2b68fd876,function,main,async def main(),backend/scripts/seed_roles.py,90,101,12,12,,prod,Python,MEDIUM
cdac4a44eb6eba30d631cffed3c1c1429b6310b6,function,test,async def test(),backend/test_api.py,5,23,19,19,,prod,Python,MEDIUM
5d8546cbba8d6ce3e53a67b6341a7f384ae55b5a,function,test_cloud_auth,def test_cloud_auth(),backend/test_confluence_auth.py,20,40,21,21,,prod,Python,MEDIUM
78bf9a04082e604db51cba9bd15b2d75c1d4c614,function,test_datacenter_auth,def test_datacenter_auth(),backend/test_confluence_auth.py,43,62,20,20,,prod,Python,MEDIUM
1c86e0d86bb5eb8b3553f5ded080ef4fbf7628a7,function,test_auto_detect,def test_auto_detect(),backend/test_confluence_auth.py,65,84,20,20,,prod,Python,MEDIUM
93d2d74e027c3e0b9c28807956aa2685ba4733b5,function,test_confluence_pat,def test_confluence_pat(),backend/test_confluence_pat.py,21,85,65,65,,prod,Python,MEDIUM
19dde03e0565d3260092935c31d6c0a9b4622f77,function,test_database_operations,async def test_database_operations(),backend/test_db_operations.py,17,157,141,141,,prod,Python,MEDIUM
98e6ab20c5cfa2cead02e6c0f95bc5e4d3a7b963,function,test,async def test(),backend/test_frontend.py,5,26,22,22,,prod,Python,MEDIUM
53af3003940da41d905426c8946d57636196eccf,function,setup_test_database,async def setup_test_database(),backend/test_gitlab_sync.py,37,89,53,53,,prod,Python,MEDIUM
356d848d1f1c6649c2127a1bf724588734ecd78f,function,test_gitlab_sync,async def test_gitlab_sync(),backend/test_gitlab_sync.py,92,153,62,62,,prod,Python,MEDIUM
9f22b82a00c489cc12a131683bdf1fd0c847f209,function,test_jira,async def test_jira(),backend/test_jira_api.py,8,63,56,56,,prod,Python,MEDIUM
b92dc8916329077b786bd792e9ef4d7f6b5f54b7,function,test_sync,async def test_sync(),backend/test_jira_sync.py,9,115,107,107,,prod,Python,MEDIUM
54291dfdd85dad3996b5414d8df840cbb78211db,function,test_meta_update,async def test_meta_update(),backend/test_meta_update.py,8,53,46,46,,prod,Python,MEDIUM
d79cd31b7e6f3a644c3c6929eb4165220b6c7602,function,test_project_repository_binding,async def test_project_repository_binding(),backend/test_project_repository.py,8,66,59,59,,prod,Python,MEDIUM
a6ba3cd9e8ab7f167911cc64352ee8a5af125e5f,function,test_tasks_endpoint,def test_tasks_endpoint(limit),backend/test_tasks_performance.py,9,69,61,61,,prod,Python,MEDIUM
4a8d4a15bf26d405707618fb3db19d4463229d7f,function,reset_database,async def reset_database(),backend/tests/test_analytics_api.py,11,14,4,4,,prod,Python,MEDIUM
7a0495eb7ff7433fd166cae6489dac92af062ed0,function,test_dora_endpoint_returns_metrics,async def test_dora_endpoint_returns_metrics(),backend/tests/test_analytics_api.py,18,74,57,57,,prod,Python,MEDIUM
e7d80efc10f8cbedcd114d53c956a9532b829e80,function,test_velocity_endpoint_aggregates_closed_sprints,async def test_velocity_endpoint_aggregates_closed_sprints(),backend/tests/test_analytics_api.py,78,141,64,64,,prod,Python,MEDIUM
b413cc809a09cbba00a48d1351740fae1de0ab11,function,test_project_burndown_returns_curves,async def test_project_burndown_returns_curves(),backend/tests/test_analytics_api.py,145,201,57,57,,prod,Python,MEDIUM
990d3cf5beb09b8c866211a4c7354ceec8329baa,function,test_test_trend_endpoint_groups_failures,async def test_test_trend_endpoint_groups_failures(),backend/tests/test_analytics_api.py,204,234,31,31,,prod,Python,MEDIUM
5c22d150dc2cbf7b7149d68e0a86afada4e19537,function,test_coverage_trend_endpoint_returns_daily_averages,async def test_coverage_trend_endpoint_returns_daily_averages(),backend/tests/test_analytics_api.py,238,280,43,43,,prod,Python,MEDIUM
162c51802e753cbf11e3b34e521fef215894c147,function,test_project_pr_forecast_returns_average_metrics,async def test_project_pr_forecast_returns_average_metrics(),backend/tests/test_analytics_api.py,284,333,50,50,,prod,Python,MEDIUM
670145c8cd9770ff3e8420ae0932ce5afe01122a,function,test_identify_project_risks_flags_multiple_categories,async def test_identify_project_risks_flags_multiple_categories(),backend/tests/test_analytics_api.py,336,399,64,64,,prod,Python,MEDIUM
91f36d0a196bb50f5434edd6020093420e291d47,function,test_forecast_completion_uses_velocity_and_remaining_hours,async def test_forecast_completion_uses_velocity_and_remaining_hours(),backend/tests/test_analytics_api.py,403,482,80,80,,prod,Python,MEDIUM
e7db459e3799c52494d185ca921b5a079488331a,function,reset_database,async def reset_database(),backend/tests/test_analytics_more.py,11,14,4,4,,prod,Python,MEDIUM
4e487aa0e3a941ccb316630ff1582bee445f3e20,function,test_value_metrics_endpoint_calculates_roi_and_sums,async def test_value_metrics_endpoint_calculates_roi_and_sums(),backend/tests/test_analytics_more.py,18,77,60,60,,prod,Python,MEDIUM
28487556876128949581f887773c09e017a484e5,function,test_team_health_endpoint_returns_counts_and_cycles,async def test_team_health_endpoint_returns_counts_and_cycles(),backend/tests/test_analytics_more.py,81,160,80,80,,prod,Python,MEDIUM
c23e43d1c99efb68ec7e62e96608d313982881f7,function,async_session,async def async_session(),backend/tests/test_analytics_team_health.py,20,27,8,8,,prod,Python,MEDIUM
1abee2b91b420855d1cd9c762274e23a98c5329d,function,test_team_health_metrics,async def test_team_health_metrics(async_session),backend/tests/test_analytics_team_health.py,31,83,53,53,,prod,Python,MEDIUM
3c1c88e5c1239d75be7ead0b09282ed65584421c,function,test_team_health_no_tasks,async def test_team_health_no_tasks(async_session),backend/tests/test_analytics_team_health.py,87,94,8,8,,prod,Python,MEDIUM
9952e47804c6819b459a9facb8646c08aab0e865,method,test_detect_cloud_from_bitbucket_org,def test_detect_cloud_from_bitbucket_org(self),backend/tests/test_bitbucket_integration.py,35,39,5,5,dd6077656963c36b945d0d04e2c4cb8a30f43ab0,prod,Python,MEDIUM
04116690ccc25318a3ea06ca4642fe5729997d2b,method,test_detect_server_from_custom_url,def test_detect_server_from_custom_url(self),backend/tests/test_bitbucket_integration.py,41,45,5,5,dd6077656963c36b945d0d04e2c4cb8a30f43ab0,prod,Python,MEDIUM
f2a170de4649d318246d49fdf933cde4e3349f98,method,test_get_api_base_cloud,def test_get_api_base_cloud(self),backend/tests/test_bitbucket_integration.py,47,50,4,4,dd6077656963c36b945d0d04e2c4cb8a30f43ab0,prod,Python,MEDIUM
b7f18956edc1e76e07673130d4318733cc108d8d,method,test_get_api_base_server,def test_get_api_base_server(self),backend/tests/test_bitbucket_integration.py,52,59,8,8,dd6077656963c36b945d0d04e2c4cb8a30f43ab0,prod,Python,MEDIUM
dab8a91dabcb86266b9ff48b666159d0a2c7d6d7,method,test_build_headers_cloud_basic_auth,def test_build_headers_cloud_basic_auth(self),backend/tests/test_bitbucket_integration.py,61,73,13,13,dd6077656963c36b945d0d04e2c4cb8a30f43ab0,prod,Python,MEDIUM
fe93656ae5f676db73e1b5b6e4794bac42b2d972,method,test_build_headers_cloud_oauth,def test_build_headers_cloud_oauth(self),backend/tests/test_bitbucket_integration.py,75,84,10,10,dd6077656963c36b945d0d04e2c4cb8a30f43ab0,prod,Python,MEDIUM
31ae5e4fd138375b5717b4ef4a5aa8496529a274,method,test_build_headers_server_pat,def test_build_headers_server_pat(self),backend/tests/test_bitbucket_integration.py,86,95,10,10,dd6077656963c36b945d0d04e2c4cb8a30f43ab0,prod,Python,MEDIUM
c70128b472ba7ac9c11f385750fb1b20b98a3cfc,method,test_test_connection_cloud_success,async def test_test_connection_cloud_success(self),backend/tests/test_bitbucket_integration.py,102,127,26,26,e572e026440a232cefbba44d99205c2840a303ff,prod,Python,MEDIUM
dec3f0ee4c5ead30d25732c5b7c410ff6c6783af,method,test_test_connection_auth_failure,async def test_test_connection_auth_failure(self),backend/tests/test_bitbucket_integration.py,130,148,19,19,e572e026440a232cefbba44d99205c2840a303ff,prod,Python,MEDIUM
f7e84761ff7cb8230b9facdeacd462e4200120c3,method,test_test_connection_no_credentials,async def test_test_connection_no_credentials(self),backend/tests/test_bitbucket_integration.py,151,155,5,5,e572e026440a232cefbba44d99205c2840a303ff,prod,Python,MEDIUM
f26485a01866c631bf5dd927a8d843edcd8f3d2e,method,test_fetch_pull_requests_cloud,async def test_fetch_pull_requests_cloud(self),backend/tests/test_bitbucket_integration.py,158,185,28,28,e572e026440a232cefbba44d99205c2840a303ff,prod,Python,MEDIUM
0637eb6dfd904bfd0acb9faac32e3427661f0376,method,test_fetch_commits,async def test_fetch_commits(self),backend/tests/test_bitbucket_integration.py,188,214,27,27,e572e026440a232cefbba44d99205c2840a303ff,prod,Python,MEDIUM
85f30a39d33c598ae3856b939246650aa62fe04c,method,bitbucket_webhook_secret,def bitbucket_webhook_secret(self),backend/tests/test_bitbucket_integration.py,221,223,3,3,991baad07b751ad4027762757501891f41782114,prod,Python,MEDIUM
4dcacc32fa7d5b6572e21c052262f394a4b44200,method,bitbucket_webhook_headers,"def bitbucket_webhook_headers(self, bitbucket_webhook_secret)",backend/tests/test_bitbucket_integration.py,226,238,13,13,991baad07b751ad4027762757501891f41782114,prod,Python,MEDIUM
eafef8cf84533e0b154f75e6445daf33930dde27,function,_headers,def _headers(body),backend/tests/test_bitbucket_integration.py,228,237,10,10,,prod,Python,MEDIUM
1137c3f622531efd2180ba233925429147f90a9e,method,test_bitbucket_push_webhook,"async def test_bitbucket_push_webhook(self, client, db_session, bitbucket_webhook_headers, bitbucket_webhook_secret, monkeypatch)",backend/tests/test_bitbucket_integration.py,240,295,56,56,991baad07b751ad4027762757501891f41782114,prod,Python,MEDIUM
ab7f90d44f5adb420aa13ce0e47d670626fa65ef,method,test_bitbucket_pr_webhook,"async def test_bitbucket_pr_webhook(self, client, db_session, bitbucket_webhook_headers, bitbucket_webhook_secret, monkeypatch)",backend/tests/test_bitbucket_integration.py,297,348,52,52,991baad07b751ad4027762757501891f41782114,prod,Python,MEDIUM
88ef9957cd4f4c72fa62aa9c54fb8a1de6d6d09a,method,test_get_bitbucket_settings,"async def test_get_bitbucket_settings(self, client, auth_headers)",backend/tests/test_bitbucket_integration.py,354,363,10,10,3eae1c6ce8eb0b7986357d78e010a65f0fd087bc,prod,Python,MEDIUM
286131aa2b3933c7c0517229078b49a1d78e5bf4,method,test_put_bitbucket_settings,"async def test_put_bitbucket_settings(self, client, auth_headers)",backend/tests/test_bitbucket_integration.py,365,381,17,17,3eae1c6ce8eb0b7986357d78e010a65f0fd087bc,prod,Python,MEDIUM
6cb946756f1466a897ce852cc96106ebe3d291d0,method,test_test_bitbucket_connection,"async def test_test_bitbucket_connection(self, client, auth_headers, monkeypatch)",backend/tests/test_bitbucket_integration.py,383,410,28,28,3eae1c6ce8eb0b7986357d78e010a65f0fd087bc,prod,Python,MEDIUM
32e3f76fa2c3eb3f1b6e5fa544de2d34cf617979,function,mock_test_connection,"async def mock_test_connection(*args, **kwargs)",backend/tests/test_bitbucket_integration.py,386,391,6,6,,prod,Python,MEDIUM
b110e23008806dbe3d853fffbc42aa8f80d394d9,function,github_webhook_headers,def github_webhook_headers(github_webhook_secret),backend/tests/test_git_endpoints.py,18,30,13,13,,prod,Python,MEDIUM
ec178cd1834a428d0622c1a04ad09f03d452648c,function,_headers,def _headers(body),backend/tests/test_git_endpoints.py,20,29,10,10,,prod,Python,MEDIUM
f29bcf0b2747eb5a87e9650cd036dcbbcb865210,function,github_webhook_secret,def github_webhook_secret(),backend/tests/test_git_endpoints.py,34,36,3,3,,prod,Python,MEDIUM
d28edbb68c5e750034b375d74435e2a1275aa320,function,gitlab_webhook_headers,def gitlab_webhook_headers(gitlab_webhook_secret),backend/tests/test_git_endpoints.py,40,45,6,6,,prod,Python,MEDIUM
244592c781dba0b6fa4ab0b12ae94806da9e7796,function,gitlab_webhook_secret,def gitlab_webhook_secret(),backend/tests/test_git_endpoints.py,49,51,3,3,,prod,Python,MEDIUM
b0d84163072b5ef3a749dfbacb5cfe1637a8ecbb,method,test_github_push_webhook,"async def test_github_push_webhook(self, client, db_session, github_webhook_headers, github_webhook_secret, monkeypatch)",backend/tests/test_git_endpoints.py,57,114,58,58,eb47e225a347645318a517044f67fc658b403dcc,prod,Python,MEDIUM
56bbd5cc6672dfe28da503d3d8f33e84179c97c6,method,test_github_pull_request_webhook,"async def test_github_pull_request_webhook(self, client, db_session, github_webhook_headers, github_webhook_secret, monkeypatch)",backend/tests/test_git_endpoints.py,116,158,43,43,eb47e225a347645318a517044f67fc658b403dcc,prod,Python,MEDIUM
bbb3147b1e8d6fa860ce9430666641bff1f9c99f,method,test_gitlab_push_webhook,"async def test_gitlab_push_webhook(self, client, db_session, gitlab_webhook_headers, gitlab_webhook_secret, monkeypatch)",backend/tests/test_git_endpoints.py,160,199,40,40,eb47e225a347645318a517044f67fc658b403dcc,prod,Python,MEDIUM
88754bcefb4f532b5b954e3c69627defe8bcaa6e,method,test_invalid_github_signature,"async def test_invalid_github_signature(self, client, monkeypatch)",backend/tests/test_git_endpoints.py,201,222,22,22,eb47e225a347645318a517044f67fc658b403dcc,prod,Python,MEDIUM
201d73a3a7b43f14eb46d06cda2ba471fb992a51,method,test_pull_request_list,"async def test_pull_request_list(self, client, db_session, auth_headers)",backend/tests/test_git_endpoints.py,228,264,37,37,6befb9d911f7e4d5a16fe5f772e72ea3f5081b7b,prod,Python,MEDIUM
775366f172900c59b962593b68cc2dc075eee235,method,test_pr_metrics_calculation,"async def test_pr_metrics_calculation(self, client, db_session, auth_headers)",backend/tests/test_git_endpoints.py,266,313,48,48,6befb9d911f7e4d5a16fe5f772e72ea3f5081b7b,prod,Python,MEDIUM
af12af4cce835487a4bd478f568b9595a46738c4,method,test_commits_for_issue,"async def test_commits_for_issue(self, client, db_session, auth_headers)",backend/tests/test_git_endpoints.py,315,374,60,60,6befb9d911f7e4d5a16fe5f772e72ea3f5081b7b,prod,Python,MEDIUM
85792970b4a65fefcedfd8356c6932138f722db1,method,test_ci_results_with_junit,"async def test_ci_results_with_junit(self, client, db_session, auth_headers)",backend/tests/test_git_endpoints.py,380,425,46,46,f37aef5dce34ce74d0a2c7ef8e2b99e0070087cd,prod,Python,MEDIUM
9520f9cf950704ef7125b7cfb9791b96efb534ea,method,test_ci_results_with_cobertura,"async def test_ci_results_with_cobertura(self, client, auth_headers)",backend/tests/test_git_endpoints.py,427,466,40,40,f37aef5dce34ce74d0a2c7ef8e2b99e0070087cd,prod,Python,MEDIUM
cef01bec3dbda17e6758ab3567227e854c1c8ddd,method,test_list_repositories,"async def test_list_repositories(self, client, db_session, auth_headers)",backend/tests/test_git_endpoints.py,472,499,28,28,0cd96eff38d96f6d097b955589d9b3638cb63a17,prod,Python,MEDIUM
b0f49b843e9ba5c4ce5b1404a9b6f833968c6fff,method,test_git_health_check,"async def test_git_health_check(self, client)",backend/tests/test_git_endpoints.py,505,515,11,11,e80a3713fccbbc2a947a7d9be6445dafc3ccdb12,prod,Python,MEDIUM
cfb8a5d6c910e3fc7feb326fcb6657304d179384,function,async_session,async def async_session(),backend/tests/test_git_import_service.py,24,31,8,8,,prod,Python,MEDIUM
1acb8b368601cce35e5e937fabb6b20b8d0ea299,function,test_sync_project_imports_commits_and_prs,"async def test_sync_project_imports_commits_and_prs(monkeypatch, async_session)",backend/tests/test_git_import_service.py,35,118,84,84,,prod,Python,MEDIUM
a6152a6b6939f1be419caeccf9581734a7402afa,function,_fake_ensure_branch,"async def _fake_ensure_branch(db, repo, config)",backend/tests/test_git_import_service.py,92,93,2,2,,prod,Python,MEDIUM
5345d15b36d973f45f785810600f9c962d7d8a10,constructor,__init__,"def __init__(self, rows)",backend/tests/test_git_metrics.py,14,15,2,2,b90c9673623a096c8b6e4db982b70fa5cb023353,prod,Python,MEDIUM
21788e78d6ad2fdbb5f730ce3336794fecbd1c6f,method,scalars,def scalars(self),backend/tests/test_git_metrics.py,17,18,2,2,b90c9673623a096c8b6e4db982b70fa5cb023353,prod,Python,MEDIUM
4b3e3b222ec959400ca7194eeb38d71f8d82b622,method,all,def all(self),backend/tests/test_git_metrics.py,20,21,2,2,b90c9673623a096c8b6e4db982b70fa5cb023353,prod,Python,MEDIUM
1023e427157e92b2984bf71dcf804ed0103425a8,constructor,__init__,"def __init__(self, rows)",backend/tests/test_git_metrics.py,25,26,2,2,048642d491302b8c33286f5f88627522a0bb5e9b,prod,Python,MEDIUM
8044bbe193b35293487e29e7fa72af213a5f3a08,method,execute,"async def execute(self, *_args, **_kwargs)",backend/tests/test_git_metrics.py,28,29,2,2,048642d491302b8c33286f5f88627522a0bb5e9b,prod,Python,MEDIUM
16c4ce826b1ffd03be20c9b4282dbcfa94c9eb4d,function,test_histogram_counts_basic,def test_histogram_counts_basic(),backend/tests/test_git_metrics.py,32,36,5,5,,prod,Python,MEDIUM
fc174d8f5fb93b22cde22431cd64572bfc3d4d22,function,test_pull_request_metrics_aggregation,async def test_pull_request_metrics_aggregation(),backend/tests/test_git_metrics.py,40,101,62,62,,prod,Python,MEDIUM
e73ad7721b332ccdbc94f8bb7a1996faf90d4ad6,function,test_jira_status_unconfigured,async def test_jira_status_unconfigured(),backend/tests/test_jira_api_endpoints.py,8,14,7,7,,prod,Python,MEDIUM
ce9d7a33208624fb1f261731009de0d018f27a48,function,test_jira_project_check_unconfigured,async def test_jira_project_check_unconfigured(),backend/tests/test_jira_api_endpoints.py,18,24,7,7,,prod,Python,MEDIUM
8492b74235230f6f688ee3ce496064a6925cf483,method,test_is_not_configured_without_credentials,def test_is_not_configured_without_credentials(self),backend/tests/test_oauth_mfa.py,39,42,4,4,2763550acf0405ff23cdf41fff50405d8cea4a4a,prod,Python,MEDIUM
96d6d02dab211de60542c202d8194edac67c2500,method,test_is_configured_with_credentials,def test_is_configured_with_credentials(self),backend/tests/test_oauth_mfa.py,44,50,7,7,2763550acf0405ff23cdf41fff50405d8cea4a4a,prod,Python,MEDIUM
211772e69bf70cfa0e1c5f3525a7441bce7e9ddc,method,test_get_authorization_url,def test_get_authorization_url(self),backend/tests/test_oauth_mfa.py,52,65,14,14,2763550acf0405ff23cdf41fff50405d8cea4a4a,prod,Python,MEDIUM
1a2d7b124f35d683f845bb26c324ee3667356562,method,test_get_authorization_url_not_configured,def test_get_authorization_url_not_configured(self),backend/tests/test_oauth_mfa.py,67,73,7,7,2763550acf0405ff23cdf41fff50405d8cea4a4a,prod,Python,MEDIUM
e036f4198e523c5eceabeacff50895df3edb4ecf,method,test_exchange_code_success,async def test_exchange_code_success(self),backend/tests/test_oauth_mfa.py,76,103,28,28,2763550acf0405ff23cdf41fff50405d8cea4a4a,prod,Python,MEDIUM
bff66fe08f492e4c64b414a9c30c4132180020dc,method,test_get_user_info_success,async def test_get_user_info_success(self),backend/tests/test_oauth_mfa.py,106,135,30,30,2763550acf0405ff23cdf41fff50405d8cea4a4a,prod,Python,MEDIUM
56114c19355f5feb2f519d67dedd4913dc808e32,method,test_is_not_configured_without_credentials,def test_is_not_configured_without_credentials(self),backend/tests/test_oauth_mfa.py,141,144,4,4,d3a02cad9b38958ee3922e8fb08d57e6503b7947,prod,Python,MEDIUM
66ca2e4f0f5b2183b9b6448101e283343609a0bb,method,test_is_configured_with_credentials,def test_is_configured_with_credentials(self),backend/tests/test_oauth_mfa.py,146,152,7,7,d3a02cad9b38958ee3922e8fb08d57e6503b7947,prod,Python,MEDIUM
85310c12c72cd5c2a52c3adbc9301151353fa223,method,test_get_authorization_url,def test_get_authorization_url(self),backend/tests/test_oauth_mfa.py,154,167,14,14,d3a02cad9b38958ee3922e8fb08d57e6503b7947,prod,Python,MEDIUM
f19088ff4a8f09289a955f4917ad55de25e828ea,method,test_get_user_info_success,async def test_get_user_info_success(self),backend/tests/test_oauth_mfa.py,170,197,28,28,d3a02cad9b38958ee3922e8fb08d57e6503b7947,prod,Python,MEDIUM
55f7959c4509c4be38ecb0e8361c69672a60e5c5,method,test_is_email_allowed_no_restrictions,"def test_is_email_allowed_no_restrictions(self, monkeypatch)",backend/tests/test_oauth_mfa.py,203,206,4,4,cc7ef8a75b6052585cf0444b672647f2782d18b3,prod,Python,MEDIUM
f6dee4a21cbc080c008eb89b4fcd1c5c633d36ba,method,test_is_email_allowed_with_restrictions,"def test_is_email_allowed_with_restrictions(self, monkeypatch)",backend/tests/test_oauth_mfa.py,208,217,10,10,cc7ef8a75b6052585cf0444b672647f2782d18b3,prod,Python,MEDIUM
ee51615bbcba1c31aa24c9a0f440dc22e4ce7d8d,method,test_generate_totp_secret,def test_generate_totp_secret(self),backend/tests/test_oauth_mfa.py,223,229,7,7,df8948da071491eabd79f03fa3f652e01a8845ce,prod,Python,MEDIUM
dc9f2fa7759e07cbaa41f644c585f368f225bf4b,method,test_generate_backup_codes,def test_generate_backup_codes(self),backend/tests/test_oauth_mfa.py,231,244,14,14,df8948da071491eabd79f03fa3f652e01a8845ce,prod,Python,MEDIUM
0bd6c5bc1fed7340488d56860b21dec4b6074f83,method,test_get_provisioning_uri,def test_get_provisioning_uri(self),backend/tests/test_oauth_mfa.py,246,254,9,9,df8948da071491eabd79f03fa3f652e01a8845ce,prod,Python,MEDIUM
5f22c099a4318e76409ea32677b4001d8058505d,method,test_generate_qr_code_base64,def test_generate_qr_code_base64(self),backend/tests/test_oauth_mfa.py,256,262,7,7,df8948da071491eabd79f03fa3f652e01a8845ce,prod,Python,MEDIUM
d2c55b60754c56d9d0560d9308693705f6ecd967,method,test_setup_mfa,def test_setup_mfa(self),backend/tests/test_oauth_mfa.py,264,271,8,8,df8948da071491eabd79f03fa3f652e01a8845ce,prod,Python,MEDIUM
3eab47b7fbb71274c2a14699b6e0d746b67b9914,method,test_verify_totp_valid,def test_verify_totp_valid(self),backend/tests/test_oauth_mfa.py,273,278,6,6,df8948da071491eabd79f03fa3f652e01a8845ce,prod,Python,MEDIUM
e46e69c6e4636c3bd3f0650052a7b180460fac92,method,test_verify_totp_invalid,def test_verify_totp_invalid(self),backend/tests/test_oauth_mfa.py,280,287,8,8,df8948da071491eabd79f03fa3f652e01a8845ce,prod,Python,MEDIUM
74e33970e1fb2ab42200d29e58a181c3d99c1a75,method,test_verify_totp_with_formatting,def test_verify_totp_with_formatting(self),backend/tests/test_oauth_mfa.py,289,296,8,8,df8948da071491eabd79f03fa3f652e01a8845ce,prod,Python,MEDIUM
8948b785e43b48cb194c65262adff8a7220c6e02,method,test_verify_backup_code_valid,def test_verify_backup_code_valid(self),backend/tests/test_oauth_mfa.py,298,306,9,9,df8948da071491eabd79f03fa3f652e01a8845ce,prod,Python,MEDIUM
baf55c8975f839fe4fc471fad0b4d1da0f23253a,method,test_verify_backup_code_invalid,def test_verify_backup_code_invalid(self),backend/tests/test_oauth_mfa.py,308,315,8,8,df8948da071491eabd79f03fa3f652e01a8845ce,prod,Python,MEDIUM
ddfd2bd0b371a617e90982bdb12d5e452169a55e,method,test_verify_backup_code_case_insensitive,def test_verify_backup_code_case_insensitive(self),backend/tests/test_oauth_mfa.py,317,323,7,7,df8948da071491eabd79f03fa3f652e01a8845ce,prod,Python,MEDIUM
1ee270842b40835088c0855864d2bfb39065f9b5,method,test_remaining_time_in_period,def test_remaining_time_in_period(self),backend/tests/test_oauth_mfa.py,325,329,5,5,df8948da071491eabd79f03fa3f652e01a8845ce,prod,Python,MEDIUM
2412269f0a2f657b1f1b2fd0636ec0f52f9a36b8,method,test_get_oauth_providers,"async def test_get_oauth_providers(self, client, auth_headers)",backend/tests/test_oauth_mfa.py,335,345,11,11,78103e84471802b5bc9a87b474ae73907a436ee7,prod,Python,MEDIUM
a8672e9bc309c498f1a2e54f9a6219b0c5f97857,method,test_google_oauth_initiate,"async def test_google_oauth_initiate(self, client, monkeypatch)",backend/tests/test_oauth_mfa.py,347,357,11,11,78103e84471802b5bc9a87b474ae73907a436ee7,prod,Python,MEDIUM
2d389ce297b4ed6ffd0aa82c2f2e4df7354eb035,method,test_microsoft_oauth_initiate,"async def test_microsoft_oauth_initiate(self, client, monkeypatch)",backend/tests/test_oauth_mfa.py,359,368,10,10,78103e84471802b5bc9a87b474ae73907a436ee7,prod,Python,MEDIUM
52d72d2d60aec7f48ace869e2af59f35429e0834,method,test_get_mfa_status,"async def test_get_mfa_status(self, client, auth_headers)",backend/tests/test_oauth_mfa.py,374,384,11,11,6b723752fc01beaba2b6efcb94374a02628aa263,prod,Python,MEDIUM
5d430566afd199a0b52b1a1b062dbe6cab7fe03c,method,test_mfa_setup,"async def test_mfa_setup(self, client, auth_headers)",backend/tests/test_oauth_mfa.py,386,397,12,12,6b723752fc01beaba2b6efcb94374a02628aa263,prod,Python,MEDIUM
308644e50cfcaf634f2480a2ad685bc8e3238d48,method,test_mfa_verify,"async def test_mfa_verify(self, client, auth_headers, monkeypatch)",backend/tests/test_oauth_mfa.py,399,420,22,22,6b723752fc01beaba2b6efcb94374a02628aa263,prod,Python,MEDIUM
48b41626f069e8e9debd4fcdc2d974d89801581e,method,test_mfa_disable,"async def test_mfa_disable(self, client, auth_headers)",backend/tests/test_oauth_mfa.py,422,431,10,10,6b723752fc01beaba2b6efcb94374a02628aa263,prod,Python,MEDIUM
5a7e9661fb69e029cd99bccd9195318f26b261d6,method,test_regenerate_backup_codes,"async def test_regenerate_backup_codes(self, client, auth_headers)",backend/tests/test_oauth_mfa.py,433,445,13,13,6b723752fc01beaba2b6efcb94374a02628aa263,prod,Python,MEDIUM
f48c2fb546da46e99e89be493a6a45e2d08a98ec,method,test_validate_string_basic,def test_validate_string_basic(self),backend/tests/test_security_input_validation.py,24,27,4,4,08d81166da0e04e9c0be1114681ebbeb81d87ff6,prod,Python,MEDIUM
67a35ad473c6e3cda49bad16b98a34d336f11480,method,test_validate_string_removes_null_bytes,def test_validate_string_removes_null_bytes(self),backend/tests/test_security_input_validation.py,29,34,6,6,08d81166da0e04e9c0be1114681ebbeb81d87ff6,prod,Python,MEDIUM
13dc6d90cc1c9ea877eb5773fc3bc27181756e9e,method,test_validate_string_strips_whitespace,def test_validate_string_strips_whitespace(self),backend/tests/test_security_input_validation.py,36,39,4,4,08d81166da0e04e9c0be1114681ebbeb81d87ff6,prod,Python,MEDIUM
30421e6eaf2ec06447053eca6e8b8bfd58916a33,method,test_validate_string_rejects_too_long,def test_validate_string_rejects_too_long(self),backend/tests/test_security_input_validation.py,41,45,5,5,08d81166da0e04e9c0be1114681ebbeb81d87ff6,prod,Python,MEDIUM
e5bdefd83c3394d6cc11526c22930886f0a88cd7,method,test_validate_string_rejects_non_string,def test_validate_string_rejects_non_string(self),backend/tests/test_security_input_validation.py,47,53,7,7,08d81166da0e04e9c0be1114681ebbeb81d87ff6,prod,Python,MEDIUM
23bf6de66ad54f4b08a49139c93695ef702034d9,method,test_validate_date_datetime_object,def test_validate_date_datetime_object(self),backend/tests/test_security_input_validation.py,59,63,5,5,08d81166da0e04e9c0be1114681ebbeb81d87ff6,prod,Python,MEDIUM
4f1355329e6afd11591baf655537fe38c892e6b2,method,test_validate_date_iso_string,def test_validate_date_iso_string(self),backend/tests/test_security_input_validation.py,65,72,8,8,08d81166da0e04e9c0be1114681ebbeb81d87ff6,prod,Python,MEDIUM
27b506dee285cf1a75ca648345be202718f2eaae,method,test_validate_date_iso_string_with_z,def test_validate_date_iso_string_with_z(self),backend/tests/test_security_input_validation.py,74,78,5,5,08d81166da0e04e9c0be1114681ebbeb81d87ff6,prod,Python,MEDIUM
5d8cc0cf92e8581a4e89605b37b84567144201cb,method,test_validate_date_rejects_invalid_format,def test_validate_date_rejects_invalid_format(self),backend/tests/test_security_input_validation.py,80,83,4,4,08d81166da0e04e9c0be1114681ebbeb81d87ff6,prod,Python,MEDIUM
92d72865b6f76934a5e56d6e800778a30936350e,method,test_validate_date_rejects_non_datetime,def test_validate_date_rejects_non_datetime(self),backend/tests/test_security_input_validation.py,85,88,4,4,08d81166da0e04e9c0be1114681ebbeb81d87ff6,prod,Python,MEDIUM
e09e33d50e6ee5f0bf2453db693e507b8051e99b,method,test_validate_regex_safe_pattern,def test_validate_regex_safe_pattern(self),backend/tests/test_security_input_validation.py,94,99,6,6,08d81166da0e04e9c0be1114681ebbeb81d87ff6,prod,Python,MEDIUM
3c0be674c7e2a7cc8aadf126e5b4f68d4b87b0c7,method,test_validate_regex_rejects_custom_without_flag,def test_validate_regex_rejects_custom_without_flag(self),backend/tests/test_security_input_validation.py,101,105,5,5,08d81166da0e04e9c0be1114681ebbeb81d87ff6,prod,Python,MEDIUM
7855034330fc295e2aa4e6250b1a1b5722855fbe,method,test_validate_regex_detects_nested_quantifiers,def test_validate_regex_detects_nested_quantifiers(self),backend/tests/test_security_input_validation.py,107,119,13,13,08d81166da0e04e9c0be1114681ebbeb81d87ff6,prod,Python,MEDIUM
dda21b9ba42f2f4bc2b1c1842fe0a845e294c244,method,test_validate_regex_rejects_too_long,def test_validate_regex_rejects_too_long(self),backend/tests/test_security_input_validation.py,121,125,5,5,08d81166da0e04e9c0be1114681ebbeb81d87ff6,prod,Python,MEDIUM
65dc60b2a493adc0f40b34904f38cffd3ff00a22,method,test_validate_regex_rejects_too_many_quantifiers,def test_validate_regex_rejects_too_many_quantifiers(self),backend/tests/test_security_input_validation.py,127,132,6,6,08d81166da0e04e9c0be1114681ebbeb81d87ff6,prod,Python,MEDIUM
ca998b622c78f5fac677ce934af324a84e64d472,method,test_validate_regex_rejects_invalid_syntax,def test_validate_regex_rejects_invalid_syntax(self),backend/tests/test_security_input_validation.py,134,145,12,12,08d81166da0e04e9c0be1114681ebbeb81d87ff6,prod,Python,MEDIUM
a1098fd994a75c6a491392b6e19dc49df60dceca,method,test_validate_regex_rejects_non_string,def test_validate_regex_rejects_non_string(self),backend/tests/test_security_input_validation.py,147,150,4,4,08d81166da0e04e9c0be1114681ebbeb81d87ff6,prod,Python,MEDIUM
0615fd82d7b47b3fe3a60e2a94380c19ae17b08a,method,test_validate_list_of_strings_basic,def test_validate_list_of_strings_basic(self),backend/tests/test_security_input_validation.py,156,160,5,5,08d81166da0e04e9c0be1114681ebbeb81d87ff6,prod,Python,MEDIUM
ddc7f8445572b59da7923d8ce64aa14bc36ca941,method,test_validate_list_of_strings_converts_single_string,def test_validate_list_of_strings_converts_single_string(self),backend/tests/test_security_input_validation.py,162,165,4,4,08d81166da0e04e9c0be1114681ebbeb81d87ff6,prod,Python,MEDIUM
08b3c4e09460f97d062f840c33913e462dcc54b6,method,test_validate_list_of_strings_sanitizes_items,def test_validate_list_of_strings_sanitizes_items(self),backend/tests/test_security_input_validation.py,167,171,5,5,08d81166da0e04e9c0be1114681ebbeb81d87ff6,prod,Python,MEDIUM
d031ef42994ce531b76256501f1ef1f8eb6070b3,method,test_validate_list_of_strings_rejects_too_many_items,def test_validate_list_of_strings_rejects_too_many_items(self),backend/tests/test_security_input_validation.py,173,177,5,5,08d81166da0e04e9c0be1114681ebbeb81d87ff6,prod,Python,MEDIUM
882a4bf429b042edc534038539b7aad4e3089200,method,test_validate_list_of_strings_rejects_too_long_item,def test_validate_list_of_strings_rejects_too_long_item(self),backend/tests/test_security_input_validation.py,179,183,5,5,08d81166da0e04e9c0be1114681ebbeb81d87ff6,prod,Python,MEDIUM
689e55ea28ec36e5f9a8374d4b66631ebb3eef7b,method,test_validate_list_of_strings_rejects_non_list,def test_validate_list_of_strings_rejects_non_list(self),backend/tests/test_security_input_validation.py,185,188,4,4,08d81166da0e04e9c0be1114681ebbeb81d87ff6,prod,Python,MEDIUM
dc46c5b8e0817bdf6e48911eb30134dc15730aea,method,test_sql_injection_attempt_in_string,def test_sql_injection_attempt_in_string(self),backend/tests/test_security_input_validation.py,194,201,8,8,08d81166da0e04e9c0be1114681ebbeb81d87ff6,prod,Python,MEDIUM
752e42253d21667f0938d17148e7c73d28e98dbb,method,test_xss_attempt_in_string,def test_xss_attempt_in_string(self),backend/tests/test_security_input_validation.py,205,211,7,7,08d81166da0e04e9c0be1114681ebbeb81d87ff6,prod,Python,MEDIUM
e5ec210e949d6b5a9e186a58d7381c2791bac7ec,method,test_redos_attack_prevented,def test_redos_attack_prevented(self),backend/tests/test_security_input_validation.py,213,219,7,7,08d81166da0e04e9c0be1114681ebbeb81d87ff6,prod,Python,MEDIUM
5fa24b06e54d1601d1b60b15407657d7233d36eb,method,test_path_traversal_in_string,def test_path_traversal_in_string(self),backend/tests/test_security_input_validation.py,221,227,7,7,08d81166da0e04e9c0be1114681ebbeb81d87ff6,prod,Python,MEDIUM
c7356dd70f856a610033be39234776dd03dda3eb,method,test_buffer_overflow_attempt,def test_buffer_overflow_attempt(self),backend/tests/test_security_input_validation.py,230,236,7,7,08d81166da0e04e9c0be1114681ebbeb81d87ff6,prod,Python,MEDIUM
5ac8a4cd2dfb7c74eefe9c681cce2dd87170d7c1,method,test_commit_source_executor_sanitizes_filters,def test_commit_source_executor_sanitizes_filters(self),backend/tests/test_security_input_validation.py,242,246,5,5,0858a43e5231fcf34f878ac9d9b5270733576ee2,prod,Python,MEDIUM
e8180482f3a619531fa4c1dc915bef4ccaed0fd0,method,test_jira_issue_source_executor_sanitizes_filters,def test_jira_issue_source_executor_sanitizes_filters(self),backend/tests/test_security_input_validation.py,248,250,3,3,0858a43e5231fcf34f878ac9d9b5270733576ee2,prod,Python,MEDIUM
458893c1e2b758c76974ce7ff31ce54aaedd585b,method,test_confluence_source_executor_sanitizes_filters,def test_confluence_source_executor_sanitizes_filters(self),backend/tests/test_security_input_validation.py,252,254,3,3,0858a43e5231fcf34f878ac9d9b5270733576ee2,prod,Python,MEDIUM
bc633ecba08f4a934a539aa79960779839b7e49d,method,test_jira_key_extractor_prevents_redos,def test_jira_key_extractor_prevents_redos(self),backend/tests/test_security_input_validation.py,256,258,3,3,0858a43e5231fcf34f878ac9d9b5270733576ee2,prod,Python,MEDIUM
5fb7f04ca60da7df45a87f6e843a580a65020e0c,method,test_filter_node_executor_validates_config,def test_filter_node_executor_validates_config(self),backend/tests/test_security_input_validation.py,260,262,3,3,0858a43e5231fcf34f878ac9d9b5270733576ee2,prod,Python,MEDIUM
624f3dda254d4e9355f2eb59e5e49124a83078d5,method,test_string_validation_performance,def test_string_validation_performance(self),backend/tests/test_security_input_validation.py,272,283,12,12,062ae0d9ed57c52151872f4231b980dc8a45c9fa,prod,Python,MEDIUM
b89bfe9e288d883ee54c1f6c89793253ed1fb8ee,method,test_regex_validation_performance,def test_regex_validation_performance(self),backend/tests/test_security_input_validation.py,285,298,14,14,062ae0d9ed57c52151872f4231b980dc8a45c9fa,prod,Python,MEDIUM
4c2c463bab9659176e063a2c3cd9da155feba136,method,limit,"def limit(self, *_args, **_kwargs)",backend/tests/test_traceability.py,28,31,4,4,11ab28299e7e5e387fe1ce5bdd83c2d395bb3b3a,prod,Python,MEDIUM
86e57f63833ddf01c33108621fd1afe007d65f48,function,decorator,def decorator(func),backend/tests/test_traceability.py,29,30,2,2,,prod,Python,MEDIUM
21dd225e73110960b797a5c8afe7742d5d678a69,function,_fake_ensure_project_access,"async def _fake_ensure_project_access(project_id, _db, _current_user)",backend/tests/test_traceability.py,45,46,2,2,,prod,Python,MEDIUM
92b1cd9248db1c243b2e14294f0b988657b5052d,constructor,__init__,"def __init__(self, values)",backend/tests/test_traceability.py,59,60,2,2,b6edf8282a14a07f06b76666457bd31c5249d944,prod,Python,MEDIUM
6cd2b8834913c318c9047aab279d2f03a78934c4,method,scalars,def scalars(self),backend/tests/test_traceability.py,62,63,2,2,b6edf8282a14a07f06b76666457bd31c5249d944,prod,Python,MEDIUM
21f6ff37cdb0aaa5aa468a003ed77d797ec1c5e5,method,all,def all(self),backend/tests/test_traceability.py,65,66,2,2,b6edf8282a14a07f06b76666457bd31c5249d944,prod,Python,MEDIUM
5075b635f22c1857cbfa1323eed1d14d29da36d1,constructor,__init__,"def __init__(self, responses)",backend/tests/test_traceability.py,70,71,2,2,af8076cd8173457bda0a4fd82f7a3e55891ae44b,prod,Python,MEDIUM
3ed84a0d272a47743fee3f019340b2a2b5c6fa6f,method,execute,"async def execute(self, *_args, **_kwargs)",backend/tests/test_traceability.py,73,76,4,4,af8076cd8173457bda0a4fd82f7a3e55891ae44b,prod,Python,MEDIUM
f2d0b1f628bfeb80c61207f45622110670553231,constructor,__init__,"def __init__(self, payload, scalar)",backend/tests/test_traceability.py,80,82,3,3,b93e33a7272c35996ab525e50a09db4449f6a090,prod,Python,MEDIUM
f971b8acfaf684bb05b1fe50269724050536a593,method,scalars,def scalars(self),backend/tests/test_traceability.py,84,87,4,4,b93e33a7272c35996ab525e50a09db4449f6a090,prod,Python,MEDIUM
05f2651a45a92a4c1095ce3a04803b2a40c24425,method,all,def all(self),backend/tests/test_traceability.py,89,90,2,2,b93e33a7272c35996ab525e50a09db4449f6a090,prod,Python,MEDIUM
d6dadda1d594f40ec39f5a87a3e4c223b1fd8e77,constructor,__init__,"def __init__(self, artifacts, links)",backend/tests/test_traceability.py,94,97,4,4,f53a6c657d71d2aca32b90c02b8b21818e986ed4,prod,Python,MEDIUM
0a19e8718d9e27034089d21851fbf067194c8980,method,execute,"async def execute(self, *_args, **_kwargs)",backend/tests/test_traceability.py,99,103,5,5,f53a6c657d71d2aca32b90c02b8b21818e986ed4,prod,Python,MEDIUM
167f67e48567008afc1c4cd777ee18c2252d6eb6,function,test_would_create_cycle_detects_cycle,async def test_would_create_cycle_detects_cycle(),backend/tests/test_traceability.py,107,112,6,6,,prod,Python,MEDIUM
ccea3df8cc7eb278935d351982d609bc9d376fb3,function,test_would_create_cycle_handles_acyclic_graph,async def test_would_create_cycle_handles_acyclic_graph(),backend/tests/test_traceability.py,116,121,6,6,,prod,Python,MEDIUM
9a47a15b42d53f8a9bc6293a2d1eaaef774e112a,function,test_would_create_cycle_skips_non_dag_types,async def test_would_create_cycle_skips_non_dag_types(),backend/tests/test_traceability.py,125,127,3,3,,prod,Python,MEDIUM
65e936dcc7d9c3404327e0d014cccc9556c46813,function,test_traceability_matrix_includes_link_type_counts,async def test_traceability_matrix_includes_link_type_counts(),backend/tests/test_traceability.py,131,164,34,34,,prod,Python,MEDIUM
4ed1afede62c1a3f1e427ff3922074353c273131,function,get_users,async def get_users(),check_users.py,8,11,4,4,,prod,Python,MEDIUM
5e09be161b75b12d8fc69d443b1c6c67a53930f7,function,login,async function login(page: Page),e2e/playwright/tests/analytics.spec.ts,20,20,1,1,,prod,TypeScript,LOW
62c3ec1bb53c8d0924572202d35424bdcf40be50,function,login,"async function login(page: Page, email: string, password: string)",e2e/playwright/tests/auth.spec.ts,26,26,1,1,,prod,TypeScript,LOW
0092ea44433d6434ba8f9b0c27d97230e342c67b,function,expectLoggedIn,async function expectLoggedIn(page: Page),e2e/playwright/tests/auth.spec.ts,34,34,1,1,,prod,TypeScript,LOW
a9a43832280d0844aba0e8ce807b8bdb677cb571,function,expectOnLoginPage,async function expectOnLoginPage(page: Page),e2e/playwright/tests/auth.spec.ts,42,42,1,1,,prod,TypeScript,LOW
72bf402165ce40e61988f522b1de8ca674371a3a,function,loginAndNavigate,"async function loginAndNavigate(page: Page, path: string)",e2e/playwright/tests/flow-builder.spec.ts,24,24,1,1,,prod,TypeScript,LOW
1cc090e57f466c743e152b741047abf60a66cb08,function,waitForFlowBuilder,async function waitForFlowBuilder(page: Page),e2e/playwright/tests/flow-builder.spec.ts,39,39,1,1,,prod,TypeScript,LOW
5faf489e179133d054318a2e98e72444869a95c0,function,login,async function login(page: Page),e2e/playwright/tests/projects.spec.ts,21,21,1,1,,prod,TypeScript,LOW
da35cc0716d8d3ee796032e803086311062dbe76,function,logStep,"function logStep(n, msg)",e2e/puppeteer/sequential_puppeteer.test.backup.js,7,7,1,1,,prod,JavaScript,LOW
3f34ba20d493b22ce784d9403032ffdfd79dd926,function,ensureDir,async function ensureDir(p),e2e/puppeteer/sequential_puppeteer.test.backup.js,11,11,1,1,,prod,JavaScript,LOW
558c656ac23416609d5091bf67a4b76f84a0587e,function,logStep,"function logStep(n, msg)",e2e/puppeteer/sequential_puppeteer.test.js,7,7,1,1,,prod,JavaScript,LOW
8bbac1a1d414a89adb0e6e609b8d94bf4167f4a4,function,ensureDir,async function ensureDir(p),e2e/puppeteer/sequential_puppeteer.test.js,8,8,1,1,,prod,JavaScript,LOW
c542985af7173a832cec15aae0dc2e1b91effe0f,function,waitVisibleXPath,"async function waitVisibleXPath(page, xp, timeout = 15000)",e2e/puppeteer/sequential_puppeteer.test.js,10,10,1,1,,prod,JavaScript,LOW
0aea923674c4f34a197307126fb4ad4ff060ef6b,function,clickXPath,"async function clickXPath(page, xp, timeout = 15000)",e2e/puppeteer/sequential_puppeteer.test.js,24,24,1,1,,prod,JavaScript,LOW
f362fefd23513e7022f0e4fae7d7452f4021f86f,function,typeByLabel,"async function typeByLabel(page, labelText, value)",e2e/puppeteer/sequential_puppeteer.test.js,25,25,1,1,,prod,JavaScript,LOW
44b3c11a1da58f187a08322241387513a0c7ffab,function,main,async function main(),frontend/scripts/check-analytics.js,3,3,1,1,,prod,JavaScript,LOW
14c13919aa1f8e975e7ca06aa5bb886953358ad8,function,ensureProjectSwitch,async function ensureProjectSwitch(page),frontend/scripts/dashboard-smoke.js,9,9,1,1,,prod,JavaScript,LOW
5381c382b26f4083665cde61ced6397a48f8cc94,function,clickByTestId,"async function clickByTestId(page, testId, expectDialog = false)",frontend/scripts/dashboard-smoke.js,36,36,1,1,,prod,JavaScript,LOW
e3699b830dc6b28605b7ca290c6a732ddb247c18,function,App,function App(),frontend/src/App.tsx,53,53,1,1,,prod,TypeScript,LOW
a4b11c87d6df19ba8a08dc3f127eb00679f77c74,function,getFocusFactorColor,export function getFocusFactorColor(focusFactor: number): CapacityColor,frontend/src/hooks/useCapacityCalc.ts,38,38,1,1,,prod,TypeScript,LOW
631665d10610c16983c9fff6ec1d49b5ef62b3dc,function,focusFactorToPercent,export function focusFactorToPercent(focusFactor: number): number,frontend/src/hooks/useCapacityCalc.ts,49,49,1,1,,prod,TypeScript,LOW
9af9b96342edf83fc1c999c05bac1353a0e82e41,function,calculateEffectiveCapacity,export function calculateEffectiveCapacity(,frontend/src/hooks/useCapacityCalc.ts,59,59,1,1,,prod,TypeScript,LOW
b115a9ad5b5ab74616d4f6f7f665c6edb53dcf39,function,calculateUtilization,"export function calculateUtilization(used: number, capacity: number): number",frontend/src/hooks/useCapacityCalc.ts,72,72,1,1,,prod,TypeScript,LOW
6b44d15a5d470b3ebe86fb8b438b821b43919711,function,getUtilizationColor,export function getUtilizationColor(percentage: number): CapacityColor,frontend/src/hooks/useCapacityCalc.ts,82,82,1,1,,prod,TypeScript,LOW
c7e9b726d4af7dbc70793b9c81116fdded7e5441,function,getHoursColor,export function getHoursColor(hoursPerWeek: number): CapacityColor,frontend/src/hooks/useCapacityCalc.ts,93,93,1,1,,prod,TypeScript,LOW
a37b1ee981e2dd5993f8abb46ed61968222c9ec9,function,useCapacityCalc,export function useCapacityCalc(),frontend/src/hooks/useCapacityCalc.ts,141,141,1,1,,prod,TypeScript,LOW
f77d8e38fbfa7459209743ab2e832d66187579cd,function,useCapacityValue,"export function useCapacityValue(hoursPerWeek: number, focusFactor: number)",frontend/src/hooks/useCapacityCalc.ts,265,265,1,1,,prod,TypeScript,LOW
766ec0cc35f0d2a17cc5c9c85fa37d7bf376f059,function,normalizeStatus,export function normalizeStatus(status?: string | null): string,frontend/src/hooks/useTaskStatuses.ts,66,66,1,1,,prod,TypeScript,LOW
f37b3d58601075b74109c2b7bf74565d10324048,function,categorizeStatus,export function categorizeStatus(status?: string | null): StatusBucket,frontend/src/hooks/useTaskStatuses.ts,76,76,1,1,,prod,TypeScript,LOW
c868b342b526e655f7e519101ed976c170513ddc,function,isDoneStatus,export function isDoneStatus(status?: string | null): boolean,frontend/src/hooks/useTaskStatuses.ts,122,122,1,1,,prod,TypeScript,LOW
071961d7237fd481743c47643157e76bdb8e2d67,function,isInProgressStatus,export function isInProgressStatus(status?: string | null): boolean,frontend/src/hooks/useTaskStatuses.ts,132,132,1,1,,prod,TypeScript,LOW
ad1371a5d4e64460638acc70478b924eab31a3ec,function,isBlockedStatus,export function isBlockedStatus(status?: string | null): boolean,frontend/src/hooks/useTaskStatuses.ts,142,142,1,1,,prod,TypeScript,LOW
5d97600a4ae938c25f89a92f12f89adf72620afa,function,useTaskStatuses,export function useTaskStatuses(),frontend/src/hooks/useTaskStatuses.ts,170,170,1,1,,prod,TypeScript,LOW
c25d40085c72ee007d0f4b02f0f563c7b1819054,function,TabPanel,function TabPanel(props:,frontend/src/pages/Profile.tsx,23,23,1,1,,prod,TypeScript,LOW
0515fe3952f83ddc6924a381f3d2767898afc6bd,function,TabPanel,function TabPanel(props: TabPanelProps),frontend/src/pages/ProjectDetail.tsx,175,175,1,1,,prod,TypeScript,LOW
36764f9a1a63ea55e8fb7807ec13b64df70c1138,function,TabPanel,function TabPanel(props: TabPanelProps),frontend/src/pages/Settings.tsx,32,32,1,1,,prod,TypeScript,LOW
7446cb410a8809591b805bd39d924121e9605eb0,function,TabPanel,function TabPanel(,frontend/src/pages/Testing.tsx,27,27,1,1,,prod,TypeScript,LOW
37c36867568f22900fc3b51e1a0e8046a6305b60,function,TabPanel,function TabPanel(props: TabPanelProps),frontend/src/pages/TraceabilityVisualization.tsx,53,53,1,1,,prod,TypeScript,LOW
c7e661cf4712fd0ffc85ca9785ac0b339e3a39de,method,constructor,constructor(url: string),frontend/src/pages/__tests__/Dashboard.test.tsx,140,140,1,1,f8939fff0e8f99221ed3d3e6e2b9f553ccfe4992,prod,TypeScript,LOW
70bfde94f818143c7b438350bfaf2c1ea4d213ee,method,setTimeout,setTimeout((),frontend/src/pages/__tests__/Dashboard.test.tsx,143,143,1,1,f8939fff0e8f99221ed3d3e6e2b9f553ccfe4992,prod,TypeScript,LOW
551d1bcda313edf2723d21aafe0b0ac333612049,method,close,close(),frontend/src/pages/__tests__/Dashboard.test.tsx,146,146,1,1,f8939fff0e8f99221ed3d3e6e2b9f553ccfe4992,prod,TypeScript,LOW
3b640f8dbff6fa0e93a5a2b8a29eeb1bfb7a34c1,method,send,send(),frontend/src/pages/__tests__/Dashboard.test.tsx,151,151,1,1,f8939fff0e8f99221ed3d3e6e2b9f553ccfe4992,prod,TypeScript,LOW
9032766efd7d2ef59a065c160d21b8e3d76e3351,method,triggerMessage,triggerMessage(payload: any),frontend/src/pages/__tests__/Dashboard.test.tsx,153,153,1,1,f8939fff0e8f99221ed3d3e6e2b9f553ccfe4992,prod,TypeScript,LOW
45699705739b37011109fa6c245674f4d702bc85,method,last,static last(),frontend/src/pages/__tests__/Dashboard.test.tsx,157,157,1,1,f8939fff0e8f99221ed3d3e6e2b9f553ccfe4992,prod,TypeScript,LOW
fddd8c66f257fa9397dee4532ed8179b96a2b158,method,reset,static reset(),frontend/src/pages/__tests__/Dashboard.test.tsx,161,161,1,1,f8939fff0e8f99221ed3d3e6e2b9f553ccfe4992,prod,TypeScript,LOW
a2cff2d8edf42176d254708889b43c1cab5e1a81,method,constructor,constructor(),frontend/src/services/analytics.ts,54,54,1,1,78e1efb06563ba1ede50e6e66135536b735dc196,prod,TypeScript,LOW
2f7b0550e541dc9bdb8c62dfb1bd49cbd5676693,method,generateSessionId,private generateSessionId(): string,frontend/src/services/analytics.ts,59,59,1,1,78e1efb06563ba1ede50e6e66135536b735dc196,prod,TypeScript,LOW
dbd71f9071be27570688e4e2fd6662847a62ee82,method,loadEvents,private loadEvents(): void,frontend/src/services/analytics.ts,63,63,1,1,78e1efb06563ba1ede50e6e66135536b735dc196,prod,TypeScript,LOW
ab5350c21fb3d0e8b2f24eec68384d0216fe1a43,method,if,if (stored),frontend/src/services/analytics.ts,66,66,1,1,78e1efb06563ba1ede50e6e66135536b735dc196,prod,TypeScript,LOW
7967ed796582f18d5589fa246848f6b49c480921,method,saveEvents,private saveEvents(): void,frontend/src/services/analytics.ts,75,75,1,1,78e1efb06563ba1ede50e6e66135536b735dc196,prod,TypeScript,LOW
64de881e2ead377646ade62830bc8a8e156f2935,method,track,"track(eventName: string, eventData?: Record<string, any>): void",frontend/src/services/analytics.ts,88,88,1,1,78e1efb06563ba1ede50e6e66135536b735dc196,prod,TypeScript,LOW
3ca717285ce135446c43411fc22826f9ed807963,method,if,if (process.env.NODE_ENV === 'production'),frontend/src/services/analytics.ts,100,100,1,1,78e1efb06563ba1ede50e6e66135536b735dc196,prod,TypeScript,LOW
0e573c39f9d1d7c5c78b900c4388dd4387753c6a,method,pageView,pageView(pageName: string): void,frontend/src/services/analytics.ts,108,108,1,1,78e1efb06563ba1ede50e6e66135536b735dc196,prod,TypeScript,LOW
087a7fa54f3c76840746b747bc8713b1846eab97,method,trackOnboarding,"trackOnboarding(action: 'started' | 'step_completed' | 'completed' | 'skipped', data?: any): void",frontend/src/services/analytics.ts,119,119,1,1,78e1efb06563ba1ede50e6e66135536b735dc196,prod,TypeScript,LOW
9115eb4cbe613c368ea006fe12367777810157da,method,switch,switch (action),frontend/src/services/analytics.ts,123,123,1,1,78e1efb06563ba1ede50e6e66135536b735dc196,prod,TypeScript,LOW
f80a11974cbf56c062b95c8e8be2e26db5a77fe6,method,if,if (!metrics.stepsCompleted.includes(data?.step)),frontend/src/services/analytics.ts,136,136,1,1,78e1efb06563ba1ede50e6e66135536b735dc196,prod,TypeScript,LOW
093c1e6a63cff1a7b1ce823f0343aa49af51318d,method,getOnboardingMetrics,getOnboardingMetrics(): OnboardingMetrics,frontend/src/services/analytics.ts,161,161,1,1,78e1efb06563ba1ede50e6e66135536b735dc196,prod,TypeScript,LOW
4f2e2067c846a32532ac2db6d9764217e5cca8cd,method,if,if (stored),frontend/src/services/analytics.ts,164,164,1,1,78e1efb06563ba1ede50e6e66135536b735dc196,prod,TypeScript,LOW
3dd53d6a994a3889b3c575e288aa1b353799af80,method,trackTimeToValue,trackTimeToValue(milestone: keyof TimeToValueMetrics): void,frontend/src/services/analytics.ts,183,183,1,1,78e1efb06563ba1ede50e6e66135536b735dc196,prod,TypeScript,LOW
bb90b473eafebc0efbc88f4e5c97a5abed848b77,method,getTimeToValueMetrics,getTimeToValueMetrics(): TimeToValueMetrics,frontend/src/services/analytics.ts,195,195,1,1,78e1efb06563ba1ede50e6e66135536b735dc196,prod,TypeScript,LOW
bcbc5f743a1b09ecb3f672b5ea035e97fad3ddf5,method,if,if (stored),frontend/src/services/analytics.ts,198,198,1,1,78e1efb06563ba1ede50e6e66135536b735dc196,prod,TypeScript,LOW
8a99e5ae4d58eb48b38801c043b3e19f1405f21b,method,getTimeToFirstValue,getTimeToFirstValue(): number | null,frontend/src/services/analytics.ts,211,211,1,1,78e1efb06563ba1ede50e6e66135536b735dc196,prod,TypeScript,LOW
c2bcec4af655068dd4bedb90e525b114d6be47e3,method,if,if (!metrics.accountCreatedAt || !metrics.firstSyncAt),frontend/src/services/analytics.ts,213,213,1,1,78e1efb06563ba1ede50e6e66135536b735dc196,prod,TypeScript,LOW
3f52b58dd65084ae525699456faa008fb4d2e1c0,method,getFeatureAdoptionMetrics,getFeatureAdoptionMetrics(): FeatureAdoptionMetrics,frontend/src/services/analytics.ts,223,223,1,1,78e1efb06563ba1ede50e6e66135536b735dc196,prod,TypeScript,LOW
d442b1823d48e3b57138695b07d7d33b6bb5e35f,method,getFeatureVisit,private getFeatureVisit(feature: string):,frontend/src/services/analytics.ts,242,242,1,1,78e1efb06563ba1ede50e6e66135536b735dc196,prod,TypeScript,LOW
236f04460568a98a8ce6d07ef41fcac3551fce4b,method,if,if (lastVisit),frontend/src/services/analytics.ts,246,246,1,1,78e1efb06563ba1ede50e6e66135536b735dc196,prod,TypeScript,LOW
d2e40a44c96919782b5edfe1ad043d14ed7b8882,method,getOnboardingCompletionRate,getOnboardingCompletionRate(): number,frontend/src/services/analytics.ts,256,256,1,1,78e1efb06563ba1ede50e6e66135536b735dc196,prod,TypeScript,LOW
60bbc1dcb9c95c3778fa4e1f8c801c75b676e979,method,if,if (!metrics.started),frontend/src/services/analytics.ts,258,258,1,1,78e1efb06563ba1ede50e6e66135536b735dc196,prod,TypeScript,LOW
50bf4611aabdb1a54764adec03a9ff02f46ee909,method,getSessionDuration,getSessionDuration(): number,frontend/src/services/analytics.ts,268,268,1,1,78e1efb06563ba1ede50e6e66135536b735dc196,prod,TypeScript,LOW
27b6935b4bad4543beb879dd6078ecc301bdbdf2,method,if,if (!sessionStart),frontend/src/services/analytics.ts,270,270,1,1,78e1efb06563ba1ede50e6e66135536b735dc196,prod,TypeScript,LOW
0cfb00f22e21d62812b4c82b8dfeba934bbb5c83,method,exportData,exportData():,frontend/src/services/analytics.ts,280,280,1,1,78e1efb06563ba1ede50e6e66135536b735dc196,prod,TypeScript,LOW
1cd5a3fcd1fbdcac4619b1e082f2e1c00b14855b,method,clear,clear(): void,frontend/src/services/analytics.ts,299,299,1,1,78e1efb06563ba1ede50e6e66135536b735dc196,prod,TypeScript,LOW
fcc02bb5ceddecd7cc858d6415317610c65a908d,method,if,if (key.startsWith('feature_') && key.endsWith('_visited')),frontend/src/services/analytics.ts,307,307,1,1,78e1efb06563ba1ede50e6e66135536b735dc196,prod,TypeScript,LOW
a050206d6133ed3ebb0598b5b08c2572065bdacd,function,extractTasksArray,function extractTasksArray(response: unknown): TaskItem[],frontend/src/services/api/tasks.ts,15,15,1,1,,prod,TypeScript,LOW
92c78333d40948e57551684d323fdc3719c9dbed,function,extractPaginationMeta,"function extractPaginationMeta(response: unknown, skip: number, limit: number): PaginationMeta",frontend/src/services/api/tasks.ts,31,31,1,1,,prod,TypeScript,LOW
d11af4f4f68821a5daa0dc8b87336ccd30a2accc,function,discoverJiraFields,export async function discoverJiraFields(forceRefresh: boolean = false): Promise<FieldDiscoveryResult>,frontend/src/services/jiraFieldsApi.ts,80,80,1,1,,prod,TypeScript,LOW
242180c8d0e1e32b162612d5aba643c16db4f9a4,function,calibrateFields,"export async function calibrateFields(projectKey: string, sampleSize: number = 10): Promise<CalibrationResult>",frontend/src/services/jiraFieldsApi.ts,89,89,1,1,,prod,TypeScript,LOW
fc8d2040876c8e6958cd7eb9c79a170ca69e56e1,function,getFieldMappings,"export async function getFieldMappings(projectKey?: string, activeOnly: boolean = true): Promise<FieldMapping[]>",frontend/src/services/jiraFieldsApi.ts,100,100,1,1,,prod,TypeScript,LOW
b01794fbc2bb5e26377f77dea9df8bb91a4bff94,function,saveFieldMapping,export async function saveFieldMapping(,frontend/src/services/jiraFieldsApi.ts,113,113,1,1,,prod,TypeScript,LOW
9cb8bfc02c633a1109e0b66933259d03758cefc1,function,deleteFieldMapping,export async function deleteFieldMapping(mappingId: number): Promise<,frontend/src/services/jiraFieldsApi.ts,133,133,1,1,,prod,TypeScript,LOW
a6ee52a65e9ec6f7a55acfb6b2e8aab8b4632c9a,function,testFieldMapping,"export async function testFieldMapping(issueKey: string, fieldType?: string): Promise<TestMappingResult>",frontend/src/services/jiraFieldsApi.ts,144,144,1,1,,prod,TypeScript,LOW
b1f75643c6cf43109e303d44e8ceab316c0ee571,function,exportConfiguration,export async function exportConfiguration(): Promise<JiraFieldConfiguration>,frontend/src/services/jiraFieldsApi.ts,160,160,1,1,,prod,TypeScript,LOW
aa2b1014b14b3a4bcb3bcd7f11bb94971e7045e1,function,importConfiguration,export async function importConfiguration(config: JiraFieldConfiguration): Promise<,frontend/src/services/jiraFieldsApi.ts,169,169,1,1,,prod,TypeScript,LOW
89a54fbcc2deeaee1c744b232412b8e6a5aefedf,function,getIssueSprints,export async function getIssueSprints(issueKey: string): Promise<,frontend/src/services/jiraFieldsApi.ts,184,184,1,1,,prod,TypeScript,LOW
c139db7e6ddeb4b31ee622fdf90b6a545847c6cc,function,makeCacheKey,export function makeCacheKey(,frontend/src/utils/apiOptimization.ts,58,58,1,1,,prod,TypeScript,LOW
bd86e41279923cecec948d12fd12561aaac223a3,method,if,if (!entry),frontend/src/utils/apiOptimization.ts,371,371,1,1,c7a92c5a18f179f87f42bd0ebdc76b702b28427f,prod,TypeScript,LOW
25109a59483f7071703e8daf2c53644c8f597fdd,method,if,if (now >= entry.expiresAt),frontend/src/utils/apiOptimization.ts,377,377,1,1,c7a92c5a18f179f87f42bd0ebdc76b702b28427f,prod,TypeScript,LOW
f2340004aa15633cbbe16ab7fd6c6699622a275a,method,if,if (now >= entry.staleAt),frontend/src/utils/apiOptimization.ts,383,383,1,1,c7a92c5a18f179f87f42bd0ebdc76b702b28427f,prod,TypeScript,LOW
5a08a0f3be2ead8b5b1683c8b4d757487808988c,method,if,if (this.cache.size >= this.maxSize),frontend/src/utils/apiOptimization.ts,395,395,1,1,c7a92c5a18f179f87f42bd0ebdc76b702b28427f,prod,TypeScript,LOW
33e8fdcef72b170bc38ed095e2eb53dd5201d1f8,method,if,if (firstKey),frontend/src/utils/apiOptimization.ts,397,397,1,1,c7a92c5a18f179f87f42bd0ebdc76b702b28427f,prod,TypeScript,LOW
f75e9ae07cfc1c415ce06dc1e4b248bdea9e29de,method,delete,delete(key: string): boolean,frontend/src/utils/apiOptimization.ts,409,409,1,1,c7a92c5a18f179f87f42bd0ebdc76b702b28427f,prod,TypeScript,LOW
d89848ada27d5fd2bf58c15f3038322067a51d6d,method,deletePattern,deletePattern(pattern: string): number,frontend/src/utils/apiOptimization.ts,413,413,1,1,c7a92c5a18f179f87f42bd0ebdc76b702b28427f,prod,TypeScript,LOW
b4ff53f231392474a5c5d97e80577e07d3efb6ab,method,for,for (const key of this.cache.keys()),frontend/src/utils/apiOptimization.ts,415,415,1,1,c7a92c5a18f179f87f42bd0ebdc76b702b28427f,prod,TypeScript,LOW
16f9e8d4e14b0d9c1c52171e9eca58a58ab82f83,method,if,if (key.startsWith(pattern)),frontend/src/utils/apiOptimization.ts,416,416,1,1,c7a92c5a18f179f87f42bd0ebdc76b702b28427f,prod,TypeScript,LOW
d0116a9944229ef93f322344e61fb8d9af7d3cb8,method,clear,clear(): void,frontend/src/utils/apiOptimization.ts,424,424,1,1,c7a92c5a18f179f87f42bd0ebdc76b702b28427f,prod,TypeScript,LOW
91a57c3553b46fd8dff79dc2772e55cf7e688768,function,invalidateProjectCache,export function invalidateProjectCache(projectId: number): void,frontend/src/utils/apiOptimization.ts,500,500,1,1,,prod,TypeScript,LOW
683d5cd56e1a9ce041dd6647248f1c614c50426e,function,invalidateSprintCache,export function invalidateSprintCache(sprintId: number): void,frontend/src/utils/apiOptimization.ts,519,519,1,1,,prod,TypeScript,LOW
7f2a7793087d5479fe48551ae3a6da3408e79af1,function,clearAllCache,export function clearAllCache(): void,frontend/src/utils/apiOptimization.ts,536,536,1,1,,prod,TypeScript,LOW
3b5c05a8f4b66514c0847bbb318da44901a0ec61,function,loadProjectAnalytics,export async function loadProjectAnalytics(,frontend/src/utils/apiOptimization.ts,570,570,1,1,,prod,TypeScript,LOW
ee5e43ca9805564ac897a67f78a8c867430b45a4,method,startMonitoring,startMonitoring(),frontend/src/utils/backendHealth.ts,24,24,1,1,c6144b6ba965d2dbe3a5293c490b7c3dabafbef7,prod,TypeScript,LOW
13f17b18784e7037ba8660d5a8da233cdc27ec16,method,if,if (this.checkInterval),frontend/src/utils/backendHealth.ts,25,25,1,1,c6144b6ba965d2dbe3a5293c490b7c3dabafbef7,prod,TypeScript,LOW
368d524f012ac7dfa84b3603e787dc1a6b02f0e9,method,stopMonitoring,stopMonitoring(),frontend/src/utils/backendHealth.ts,41,41,1,1,c6144b6ba965d2dbe3a5293c490b7c3dabafbef7,prod,TypeScript,LOW
d07cdb6c025115429514e7976b64395d4c3a5757,method,if,if (this.checkInterval),frontend/src/utils/backendHealth.ts,42,42,1,1,c6144b6ba965d2dbe3a5293c490b7c3dabafbef7,prod,TypeScript,LOW
272f40ede58debbc6db20d31e7b8f976bfa01176,method,clearInterval,clearInterval(this.checkInterval);,frontend/src/utils/backendHealth.ts,43,43,1,1,c6144b6ba965d2dbe3a5293c490b7c3dabafbef7,prod,TypeScript,LOW
9448fcb9f113e7cab2b628f717513af532116418,method,checkHealth,async checkHealth(): Promise<BackendHealthStatus>,frontend/src/utils/backendHealth.ts,51,51,1,1,c6144b6ba965d2dbe3a5293c490b7c3dabafbef7,prod,TypeScript,LOW
0764922f56e9a7004f88eccbe79980f8f2705f0f,method,if,if (response.data?.status === 'healthy'),frontend/src/utils/backendHealth.ts,58,58,1,1,c6144b6ba965d2dbe3a5293c490b7c3dabafbef7,prod,TypeScript,LOW
160b4469fd3f2ba5828b1b8dd22e3920e85fc8ce,method,if,if (!this.status.isHealthy),frontend/src/utils/backendHealth.ts,66,66,1,1,c6144b6ba965d2dbe3a5293c490b7c3dabafbef7,prod,TypeScript,LOW
21463d2caea14b7804c71bba58819ff86a7408e6,method,if,if (wasHealthy && this.status.consecutiveFailures >= this.MAX_CONSECUTIVE_FAILURES),frontend/src/utils/backendHealth.ts,81,81,1,1,c6144b6ba965d2dbe3a5293c490b7c3dabafbef7,prod,TypeScript,LOW
93d9bb48ef66a59cbe2181f9331d7c6475918e7e,method,getStatus,getStatus(): BackendHealthStatus,frontend/src/utils/backendHealth.ts,92,92,1,1,c6144b6ba965d2dbe3a5293c490b7c3dabafbef7,prod,TypeScript,LOW
bceb34dc3ede5da2b373857f9b0eadf6215e85d9,method,notifyHealthChange,private notifyHealthChange(isHealthy: boolean),frontend/src/utils/backendHealth.ts,99,99,1,1,c6144b6ba965d2dbe3a5293c490b7c3dabafbef7,prod,TypeScript,LOW
6ba0ffa05854a7d328c671d153f5be712f1eaec6,method,markUnhealthy,markUnhealthy(error?: string),frontend/src/utils/backendHealth.ts,108,108,1,1,c6144b6ba965d2dbe3a5293c490b7c3dabafbef7,prod,TypeScript,LOW
e3b046af8b49d867afbfe1e39fa432c00fbc3847,function,getErrorMessage,"export function getErrorMessage(error: unknown, fallback: string): string",frontend/src/utils/errorUtils.ts,21,21,1,1,,prod,TypeScript,LOW
9efd34276fb9bd66d880c7c1e2cce7a6596816d3,function,isErrorWithMessage,function isErrorWithMessage(error: unknown): error is,frontend/src/utils/errorUtils.ts,48,48,1,1,,prod,TypeScript,LOW
bcd695c4c2926d6ec681a5d5a384fc83d9708026,function,isAxiosError,function isAxiosError(,frontend/src/utils/errorUtils.ts,60,60,1,1,,prod,TypeScript,LOW
68f63f8c6e1210c60ed46aef564858f7f0384c62,function,logError,"export function logError(context: string, error: unknown): void",frontend/src/utils/errorUtils.ts,76,76,1,1,,prod,TypeScript,LOW
bef8efb697e60365e5decbbb0851ab77faf4949c,function,clearLocalStorage,function clearLocalStorage(): string[],frontend/src/utils/logout.ts,71,71,1,1,,prod,TypeScript,LOW
e371878a5d7fd791e4e78901177fd782694f9831,function,clearSessionStorage,function clearSessionStorage(): void,frontend/src/utils/logout.ts,111,111,1,1,,prod,TypeScript,LOW
c18e1f1f28d245a2f621488da50ea25a4af833e5,function,performLogout,export function performLogout(,frontend/src/utils/logout.ts,134,134,1,1,,prod,TypeScript,LOW
54ab959a80956b9a71748a5d6a96dab11227a201,function,getLogoutStats,export function getLogoutStats():,frontend/src/utils/logout.ts,172,172,1,1,,prod,TypeScript,LOW
9f032821733ac35749b7c5765f84df89bd80c108,function,getTemplateById,export function getTemplateById(id: string): RuleTemplate | undefined,frontend/src/utils/ruleTemplates.ts,249,249,1,1,,prod,TypeScript,LOW
3096a8b1ed1f7b257e1bd424845fedbad2e41d86,function,getTemplatesByCategory,export function getTemplatesByCategory(category: 'basic' | 'advanced' | 'custom'): RuleTemplate[],frontend/src/utils/ruleTemplates.ts,256,256,1,1,,prod,TypeScript,LOW
ebc6381f5adaed999a5ab72f29a14039a5c9c8bd,function,getTemplatesByTag,export function getTemplatesByTag(tag: string): RuleTemplate[],frontend/src/utils/ruleTemplates.ts,263,263,1,1,,prod,TypeScript,LOW
82aa840a96986bd0227fb68b6a8d68f43ab13e4e,function,applyTemplate,export function applyTemplate(template: RuleTemplate):,frontend/src/utils/ruleTemplates.ts,270,270,1,1,,prod,TypeScript,LOW
7ee16d2b79349b25193824c88a4b7f7e7dcea354,function,validateRule,"export function validateRule(nodes: Node[], edges: Edge[]): ValidationResult",frontend/src/utils/ruleValidation.ts,26,26,1,1,,prod,TypeScript,LOW
9c5ccf9403c144535bdc2095915e436c6376f2e3,function,validateNodeConfiguration,function validateNodeConfiguration(node: Node): ValidationError[],frontend/src/utils/ruleValidation.ts,142,142,1,1,,prod,TypeScript,LOW
42d88f5d0bb09e7b029f296fcd1c1d2585b264ec,function,detectCycles,"function detectCycles(nodes: Node[], edges: Edge[]): string[]",frontend/src/utils/ruleValidation.ts,196,196,1,1,,prod,TypeScript,LOW
26db1b4816c72a366912e5200729d776ba3e1982,function,dfs,"function dfs(nodeId: string, path: string[]): boolean",frontend/src/utils/ruleValidation.ts,211,211,1,1,,prod,TypeScript,LOW
871b2b235975a5099815840c8d70a531dba7cb47,function,getSourceNodes,export function getSourceNodes(nodes: Node[]): Node[],frontend/src/utils/ruleValidation.ts,254,254,1,1,,prod,TypeScript,LOW
590302316a3b51e648acde107076e1c98d08d91d,function,getActionNodes,export function getActionNodes(nodes: Node[]): Node[],frontend/src/utils/ruleValidation.ts,263,263,1,1,,prod,TypeScript,LOW
25bddef4ecac3c4e49cbdc03947acb46af8ef18b,function,hasCompletePath,"export function hasCompletePath(nodes: Node[], edges: Edge[]): boolean",frontend/src/utils/ruleValidation.ts,272,272,1,1,,prod,TypeScript,LOW
b3375b4bc4abc3c03253fbf2e33dcb74c7bffb5a,function,getReachableNodes,"function getReachableNodes(startId: string, adjacencyList: Map<string, string[]>): Set<string>",frontend/src/utils/ruleValidation.ts,305,305,1,1,,prod,TypeScript,LOW
4c757d405694e938f54d606b7d0e7e79ea397de4,function,detectTimezone,export function detectTimezone(): string,frontend/src/utils/smartDefaults.ts,28,28,1,1,,prod,TypeScript,LOW
0859f113f35543758b27c4f1f9d255f88eb80fd7,function,detectCurrency,export function detectCurrency(): string,frontend/src/utils/smartDefaults.ts,39,39,1,1,,prod,TypeScript,LOW
66839964e5502545198ae13d67d46b8986d136d6,function,analyzeSprintDuration,export function analyzeSprintDuration(sprints: any[]): number,frontend/src/utils/smartDefaults.ts,84,84,1,1,,prod,TypeScript,LOW
bd47aae0e5fdb5135698cbc3510bec5dff07a0fd,function,analyzeWorkingHours,export function analyzeWorkingHours(tasks: any[]): number,frontend/src/utils/smartDefaults.ts,129,129,1,1,,prod,TypeScript,LOW
558a19b0f2dc208eb37b39559185a6ecfe78deee,function,determinePreferredMetrics,export function determinePreferredMetrics(useCase?: string): string[],frontend/src/utils/smartDefaults.ts,142,142,1,1,,prod,TypeScript,LOW
d7dceb04696624ca7513ff36678337793651ff1d,function,determineDefaultTimeRange,export function determineDefaultTimeRange(projectCreatedAt?: string): '1month' | '3months' | '6months' | '1year',frontend/src/utils/smartDefaults.ts,174,174,1,1,,prod,TypeScript,LOW
c421dc57685797695739c39a7ca3170e6d0e06bb,function,generateSmartDefaults,export async function generateSmartDefaults(,frontend/src/utils/smartDefaults.ts,197,197,1,1,,prod,TypeScript,LOW
dea9e1ec42c0eb2fbb27b73cae3a5456507fb1b4,function,saveSmartDefaults,export function saveSmartDefaults(defaults: SmartDefaults): void,frontend/src/utils/smartDefaults.ts,217,217,1,1,,prod,TypeScript,LOW
a1d5af6183f976e147e226ee4665b315b9b791cd,function,loadSmartDefaults,export function loadSmartDefaults(): SmartDefaults | null,frontend/src/utils/smartDefaults.ts,228,228,1,1,,prod,TypeScript,LOW
5ac5bb44b4d1ed5c51a4f30835380d944cb9223b,function,applyDefaultsToSettings,"export function applyDefaultsToSettings(defaults: SmartDefaults): Record<string, any>",frontend/src/utils/smartDefaults.ts,243,243,1,1,,prod,TypeScript,LOW
98d3803df26a3d9c4a3f071a4a25592b8f0cc7c7,function,explainDefault,"export function explainDefault(field: keyof SmartDefaults, value: any): string",frontend/src/utils/smartDefaults.ts,255,255,1,1,,prod,TypeScript,LOW
67335b7e160ebf29853d64b1e3e8546f99bef2d5,method,constructor,private constructor(),frontend/src/utils/storage.ts,21,21,1,1,02986d242e3318dc4e4cd0696846acb64facf192,prod,TypeScript,LOW
e0b47f5489f3da7c888675e2c5e52be31ef042b9,method,getInstance,static getInstance(): SafeStorage,frontend/src/utils/storage.ts,25,25,1,1,02986d242e3318dc4e4cd0696846acb64facf192,prod,TypeScript,LOW
48711851eb6d2d86aebc225bc8f8101567f5e940,method,if,if (!SafeStorage.instance),frontend/src/utils/storage.ts,26,26,1,1,02986d242e3318dc4e4cd0696846acb64facf192,prod,TypeScript,LOW
dcb453c81a54da019f845daaa740d98bb6281b94,method,calculateStorageUsage,private calculateStorageUsage(): void,frontend/src/utils/storage.ts,32,32,1,1,02986d242e3318dc4e4cd0696846acb64facf192,prod,TypeScript,LOW
b82757d0a253a80a4a7c834002e4c572bca9d113,method,for,for (const key in localStorage),frontend/src/utils/storage.ts,35,35,1,1,02986d242e3318dc4e4cd0696846acb64facf192,prod,TypeScript,LOW
326a03c7161d8a648df79829683ff10b11ca0de1,method,if,if (localStorage.hasOwnProperty(key)),frontend/src/utils/storage.ts,36,36,1,1,02986d242e3318dc4e4cd0696846acb64facf192,prod,TypeScript,LOW
76b6b49e756b556e3a97fe7ece87b3ff5b032fa5,method,if,if (item),frontend/src/utils/storage.ts,38,38,1,1,02986d242e3318dc4e4cd0696846acb64facf192,prod,TypeScript,LOW
1c48ae7af83000a71927ef8e8faed6f68ba0c012,method,getItemSize,"private getItemSize(key: string, value: string): number",frontend/src/utils/storage.ts,50,50,1,1,02986d242e3318dc4e4cd0696846acb64facf192,prod,TypeScript,LOW
b87e3eb17acf38b83a9049559648707c4980d945,method,return,return (key.length + value.length) * 2; // UTF-16,frontend/src/utils/storage.ts,51,51,1,1,02986d242e3318dc4e4cd0696846acb64facf192,prod,TypeScript,LOW
cfb94deee5d68c673d0b46fc2a7ec7df577999d3,method,evictOldestItems,private evictOldestItems(requiredSpace: number): void,frontend/src/utils/storage.ts,54,54,1,1,02986d242e3318dc4e4cd0696846acb64facf192,prod,TypeScript,LOW
48128f9b683b4837e832303af479741d588b57b2,method,for,for (const key in localStorage),frontend/src/utils/storage.ts,58,58,1,1,02986d242e3318dc4e4cd0696846acb64facf192,prod,TypeScript,LOW
d0c21be07d206db04c4dea5ca42ea5464873d12c,method,if,if (key.startsWith('cache_') && key !== STORAGE_USAGE_KEY),frontend/src/utils/storage.ts,59,59,1,1,02986d242e3318dc4e4cd0696846acb64facf192,prod,TypeScript,LOW
b95c612eb8f2e7e672cf5f5d53d7e3bc7f832369,method,if,if (item),frontend/src/utils/storage.ts,62,62,1,1,02986d242e3318dc4e4cd0696846acb64facf192,prod,TypeScript,LOW
10fd390063ed0543163d1aa7725b8c3b68e89ee4,method,if,if (parsed.timestamp),frontend/src/utils/storage.ts,64,64,1,1,02986d242e3318dc4e4cd0696846acb64facf192,prod,TypeScript,LOW
561472892a1a1c89fb3600e4a69817efb8680091,method,for,for (const item of items),frontend/src/utils/storage.ts,80,80,1,1,02986d242e3318dc4e4cd0696846acb64facf192,prod,TypeScript,LOW
e00c2fa1cddf48801ba676159db2396c79bded50,method,if,if (freedSpace >= requiredSpace) break;,frontend/src/utils/storage.ts,81,81,1,1,02986d242e3318dc4e4cd0696846acb64facf192,prod,TypeScript,LOW
3b6886eaad604ef9a4d6a79956a6b1065c69a413,method,if,if (value),frontend/src/utils/storage.ts,84,84,1,1,02986d242e3318dc4e4cd0696846acb64facf192,prod,TypeScript,LOW
a5271ff572b62630261fa28aabaa8a2b70036189,method,if,if (itemSize > MAX_STORAGE_SIZE),frontend/src/utils/storage.ts,107,107,1,1,02986d242e3318dc4e4cd0696846acb64facf192,prod,TypeScript,LOW
63a6982bf25835cd58cf20723094860dfa086ee5,method,if,if (this.storageUsage + itemSize > MAX_STORAGE_SIZE),frontend/src/utils/storage.ts,113,113,1,1,02986d242e3318dc4e4cd0696846acb64facf192,prod,TypeScript,LOW
ee714b31386772427c0d0bdb9c7074a6c57c2477,method,if,if (error instanceof DOMException && error.name === 'QuotaExceededError'),frontend/src/utils/storage.ts,124,124,1,1,02986d242e3318dc4e4cd0696846acb64facf192,prod,TypeScript,LOW
f356bbf0cf68fedff545f40bb68d14f231586b80,method,if,if (!item) return null;,frontend/src/utils/storage.ts,152,152,1,1,02986d242e3318dc4e4cd0696846acb64facf192,prod,TypeScript,LOW
cb933a23d1487b2bfc7dbec9f00ccd43af1f76d1,method,if,if (!options?.ignoreExpiry && Date.now() > entry.timestamp),frontend/src/utils/storage.ts,157,157,1,1,02986d242e3318dc4e4cd0696846acb64facf192,prod,TypeScript,LOW
14982e9c14524b18519689e4aed4ca4fe27f7773,method,remove,remove(key: string): void,frontend/src/utils/storage.ts,173,173,1,1,02986d242e3318dc4e4cd0696846acb64facf192,prod,TypeScript,LOW
7ce3bb2628c2e5c1d6c4192e9c4cb50a9e1f41ef,method,clearExpired,clearExpired(): void,frontend/src/utils/storage.ts,179,179,1,1,02986d242e3318dc4e4cd0696846acb64facf192,prod,TypeScript,LOW
1421a4ee1d722658601d5c2d1b1cb7623fb291b8,method,for,for (const key in localStorage),frontend/src/utils/storage.ts,183,183,1,1,02986d242e3318dc4e4cd0696846acb64facf192,prod,TypeScript,LOW
8d98fa9d54efb53a87d35bb5d1caf75a2e9715d8,method,if,if (key.startsWith('cache_') && key !== STORAGE_USAGE_KEY),frontend/src/utils/storage.ts,184,184,1,1,02986d242e3318dc4e4cd0696846acb64facf192,prod,TypeScript,LOW
aea99c191d04ca23d742e5282c283fa2163344b3,method,if,if (item),frontend/src/utils/storage.ts,187,187,1,1,02986d242e3318dc4e4cd0696846acb64facf192,prod,TypeScript,LOW
d21fe5ab9bc8c099f692699b937761eb0ce358d3,method,if,if (entry.timestamp && now > entry.timestamp),frontend/src/utils/storage.ts,189,189,1,1,02986d242e3318dc4e4cd0696846acb64facf192,prod,TypeScript,LOW
8f57dc32e8e56d636c36307b3521a8b9b53ad58b,method,for,for (const key of keysToRemove),frontend/src/utils/storage.ts,200,200,1,1,02986d242e3318dc4e4cd0696846acb64facf192,prod,TypeScript,LOW
71f8d963604c74e046966fda8998cea3131cdb38,method,if,if (keysToRemove.length > 0),frontend/src/utils/storage.ts,204,204,1,1,02986d242e3318dc4e4cd0696846acb64facf192,prod,TypeScript,LOW
48991874a8d1039f5e8d688d8aa27215a7827140,method,clearAll,clearAll(): void,frontend/src/utils/storage.ts,209,209,1,1,02986d242e3318dc4e4cd0696846acb64facf192,prod,TypeScript,LOW
fb60f5af37de5df2c3f6970504bd184b252f4522,method,for,for (const key in localStorage),frontend/src/utils/storage.ts,212,212,1,1,02986d242e3318dc4e4cd0696846acb64facf192,prod,TypeScript,LOW
290866ac7a168b04fc0cf7d293b396fe2ce43310,method,if,if (key.startsWith('cache_')),frontend/src/utils/storage.ts,213,213,1,1,02986d242e3318dc4e4cd0696846acb64facf192,prod,TypeScript,LOW
a51b64d83522fdd4e5b4e453da5469cdc4594899,method,for,for (const key of keysToRemove),frontend/src/utils/storage.ts,218,218,1,1,02986d242e3318dc4e4cd0696846acb64facf192,prod,TypeScript,LOW
efe46a98b9d04bd2373707e6858efbf6eeb24a66,method,getUsageInfo,getUsageInfo():,frontend/src/utils/storage.ts,225,225,1,1,02986d242e3318dc4e4cd0696846acb64facf192,prod,TypeScript,LOW
