method_id,file,start_line,kind,symptom,note
5d9ebbb03ec2f51f41d5f5d3cd8656e7f4d5d0fd,backend/alembic/env.py,26,function,high_external_low_internal_ratio,only external edges
16fac64c18a9898e453566b8d630d4a046e11f9d,backend/alembic/env.py,40,function,high_external_low_internal_ratio,only external edges
bf661f3485b8a7ed9ec7abb5d3eb873eaeeca813,backend/alembic/env.py,47,function,high_external_low_internal_ratio,only external edges
d8057ce263c1fbcefef308bd59b1a0100dc9877e,backend/alembic/versions/0001_iter1_extensions.py,19,function,high_external_low_internal_ratio,only external edges
bcaf47231ce159e9d4ff4cde8c8810c05eef5795,backend/alembic/versions/0001_iter1_extensions.py,26,function,high_external_low_internal_ratio,only external edges
ea01aa7cc163d6ba5226508de6c7bd2b77719234,backend/alembic/versions/0001_iter1_extensions.py,44,function,high_external_low_internal_ratio,only external edges
82fde6b9da18a13e478cb1fc921f1694665d2492,backend/alembic/versions/0001_iter1_extensions.py,65,function,high_external_low_internal_ratio,only external edges
7ed5428a4f55e675d2e53628330d33214e9528da,backend/alembic/versions/005_add_jira_field_mappings.py,20,function,high_external_low_internal_ratio,only external edges
ae2986df2cd39d341ec5f44c6615edbcaa431075,backend/alembic/versions/005_add_jira_field_mappings.py,26,function,high_external_low_internal_ratio,only external edges
7250a500b73dad3abd97637ede573c8936b2fb64,backend/alembic/versions/005_add_jira_field_mappings.py,42,function,high_external_low_internal_ratio,only external edges
435cd648c1c4811bf4b4943ddb9d7a3a324404fc,backend/alembic/versions/005_add_jira_field_mappings.py,51,function,high_external_low_internal_ratio,only external edges
d533d5fdda6c138a9076404d5de7a86d6570a07f,backend/alembic/versions/005_add_jira_field_mappings.py,59,function,high_external_low_internal_ratio,only external edges
5f21e190577fab68e22f07725fd1341803a877b2,backend/alembic/versions/006_add_pr_indexes.py,14,function,high_external_low_internal_ratio,only external edges
14d0fe6cbe1c4a64771f0737b19956f539936340,backend/alembic/versions/006_add_pr_indexes.py,20,function,high_external_low_internal_ratio,only external edges
e2dadd354ceff5463ccdadf9f210ccdafaf7b7b5,backend/alembic/versions/007_add_sprint_wip_limit.py,16,function,high_external_low_internal_ratio,only external edges
4dff50da133ce88d873506168e5909eafd2de12a,backend/alembic/versions/007_add_sprint_wip_limit.py,22,function,high_external_low_internal_ratio,only external edges
dcd01fad6b7e8bf1cc1f289452517fe74de7b7c0,backend/alembic/versions/007_add_sprint_wip_limit.py,28,function,high_external_low_internal_ratio,only external edges
f917c6f1278c858613b103c5d9deedec08d4aafb,backend/alembic/versions/008_add_business_value_audit.py,17,function,high_external_low_internal_ratio,only external edges
f7e21f685e470eb2fd13602e44bc6d6ecdd7c354,backend/alembic/versions/008_add_business_value_audit.py,23,function,high_external_low_internal_ratio,only external edges
53d7784e3182060d214a3565e0195593a5d0f530,backend/alembic/versions/008_add_business_value_audit.py,32,function,high_external_low_internal_ratio,only external edges
030856b676c46da5c9a6f10e7edfb497df5d1307,backend/alembic/versions/008_add_business_value_audit.py,40,function,high_external_low_internal_ratio,only external edges
226701c0613cb756f2e861b6d5df080017fb6eff,backend/alembic/versions/009_add_task_indexes.py,16,function,high_external_low_internal_ratio,only external edges
bedb98061dbb8ee438244971c0dcd088c809ae35,backend/alembic/versions/009_add_task_indexes.py,21,function,high_external_low_internal_ratio,only external edges
2bdd5ccfdbdb4224d56d256010d065e54d7f1c62,backend/alembic/versions/010_add_performance_indexes.py,14,function,high_external_low_internal_ratio,only external edges
c400edb49d822acccc8bdd70d347f56b568a61b7,backend/alembic/versions/010_add_performance_indexes.py,22,function,high_external_low_internal_ratio,only external edges
010c822b2e51cc9ee870db16210f629a4e8c5e62,backend/alembic/versions/010_add_performance_indexes.py,49,function,high_external_low_internal_ratio,only external edges
a0a93a634b1238a0402f4470501718a03bd91aaf,backend/alembic/versions/010_add_performance_indexes.py,60,function,high_external_low_internal_ratio,only external edges
c8316dc4d8503c43345a11ee070b4296a83186c5,backend/alembic/versions/011_add_traceability_tables.py,19,function,high_external_low_internal_ratio,only external edges
7b7ad9d308d743eb7cde812f6b7cda0bb831b19e,backend/alembic/versions/011_add_traceability_tables.py,25,function,high_external_low_internal_ratio,only external edges
9fa058582f0205aea2ae619b29669369172b7549,backend/alembic/versions/011_add_traceability_tables.py,99,function,high_external_low_internal_ratio,only external edges
2e0a4637a2501caef9a2b4bc6aab45d426f8ff08,backend/alembic/versions/012_add_sprint_indexes.py,19,function,high_external_low_internal_ratio,only external edges
647d58c205a16c208c2526cd135f484e7acf4c51,backend/alembic/versions/012_add_sprint_indexes.py,56,function,high_external_low_internal_ratio,only external edges
59a95d26d7e3969418182e470823fc54d010f027,backend/alembic/versions/013_optimize_tasks_query_indexes.py,17,function,high_external_low_internal_ratio,only external edges
e9c19864e75f036248378a7a67355d1242d18471,backend/alembic/versions/013_optimize_tasks_query_indexes.py,80,function,high_external_low_internal_ratio,only external edges
e53c08fc71305caa22dac124d3c2b209c4367a8e,backend/alembic/versions/014_create_integration_settings_table.py,17,function,high_external_low_internal_ratio,only external edges
caf3ebbe576b432b2820c44b09ae1d28ecbee002,backend/alembic/versions/014_create_integration_settings_table.py,37,function,high_external_low_internal_ratio,only external edges
d55c52d9f33cc6f3dee7504c25751fe8eb8059ca,backend/alembic/versions/014_create_integration_settings_table.py,43,function,high_external_low_internal_ratio,only external edges
32b85f829289ec7b51a7268da04f55294f77a5ca,backend/alembic/versions/014_create_integration_settings_table.py,49,function,high_external_low_internal_ratio,only external edges
4199fd3b542346b99c4bece483126e8fc141346a,backend/alembic/versions/015_add_project_repositories.py,19,function,high_external_low_internal_ratio,only external edges
330048daac1150b9c2765292b5ddd7122b623948,backend/alembic/versions/015_add_project_repositories.py,26,function,high_external_low_internal_ratio,only external edges
7fa483686a716f95dde43f0680b7c81095401605,backend/alembic/versions/015_add_project_repositories.py,50,function,high_external_low_internal_ratio,only external edges
e20747dbe03f6d7d1ad84c1f0cd2274deec1ecb4,backend/alembic/versions/016_add_foreign_key_indexes.py,19,function,high_external_low_internal_ratio,only external edges
34b1d10d60faf558023eaa6318368a4873771fdd,backend/alembic/versions/016_add_foreign_key_indexes.py,30,function,high_external_low_internal_ratio,only external edges
a212659ef4581291eafe5e99a93b18935414721c,backend/alembic/versions/017_add_rbac_tables.py,31,function,high_external_low_internal_ratio,only external edges
f59a4c80325bace940d438639c15120a5c24d26c,backend/alembic/versions/017_add_rbac_tables.py,38,function,high_external_low_internal_ratio,only external edges
796ac98fe1211f51ea9ebff97eb7e65b40f5e2a9,backend/alembic/versions/017_add_rbac_tables.py,154,function,high_external_low_internal_ratio,only external edges
b488744fa731b181f836d1b400fd02c1f936535e,backend/alembic/versions/018_add_traceability_rules.py,19,function,high_external_low_internal_ratio,only external edges
c4d6d96172748213ca34aae086e749955d571c22,backend/alembic/versions/018_add_traceability_rules.py,26,function,high_external_low_internal_ratio,only external edges
eb9ffcfb29be9d91bbc996f30c96569ac3ebf617,backend/alembic/versions/018_add_traceability_rules.py,34,function,high_external_low_internal_ratio,only external edges
b59266db1ab4508fa52331e9f0afdfc654717d98,backend/alembic/versions/018_add_traceability_rules.py,40,function,high_external_low_internal_ratio,only external edges
5ddf386cf2cf4ea0942c5b0ae126976b6001989e,backend/alembic/versions/018_add_traceability_rules.py,99,function,high_external_low_internal_ratio,only external edges
51dd462d6e1e82a4ec205662a03fb30631a2ee7e,backend/alembic/versions/019_add_capacity_health_cfd_tables.py,23,function,high_external_low_internal_ratio,only external edges
1457da2c9df1ff13923ff288d8c40417f3fb6506,backend/alembic/versions/019_add_capacity_health_cfd_tables.py,30,function,high_external_low_internal_ratio,only external edges
0b570a6157d10940d5898ce7436f2abebef4bb1e,backend/alembic/versions/019_add_capacity_health_cfd_tables.py,38,function,high_external_low_internal_ratio,only external edges
41dbb6c866c7c08a8594fda07b957b153b46558d,backend/alembic/versions/019_add_capacity_health_cfd_tables.py,44,function,high_external_low_internal_ratio,only external edges
bb0e5b53a968621136a032f75fe17262aa0a26dc,backend/alembic/versions/019_add_capacity_health_cfd_tables.py,142,function,high_external_low_internal_ratio,only external edges
1b791cf4ca59c2a9ee4700bbbb6f6745326e5bd5,backend/alembic/versions/020_add_quality_metrics_tables.py,18,function,high_external_low_internal_ratio,only external edges
a613ae7f90d0a816a1f2af4ce428a3ed008d43e2,backend/alembic/versions/020_add_quality_metrics_tables.py,25,function,high_external_low_internal_ratio,only external edges
7e26a24893e9bbb73312d1955d1e65c24a8fe654,backend/alembic/versions/020_add_quality_metrics_tables.py,101,function,high_external_low_internal_ratio,only external edges
25b85aa07a67e063153b38eafe6431f458802fcf,backend/alembic/versions/021_add_coverage_analytics_tables.py,18,function,high_external_low_internal_ratio,only external edges
3e373fe2ca425872768f31356f1c6b5f2cf33a2c,backend/alembic/versions/021_add_coverage_analytics_tables.py,25,function,high_external_low_internal_ratio,only external edges
5f37a37c6fc9c5610e30d43f07cd02791a41479a,backend/alembic/versions/021_add_coverage_analytics_tables.py,124,function,high_external_low_internal_ratio,only external edges
e9cbd2e8b8155334b14ead74032cabf4f2f496b3,backend/alembic/versions/022_add_filter_indexes.py,21,function,high_external_low_internal_ratio,only external edges
027792639c750453135bbe25cd5a749c357ad8a2,backend/alembic/versions/022_add_filter_indexes.py,28,function,high_external_low_internal_ratio,only external edges
4c387128c5c042b4fca21aca31484b76bf6080b5,backend/alembic/versions/022_add_filter_indexes.py,79,function,high_external_low_internal_ratio,only external edges
9b385d0726da2471240bf29ddc9b33aa5d9ad780,backend/alembic/versions/022_add_filter_indexes.py,91,function,high_external_low_internal_ratio,only external edges
077625b726fa235c5cc3c066aa62e5197a9802ad,backend/alembic/versions/023_add_composite_performance_indexes.py,20,function,high_external_low_internal_ratio,only external edges
44389b5895375a6a7434608243119f0c863c7a82,backend/alembic/versions/023_add_composite_performance_indexes.py,27,function,high_external_low_internal_ratio,only external edges
6549b54d7efa11de6b4f3f4cf686d6dcbbc01816,backend/alembic/versions/023_add_composite_performance_indexes.py,56,function,high_external_low_internal_ratio,only external edges
7e4bb2156eb105e2502a989d03a999ae9677ed17,backend/alembic/versions/023_add_composite_performance_indexes.py,68,function,high_external_low_internal_ratio,only external edges
72e95534970c9383533cca758e07f9059efed6b1,backend/alembic/versions/024_add_rule_scheduling_columns.py,26,function,high_external_low_internal_ratio,only external edges
bc00141afa542f138541c3f40065fe706c992e0b,backend/alembic/versions/024_add_rule_scheduling_columns.py,33,function,high_external_low_internal_ratio,only external edges
b7cdd825d71945116baadd6b425ea0d16faaa730,backend/alembic/versions/024_add_rule_scheduling_columns.py,41,function,high_external_low_internal_ratio,only external edges
83e24567e6e06a89b6532c852220d3363e67007b,backend/alembic/versions/024_add_rule_scheduling_columns.py,49,function,high_external_low_internal_ratio,only external edges
ad00ac8b419167133089ac10d4cc9e30c6708bf5,backend/alembic/versions/024_add_rule_scheduling_columns.py,109,function,high_external_low_internal_ratio,only external edges
6339fbffc9d1927aa1c027116f7a83e7a615bb71,backend/alembic/versions/025_add_oauth_fields.py,26,function,high_external_low_internal_ratio,only external edges
1f4e75d59838beab13f36abea5df442a04aea2ad,backend/alembic/versions/025_add_oauth_fields.py,33,function,high_external_low_internal_ratio,only external edges
0acc63e160d1292477716da935988720afe7896c,backend/alembic/versions/025_add_oauth_fields.py,41,function,high_external_low_internal_ratio,only external edges
55d43a516d1fce1a0079b08927c65c86c39549ad,backend/alembic/versions/025_add_oauth_fields.py,49,function,high_external_low_internal_ratio,only external edges
ae776aa6149079631b15b8252e28ea318ea1d56b,backend/alembic/versions/025_add_oauth_fields.py,107,function,high_external_low_internal_ratio,only external edges
88d8566faa75342b396f6400e8dd3961ed88b2f8,backend/alembic/versions/026_add_mfa_fields.py,23,function,high_external_low_internal_ratio,only external edges
87e9f2c143d043af3d8c2b7b1cb23e2d2da98aa6,backend/alembic/versions/026_add_mfa_fields.py,30,function,high_external_low_internal_ratio,only external edges
6aa1d7e05cb42bb966851e57897fd568a2a976d6,backend/alembic/versions/026_add_mfa_fields.py,38,function,high_external_low_internal_ratio,only external edges
16652bfbc3f814171cec96b9599f512d1814032e,backend/alembic/versions/026_add_mfa_fields.py,64,function,high_external_low_internal_ratio,only external edges
986cac52e8ae7d769b57db93e311917b33013459,backend/app/api/api_v1/endpoints/analytics.py,407,function,high_external_low_internal_ratio,only external edges
b9d225ca2aeda70c255e347176b8fabc90c76778,backend/app/api/api_v1/endpoints/analytics.py,718,function,high_external_low_internal_ratio,only external edges
5c8262e25acea7a91bbdabe520d71f4157df0328,backend/app/api/api_v1/endpoints/analytics.py,766,function,high_external_low_internal_ratio,only external edges
7bcfa56534b0f375f0804ed75e0a1f1a9376c6c3,backend/app/api/api_v1/endpoints/analytics_simple.py,10,function,high_external_low_internal_ratio,only external edges
a38211dd9e177f1f9f5a5feb722dddc2a363acd5,backend/app/api/api_v1/endpoints/auth.py,149,function,high_external_low_internal_ratio,only external edges
ada76eb15d1ffdbd986a55cca10eacf0b71c02b6,backend/app/api/api_v1/endpoints/auth.py,215,function,high_external_low_internal_ratio,only external edges
da79ecee03c3d410f12e1aa3bd4faa0b21501172,backend/app/api/api_v1/endpoints/auth.py,364,function,high_external_low_internal_ratio,only external edges
5007f80dcd80daa451d8626f171b52d538ebbbb4,backend/app/api/api_v1/endpoints/auth.py,411,function,high_external_low_internal_ratio,only external edges
2242c9f5f49a9866d15164a2ecb61da44326a55e,backend/app/api/api_v1/endpoints/capacity.py,330,function,high_external_low_internal_ratio,only external edges
565b294de7c64dba48590f6927200088fb03d1fe,backend/app/api/api_v1/endpoints/confluence.py,23,function,high_external_low_internal_ratio,only external edges
e96f78b9d313fb2f5db10d048284e7e89dc9777b,backend/app/api/api_v1/endpoints/confluence.py,65,function,high_external_low_internal_ratio,only external edges
759b9aad1c6eeaa7c79194b5f09a25ba2f5ddc09,backend/app/api/api_v1/endpoints/confluence.py,108,function,high_external_low_internal_ratio,only external edges
35551f85c8ec8cc99e45b6c307a7e81268daeddb,backend/app/api/api_v1/endpoints/confluence.py,435,function,high_external_low_internal_ratio,only external edges
17ddfb99f84d40444cfaac88f10340d78f6512d0,backend/app/api/api_v1/endpoints/confluence.py,612,function,high_external_low_internal_ratio,only external edges
d00ac76038402546d2a2270f8f19e04cd39af400,backend/app/api/api_v1/endpoints/git/ci.py,25,function,high_external_low_internal_ratio,only external edges
3e2935bc7ba902aefb6fb27ee20df5f1ae492287,backend/app/api/api_v1/endpoints/git/ci.py,104,function,high_external_low_internal_ratio,only external edges
af0e43cd269f9968e34b768ddbba79c241df7c0b,backend/app/api/api_v1/endpoints/git/ci.py,190,function,high_external_low_internal_ratio,only external edges
57d2cca36520797e5e21cd651b7a14f51b072f4c,backend/app/api/api_v1/endpoints/git/metrics.py,34,function,high_external_low_internal_ratio,only external edges
d2eba43d1a5b08cf0376b8233b26408132df4018,backend/app/api/api_v1/endpoints/git/metrics.py,60,function,high_external_low_internal_ratio,only external edges
bd349bdb761729e2287745751bbbb03fce40249b,backend/app/api/api_v1/endpoints/git/metrics.py,84,function,high_external_low_internal_ratio,only external edges
ac72087f975d89efac7690086c9a5b5865f5a6f2,backend/app/api/api_v1/endpoints/git/webhooks.py,46,function,high_external_low_internal_ratio,only external edges
e0195fd57fe0d68c4c58e4be64bdd0c91442ecb4,backend/app/api/api_v1/endpoints/git/webhooks.py,66,function,high_external_low_internal_ratio,only external edges
459b4af5beaaa2216a0e48bb59dc11733ffdb315,backend/app/api/api_v1/endpoints/git/webhooks.py,311,function,high_external_low_internal_ratio,only external edges
592db2c4a91ec20db3db63dd10aa55f8115d0359,backend/app/api/api_v1/endpoints/git/webhooks.py,489,function,high_external_low_internal_ratio,only external edges
06ec697a299c4d8f78dc2e1f2000011327e10320,backend/app/api/api_v1/endpoints/git_router.py,209,function,high_external_low_internal_ratio,only external edges
20f1d05ad8f774e65a46bb1d4c3a670acff287ab,backend/app/api/api_v1/endpoints/git_router.py,245,function,high_external_low_internal_ratio,only external edges
b1cb5ad368cbca908c8624f7f7fee484175f44b5,backend/app/api/api_v1/endpoints/gitlab_projects.py,63,function,high_external_low_internal_ratio,only external edges
4bcb7a752a61a680576d9e5cf7a2645348fff789,backend/app/api/api_v1/endpoints/gitlab_projects.py,88,function,high_external_low_internal_ratio,only external edges
a6698d39ae4f05696e9f5a6e355eb42e4d484f41,backend/app/api/api_v1/endpoints/health.py,17,function,high_external_low_internal_ratio,only external edges
b07b12252c70755734cf182f76033b972ff68760,backend/app/api/api_v1/endpoints/health.py,22,function,high_external_low_internal_ratio,only external edges
191da05de86016560c7a8ff2be2358e3c9ee736e,backend/app/api/api_v1/endpoints/health.py,26,function,high_external_low_internal_ratio,only external edges
b071e68ef1accbf3ec2811f688ce4a7f7fbe248f,backend/app/api/api_v1/endpoints/jira.py,68,function,high_external_low_internal_ratio,only external edges
84a459e0f144f8b08882a4b478a5271f4f5d04be,backend/app/api/api_v1/endpoints/jira.py,84,function,high_external_low_internal_ratio,only external edges
6f91f002338e0c4c195a1df6072eaa36a45613d9,backend/app/api/api_v1/endpoints/jira.py,94,function,high_external_low_internal_ratio,only external edges
859ce35b83f47e9ca33499cbc888afe8e7b0eae1,backend/app/api/api_v1/endpoints/jira.py,243,function,high_external_low_internal_ratio,only external edges
fd8d85613c4085b0706d489927d9cb7b0cae8546,backend/app/api/api_v1/endpoints/project_repository.py,24,function,high_external_low_internal_ratio,only external edges
2da062c63f2105e5fd5c9e5a569cd02c97cdda42,backend/app/api/api_v1/endpoints/project_repository.py,67,function,high_external_low_internal_ratio,only external edges
7acda9a93edc713e1a52ca9a9eb8b08a46709579,backend/app/api/api_v1/endpoints/project_repository.py,317,function,high_external_low_internal_ratio,only external edges
2b756fa34b887270865feadefba028819a71706b,backend/app/api/api_v1/endpoints/quality/common.py,95,function,high_external_low_internal_ratio,only external edges
442ee8a0698ef1d6d9424f54665ad74569bc9730,backend/app/api/api_v1/endpoints/quality/common.py,120,function,high_external_low_internal_ratio,only external edges
8a185b8e971fb63524a058bc5069ec7c6eb31709,backend/app/api/api_v1/endpoints/quality/defects.py,63,function,high_external_low_internal_ratio,only external edges
3c80069a8950df6ad4b27df55bedc785813136f4,backend/app/api/api_v1/endpoints/quality/reports.py,218,function,high_external_low_internal_ratio,only external edges
f2930e476a5ed62a99d9407481d60e695b335823,backend/app/api/api_v1/endpoints/settings.py,21,function,high_external_low_internal_ratio,only external edges
0449eff764f85a7f2c086cd481fc929e62a64843,backend/app/api/api_v1/endpoints/tasks_async.py,11,function,high_external_low_internal_ratio,only external edges
f015c8c419259cd6770acb8b26b095b97c8e3bed,backend/app/api/api_v1/endpoints/tasks_async.py,49,function,high_external_low_internal_ratio,only external edges
e2028c77cc379362b68af85caf775699f2de5084,backend/app/api/api_v1/endpoints/testing.py,35,function,high_external_low_internal_ratio,only external edges
a66a9fbe4fe253b6eb32922f4ee456feaeb1deb0,backend/app/api/api_v1/endpoints/testing.py,90,function,high_external_low_internal_ratio,only external edges
5c877eb084ef14d71284e248888ea8716043ea5b,backend/app/api/api_v1/endpoints/testing.py,469,function,high_external_low_internal_ratio,only external edges
253f3ac3ebd20b3ae3def562b0b971d163493032,backend/app/api/api_v1/endpoints/testing.py,482,function,high_external_low_internal_ratio,only external edges
5e6a354ced946c2e2f2d98db598c5f39c56a3d3b,backend/app/api/api_v1/endpoints/testing.py,511,function,high_external_low_internal_ratio,only external edges
404e5bc8104db6ec9163623c33be8f31857a08ec,backend/app/api/api_v1/endpoints/testing.py,625,function,high_external_low_internal_ratio,only external edges
272afc44aca8caf4db484f4f4295408a4a63e1da,backend/app/api/api_v1/endpoints/testing.py,663,function,high_external_low_internal_ratio,only external edges
ad9ad710695af3357089926da79e6249e68930cd,backend/app/api/api_v1/endpoints/testing.py,968,function,high_external_low_internal_ratio,only external edges
a44c282bbc57ae88238dcecca62198753b18e0d6,backend/app/api/api_v1/endpoints/traceability/analysis.py,114,function,high_external_low_internal_ratio,only external edges
5157052c0929be0cc361660346451785ac28c85b,backend/app/api/api_v1/endpoints/traceability/analysis.py,217,function,high_external_low_internal_ratio,only external edges
bbb6508afb7ccb09c91e3b96c073ab8673a7ec9e,backend/app/api/api_v1/endpoints/traceability/analysis.py,251,function,high_external_low_internal_ratio,only external edges
1c131477b9041239026e64acc75f07ae1986cc24,backend/app/api/api_v1/endpoints/traceability/common.py,67,function,high_external_low_internal_ratio,only external edges
0a200899424c289ccfd34a01535ae06d52c018a8,backend/app/api/api_v1/endpoints/traceability/health.py,23,function,high_external_low_internal_ratio,only external edges
0e2f155a7a120eed496eca94cf023cf433b36bee,backend/app/api/api_v1/endpoints/traceability/health.py,37,function,high_external_low_internal_ratio,only external edges
1d9a1390ebd9ba41c655351eb3283908ef452c53,backend/app/api/api_v1/endpoints/traceability/health.py,75,function,high_external_low_internal_ratio,only external edges
bae3fbe93b6dc82f0bb377ae272239491e5a8691,backend/app/api/api_v1/endpoints/traceability/orphans.py,25,function,high_external_low_internal_ratio,only external edges
d5ce3c1fb65a8ee3b05c7a017b4028a13dfdf761,backend/app/api/api_v1/endpoints/traceability/rules.py,264,function,high_external_low_internal_ratio,only external edges
656ef9f0982a247f59b28e63eb2cfbec2e5466ee,backend/app/api/api_v1/endpoints/traceability/rules.py,562,function,high_external_low_internal_ratio,only external edges
cf89720baa05bfce42a69c73b67f3fd5c2820a6d,backend/app/api/api_v1/endpoints/traceability/rules.py,575,function,high_external_low_internal_ratio,only external edges
08dee01e695d99bdb6bcbfe89894ff3d1e1922fa,backend/app/api/api_v1/endpoints/traceability/rules.py,587,function,high_external_low_internal_ratio,only external edges
eb0f1bc380750d30ea8512d4cebcbdfec3a33bd1,backend/app/api/api_v1/endpoints/usage_analytics.py,83,function,high_external_low_internal_ratio,only external edges
926f95eb22c6388174e64ade484eb7faa700c3aa,backend/app/api/api_v1/endpoints/usage_analytics.py,112,function,high_external_low_internal_ratio,only external edges
e0647cf6d419bed9c87d8d4616cd925b9c6474fa,backend/app/api/api_v1/endpoints/usage_analytics.py,136,function,high_external_low_internal_ratio,only external edges
2b0314cfd570f6c399603333f01077e794c296fb,backend/app/api/api_v1/endpoints/usage_analytics.py,164,function,high_external_low_internal_ratio,only external edges
a845efadbf1ea7fa1a025237009e30c74523667c,backend/app/api/api_v1/endpoints/usage_analytics.py,181,function,high_external_low_internal_ratio,only external edges
8898f64a78890b8b86044345e4fab04119ee0fe2,backend/app/api/deps.py,124,function,high_external_low_internal_ratio,only external edges
914a56a19bfcc21f6b27985897af4be1b1fa56c5,backend/app/api/deps.py,142,function,high_external_low_internal_ratio,only external edges
2329412075d41c91d9d0a36e0026501d55c48f7a,backend/app/api/deps.py,220,function,high_external_low_internal_ratio,only external edges
d73e19eb0650471a1126c191533386af45e2e7f7,backend/app/core/cache_enhanced.py,138,method,high_external_low_internal_ratio,only external edges
07cafb897b52992b054bbd000902951d0520a688,backend/app/core/cache_enhanced.py,163,method,high_external_low_internal_ratio,only external edges
39ca0cce9f7dbccbf5b2779943333bc7a4e5514f,backend/app/core/cache_enhanced.py,503,method,high_external_low_internal_ratio,only external edges
5f4857c2f2f0737930403c8cef5f2c189ccf3045,backend/app/core/cache_enhanced.py,529,method,high_external_low_internal_ratio,only external edges
0017a554d1cddfcb9dc5e2b9bf354022128af54b,backend/app/core/cache_enhanced.py,575,method,high_external_low_internal_ratio,only external edges
2e843858e7903e2fe15e6c6b4489a7ef9ef2ec08,backend/app/core/cache_enhanced.py,652,method,high_external_low_internal_ratio,only external edges
c97ec356761cae48f6c2c5405d35d540c9b1c21c,backend/app/core/cache_enhanced.py,668,method,high_external_low_internal_ratio,only external edges
8b596f23103f5901c7eb03538ab6c9a6111b73d8,backend/app/core/cache_enhanced.py,723,method,high_external_low_internal_ratio,only external edges
9f4ae40e7ae5bd0d4cc79a5869cc2045ebb8554f,backend/app/core/cache_enhanced.py,737,method,high_external_low_internal_ratio,only external edges
969fbb3f29adf8effa05bf66bfc6ac3d85ae9298,backend/app/core/cache_enhanced.py,753,function,high_external_low_internal_ratio,only external edges
0e8ac340707b0c3225279744809186eb1e568f11,backend/app/core/cache_enhanced.py,803,function,high_external_low_internal_ratio,only external edges
62a789b7ad43af164a6d57d4a9227d0122cbfa93,backend/app/core/cache_enhanced.py,1001,function,high_external_low_internal_ratio,only external edges
212158ee42698e924b74c13b4c44d1a5816b3004,backend/app/core/config.py,125,method,high_external_low_internal_ratio,only external edges
ba166615a2dd1bc9e1097badadcae287fe73aca6,backend/app/core/config.py,129,method,high_external_low_internal_ratio,only external edges
9865c3b7141514e4a6ed04848046561130705356,backend/app/core/config.py,159,method,high_external_low_internal_ratio,only external edges
cdc4cb9c7d2c6b2f505919beaaecf44e0cbbd991,backend/app/core/config.py,177,method,high_external_low_internal_ratio,only external edges
0dce09946002faac8d51bf63ac8004fcf3bb0418,backend/app/core/crypto.py,15,function,high_external_low_internal_ratio,only external edges
71debfa4cfae666ca35769d0313fe6619497a491,backend/app/core/database.py,48,function,high_external_low_internal_ratio,only external edges
3f258dab24a7b9edd4984d832a136770b6976399,backend/app/core/database.py,72,function,high_external_low_internal_ratio,only external edges
5abe16d8fe1388056686d5185b6d9f4d00d10e88,backend/app/core/database.py,81,function,high_external_low_internal_ratio,only external edges
2e0264be30f55bc9d4aff650478224a0e91a7939,backend/app/core/database.py,134,function,high_external_low_internal_ratio,only external edges
7b5375535f626953332e6f12cc1dd96dc36f3b8f,backend/app/core/db_utils.py,6,function,high_external_low_internal_ratio,only external edges
91f09ca95c376244207d994cb283941f28bb4784,backend/app/core/metrics.py,10,method,high_external_low_internal_ratio,only external edges
16bf6ddfcb91a33e257a6d5daa4f9a5bbee8fef3,backend/app/core/metrics.py,16,method,high_external_low_internal_ratio,only external edges
41b3f74412ac397d3b60f26ca504c1d71bb261ba,backend/app/core/metrics.py,32,method,high_external_low_internal_ratio,only external edges
a832b0aa21d4afeee37a3d197371a3d11d2ab7e1,backend/app/core/mfa.py,36,method,high_external_low_internal_ratio,only external edges
2eb13cc31a10da5a41af4a47adb9ba6e9191c4c1,backend/app/core/mfa.py,51,function,high_external_low_internal_ratio,only external edges
9fd063ba8ef652d3809fe3b8a50439dc34bc28a6,backend/app/core/mfa.py,56,function,high_external_low_internal_ratio,only external edges
3ac44d00f54468862f63cf20d5987ea9d58be35f,backend/app/core/mfa.py,73,function,high_external_low_internal_ratio,only external edges
7bdbb73da18e23bb64ef25367af1ff17124bf266,backend/app/core/mfa.py,94,function,high_external_low_internal_ratio,only external edges
ed0ffb543b08a8d898ab73d8df28f552806db230,backend/app/core/mfa.py,148,function,high_external_low_internal_ratio,only external edges
c48a75701c4f1acab416debfc1d880e417b05819,backend/app/core/mfa.py,174,function,high_external_low_internal_ratio,only external edges
48d95433757df88f2cea4a94dc9ba02f0398a639,backend/app/core/mfa.py,220,function,high_external_low_internal_ratio,only external edges
a71c14838931c4243c0b86169f2f333ada7ad424,backend/app/core/mfa.py,234,function,high_external_low_internal_ratio,only external edges
0810ac481a3d2ea93be4ef624a69ca9a4a03af85,backend/app/core/middleware.py,69,function,high_external_low_internal_ratio,only external edges
1db91a95dbea585976b8d23fb62115ec50cf43ea,backend/app/core/notifications.py,9,method,high_external_low_internal_ratio,only external edges
271216dd33e7dd2e1c098390583cb03228c48a57,backend/app/core/notifications.py,17,method,high_external_low_internal_ratio,only external edges
df2eab4ed907049f2487b6e134b5ceb45620d0bd,backend/app/core/notifications.py,21,method,high_external_low_internal_ratio,only external edges
f7d91ec7d698fb047232064d5e147d269d27ecd6,backend/app/core/oauth.py,24,method,high_external_low_internal_ratio,only external edges
a89f20c71b3098ac5d460f4b294996aa7546a5d0,backend/app/core/oauth.py,59,method,high_external_low_internal_ratio,only external edges
85b6ed07ce6d4772928a82c8f9467b4764824d1b,backend/app/core/oauth.py,63,method,high_external_low_internal_ratio,only external edges
30f7bf0455ebcf6470f731fb3433dbac4ea37717,backend/app/core/oauth.py,125,method,high_external_low_internal_ratio,only external edges
1939ab8e1e21618fce087daabeec59d3002a91ce,backend/app/core/oauth.py,180,method,high_external_low_internal_ratio,only external edges
cc54d2f9284cade2c440a555547501f2e729dc9e,backend/app/core/oauth.py,184,method,high_external_low_internal_ratio,only external edges
ad1a6d8bb3d42936a5c684f25f084b7449f02471,backend/app/core/oauth.py,246,method,high_external_low_internal_ratio,only external edges
99f334c83f62d597e57fd24e1b8ae26a850bbc30,backend/app/core/oauth.py,293,function,high_external_low_internal_ratio,only external edges
055f88ee9fa9c92da713b88a3635de95e9149d01,backend/app/core/query_metrics.py,37,function,high_external_low_internal_ratio,only external edges
2b62d8984719c28b7a002b28428d0ae18fa0116b,backend/app/core/query_metrics.py,48,function,high_external_low_internal_ratio,only external edges
3fb21a934d3a28ff1f5de1f7d2389df4a5ba0362,backend/app/core/query_metrics.py,53,function,high_external_low_internal_ratio,only external edges
41047a39d8898fdb17420b3edadbe81e744a6e30,backend/app/core/query_metrics.py,83,function,high_external_low_internal_ratio,only external edges
6fcae027ca9bab00d77f25681cde4efd007e0fed,backend/app/core/query_metrics.py,167,function,high_external_low_internal_ratio,only external edges
24fea782ca0c96f25978aaee5b7aa45521c754c1,backend/app/core/query_metrics.py,189,function,high_external_low_internal_ratio,only external edges
76d2d158a1d23d74767699e03f6d5857c0f8e3aa,backend/app/core/rate_limiter.py,15,method,high_external_low_internal_ratio,only external edges
d00a0395b6cddfa30933617799a62305a0a728e0,backend/app/core/rate_limiter.py,19,method,high_external_low_internal_ratio,only external edges
f5c4b46428475ee5a6fc178edaef88e9f887a7b6,backend/app/core/rate_limiter.py,48,method,high_external_low_internal_ratio,only external edges
22a849c5b048c6542c84ed6e244517ce0d87dda8,backend/app/core/security.py,14,function,high_external_low_internal_ratio,only external edges
1770b1d62c142fad034458443d22edade6b1bafe,backend/app/core/security.py,21,function,high_external_low_internal_ratio,only external edges
71602e101f7430ceeb99c01d45a96b5d28a13faf,backend/app/core/security.py,25,function,high_external_low_internal_ratio,only external edges
aaadb73ebd072ab92615004bd9427cbbaba1ed3e,backend/app/core/security.py,36,function,high_external_low_internal_ratio,only external edges
95bdcca5d5decf667d40641c9fa89ce1694a7189,backend/app/main.py,37,function,entrypoint_with_zero_outgoing_internal,entrypoint has no outgoing internal edges
95bdcca5d5decf667d40641c9fa89ce1694a7189,backend/app/main.py,37,function,high_external_low_internal_ratio,only external edges
75afa53242e5f42b07fc6ecd61b7b816ec64ae20,backend/app/main.py,90,function,high_external_low_internal_ratio,only external edges
2f21475c22adcd7813e014da882d231e93ff202b,backend/app/main.py,99,function,high_external_low_internal_ratio,only external edges
7cf56d0a258e62b7ea9d5e29133b239631466a43,backend/app/main.py,103,function,high_external_low_internal_ratio,only external edges
20bb5e1c770bc2813c813f1f2df0b424d79caa69,backend/app/models/rbac.py,73,method,high_external_low_internal_ratio,only external edges
3b081fec1ec5fbad245c0fe7fc6601e5f6eaae3c,backend/app/models/rbac.py,87,method,high_external_low_internal_ratio,only external edges
dbe34a3940b0e71a37e6b4ded35ae671c8e16adf,backend/app/models/user.py,58,method,high_external_low_internal_ratio,only external edges
3730a5f4085dcb54dcc36319b3d475343f6c867c,backend/app/models/user.py,81,method,high_external_low_internal_ratio,only external edges
a302e4bf85e973c63936f9e445fc80a4fca561b2,backend/app/models/user.py,86,method,high_external_low_internal_ratio,only external edges
5ae74db08b396a7759f5c2f36ce1069536311354,backend/app/models/user.py,91,method,high_external_low_internal_ratio,only external edges
3241b77dddabbe7a72377b49bbdc1eef8172c87d,backend/app/schemas/capacity.py,25,method,high_external_low_internal_ratio,only external edges
220cfd08e8434868eb499537c3b71406c7e38d14,backend/app/schemas/capacity.py,62,method,high_external_low_internal_ratio,only external edges
b87283921af52300834075ff0fc26ffe74ea7be6,backend/app/schemas/pagination.py,67,method,high_external_low_internal_ratio,only external edges
de17992cfbfb0416d0ebf157c814b7b11f14a9a7,backend/app/schemas/pagination.py,79,method,high_external_low_internal_ratio,only external edges
ccce8ae0b1fe271dd658672a0537eb6d7180abab,backend/app/schemas/pagination.py,100,method,high_external_low_internal_ratio,only external edges
218558a075d8595b6b77b0352ff405004ae25350,backend/app/schemas/pagination.py,325,function,high_external_low_internal_ratio,only external edges
bbc1da37bb04640b42afd625c754b1153d35d975,backend/app/schemas/pagination.py,376,function,high_external_low_internal_ratio,only external edges
c89c08ec3473d59b4e1450eab59ad0534eb7ce19,backend/app/schemas/task.py,10,method,high_external_low_internal_ratio,only external edges
f538fceeb8023e5d892c1157e641c32dc3c14cc8,backend/app/schemas/task.py,23,method,high_external_low_internal_ratio,only external edges
1a00138805e05f2bad2ea4b72823e62394bc5179,backend/app/schemas/traceability_rule.py,81,method,high_external_low_internal_ratio,only external edges
19a513f502f7399e31ebdd50a4e46b96342ee33a,backend/app/services/analytics_utils.py,31,function,high_external_low_internal_ratio,only external edges
5c6b067fe842259eeb6df182ffd2a2995cf7bd64,backend/app/services/analytics_utils.py,36,function,high_external_low_internal_ratio,only external edges
63c6cd50d907a9be4942363a8956fb9d96c08eed,backend/app/services/analytics_utils.py,44,function,high_external_low_internal_ratio,only external edges
09d06235339058af93db1d70a515f6612fcb08dd,backend/app/services/analytics_utils.py,69,function,high_external_low_internal_ratio,only external edges
10c9ae1dcd8595bf99a44d4a68e0d13a481d9375,backend/app/services/bitbucket_client.py,32,method,high_external_low_internal_ratio,only external edges
6a445278b4e18bd16ff85ba840022e6be4018647,backend/app/services/bitbucket_client.py,53,function,high_external_low_internal_ratio,only external edges
07995a8df5d301fbaddc1ce9672e65aa0e923d76,backend/app/services/bitbucket_client.py,61,function,high_external_low_internal_ratio,only external edges
cb95ddd5b9ff220fcfa1cdc311eed3242cb79169,backend/app/services/bitbucket_client.py,75,function,high_external_low_internal_ratio,only external edges
4c06dad9f78772baaeb78062f56434bc3180b369,backend/app/services/bitbucket_client.py,475,function,high_external_low_internal_ratio,only external edges
27e43a645ceaa08012b13d0afe6344f66c70552f,backend/app/services/cache_service.py,16,method,high_external_low_internal_ratio,only external edges
69101e9b4075d7e48633e02570eb037400c43475,backend/app/services/cache_service.py,21,method,high_external_low_internal_ratio,only external edges
c3a7247d834032c3b1cb7ad5ddf7f6db6f1f0348,backend/app/services/cache_service.py,43,method,high_external_low_internal_ratio,only external edges
2d1d123a924b28174c24e69368221e1f4f89d9f6,backend/app/services/cache_service.py,50,method,high_external_low_internal_ratio,only external edges
062ad95b24b6e858fa37d89fb099f23e2ec49b45,backend/app/services/cache_service.py,75,method,high_external_low_internal_ratio,only external edges
25f20a94da584876b4c58c65d06217fdaa5d9bc2,backend/app/services/cache_service.py,100,method,high_external_low_internal_ratio,only external edges
c3b21a0a167ebbc08cd71e4fbcdc1ccf3e9c89d2,backend/app/services/cache_service.py,118,method,high_external_low_internal_ratio,only external edges
602499db0f57b8747b3ed52a4fba71a23a56f1cc,backend/app/services/cache_service.py,139,method,high_external_low_internal_ratio,only external edges
2c13a800fabf6150da630b52aab96c8b6da78dd0,backend/app/services/confidence_scoring.py,42,method,high_external_low_internal_ratio,only external edges
31c364ee531eb83717194a520f70d44c780055cb,backend/app/services/confidence_scoring.py,221,method,high_external_low_internal_ratio,only external edges
860dd46dc1c6e0de4a439562678e05752b9c0d57,backend/app/services/confidence_scoring.py,303,method,high_external_low_internal_ratio,only external edges
37cf22688837e13b39b54c998915fb6f18567cbb,backend/app/services/confidence_scoring.py,339,method,high_external_low_internal_ratio,only external edges
bed99112e7507efee861e02fb8e98d0e8c2eb9be,backend/app/services/confidence_scoring.py,351,method,high_external_low_internal_ratio,only external edges
eac2cfd406eb71905629e0b7c1916770aefe3c9b,backend/app/services/confidence_scoring.py,373,method,high_external_low_internal_ratio,only external edges
08f5998b51143fdc3d21a4c87319824e7d679aa6,backend/app/services/confidence_scoring.py,397,method,high_external_low_internal_ratio,only external edges
594dbcb4734420904e9b5b839c3c686232ba40a9,backend/app/services/confidence_scoring.py,414,method,high_external_low_internal_ratio,only external edges
00938d695afebf50aaf5ab2b129a40bf601d4c33,backend/app/services/confluence_service.py,13,method,high_external_low_internal_ratio,only external edges
e4089f03e56d7566c19e6e70ee20be522087286c,backend/app/services/confluence_service.py,85,method,high_external_low_internal_ratio,only external edges
b8bf48d63362be72db5d2282d89954513c5a6a28,backend/app/services/confluence_service.py,138,method,high_external_low_internal_ratio,only external edges
2febb0d53b45a51c4e8579c812ba875de37460ba,backend/app/services/confluence_service.py,178,method,high_external_low_internal_ratio,only external edges
9456cb101c6d5bea69c6a2e3f41d09a51ff2312c,backend/app/services/confluence_service.py,228,method,high_external_low_internal_ratio,only external edges
4bc8375e29ac6a614950891ea8953b32a8cb6de5,backend/app/services/confluence_service.py,244,method,high_external_low_internal_ratio,only external edges
34ad802ab14b2a531d1ab8d33ac96813143f084c,backend/app/services/confluence_service.py,267,method,high_external_low_internal_ratio,only external edges
7e7d27620e4df878cc013d8e080f49ba78f3d8b6,backend/app/services/confluence_service.py,320,method,high_external_low_internal_ratio,only external edges
3ecff4f1c71c06bb9bbbfcf3b20d6fb8accf0a7e,backend/app/services/confluence_service.py,371,method,high_external_low_internal_ratio,only external edges
a354845bee60c3cca019bba3e5832a0e067b3f98,backend/app/services/confluence_service.py,482,method,high_external_low_internal_ratio,only external edges
4d97c263fdc95b46e34e7a804ccbb6c106e59e31,backend/app/services/confluence_service.py,542,method,high_external_low_internal_ratio,only external edges
036028667c1f0d5dbc1287652800ba90871864d2,backend/app/services/git/webhook_processor.py,29,function,high_external_low_internal_ratio,only external edges
95c07eb812a74b4f4c1ebf4960f8077870469e81,backend/app/services/git/webhook_processor.py,96,function,high_external_low_internal_ratio,only external edges
9bc9517ff097bd96464a015211a054c095d33118,backend/app/services/git_import_service.py,58,method,high_external_low_internal_ratio,only external edges
27d4acae1e7b6d3c77c37725ed6f8a334e556447,backend/app/services/git_import_service.py,68,method,high_external_low_internal_ratio,only external edges
06af66437e4f05cb79ada97c3fd75c86baebfde4,backend/app/services/git_import_service.py,74,method,high_external_low_internal_ratio,only external edges
21574d64ae263b42949f6f36a7ca62a01f1e76fe,backend/app/services/github_client.py,14,function,high_external_low_internal_ratio,only external edges
8ec5aefe4cb5cc7750a0971e4e9784b11ec5487e,backend/app/services/jira/auth_strategy.py,58,method,high_external_low_internal_ratio,only external edges
36eed929526c0dd8bcec6da3f2816b7e165d4522,backend/app/services/jira/auth_strategy.py,144,method,high_external_low_internal_ratio,only external edges
d4077f7f0c55c05734811932570f5dbdbeb44016,backend/app/services/jira/auth_strategy.py,156,method,high_external_low_internal_ratio,only external edges
ef0bf8b705d02c3bd7527522cf9ee45c7e8c470f,backend/app/services/jira/board_service.py,355,method,high_external_low_internal_ratio,only external edges
67537b1ce4668b2c20f3cf2513f49d76a30978ff,backend/app/services/jira/board_service.py,368,method,high_external_low_internal_ratio,only external edges
a73f611546dafc1113ee893f34bcb24278b55bd9,backend/app/services/jira/circuit_breaker.py,30,method,high_external_low_internal_ratio,only external edges
18dcb7c5853bdb91aea088afad844141504c3ed5,backend/app/services/jira/http_client.py,27,method,high_external_low_internal_ratio,only external edges
9c9fdb010622547d9c96ca831f444f7560e952b5,backend/app/services/jira/http_client.py,203,method,high_external_low_internal_ratio,only external edges
335c23383e88a549bbfc2881b38aab3c6eee0e1f,backend/app/services/jira/jira_service.py,76,method,high_external_low_internal_ratio,only external edges
0e520f309a8b89a6fa83e5e1d8b1bfee1989a665,backend/app/services/jira/jira_service.py,167,method,high_external_low_internal_ratio,only external edges
92e27bcef673c49e1cca85b2f74eb1144157f9b4,backend/app/services/jira/jira_service.py,290,method,high_external_low_internal_ratio,only external edges
d9d95c6467219ef9cba0f5db1bd1557918948ab7,backend/app/services/jira/jira_service.py,307,method,high_external_low_internal_ratio,only external edges
dad4fd59cdc4619fdc2763892485700e75064291,backend/app/services/jira/jira_service.py,313,method,high_external_low_internal_ratio,only external edges
0d5a7adf1faa3e016d565d8731357e157125a0d1,backend/app/services/jira/jira_service.py,328,method,high_external_low_internal_ratio,only external edges
8cada9739d3fe7ede9098f0d07cf244b2d051377,backend/app/services/jira/jira_service.py,377,method,high_external_low_internal_ratio,only external edges
c486db3463c725790149f2295f330c4ec250bfc9,backend/app/services/jira/jira_service.py,432,method,high_external_low_internal_ratio,only external edges
83f6f05cb51cdd21facee44258ab1767fdf39e1e,backend/app/services/jira/jira_service.py,569,method,high_external_low_internal_ratio,only external edges
e28ef4ccfb3b12a353a6ce27f041a7cf09c62c5a,backend/app/services/jira/jira_service.py,586,method,high_external_low_internal_ratio,only external edges
dcac837ce69495a7c2ea51e954f230b9030c2480,backend/app/services/jira/jira_service.py,601,method,high_external_low_internal_ratio,only external edges
7c6cf2ad2ba69d5577eb7b67ce593fa8f4748469,backend/app/services/jira/project_service.py,435,method,high_external_low_internal_ratio,only external edges
fc76fb8c9d79b892bf553905cd113a5f45edf61f,backend/app/services/jira/project_service.py,478,method,high_external_low_internal_ratio,only external edges
c8de0c3cf771f7af87b020cc19e8caf043880a12,backend/app/services/jira/response_handler.py,87,method,high_external_low_internal_ratio,only external edges
7d9d8b7a2b7caa69b69cfad9a9308ed716a4c46f,backend/app/services/jira/response_handler.py,154,method,high_external_low_internal_ratio,only external edges
1d62c9065e81994d565a724d2610b23eb0ddfbbc,backend/app/services/jira/version_resolver.py,51,method,high_external_low_internal_ratio,only external edges
fa5b5171ba76214370b5dc024fcc637f9214f468,backend/app/services/jira/version_resolver.py,128,method,high_external_low_internal_ratio,only external edges
0a876f2561b45f9307b941bff595ed36d3da4985,backend/app/services/jira_field_mapper.py,48,method,high_external_low_internal_ratio,only external edges
d8f1d0c63937f97af4ce3550c12c7b0ce1d718a9,backend/app/services/jira_field_mapper.py,55,method,high_external_low_internal_ratio,only external edges
2f8a05668e3d69ad976526447ad8f3903eb4e22f,backend/app/services/jira_field_mapper.py,123,method,high_external_low_internal_ratio,only external edges
ed74aeae0a751f039cc54e45860b41aa11938c23,backend/app/services/jira_field_mapper.py,162,method,high_external_low_internal_ratio,only external edges
8c9056396b2e996023d885d4926a3e469bd64d9f,backend/app/services/jira_field_mapper.py,166,method,high_external_low_internal_ratio,only external edges
df2998b889a4f5cbe33a79e73349b41cacc89b23,backend/app/services/jira_field_mapper.py,224,method,high_external_low_internal_ratio,only external edges
7f15e274521d3b31cb2dde4fa72811be2784b4c6,backend/app/services/jira_field_mapper.py,339,method,high_external_low_internal_ratio,only external edges
af4634c0babeb7e7b68477caab25439c33bfed67,backend/app/services/jira_field_mapper.py,348,method,high_external_low_internal_ratio,only external edges
bcb724ed3ffdf9f71fd968eb22f493b5d6099fd5,backend/app/services/jira_field_mapper.py,454,method,high_external_low_internal_ratio,only external edges
80c42b61e9fcd392624c43c48d072c16e2e66c48,backend/app/services/jira_field_mapper.py,469,method,high_external_low_internal_ratio,only external edges
8cb54ff922bea836b1da51a2dff411b3af073656,backend/app/services/jira_field_mapper.py,477,method,high_external_low_internal_ratio,only external edges
3e3cbb967e21152df16cef1a0c470974bf94b2b4,backend/app/services/jira_field_mapper.py,484,method,high_external_low_internal_ratio,only external edges
fd310261392cc626c9be6a8ae6ef2182d0dd05eb,backend/app/services/jira_field_mapper.py,552,method,high_external_low_internal_ratio,only external edges
acdb765496e97020996a3ea2d3a69600fa3035d6,backend/app/services/jira_sync.py,11,function,high_external_low_internal_ratio,only external edges
d2c43865c1860c3a953288511649b0871c92e8f5,backend/app/services/report_generator.py,35,method,high_external_low_internal_ratio,only external edges
81cbaa2758cb926edb514654fb8e7d85ad2fd074,backend/app/services/report_generator.py,40,method,high_external_low_internal_ratio,only external edges
519a164b338921c726fbde2dfbda012070abd88f,backend/app/services/report_generator.py,54,method,high_external_low_internal_ratio,only external edges
8e1d51d7fe9f7a3e2d7d66feef5a10a41ef01663,backend/app/services/report_generator.py,60,method,high_external_low_internal_ratio,only external edges
578b96950cfd0524e84d10830b87f8b983b10757,backend/app/services/report_generator.py,66,method,high_external_low_internal_ratio,only external edges
13fa2a4c499e89cbb8491d5fc57d7cff742ea727,backend/app/services/report_generator.py,71,method,high_external_low_internal_ratio,only external edges
7b58e46558910dd693a6a0d828fa3c7a14f477ce,backend/app/services/report_generator.py,79,method,high_external_low_internal_ratio,only external edges
61c6d7bf68950e9a82fc6f88cc1c021fae384af3,backend/app/services/report_generator.py,128,method,high_external_low_internal_ratio,only external edges
b5fd01147568e2d630fe33cca6909b57acd75eb4,backend/app/services/report_generator.py,197,method,high_external_low_internal_ratio,only external edges
cd36b717f68ea7a2ae14801e50931a04f85dcdd3,backend/app/services/report_generator.py,254,method,high_external_low_internal_ratio,only external edges
4aa7ab1ff5607fa1117e75b61450794b8dead09d,backend/app/services/report_generator.py,301,method,high_external_low_internal_ratio,only external edges
29b89a690dde70930287daff45401a4487788e41,backend/app/services/report_generator.py,456,method,high_external_low_internal_ratio,only external edges
b230bc511f1f7e57c71eeeb8dbebb268517aed5b,backend/app/services/repository_resolver.py,44,method,high_external_low_internal_ratio,only external edges
da7828cc10c88b6dd93186705a34ad21f17bec07,backend/app/services/rule_execution_engine.py,38,method,high_external_low_internal_ratio,only external edges
e0a996bd19114b38da74d8641f8a790b1936eb74,backend/app/services/rule_execution_engine.py,52,method,high_external_low_internal_ratio,only external edges
90226e897a17cdf53ae2d8afe376777a0a8425c5,backend/app/services/rule_execution_engine.py,67,method,high_external_low_internal_ratio,only external edges
f8644921e02ea9ba260473e98e65aecbc21c2e49,backend/app/services/rule_execution_engine.py,144,method,high_external_low_internal_ratio,only external edges
0e2a3bc842fd219887d1be73db43f272e2fb016a,backend/app/services/rule_execution_engine.py,165,method,high_external_low_internal_ratio,only external edges
ebe96255f41ee53cf620ce12d9bd5844f86f1b4f,backend/app/services/rule_execution_engine.py,169,method,high_external_low_internal_ratio,only external edges
c23aaf8d54aec5759d1b325651eaa11f4551e56a,backend/app/services/rule_execution_engine.py,173,method,high_external_low_internal_ratio,only external edges
4014ce3285116ca46a4e309f0c9bdc2ad08bd987,backend/app/services/rule_execution_engine.py,177,method,high_external_low_internal_ratio,only external edges
68abd7f40b2bf210a02f7bc71241641714d1938c,backend/app/services/rule_execution_engine.py,181,method,high_external_low_internal_ratio,only external edges
1313ec0ac9738fcb5adcb25bdebff1d16c730556,backend/app/services/rule_execution_engine.py,514,method,high_external_low_internal_ratio,only external edges
495be70ac03f346741e03510b41369130e7d5a6b,backend/app/services/rule_execution_engine.py,567,method,high_external_low_internal_ratio,only external edges
fa0dc27c90285a16a850cbebf53fb6cff1cf845e,backend/app/services/rule_execution_engine.py,571,method,high_external_low_internal_ratio,only external edges
d8d84bb02c6a1457ad8daeb0308a114beeeb7b16,backend/app/services/rule_execution_engine.py,625,method,high_external_low_internal_ratio,only external edges
5706887388f6f527438dc374274c6958673426c5,backend/app/services/rule_execution_engine.py,811,method,high_external_low_internal_ratio,only external edges
6f0914fe1a79c943c8acee4ad3addfcf5b2d8f90,backend/app/services/rule_execution_engine.py,848,method,high_external_low_internal_ratio,only external edges
de7d3c718e9fdd92e6fdd348fabcc0a5a213f6fa,backend/app/services/rule_execution_engine.py,958,method,high_external_low_internal_ratio,only external edges
9ee2f1d03cb037c4bdc17d34f3c7c0c8e1260224,backend/app/services/sync/board_sync_service.py,212,method,high_external_low_internal_ratio,only external edges
f066b1fa40eada28550d3d827d0e545470819ddc,backend/app/services/sync/issue_sync_service.py,133,method,high_external_low_internal_ratio,only external edges
10b3b5e326cb2c41131d7f69e71235e98084c0ca,backend/app/services/sync/issue_sync_service.py,243,method,high_external_low_internal_ratio,only external edges
0e8bba3d51d389e9e1b502b577c576728c8b815f,backend/app/services/sync/issue_sync_service.py,270,method,high_external_low_internal_ratio,only external edges
186dfa8ca8772e28cb45e58ab8e3cc11f482fc39,backend/app/services/sync/issue_sync_service.py,347,method,high_external_low_internal_ratio,only external edges
5db840bf2d33653442a7d25f62b26a50e4d6e8a2,backend/app/services/sync/issue_sync_service.py,355,method,high_external_low_internal_ratio,only external edges
cea8b643856ef8873596b7d36f7c5d2cf222ddd4,backend/app/services/sync/issue_sync_service.py,385,method,high_external_low_internal_ratio,only external edges
4dd0dc4d61527512c040a9777b7d7b0cc56f51fb,backend/app/services/sync/issue_sync_service.py,424,method,high_external_low_internal_ratio,only external edges
abc8bd0c7e7932ba207146636da037e9a9c450dc,backend/app/services/sync/issue_sync_service.py,436,method,high_external_low_internal_ratio,only external edges
0ee92299a5645b55acebaee14a011a3892f8c06c,backend/app/services/sync/project_sync_orchestrator.py,64,method,high_external_low_internal_ratio,only external edges
96305201cb77258c5f12f9058b1b7ca577674515,backend/app/services/sync/project_sync_orchestrator.py,180,method,high_external_low_internal_ratio,only external edges
d1a9ac10b6fcf8d05ebe00568c87dfc48156a364,backend/app/services/sync/project_sync_orchestrator.py,261,method,high_external_low_internal_ratio,only external edges
5fd09109797784b60edbedd534999cb34067d598,backend/app/services/sync/project_sync_orchestrator.py,282,method,high_external_low_internal_ratio,only external edges
e6d24ca944aa7ccaf8e80321e02da96892dd9335,backend/app/services/sync/sprint_snapshot_service.py,169,method,high_external_low_internal_ratio,only external edges
b20e3a27f55181eca9c3c286228d0b78d8198abe,backend/app/services/sync/worklog_sync_service.py,238,method,high_external_low_internal_ratio,only external edges
3132df9c8d932068d71381b9af95fba966d553f5,backend/app/services/task_manager.py,24,method,high_external_low_internal_ratio,only external edges
93fabd96dc66867481b1a1a91a5059dede13e568,backend/app/services/task_manager.py,38,method,high_external_low_internal_ratio,only external edges
be3b2403f24e6dadb545b5ec3a2f1f32ee16ca27,backend/app/services/task_manager.py,58,method,high_external_low_internal_ratio,only external edges
e86a27595a4f086aa4edcffd4234c08d5363ab55,backend/app/services/task_manager.py,65,method,high_external_low_internal_ratio,only external edges
bd9e7ddfc5dde4585781943194287387524df73a,backend/app/services/task_manager.py,105,method,high_external_low_internal_ratio,only external edges
ffb8e0030055eb38d5d02cabffe42e5f24d0d750,backend/app/services/task_manager.py,159,method,high_external_low_internal_ratio,only external edges
318fa8f8ed3661ea2e91b7431f8a60491f4d9e00,backend/app/services/task_manager.py,163,method,high_external_low_internal_ratio,only external edges
3590e43a2d17102ed6da4cc508e2cf6b152790a9,backend/app/services/task_manager.py,173,method,high_external_low_internal_ratio,only external edges
ddc84fec1dab4c1a30a21e0f5c2e850eac3247ec,backend/app/services/task_manager.py,182,method,high_external_low_internal_ratio,only external edges
207a25c31c1e587ff7e36601d386daa4257654e4,backend/app/services/task_manager.py,195,method,high_external_low_internal_ratio,only external edges
12004fe6cc8164f55ecca0cd9a122590ed3fd883,backend/app/services/task_manager.py,248,method,high_external_low_internal_ratio,only external edges
4c6521945908ea0827e3cb275de8a70405dc6242,backend/app/services/task_manager.py,260,method,high_external_low_internal_ratio,only external edges
4d7e5ee75584ad25d130ccd2a1123d07ddae54d4,backend/app/services/text_similarity.py,67,method,high_external_low_internal_ratio,only external edges
b02a1de031db7933a1b800e60f0a212a72743489,backend/app/services/text_similarity.py,97,method,high_external_low_internal_ratio,only external edges
cf9b85985ade11e30d1976ffd689353ab6b82ee2,backend/app/services/text_similarity.py,163,method,high_external_low_internal_ratio,only external edges
90cfa5f617ed0d5e916ec09caf22761a0af29b65,backend/app/services/text_similarity.py,224,method,high_external_low_internal_ratio,only external edges
6176f4cb472ebc2ab1e36dc87aa51dacb07b425a,backend/app/services/text_similarity.py,454,function,high_external_low_internal_ratio,only external edges
972cfb43fd6a5fefff975af602838b6131af6a7a,backend/app/tasks/confluence_tasks.py,25,method,high_external_low_internal_ratio,only external edges
4900f54e907ec922d0a1c6a524acb36f5356d2b4,backend/app/tasks/confluence_tasks.py,33,method,high_external_low_internal_ratio,only external edges
8b2ea3e5cbd8273c22df574e64475065e4aa0297,backend/app/tasks/confluence_tasks.py,319,function,high_external_low_internal_ratio,only external edges
291540778dc733e893d39a06cf32884364db8a0e,backend/app/tasks/jira_tasks.py,28,method,high_external_low_internal_ratio,only external edges
c962f5b26118d8604dd881f09a62e08f9b372f99,backend/app/tasks/jira_tasks.py,36,method,high_external_low_internal_ratio,only external edges
a576fd512b586c09e00d7ef26617dd7246879a0f,backend/app/utils/batch_operations.py,31,function,high_external_low_internal_ratio,only external edges
e9649efdc563f0c0269f8f8f9f7940a8193ac554,backend/app/utils/batch_operations.py,115,function,high_external_low_internal_ratio,only external edges
0858aafd894c69eccc3aa7a8d91d668e09b058b0,backend/app/utils/batch_operations.py,155,function,high_external_low_internal_ratio,only external edges
12ebf9360df85a36d62de1e7d0461e8b80129ddc,backend/app/utils/batch_operations.py,200,function,high_external_low_internal_ratio,only external edges
701ba273e39f37ec7366bf09f96c154a02fa8d93,backend/app/utils/batch_operations.py,337,function,high_external_low_internal_ratio,only external edges
13dc6a782f84eb7b6920a8694694cd1044bce2a6,backend/app/utils/batch_operations.py,372,function,high_external_low_internal_ratio,only external edges
7628486abad0b24d35d1e7136bfecb67a387ed69,backend/app/utils/batch_operations.py,417,function,high_external_low_internal_ratio,only external edges
f20165c38fbf5008239367d281a5febdb49bd2fe,backend/app/utils/datetime_utils.py,7,function,high_external_low_internal_ratio,only external edges
4ef6151abc1b76c7dca954d21df61116dfbfad6b,backend/app/utils/db_operations.py,16,function,high_external_low_internal_ratio,only external edges
f25d6f903f35c9c6255a6d8c0a222e1375a3754e,backend/app/utils/entity.py,11,function,high_external_low_internal_ratio,only external edges
ddfddcd52c04f66bf69b9ff36290e55a2e27c64b,backend/app/utils/entity.py,56,function,high_external_low_internal_ratio,only external edges
9bb1dc9604390947cd3bfb19c90ab3cfbed2b231,backend/app/utils/error_handling.py,32,function,high_external_low_internal_ratio,only external edges
57d5fdb1bad72614f40bd9d03df7118e31b9d941,backend/app/utils/error_handling.py,138,function,high_external_low_internal_ratio,only external edges
97f93a99c7d5ded3cc7c8b4aed62ca512adc8936,backend/app/utils/pagination.py,11,function,high_external_low_internal_ratio,only external edges
8879a210cd2e8d7cee57df6a782e5a6e17c5f9bd,backend/app_simple.py,15,function,high_external_low_internal_ratio,only external edges
b6e62e38ed01da11fd934a49bbe82b32d2c36fe7,backend/app_simple.py,23,function,high_external_low_internal_ratio,only external edges
76059c4c16be009fd8ee9ef186bdcf052c16ae36,backend/app_simple.py,27,function,high_external_low_internal_ratio,only external edges
e953840147c5e730774741aabfca8cb59ea845ce,backend/app_simple.py,41,function,high_external_low_internal_ratio,only external edges
753a894961729687c64be4e9de913f8bda10bd48,backend/app_simple.py,52,function,high_external_low_internal_ratio,only external edges
951b24d41258af288f7dd0eb9c0c7203fd6631b2,backend/app_simple.py,136,function,high_external_low_internal_ratio,only external edges
40d5dcee566a2f6c99c4b09fc0d10e8a43ee3bda,backend/app_simple.py,180,function,high_external_low_internal_ratio,only external edges
e36a3246a84f588149b0933a0132f74d0d4671fb,backend/app_simple.py,198,function,high_external_low_internal_ratio,only external edges
cd10d9745800976ff63b15fe003df4abe196a031,backend/app_simple.py,238,function,high_external_low_internal_ratio,only external edges
769e181780c2e10ab341914a4751b7c062b21f5e,backend/app_simple.py,252,function,high_external_low_internal_ratio,only external edges
db14826c36760764af4439b19ea51389b9c25346,backend/check_db.py,6,function,high_external_low_internal_ratio,only external edges
cfcfab0bceb2174e799225ba574132694bcc7873,backend/check_prim.py,7,function,high_external_low_internal_ratio,only external edges
72d32e1a7c3ffcc51533ca5aaa191428487a4f94,backend/create_db.py,10,function,high_external_low_internal_ratio,only external edges
43025a0f00878e13002f55d4fc56177327a1ec75,backend/fix_orphaned_tasks.py,12,function,high_external_low_internal_ratio,only external edges
ad9b0f6e2d311ae55f090587ae1d38248e347331,backend/fix_orphaned_tasks.py,58,function,high_external_low_internal_ratio,only external edges
59a33e2c8e16a53a31a624486450b111e4715d7e,backend/inspect_meta.py,6,function,high_external_low_internal_ratio,only external edges
58637bb0a4caecd831414964102d09662783604d,backend/inspect_project_api.py,10,function,high_external_low_internal_ratio,only external edges
6e6a47b1efc6ef701556e1ce440111b6021f32f0,backend/inspect_project_schema.py,7,function,high_external_low_internal_ratio,only external edges
30e1c2ae982c7b1a5ac6c83ace328d17a68963d2,backend/run_celery_worker.py,16,function,high_external_low_internal_ratio,only external edges
9491705e559af140b8e62955882f1edced3a258a,backend/scripts/assign_demo_role.py,18,function,high_external_low_internal_ratio,only external edges
32106771752ca1c67f30be209abb2352b0df6f88,backend/scripts/encrypt_existing_credentials.py,48,function,high_external_low_internal_ratio,only external edges
fe0db74c29e5f7430614713c153ab2fdd8fda020,backend/scripts/encrypt_existing_credentials.py,149,function,high_external_low_internal_ratio,only external edges
8f124f9a68fe69a68d339b2df2c38ae2229cdab6,backend/scripts/profile_performance.py,55,method,high_external_low_internal_ratio,only external edges
aacb0c1b5c88c9a34a15a92100df521590be3ccb,backend/scripts/profile_performance.py,58,method,high_external_low_internal_ratio,only external edges
c0377bb4a0a21b176af305daf91fdaa10d4d9fe7,backend/scripts/profile_performance.py,71,method,high_external_low_internal_ratio,only external edges
ac7f2ecef6ee6520ccc6d12e83335d92daa90ac6,backend/scripts/profile_performance.py,90,function,high_external_low_internal_ratio,only external edges
5a6055acfcc42b0d57797f89d4140a1b80cfdbc6,backend/scripts/profile_performance.py,133,function,high_external_low_internal_ratio,only external edges
90648deed1110548bc753a57099a9d58ea467353,backend/scripts/profile_performance.py,148,function,high_external_low_internal_ratio,only external edges
d36bed4f22962ae01b406a63fccd5a568e3a60c8,backend/scripts/profile_performance.py,164,function,high_external_low_internal_ratio,only external edges
720729ae933ae0276242b1df77630f24247dc5a3,backend/scripts/profile_performance.py,188,function,high_external_low_internal_ratio,only external edges
373e104b591b369d709698e1162131662c9cd794,backend/scripts/profile_performance.py,206,function,high_external_low_internal_ratio,only external edges
7b81664163f5bc64db55d054fbe88c9735e0b450,backend/scripts/profile_performance.py,220,function,high_external_low_internal_ratio,only external edges
e9dc1e54d1b395436b1a19459b45ac4cad72afda,backend/scripts/profile_performance.py,238,function,high_external_low_internal_ratio,only external edges
4d20c5cd2240ef367a2ba089e170285c2c761b7e,backend/scripts/profile_performance.py,263,function,high_external_low_internal_ratio,only external edges
dc07e9ebb7100646d95c7bdd285f9cd20c6d0105,backend/test_confluence_auth.py,20,function,high_external_low_internal_ratio,only external edges
d8459948f3d16cb6b8488dac04a7825d63490388,backend/test_confluence_auth.py,43,function,high_external_low_internal_ratio,only external edges
5e60eec2a2b35cb80c0a7bb5fa5e60d59b56840d,backend/test_confluence_auth.py,65,function,high_external_low_internal_ratio,only external edges
b6f7483cbad889c4cfb1ca0655bff1ff2720b5c8,backend/test_confluence_pat.py,21,function,high_external_low_internal_ratio,only external edges
00575bdd94b071206ddf14ab4198967c09e468dd,backend/test_meta_update.py,8,function,high_external_low_internal_ratio,only external edges
d0e867396cd9e23d5d896558f91bfb0241570ec5,backend/test_tasks_performance.py,9,function,high_external_low_internal_ratio,only external edges
e3fa58984618d3d819053ba726f295c7dc6726f3,backend/tests/test_analytics_api.py,11,function,entrypoint_with_zero_outgoing_internal,entrypoint has no outgoing internal edges
e3fa58984618d3d819053ba726f295c7dc6726f3,backend/tests/test_analytics_api.py,11,function,high_external_low_internal_ratio,only external edges
5d7d45c1da8c8ab8688269764e2bd61054f73162,backend/tests/test_analytics_api.py,204,function,entrypoint_with_zero_outgoing_internal,entrypoint has no outgoing internal edges
5d7d45c1da8c8ab8688269764e2bd61054f73162,backend/tests/test_analytics_api.py,204,function,high_external_low_internal_ratio,only external edges
f815b7f826ad923fda6c030a41448f79531bbba2,backend/tests/test_analytics_api.py,238,function,entrypoint_with_zero_outgoing_internal,entrypoint has no outgoing internal edges
f815b7f826ad923fda6c030a41448f79531bbba2,backend/tests/test_analytics_api.py,238,function,high_external_low_internal_ratio,only external edges
e2eb223cd6f68c67a33b5330752038a2cd04d3c0,backend/tests/test_analytics_dora.py,10,method,entrypoint_with_zero_outgoing_internal,entrypoint has no outgoing internal edges
d96a084d60b5f2b9f8f631cb6f24f550011d1561,backend/tests/test_analytics_dora.py,18,method,entrypoint_with_zero_outgoing_internal,entrypoint has no outgoing internal edges
73675c52e52515e0491657682f6603b9a3cbc464,backend/tests/test_analytics_dora.py,30,function,entrypoint_with_zero_outgoing_internal,entrypoint has no outgoing internal edges
73675c52e52515e0491657682f6603b9a3cbc464,backend/tests/test_analytics_dora.py,30,function,high_external_low_internal_ratio,only external edges
1af0f6c2738d94519429a4f8fc6de6d36329b865,backend/tests/test_analytics_dora.py,36,function,entrypoint_with_zero_outgoing_internal,entrypoint has no outgoing internal edges
1af0f6c2738d94519429a4f8fc6de6d36329b865,backend/tests/test_analytics_dora.py,36,function,high_external_low_internal_ratio,only external edges
d3f8fd71bc5a3fec4eacee502d742871472842b6,backend/tests/test_analytics_dora.py,49,function,entrypoint_with_zero_outgoing_internal,entrypoint has no outgoing internal edges
d3f8fd71bc5a3fec4eacee502d742871472842b6,backend/tests/test_analytics_dora.py,49,function,high_external_low_internal_ratio,only external edges
70afee9708bb0dd65afe7bb2764ba488991f18cf,backend/tests/test_analytics_more.py,11,function,entrypoint_with_zero_outgoing_internal,entrypoint has no outgoing internal edges
70afee9708bb0dd65afe7bb2764ba488991f18cf,backend/tests/test_analytics_more.py,11,function,high_external_low_internal_ratio,only external edges
8f9346b9eda9ad21c5cb66c0f726cf5e33b7f4ce,backend/tests/test_analytics_team_health.py,20,function,entrypoint_with_zero_outgoing_internal,entrypoint has no outgoing internal edges
8f9346b9eda9ad21c5cb66c0f726cf5e33b7f4ce,backend/tests/test_analytics_team_health.py,20,function,high_external_low_internal_ratio,only external edges
e1f52841a9ac627c63682a8e512b08e73991d21b,backend/tests/test_bitbucket_integration.py,158,method,entrypoint_with_zero_outgoing_internal,entrypoint has no outgoing internal edges
e1f52841a9ac627c63682a8e512b08e73991d21b,backend/tests/test_bitbucket_integration.py,158,method,high_external_low_internal_ratio,only external edges
dd25241b0e841860fd2f1c8946462b0da045329d,backend/tests/test_bitbucket_integration.py,221,method,entrypoint_with_zero_outgoing_internal,entrypoint has no outgoing internal edges
b63497de1dcb6d7ae909bb9dfc90b5ed087291bb,backend/tests/test_bitbucket_integration.py,226,method,entrypoint_with_zero_outgoing_internal,entrypoint has no outgoing internal edges
b63497de1dcb6d7ae909bb9dfc90b5ed087291bb,backend/tests/test_bitbucket_integration.py,226,method,high_external_low_internal_ratio,only external edges
8275baca4df4edb40eba4bc24eafb8a79a686634,backend/tests/test_bitbucket_integration.py,354,method,entrypoint_with_zero_outgoing_internal,entrypoint has no outgoing internal edges
8275baca4df4edb40eba4bc24eafb8a79a686634,backend/tests/test_bitbucket_integration.py,354,method,high_external_low_internal_ratio,only external edges
d13c6945872773fc76b5b8386d5897fe71693695,backend/tests/test_git_endpoints.py,18,function,entrypoint_with_zero_outgoing_internal,entrypoint has no outgoing internal edges
d13c6945872773fc76b5b8386d5897fe71693695,backend/tests/test_git_endpoints.py,18,function,high_external_low_internal_ratio,only external edges
25d58bd1f24b164e533bda1bd1f5ec242088560d,backend/tests/test_git_endpoints.py,34,function,entrypoint_with_zero_outgoing_internal,entrypoint has no outgoing internal edges
f5d49ea84e5f4435661339bb22d4a494cc6b285f,backend/tests/test_git_endpoints.py,40,function,entrypoint_with_zero_outgoing_internal,entrypoint has no outgoing internal edges
7f9b9ae84c2e9b226147c2bd1508d5df9382b317,backend/tests/test_git_endpoints.py,49,function,entrypoint_with_zero_outgoing_internal,entrypoint has no outgoing internal edges
81fa8a07755fb24d16c19f94ce263fdb493f846d,backend/tests/test_git_endpoints.py,505,method,entrypoint_with_zero_outgoing_internal,entrypoint has no outgoing internal edges
81fa8a07755fb24d16c19f94ce263fdb493f846d,backend/tests/test_git_endpoints.py,505,method,high_external_low_internal_ratio,only external edges
c23ab1bafde92476e9ad6a306f2b18bd57c2e731,backend/tests/test_git_import_service.py,24,function,entrypoint_with_zero_outgoing_internal,entrypoint has no outgoing internal edges
c23ab1bafde92476e9ad6a306f2b18bd57c2e731,backend/tests/test_git_import_service.py,24,function,high_external_low_internal_ratio,only external edges
0ca8931ea6a4f50c7e6549eee54425c2ac9034bb,backend/tests/test_git_metrics.py,14,method,entrypoint_with_zero_outgoing_internal,entrypoint has no outgoing internal edges
97fe4f979d53d96c3c99dc2d23f720c00f8b518d,backend/tests/test_git_metrics.py,17,method,entrypoint_with_zero_outgoing_internal,entrypoint has no outgoing internal edges
91a2671b95a733dd0a921df4967794197b58f870,backend/tests/test_git_metrics.py,20,method,entrypoint_with_zero_outgoing_internal,entrypoint has no outgoing internal edges
b5c0f180605e3a85747db6a94fecfe81824a6e0a,backend/tests/test_git_metrics.py,25,method,entrypoint_with_zero_outgoing_internal,entrypoint has no outgoing internal edges
d83f660170f59fbd804ce5399e69e7e80548071d,backend/tests/test_git_metrics.py,28,method,entrypoint_with_zero_outgoing_internal,entrypoint has no outgoing internal edges
d83f660170f59fbd804ce5399e69e7e80548071d,backend/tests/test_git_metrics.py,28,method,high_external_low_internal_ratio,only external edges
ddaa424a6454e16e6aea0c425ebc96dccc476de1,backend/tests/test_git_metrics.py,32,function,entrypoint_with_zero_outgoing_internal,entrypoint has no outgoing internal edges
ddaa424a6454e16e6aea0c425ebc96dccc476de1,backend/tests/test_git_metrics.py,32,function,high_external_low_internal_ratio,only external edges
6de3e0c8ba11af7316355512ebde24f191530480,backend/tests/test_git_traceability.py,20,function,entrypoint_with_zero_outgoing_internal,entrypoint has no outgoing internal edges
6de3e0c8ba11af7316355512ebde24f191530480,backend/tests/test_git_traceability.py,20,function,high_external_low_internal_ratio,only external edges
2674d3856fee723049c325b8d5174327e1b2e8b7,backend/tests/test_github_client.py,9,function,entrypoint_with_zero_outgoing_internal,entrypoint has no outgoing internal edges
2674d3856fee723049c325b8d5174327e1b2e8b7,backend/tests/test_github_client.py,9,function,high_external_low_internal_ratio,only external edges
a25b6450eea83f0e1829850751fdc39c770a43bf,backend/tests/test_github_client.py,22,function,entrypoint_with_zero_outgoing_internal,entrypoint has no outgoing internal edges
a25b6450eea83f0e1829850751fdc39c770a43bf,backend/tests/test_github_client.py,22,function,high_external_low_internal_ratio,only external edges
25168b82b486844842064777407b2c3cdb6f8bbd,backend/tests/test_jira_api_endpoints.py,8,function,entrypoint_with_zero_outgoing_internal,entrypoint has no outgoing internal edges
25168b82b486844842064777407b2c3cdb6f8bbd,backend/tests/test_jira_api_endpoints.py,8,function,high_external_low_internal_ratio,only external edges
08b1a5dca69a0185ecb526be090b20f5e1cd4cde,backend/tests/test_jira_api_endpoints.py,18,function,entrypoint_with_zero_outgoing_internal,entrypoint has no outgoing internal edges
08b1a5dca69a0185ecb526be090b20f5e1cd4cde,backend/tests/test_jira_api_endpoints.py,18,function,high_external_low_internal_ratio,only external edges
d41cf88f6212fc80fabaa4202cc5c60f48f46138,backend/tests/test_jira_service.py,10,function,entrypoint_with_zero_outgoing_internal,entrypoint has no outgoing internal edges
d41cf88f6212fc80fabaa4202cc5c60f48f46138,backend/tests/test_jira_service.py,10,function,high_external_low_internal_ratio,only external edges
fb24c66440448807ed1f8dc5bbe930137c6aed37,backend/tests/test_jira_service.py,21,function,entrypoint_with_zero_outgoing_internal,entrypoint has no outgoing internal edges
fb24c66440448807ed1f8dc5bbe930137c6aed37,backend/tests/test_jira_service.py,21,function,high_external_low_internal_ratio,only external edges
11639b305dda1616c4a17086d6a2f974caec8184,backend/tests/test_jira_service.py,35,function,entrypoint_with_zero_outgoing_internal,entrypoint has no outgoing internal edges
11639b305dda1616c4a17086d6a2f974caec8184,backend/tests/test_jira_service.py,35,function,high_external_low_internal_ratio,only external edges
44bea725cc0fb8106b2c7656b453ffe03dbc3865,backend/tests/test_oauth_mfa.py,39,method,entrypoint_with_zero_outgoing_internal,entrypoint has no outgoing internal edges
44bea725cc0fb8106b2c7656b453ffe03dbc3865,backend/tests/test_oauth_mfa.py,39,method,high_external_low_internal_ratio,only external edges
40565107c8f38e6efaad5cdf09b78f46226c96bd,backend/tests/test_oauth_mfa.py,44,method,entrypoint_with_zero_outgoing_internal,entrypoint has no outgoing internal edges
40565107c8f38e6efaad5cdf09b78f46226c96bd,backend/tests/test_oauth_mfa.py,44,method,high_external_low_internal_ratio,only external edges
219da8d3bae7430130a64614550f77e0fe5ac68f,backend/tests/test_oauth_mfa.py,52,method,entrypoint_with_zero_outgoing_internal,entrypoint has no outgoing internal edges
219da8d3bae7430130a64614550f77e0fe5ac68f,backend/tests/test_oauth_mfa.py,52,method,high_external_low_internal_ratio,only external edges
893a0c3189deecd67bab30c2cbc103d6dc75295d,backend/tests/test_oauth_mfa.py,67,method,entrypoint_with_zero_outgoing_internal,entrypoint has no outgoing internal edges
893a0c3189deecd67bab30c2cbc103d6dc75295d,backend/tests/test_oauth_mfa.py,67,method,high_external_low_internal_ratio,only external edges
240728c3b848807204e4ac6ed56ec6c2a32b03d8,backend/tests/test_oauth_mfa.py,76,method,entrypoint_with_zero_outgoing_internal,entrypoint has no outgoing internal edges
240728c3b848807204e4ac6ed56ec6c2a32b03d8,backend/tests/test_oauth_mfa.py,76,method,high_external_low_internal_ratio,only external edges
ee7346ee9df84f443db6c92f3e1407f2ac997183,backend/tests/test_oauth_mfa.py,106,method,entrypoint_with_zero_outgoing_internal,entrypoint has no outgoing internal edges
ee7346ee9df84f443db6c92f3e1407f2ac997183,backend/tests/test_oauth_mfa.py,106,method,high_external_low_internal_ratio,only external edges
a548a1dcff96b50587efa7e1ffaef86803d24509,backend/tests/test_oauth_mfa.py,141,method,entrypoint_with_zero_outgoing_internal,entrypoint has no outgoing internal edges
a548a1dcff96b50587efa7e1ffaef86803d24509,backend/tests/test_oauth_mfa.py,141,method,high_external_low_internal_ratio,only external edges
81e9e0483415eff98ca7f55b69ef39cfb2f6e864,backend/tests/test_oauth_mfa.py,146,method,entrypoint_with_zero_outgoing_internal,entrypoint has no outgoing internal edges
81e9e0483415eff98ca7f55b69ef39cfb2f6e864,backend/tests/test_oauth_mfa.py,146,method,high_external_low_internal_ratio,only external edges
21f68354eff91e460e1096f053ec0e26b6b4e301,backend/tests/test_oauth_mfa.py,154,method,entrypoint_with_zero_outgoing_internal,entrypoint has no outgoing internal edges
21f68354eff91e460e1096f053ec0e26b6b4e301,backend/tests/test_oauth_mfa.py,154,method,high_external_low_internal_ratio,only external edges
2d354b87556915123341194a65d73719d042d706,backend/tests/test_oauth_mfa.py,170,method,entrypoint_with_zero_outgoing_internal,entrypoint has no outgoing internal edges
2d354b87556915123341194a65d73719d042d706,backend/tests/test_oauth_mfa.py,170,method,high_external_low_internal_ratio,only external edges
716314ceaa2e6949581689e3782cf33058674c45,backend/tests/test_oauth_mfa.py,335,method,entrypoint_with_zero_outgoing_internal,entrypoint has no outgoing internal edges
716314ceaa2e6949581689e3782cf33058674c45,backend/tests/test_oauth_mfa.py,335,method,high_external_low_internal_ratio,only external edges
f19042f02cffc918cff5283fd78114e4a97b1a34,backend/tests/test_oauth_mfa.py,347,method,entrypoint_with_zero_outgoing_internal,entrypoint has no outgoing internal edges
f19042f02cffc918cff5283fd78114e4a97b1a34,backend/tests/test_oauth_mfa.py,347,method,high_external_low_internal_ratio,only external edges
280b9d3fc1d57d8f5b87c9268ddb6d2c6b106d26,backend/tests/test_oauth_mfa.py,359,method,entrypoint_with_zero_outgoing_internal,entrypoint has no outgoing internal edges
280b9d3fc1d57d8f5b87c9268ddb6d2c6b106d26,backend/tests/test_oauth_mfa.py,359,method,high_external_low_internal_ratio,only external edges
5888beefe20fc20d75e33378b275f5e288cd7d1f,backend/tests/test_oauth_mfa.py,374,method,entrypoint_with_zero_outgoing_internal,entrypoint has no outgoing internal edges
5888beefe20fc20d75e33378b275f5e288cd7d1f,backend/tests/test_oauth_mfa.py,374,method,high_external_low_internal_ratio,only external edges
0a583cef97ba4f729159cf9d1bba43bb1bdc7163,backend/tests/test_security_input_validation.py,242,method,entrypoint_with_zero_outgoing_internal,entrypoint has no outgoing internal edges
092a326bbaf16e1eed52c9c264cc012b6fde3006,backend/tests/test_security_input_validation.py,248,method,entrypoint_with_zero_outgoing_internal,entrypoint has no outgoing internal edges
623018327f35856c729b6f079e5366b50d797db6,backend/tests/test_security_input_validation.py,252,method,entrypoint_with_zero_outgoing_internal,entrypoint has no outgoing internal edges
a9d9c3a236f93195c179ab155e17de61ef48e012,backend/tests/test_security_input_validation.py,256,method,entrypoint_with_zero_outgoing_internal,entrypoint has no outgoing internal edges
7f2199c86719eeb2128931f28da0218bf3eecf49,backend/tests/test_security_input_validation.py,260,method,entrypoint_with_zero_outgoing_internal,entrypoint has no outgoing internal edges
590667fa0ba59c6be3d839b512b042f224968fe7,backend/tests/test_traceability.py,28,method,entrypoint_with_zero_outgoing_internal,entrypoint has no outgoing internal edges
739db381767321873cef4c372003708c6c2f255d,backend/tests/test_traceability.py,45,function,entrypoint_with_zero_outgoing_internal,entrypoint has no outgoing internal edges
739db381767321873cef4c372003708c6c2f255d,backend/tests/test_traceability.py,45,function,high_external_low_internal_ratio,only external edges
11aa9ba289b9b2ea1570fad8a0290c7110dbddf2,backend/tests/test_traceability.py,59,method,entrypoint_with_zero_outgoing_internal,entrypoint has no outgoing internal edges
2c7ee82cc8d52cfe5e24f509d6048015d09c237b,backend/tests/test_traceability.py,62,method,entrypoint_with_zero_outgoing_internal,entrypoint has no outgoing internal edges
ccb37c26b2a77ff894b8dc3073bd85e455d8bf94,backend/tests/test_traceability.py,65,method,entrypoint_with_zero_outgoing_internal,entrypoint has no outgoing internal edges
8fbe3360d7f5f0cbd6b649751e8a4509f18ec2ee,backend/tests/test_traceability.py,70,method,entrypoint_with_zero_outgoing_internal,entrypoint has no outgoing internal edges
8fbe3360d7f5f0cbd6b649751e8a4509f18ec2ee,backend/tests/test_traceability.py,70,method,high_external_low_internal_ratio,only external edges
d21c99b412e80bd5e0ee0252368eac817f35d397,backend/tests/test_traceability.py,73,method,entrypoint_with_zero_outgoing_internal,entrypoint has no outgoing internal edges
d21c99b412e80bd5e0ee0252368eac817f35d397,backend/tests/test_traceability.py,73,method,high_external_low_internal_ratio,only external edges
bc91d57e364393c282dc70abc848d48bcc63d955,backend/tests/test_traceability.py,80,method,entrypoint_with_zero_outgoing_internal,entrypoint has no outgoing internal edges
23813362eab05bc72d9d8a8e80ebd15dee604312,backend/tests/test_traceability.py,84,method,entrypoint_with_zero_outgoing_internal,entrypoint has no outgoing internal edges
23813362eab05bc72d9d8a8e80ebd15dee604312,backend/tests/test_traceability.py,84,method,high_external_low_internal_ratio,only external edges
d45f10b67e4d8382a1e258d8850970bc42413639,backend/tests/test_traceability.py,89,method,entrypoint_with_zero_outgoing_internal,entrypoint has no outgoing internal edges
297b33b0c38f23879b9c5f3fd308fbb6435253f8,backend/tests/test_traceability.py,94,method,entrypoint_with_zero_outgoing_internal,entrypoint has no outgoing internal edges
f56332462d3f5e8319d64e2c8ac6e161644c340a,backend/tests/test_traceability.py,99,method,entrypoint_with_zero_outgoing_internal,entrypoint has no outgoing internal edges
f56332462d3f5e8319d64e2c8ac6e161644c340a,backend/tests/test_traceability.py,99,method,high_external_low_internal_ratio,only external edges
12e3db75c04ff89902d93b55ee8964d316081d54,check_users.py,8,function,high_external_low_internal_ratio,only external edges
c3e38177c807273b9d6b904378bece368698a272,e2e/playwright/tests/analytics.spec.ts,20,function,entrypoint_with_zero_outgoing_internal,entrypoint has no outgoing internal edges
c3e38177c807273b9d6b904378bece368698a272,e2e/playwright/tests/analytics.spec.ts,20,function,high_external_low_internal_ratio,only external edges
ffdaa69fd12129da5665a5b11f68a043f00c3b9f,e2e/playwright/tests/auth.spec.ts,26,function,entrypoint_with_zero_outgoing_internal,entrypoint has no outgoing internal edges
ffdaa69fd12129da5665a5b11f68a043f00c3b9f,e2e/playwright/tests/auth.spec.ts,26,function,high_external_low_internal_ratio,only external edges
4427a5641547ced7c909da15bf6555464502d99e,e2e/playwright/tests/auth.spec.ts,34,function,entrypoint_with_zero_outgoing_internal,entrypoint has no outgoing internal edges
4427a5641547ced7c909da15bf6555464502d99e,e2e/playwright/tests/auth.spec.ts,34,function,high_external_low_internal_ratio,only external edges
9370a7562504f72f586457846666a7344226414a,e2e/playwright/tests/auth.spec.ts,42,function,entrypoint_with_zero_outgoing_internal,entrypoint has no outgoing internal edges
9370a7562504f72f586457846666a7344226414a,e2e/playwright/tests/auth.spec.ts,42,function,high_external_low_internal_ratio,only external edges
bfa9892f206b6f38ef29cd6cbb14422e25302095,e2e/playwright/tests/flow-builder.spec.ts,24,function,entrypoint_with_zero_outgoing_internal,entrypoint has no outgoing internal edges
bfa9892f206b6f38ef29cd6cbb14422e25302095,e2e/playwright/tests/flow-builder.spec.ts,24,function,high_external_low_internal_ratio,only external edges
1ee7c2e04d7e2026ade7f129022cad2133d9ed71,e2e/playwright/tests/flow-builder.spec.ts,39,function,entrypoint_with_zero_outgoing_internal,entrypoint has no outgoing internal edges
1ee7c2e04d7e2026ade7f129022cad2133d9ed71,e2e/playwright/tests/flow-builder.spec.ts,39,function,high_external_low_internal_ratio,only external edges
396266086141806cdca101a6c0044260e0a20642,e2e/playwright/tests/projects.spec.ts,21,function,entrypoint_with_zero_outgoing_internal,entrypoint has no outgoing internal edges
396266086141806cdca101a6c0044260e0a20642,e2e/playwright/tests/projects.spec.ts,21,function,high_external_low_internal_ratio,only external edges
033764ea38b0c22364c894dcde039bee41e33f1f,e2e/puppeteer/sequential_puppeteer.test.backup.js,7,function,entrypoint_with_zero_outgoing_internal,entrypoint has no outgoing internal edges
033764ea38b0c22364c894dcde039bee41e33f1f,e2e/puppeteer/sequential_puppeteer.test.backup.js,7,function,high_external_low_internal_ratio,only external edges
5989c033cb9c7f0c00cab2f0e41ab016817f59c4,e2e/puppeteer/sequential_puppeteer.test.backup.js,11,function,entrypoint_with_zero_outgoing_internal,entrypoint has no outgoing internal edges
5989c033cb9c7f0c00cab2f0e41ab016817f59c4,e2e/puppeteer/sequential_puppeteer.test.backup.js,11,function,high_external_low_internal_ratio,only external edges
981c50206de39fdb83ced64baa461be259adfcce,e2e/puppeteer/sequential_puppeteer.test.js,7,function,entrypoint_with_zero_outgoing_internal,entrypoint has no outgoing internal edges
981c50206de39fdb83ced64baa461be259adfcce,e2e/puppeteer/sequential_puppeteer.test.js,7,function,high_external_low_internal_ratio,only external edges
e6c78f11b540b5a3ae630e2bd099bb75b67bb7af,e2e/puppeteer/sequential_puppeteer.test.js,8,function,entrypoint_with_zero_outgoing_internal,entrypoint has no outgoing internal edges
e6c78f11b540b5a3ae630e2bd099bb75b67bb7af,e2e/puppeteer/sequential_puppeteer.test.js,8,function,high_external_low_internal_ratio,only external edges
de3a78282e839f72ebeb8cbd4d2a30391c3b61ca,e2e/puppeteer/sequential_puppeteer.test.js,10,function,entrypoint_with_zero_outgoing_internal,entrypoint has no outgoing internal edges
de3a78282e839f72ebeb8cbd4d2a30391c3b61ca,e2e/puppeteer/sequential_puppeteer.test.js,10,function,high_external_low_internal_ratio,only external edges
957dce3691fd1f6794427e05e9723c9a0144d569,e2e/puppeteer/sequential_puppeteer.test.js,11,function,entrypoint_with_zero_outgoing_internal,entrypoint has no outgoing internal edges
957dce3691fd1f6794427e05e9723c9a0144d569,e2e/puppeteer/sequential_puppeteer.test.js,11,function,high_external_low_internal_ratio,only external edges
bcde0c971c2310053ea4013e2ea31204a39d1c29,e2e/puppeteer/sequential_puppeteer.test.js,17,function,entrypoint_with_zero_outgoing_internal,entrypoint has no outgoing internal edges
bcde0c971c2310053ea4013e2ea31204a39d1c29,e2e/puppeteer/sequential_puppeteer.test.js,17,function,high_external_low_internal_ratio,only external edges
3aefbb709fdd2ff0eb919011e7b1e5cc418b097a,frontend/scripts/check-analytics.js,3,function,high_external_low_internal_ratio,only external edges
34ea811593cd8c523b901aa78aaf04493c7c1875,frontend/scripts/check-analytics.js,17,function,high_external_low_internal_ratio,only external edges
69baa67116ae44ca5264b8e6a20f830f100b1dc7,frontend/scripts/check-analytics.js,19,function,high_external_low_internal_ratio,only external edges
02b8d2a47a49d259c775f394602d0ead76c3a0fe,frontend/scripts/check-analytics.js,20,function,high_external_low_internal_ratio,only external edges
2ba1b36a51a1294552cefe6f2346fe6cb10418f8,frontend/scripts/check-analytics.js,32,function,high_external_low_internal_ratio,only external edges
42db9cae2990fff8426d066e89c5c456c924d987,frontend/scripts/dashboard-smoke.js,9,function,high_external_low_internal_ratio,only external edges
625f8da87f553e891f2da988e60eaa92d280f7ad,frontend/scripts/dashboard-smoke.js,14,function,high_external_low_internal_ratio,only external edges
172ceab323b2984e69e04393c237209bc43743c1,frontend/scripts/dashboard-smoke.js,15,function,high_external_low_internal_ratio,only external edges
19be71e430f808e6fef86852782c482ded142d96,frontend/scripts/dashboard-smoke.js,24,function,high_external_low_internal_ratio,only external edges
9b0d30dc2cdf7eedbba71de60e02c552cfd417d4,frontend/scripts/dashboard-smoke.js,26,function,high_external_low_internal_ratio,only external edges
a43feccacca248746590c49111d478f959e98657,frontend/scripts/dashboard-smoke.js,36,function,high_external_low_internal_ratio,only external edges
937bcaec4b22131613b3ecede2d14f3c0ac0c370,frontend/src/App.tsx,53,function,high_external_low_internal_ratio,only external edges
1e1cc5fa66ac1f86b6c2731ffa30ae506e8630e1,frontend/src/App.tsx,85,function,high_external_low_internal_ratio,only external edges
02ff86fed81914425b1d33a5bc20c2ad805cf742,frontend/src/App.tsx,95,function,high_external_low_internal_ratio,only external edges
a14d7a5a1afe17bb8a2126d45e258539c71f42e9,frontend/src/App.tsx,104,function,high_external_low_internal_ratio,only external edges
2b724a4264f9320fc2ebe12583a7e1bdc23f1c5b,frontend/src/App.tsx,105,function,high_external_low_internal_ratio,only external edges
c8231392f08795f03128b4cd3f50045e8df12687,frontend/src/App.tsx,110,function,high_external_low_internal_ratio,only external edges
102460b64615b082d4e4b9476eca9bad226cbcce,frontend/src/App.tsx,113,function,high_external_low_internal_ratio,only external edges
2781fd15390d68089e3f2d53c78dec2dc711ad90,frontend/src/App.tsx,132,function,high_external_low_internal_ratio,only external edges
2705665ed8be94a01d9d2077502a462163015028,frontend/src/components/AdvancedFieldMapping.tsx,47,function,high_external_low_internal_ratio,only external edges
5ed18f12dba01c69453a0beddd765e99f04e70e8,frontend/src/components/AdvancedFieldMapping.tsx,58,function,high_external_low_internal_ratio,only external edges
ca83031437702cda2824d82e232f1e3084c136d1,frontend/src/components/AdvancedFieldMapping.tsx,68,function,high_external_low_internal_ratio,only external edges
755602aef719f28e041daf889ee5f9e6a488787d,frontend/src/components/AdvancedFieldMapping.tsx,71,function,high_external_low_internal_ratio,only external edges
094694299f0aee523357b9cb34192ba0bae74a13,frontend/src/components/AdvancedFieldMapping.tsx,79,function,high_external_low_internal_ratio,only external edges
6229b4d625c2d87dca2dc8a68e4e8acb77fa4f5e,frontend/src/components/AdvancedFieldMapping.tsx,87,function,high_external_low_internal_ratio,only external edges
58fd83921936584d90f3bda76754d9da6bd0210e,frontend/src/components/AdvancedFieldMapping.tsx,104,function,high_external_low_internal_ratio,only external edges
ad2e99061e53fd33c2d153c8cf852000c4e2fa55,frontend/src/components/AdvancedFieldMapping.tsx,148,function,high_external_low_internal_ratio,only external edges
63270450cb7c1d20fbf12fccef6c9f28f7fe51ac,frontend/src/components/AdvancedFieldMapping.tsx,183,function,high_external_low_internal_ratio,only external edges
5f73468695a30dc89eba9f73847ffd77c2dc18d2,frontend/src/components/AdvancedFieldMapping.tsx,215,function,high_external_low_internal_ratio,only external edges
ad4544c2339ddd124e9233c84981a62adaf01707,frontend/src/components/AdvancedFieldMapping.tsx,231,function,high_external_low_internal_ratio,only external edges
653178c1496d550b7fe313be695b29060b53c2cc,frontend/src/components/AdvancedFieldMapping.tsx,264,function,high_external_low_internal_ratio,only external edges
52008c60896d1980b29ae664b6ff95fc79b40abe,frontend/src/components/AnalyticsFilters.tsx,39,function,high_external_low_internal_ratio,only external edges
999ff800b680fe530e95abd215e1a2c5955e994d,frontend/src/components/AnalyticsFilters.tsx,68,function,high_external_low_internal_ratio,only external edges
4bec91bbcb783006766b509572ab5b644afdfe72,frontend/src/components/AnalyticsFilters.tsx,87,function,high_external_low_internal_ratio,only external edges
b97165a606fed0ffaafa6d89cfef6f0fb22265b3,frontend/src/components/AnalyticsFilters.tsx,130,function,high_external_low_internal_ratio,only external edges
268cf2badfaca4d93134a94edfcee0311d020f56,frontend/src/components/AnalyticsFilters.tsx,138,function,high_external_low_internal_ratio,only external edges
b85b875286fb3f17db679d55219bab779d2c9436,frontend/src/components/AnalyticsFilters.tsx,157,function,high_external_low_internal_ratio,only external edges
db76e18cdf209f5726b168f6fd4251b7e728212a,frontend/src/components/AnalyticsFilters.tsx,176,function,high_external_low_internal_ratio,only external edges
5487cbf243ed6005b3e19461712d09dfe1fc734e,frontend/src/components/BackendStatusAlert.tsx,5,function,high_external_low_internal_ratio,only external edges
4e778d76b7c450938933c62d807dac391356467d,frontend/src/components/BackendStatusAlert.tsx,12,function,high_external_low_internal_ratio,only external edges
2eb1b30dfd1001bd354fa68b8c0bb0026ea0e3be,frontend/src/components/BackendStatusAlert.tsx,19,function,high_external_low_internal_ratio,only external edges
4c44c2df6edfe37aa922cbc8c6f87703cd4eed8e,frontend/src/components/BackendStatusAlert.tsx,38,function,high_external_low_internal_ratio,only external edges
01df50e535966455dd88d53345abc38a31a15719,frontend/src/components/BackendStatusAlert.tsx,57,function,high_external_low_internal_ratio,only external edges
0227def3ae91d6af816c11de6c4be55b840d23eb,frontend/src/components/BackfillProgressDialog.tsx,38,function,high_external_low_internal_ratio,only external edges
fa79f55f790d1e2c53640693ec41a0d219d788f3,frontend/src/components/BackfillProgressDialog.tsx,46,function,high_external_low_internal_ratio,only external edges
a20d0057b893c222c7d251c1204b3bfcd0cb1992,frontend/src/components/BackfillProgressDialog.tsx,52,function,high_external_low_internal_ratio,only external edges
1315fd21e4178f23075209dbdbca799e78c46454,frontend/src/components/BackfillProgressDialog.tsx,56,function,high_external_low_internal_ratio,only external edges
9a00c9a2314e1eab51b9ce55c8b7b69dfbdfb93d,frontend/src/components/BackfillProgressDialog.tsx,65,function,high_external_low_internal_ratio,only external edges
b9920465c56cfcb80db9ebab07d41e31a0ca29ff,frontend/src/components/BackfillProgressDialog.tsx,153,function,high_external_low_internal_ratio,only external edges
0648c25608aff477585d903f94de34862770ba6c,frontend/src/components/CircularProgressWithLabel.tsx,10,function,high_external_low_internal_ratio,only external edges
a8851013e9d53c5635da7aec30349dfa6d317933,frontend/src/components/DashboardFilters.tsx,38,function,high_external_low_internal_ratio,only external edges
d730d2ab95a1bb0b24034bbc5e37f11297625661,frontend/src/components/DashboardFilters.tsx,50,function,high_external_low_internal_ratio,only external edges
1ec1a1d5fe01dca7f7f92769087b40326370f14c,frontend/src/components/DashboardFilters.tsx,69,function,high_external_low_internal_ratio,only external edges
6f9733e077385343691d95bf362634584f4de21b,frontend/src/components/DashboardFilters.tsx,116,function,high_external_low_internal_ratio,only external edges
6ca47add80c4fdd69d31c3ccd48c76356ff14c90,frontend/src/components/DashboardFilters.tsx,129,function,high_external_low_internal_ratio,only external edges
e643d32fe2ed9fefff4f08b50e789872b0e3d2ad,frontend/src/components/DashboardFilters.tsx,144,function,high_external_low_internal_ratio,only external edges
373a29e6934d61098379b91dc3537995a78e8218,frontend/src/components/DashboardFilters.tsx,166,function,high_external_low_internal_ratio,only external edges
970daa11b7d3323ee0fe8e266592f3ce3d51829f,frontend/src/components/DashboardFilters.tsx,182,function,high_external_low_internal_ratio,only external edges
dbfabc24721fece6b9cfc4093d2336c831520f4a,frontend/src/components/DashboardFilters.tsx,201,function,high_external_low_internal_ratio,only external edges
2ba77bd2ee267fe922bef3e02e3248b0af099dfb,frontend/src/components/DashboardSkeleton.tsx,4,function,high_external_low_internal_ratio,only external edges
42024bd855e8faf2f87c8ec4402f369935960eea,frontend/src/components/EmptyState.test.tsx,8,function,entrypoint_with_zero_outgoing_internal,entrypoint has no outgoing internal edges
42024bd855e8faf2f87c8ec4402f369935960eea,frontend/src/components/EmptyState.test.tsx,8,function,high_external_low_internal_ratio,only external edges
507cc70b681bd0dd8bf6775fe41ca11e2337b950,frontend/src/components/EmptyState.tsx,21,function,high_external_low_internal_ratio,only external edges
df6f5b26c17ffa1a8e14e31f5d3ecfc62f8dc8ae,frontend/src/components/HelpPanel.tsx,37,function,high_external_low_internal_ratio,only external edges
cd5f854978c8b906c8c675524adcf014bb31911c,frontend/src/components/HelpPanel.tsx,94,function,high_external_low_internal_ratio,only external edges
2c76c9a70f06778fcd183147306d2af07e077bd9,frontend/src/components/IntegrationCard.tsx,32,function,high_external_low_internal_ratio,only external edges
4733717f4a2eb1f5e90f1f73dc095875a90326e7,frontend/src/components/IntegrationCard.tsx,59,function,high_external_low_internal_ratio,only external edges
76e9ce05261512ca7c5b29c85f906d36d68aaa2d,frontend/src/components/KPIBar.tsx,53,function,high_external_low_internal_ratio,only external edges
f19bbe496a8cdb2a1a83d59063ea7b64728dd259,frontend/src/components/Layout.tsx,102,function,high_external_low_internal_ratio,only external edges
76fc53c592d6279356bdf27076413cb00bae5176,frontend/src/components/Layout.tsx,109,function,high_external_low_internal_ratio,only external edges
1ee09db2ad1abb5b505ee72cc38ccdf0e5b34d93,frontend/src/components/Layout.tsx,117,function,high_external_low_internal_ratio,only external edges
e615f904daa8e62b61e4cdc77fa36bdace8ef6a9,frontend/src/components/Layout.tsx,126,function,high_external_low_internal_ratio,only external edges
d995948f861315fea5d8bbc80dd6da8be6954417,frontend/src/components/Layout.tsx,133,function,high_external_low_internal_ratio,only external edges
eaf2c2dee4cc66869b85e9bc68d7576804f726ba,frontend/src/components/Layout.tsx,137,function,high_external_low_internal_ratio,only external edges
62a2b9a6f5d480a1688953864ff20577fb0f230b,frontend/src/components/Layout.tsx,141,function,high_external_low_internal_ratio,only external edges
e45764366902814c625372854f65ad8cdf272502,frontend/src/components/Layout.tsx,159,function,high_external_low_internal_ratio,only external edges
0afbffca54dc7ed93d40fb6ab6f8c3e63a549b1b,frontend/src/components/Layout.tsx,166,function,high_external_low_internal_ratio,only external edges
d211f7b3ce9a5f9fc4d063967a504a2ed375a79c,frontend/src/components/Layout.tsx,180,function,high_external_low_internal_ratio,only external edges
4298f154e74a69fb03e01d134f3362d802e6d135,frontend/src/components/Layout.tsx,196,function,high_external_low_internal_ratio,only external edges
a5be10565c23ebcf8108279d206ef518ea0e23a2,frontend/src/components/Layout.tsx,200,function,high_external_low_internal_ratio,only external edges
f1a11b4247116c795220dfce1be61898ea87cf53,frontend/src/components/Layout.tsx,219,function,high_external_low_internal_ratio,only external edges
781b9ec7ea3941818c934f496abcdf5a17fa1c1f,frontend/src/components/Layout.tsx,274,function,high_external_low_internal_ratio,only external edges
52b3ec47692330f99f973b81310ba621e44e0640,frontend/src/components/OnboardingWizard.tsx,73,function,high_external_low_internal_ratio,only external edges
8ecf5cbba4638ad237e1ac09c80dc76490874f05,frontend/src/components/OnboardingWizard.tsx,114,function,high_external_low_internal_ratio,only external edges
28d18bdcba970879a5c73884e94ab04ca6689c52,frontend/src/components/OnboardingWizard.tsx,121,function,high_external_low_internal_ratio,only external edges
c1f63df652430e937a5ded4266eb01383260551d,frontend/src/components/OnboardingWizard.tsx,124,function,high_external_low_internal_ratio,only external edges
af327463560300cd8eedc1c48b3859fa22d60013,frontend/src/components/OnboardingWizard.tsx,125,function,high_external_low_internal_ratio,only external edges
b0117a04f4fb8510f3237c3750792dc0e3affda8,frontend/src/components/OnboardingWizard.tsx,191,function,high_external_low_internal_ratio,only external edges
c47a53d95206c39ecc576dd833e0062874f4df9b,frontend/src/components/OnboardingWizard.tsx,226,function,high_external_low_internal_ratio,only external edges
9c3cf74a932584675bbfa1790bc29c13372ffe17,frontend/src/components/OnboardingWizard.tsx,247,function,high_external_low_internal_ratio,only external edges
26f22e192bd8f618d3fe59ca5f0e9296b7770ea2,frontend/src/components/OnboardingWizard.tsx,261,function,high_external_low_internal_ratio,only external edges
80a616b64858d0119cd355939f8b388f606d0f0a,frontend/src/components/OnboardingWizard.tsx,263,function,high_external_low_internal_ratio,only external edges
63683c16c616f9e74f2fc005223908ea84ce1a03,frontend/src/components/OnboardingWizard.tsx,277,function,high_external_low_internal_ratio,only external edges
dae80201ca4a1a3d1ff08f200196ae9b7c22f86d,frontend/src/components/OnboardingWizard.tsx,291,function,high_external_low_internal_ratio,only external edges
3959638e8687a31dc9a06031afb1d653b8b6a999,frontend/src/components/OnboardingWizard.tsx,305,function,high_external_low_internal_ratio,only external edges
b870aa5aa8825a2ad117e8bb35c5adb4e4edb70b,frontend/src/components/OnboardingWizard.tsx,338,function,high_external_low_internal_ratio,only external edges
54849cb6ebdbf02c1cebf69264c8fda9bf60df48,frontend/src/components/OnboardingWizard.tsx,347,function,high_external_low_internal_ratio,only external edges
dce88f6d5f5c2e61e9585edd8d7d35a98716ceab,frontend/src/components/OnboardingWizard.tsx,355,function,high_external_low_internal_ratio,only external edges
27a6c0d8439bee8488be72301e5de450eeac70b1,frontend/src/components/OnboardingWizard.tsx,406,function,high_external_low_internal_ratio,only external edges
f9fc2b22cd0e2f04a5b6afce1cd085f1a73f7ea0,frontend/src/components/OnboardingWizard.tsx,409,function,high_external_low_internal_ratio,only external edges
00831c3a984998ba669b7e56be043f2d9470c50c,frontend/src/components/OnboardingWizard.tsx,449,function,high_external_low_internal_ratio,only external edges
1084d7903ff13390180d5732c53b12815036e75c,frontend/src/components/OnboardingWizard.tsx,471,function,high_external_low_internal_ratio,only external edges
628ad73dd92f1f9d818c7811b2c43037d8276334,frontend/src/components/OnboardingWizard.tsx,493,function,high_external_low_internal_ratio,only external edges
fba8a9a7cd5ae17c9885ab47f76e0fe944831b77,frontend/src/components/OnboardingWizard.tsx,515,function,high_external_low_internal_ratio,only external edges
d3a89c5e5e5900e756a2183f0252deee569857a2,frontend/src/components/OptionalIntegrations.tsx,25,function,high_external_low_internal_ratio,only external edges
d03b71ab1b024c987b8b2c2ca35ecd1eb0ddac69,frontend/src/components/OptionalIntegrations.tsx,37,function,high_external_low_internal_ratio,only external edges
1ad4dd0a96ae932677e6a100ba512bdf9c10cee9,frontend/src/components/OptionalIntegrations.tsx,67,function,high_external_low_internal_ratio,only external edges
84ab2a9d57329df33a83ec4167b7016d3b737dcd,frontend/src/components/PageViewTracker.tsx,8,function,high_external_low_internal_ratio,only external edges
e43769cc5d5aaaa54920b2f72950115ef60bce40,frontend/src/components/QuickSetupPanel.tsx,68,function,high_external_low_internal_ratio,only external edges
f98f8f795a908e97aa93677d284101a0dbf51691,frontend/src/components/QuickSetupPanel.tsx,90,function,high_external_low_internal_ratio,only external edges
2edab0231723a0c531f95c71927dcef6a809ba9b,frontend/src/components/QuickSetupPanel.tsx,167,function,high_external_low_internal_ratio,only external edges
d101734cf7b1bc0c7ade5ee2801ec18500a726fb,frontend/src/components/RepositoryStatus/RepositoryStatusChip.tsx,22,function,high_external_low_internal_ratio,only external edges
e8ad72511a2ef1c7f01889437f38b6afadd9a99e,frontend/src/components/RepositoryStatus/RepositoryStatusChip.tsx,27,function,high_external_low_internal_ratio,only external edges
4718c3ced9c60e05ab114105d5f6449ac7dd1424,frontend/src/components/RepositoryStatus/RepositorySyncButton.tsx,34,function,high_external_low_internal_ratio,only external edges
886c560946194593c06ff09da155b6345078e124,frontend/src/components/RepositoryStatus/RepositorySyncButton.tsx,44,function,high_external_low_internal_ratio,only external edges
e40c20bda505b0bc364ff654696037ac814f77d9,frontend/src/components/RepositoryStatus/RepositorySyncButton.tsx,61,function,high_external_low_internal_ratio,only external edges
adb4d6035c364fb065bccd007012fb2a1f92f61b,frontend/src/components/RepositoryStatus/RepositorySyncButton.tsx,65,function,high_external_low_internal_ratio,only external edges
19bc08ba43e938d2590060541c461c011aa1c014,frontend/src/components/RepositoryStatus/RepositorySyncButton.tsx,75,function,high_external_low_internal_ratio,only external edges
5720d2a1ee8fcedcb1d4571dd5d5a02cee6a9563,frontend/src/components/RepositoryStatus/RepositorySyncButton.tsx,110,function,high_external_low_internal_ratio,only external edges
12e58290744860508d10ae0c8f23794f37ef31ee,frontend/src/components/RepositoryStatus/RepositorySyncButton.tsx,116,function,high_external_low_internal_ratio,only external edges
d2ee38ba87852e5e8d79c4713627eea3cc94ed01,frontend/src/components/RepositoryStatus/RepositorySyncButton.tsx,122,function,high_external_low_internal_ratio,only external edges
a84c381289acfc6f5b22b54c937509fe456c7918,frontend/src/components/RepositoryStatus/RepositorySyncButton.tsx,128,function,high_external_low_internal_ratio,only external edges
20abf97a9f25493bfa4d847c0973a8e4055e5057,frontend/src/components/RepositoryStatus/RepositorySyncButton.tsx,144,function,high_external_low_internal_ratio,only external edges
41ebdea8c76a567a67ceba45ca892d7ed8f9c420,frontend/src/components/RequireAuth.tsx,10,function,high_external_low_internal_ratio,only external edges
d59e04d8718d6148b262d094e3bb82ea0ff00862,frontend/src/components/SuggestedLinksPanel.tsx,68,function,high_external_low_internal_ratio,only external edges
e3c71496e5245420190570ba6435879f8f0ef642,frontend/src/components/SuggestedLinksPanel.tsx,71,function,high_external_low_internal_ratio,only external edges
552b3ac0a8c98060c1448e4e746cd776929ebcfd,frontend/src/components/SuggestedLinksPanel.tsx,75,function,high_external_low_internal_ratio,only external edges
f8e17abbee53b7d150fa07ac7eed678474746f08,frontend/src/components/SuggestedLinksPanel.tsx,94,function,high_external_low_internal_ratio,only external edges
b8febbe3da6452cf9334063ce091bf52bc59ddaa,frontend/src/components/SuggestedLinksPanel.tsx,132,function,high_external_low_internal_ratio,only external edges
abfc632ce335569e0b2ea3350b3ea6e5123d77c0,frontend/src/components/SuggestedLinksPanel.tsx,185,function,high_external_low_internal_ratio,only external edges
f9728c5e36c6c23d68ef22d028fc3595c182fa02,frontend/src/components/SuggestedLinksPanel.tsx,192,function,high_external_low_internal_ratio,only external edges
3ac56666610d8b45339bcaf9cd1778f77930168f,frontend/src/components/SuggestedLinksPanel.tsx,212,function,high_external_low_internal_ratio,only external edges
d2c215f1965c766c37cc85d6e7bddcec7a0e6b9f,frontend/src/components/SuggestedLinksPanel.tsx,308,function,high_external_low_internal_ratio,only external edges
4a8c701674a83ccb6bd3fe40bb9c90f1d62ba864,frontend/src/components/SuggestedLinksPanel.tsx,325,function,high_external_low_internal_ratio,only external edges
ef237d0a499163478763296b4b5ac7c66eeb6972,frontend/src/components/SuggestedLinksPanel.tsx,341,function,high_external_low_internal_ratio,only external edges
77643e450dcf56b816c33fa9fe35d2b1ed49fa1e,frontend/src/components/SuggestedLinksPanel.tsx,342,function,high_external_low_internal_ratio,only external edges
eeab7e487a71f42f811d91a187313c73ff023691,frontend/src/components/SuggestedLinksPanel.tsx,356,function,high_external_low_internal_ratio,only external edges
ac71e28d8ad78b0baed7e4d2526200944f956425,frontend/src/components/SuggestedLinksPanel.tsx,421,function,high_external_low_internal_ratio,only external edges
0d7815d3bb97bfb0095ef8cebae99dd5ad5fc5e2,frontend/src/components/SuggestedLinksPanel.tsx,503,function,high_external_low_internal_ratio,only external edges
f677724d2a4534a36050b497ea83469161559943,frontend/src/components/SuggestedLinksPanel.tsx,512,function,high_external_low_internal_ratio,only external edges
3b89dd4c4dd91a0d6e036de74a65f7be8fba99d9,frontend/src/components/SuggestedLinksPanel.tsx,528,function,high_external_low_internal_ratio,only external edges
7365f5849be08017236de25030d18190aad646e5,frontend/src/components/SuggestedLinksPanel.tsx,541,function,high_external_low_internal_ratio,only external edges
96134875800dfec3a35cac3303dd9db5f4280300,frontend/src/components/SuggestedLinksPanel.tsx,546,function,high_external_low_internal_ratio,only external edges
b2e00d0ac8b106aa20f1051fb89c22ef771d29d7,frontend/src/components/SyncProgressDialog.tsx,38,function,high_external_low_internal_ratio,only external edges
ae60100844a7e43548bde1f114fe6f248b2368d0,frontend/src/components/SyncProgressDialog.tsx,48,function,high_external_low_internal_ratio,only external edges
1237ea0a7a1d981fbded4693593497f1eaf7bf22,frontend/src/components/SyncProgressDialog.tsx,54,function,high_external_low_internal_ratio,only external edges
489f42d1e4e5bfec82f679c7ad3707a9820bd485,frontend/src/components/SyncProgressDialog.tsx,58,function,high_external_low_internal_ratio,only external edges
f3af03ee6cb53df935dbd59db319ae5ca10a6bd8,frontend/src/components/SyncProgressDialog.tsx,68,function,high_external_low_internal_ratio,only external edges
1d7b6b375284f99f3afe4a5eca00434219744fbc,frontend/src/components/SyncProgressDialog.tsx,134,function,high_external_low_internal_ratio,only external edges
7dd5c5be33aee80875c1b724621f7c9756e264e0,frontend/src/components/TableSkeleton.tsx,20,function,high_external_low_internal_ratio,only external edges
65d13d730ed24a67368153827d74d38dd6bb21bb,frontend/src/components/TableSkeleton.tsx,45,function,high_external_low_internal_ratio,only external edges
51354354a73de759861d7ff4ac73e75f927088d9,frontend/src/components/ToastProvider.tsx,21,function,high_external_low_internal_ratio,only external edges
dc1cbded15f95574e1eafa916ac4de9ab43ab00a,frontend/src/components/ToastProvider.tsx,33,function,high_external_low_internal_ratio,only external edges
e9e9957fb98b7a3a36baa04e7574457c7623b284,frontend/src/components/ToastProvider.tsx,36,function,high_external_low_internal_ratio,only external edges
a8a5782a22222e1b95e3e21f8dc154ca442ecc3a,frontend/src/components/ToastProvider.tsx,41,function,high_external_low_internal_ratio,only external edges
5f33c246bf9a96a12f2de1460fd827e6724fb469,frontend/src/components/ToastProvider.tsx,45,function,high_external_low_internal_ratio,only external edges
d2741063fe91693aa32ee33ce660531f247935e3,frontend/src/components/ToastProvider.tsx,49,function,high_external_low_internal_ratio,only external edges
b95a7f89275860b70fe349c05f9b2295e7d6c9b5,frontend/src/components/ToastProvider.tsx,53,function,high_external_low_internal_ratio,only external edges
e2f5af430b491f07031832064068b957d3783f4a,frontend/src/components/ToastProvider.tsx,57,function,high_external_low_internal_ratio,only external edges
3b112152a9d987a74b2932cae9a06b326b574c6e,frontend/src/components/ToastProvider.tsx,58,function,high_external_low_internal_ratio,only external edges
3b69c7a34302a7588981e44af932672ef2239a7d,frontend/src/components/ToastProvider.tsx,69,function,high_external_low_internal_ratio,only external edges
e92ff30089ac92291df3086aa8bd47f45b375b83,frontend/src/components/ToastProvider.tsx,76,function,high_external_low_internal_ratio,only external edges
ec924d164824e22b66022a61c9b74f6c967ea9c8,frontend/src/components/VelocityChart.tsx,39,function,high_external_low_internal_ratio,only external edges
ef964d77090ecc41739380551e0a3f731c9ed634,frontend/src/components/VelocityChart.tsx,46,function,high_external_low_internal_ratio,only external edges
c9d6251508b3f227805b25604c393460b031bc49,frontend/src/components/VelocityChart.tsx,174,function,high_external_low_internal_ratio,only external edges
3ca08d181699c2d96a1ccf729c6cad421975fbdd,frontend/src/components/capacity/CFDVisualization.tsx,138,function,high_external_low_internal_ratio,only external edges
9106864436b4c687b4db42717b54434a4d01886b,frontend/src/components/capacity/CFDVisualization.tsx,167,function,high_external_low_internal_ratio,only external edges
f098052c36bf2af41f06274fa8d4cabe012ac82f,frontend/src/components/capacity/CFDVisualization.tsx,171,function,high_external_low_internal_ratio,only external edges
e7e8d5b113b95092e5482a79e86ce90b8faafd6f,frontend/src/components/capacity/CFDVisualization.tsx,172,function,high_external_low_internal_ratio,only external edges
f1dd70b51a356c3d5d6327a935dc9ff41c7cca7f,frontend/src/components/capacity/CFDVisualization.tsx,256,function,high_external_low_internal_ratio,only external edges
69c18e5ec0bbc1d277a3ecc467a17c0ad2105ffd,frontend/src/components/capacity/CFDVisualization.tsx,257,function,high_external_low_internal_ratio,only external edges
b1b9ef5a28d51b9fda26c372bbf76e9da3669511,frontend/src/components/capacity/CFDVisualization.tsx,293,function,high_external_low_internal_ratio,only external edges
52ccfc71b61d20d9dd8a4f50a193dee739771246,frontend/src/components/capacity/CFDVisualization.tsx,294,function,high_external_low_internal_ratio,only external edges
232c8a25dda5eda5cb8241d6a323ab27a5f27d0f,frontend/src/components/capacity/CFDVisualization.tsx,302,function,high_external_low_internal_ratio,only external edges
d09825fd702e6cd3da1eef5f0d71db823e3e7570,frontend/src/components/capacity/CFDVisualization.tsx,414,function,high_external_low_internal_ratio,only external edges
4f2a725b5918c651b57259b8714183e79bbd59cd,frontend/src/components/capacity/CFDVisualization.tsx,433,function,high_external_low_internal_ratio,only external edges
6c24e22291fe030c16778747d367233b5565bc6a,frontend/src/components/capacity/CapacitySettingsPanel.tsx,89,function,high_external_low_internal_ratio,only external edges
c4d988d57ad8088c3ada97d001952a36da697c67,frontend/src/components/capacity/CapacitySettingsPanel.tsx,169,function,high_external_low_internal_ratio,only external edges
3e8bb343d2c5b1c13e8322ff1dd48e617c137f32,frontend/src/components/capacity/CapacitySettingsPanel.tsx,173,function,high_external_low_internal_ratio,only external edges
84c48fff30754c12a40f21cc73288426d7ef07db,frontend/src/components/capacity/CapacitySettingsPanel.tsx,200,function,high_external_low_internal_ratio,only external edges
7f278ae6f1682f12a2a8ca7ba27a06cb0120b16b,frontend/src/components/capacity/CapacitySettingsPanel.tsx,263,function,high_external_low_internal_ratio,only external edges
cdccb5d9932f06affe5db900466f3d549a10044e,frontend/src/components/capacity/CapacitySettingsPanel.tsx,355,function,high_external_low_internal_ratio,only external edges
6ac459c59108772ff78fc196b48ff7decaf96cb4,frontend/src/components/capacity/CapacitySettingsPanel.tsx,446,function,high_external_low_internal_ratio,only external edges
424a51b8694af436481bccc8f9df6c2c8845bc28,frontend/src/components/capacity/CapacitySettingsPanel.tsx,454,function,high_external_low_internal_ratio,only external edges
323c4523dd0d74ae7024198f896c94e20c114f63,frontend/src/components/capacity/CapacitySettingsPanel.tsx,478,function,high_external_low_internal_ratio,only external edges
071d22468165f74b8732a7d2dbef3d21d30acce3,frontend/src/components/capacity/CapacitySettingsPanel.tsx,487,function,high_external_low_internal_ratio,only external edges
36e3770908e250e696e8b5c0937f927875ed5e05,frontend/src/components/capacity/CapacitySettingsPanel.tsx,495,function,high_external_low_internal_ratio,only external edges
0120dfc6e5a4776d31880b7a6403b0a0481dd627,frontend/src/components/capacity/CapacitySettingsPanel.tsx,504,function,high_external_low_internal_ratio,only external edges
cf01baa209ac7d32e79e8204b6d666c72bb2a5c4,frontend/src/components/capacity/CapacitySettingsPanel.tsx,512,function,high_external_low_internal_ratio,only external edges
7d91d16bee0536401d4acbb20180370546d381e5,frontend/src/components/capacity/CapacitySettingsPanel.tsx,523,function,high_external_low_internal_ratio,only external edges
71e31a4e32e9c0bc10a07403d8b617a0a0773e75,frontend/src/components/capacity/CapacitySettingsPanel.tsx,533,function,high_external_low_internal_ratio,only external edges
20c11253078aea55d4ffa7485ca0de5c3d554885,frontend/src/components/capacity/TeamHealthDashboard.tsx,75,function,high_external_low_internal_ratio,only external edges
0803919d7eee0ce7bb35b0600018c1a2d4518ad3,frontend/src/components/capacity/TeamHealthDashboard.tsx,101,function,high_external_low_internal_ratio,only external edges
86b861ac4663c45f78af3ac2082652c46eecbc0f,frontend/src/components/capacity/TeamHealthDashboard.tsx,114,function,high_external_low_internal_ratio,only external edges
8600b4ff81830a6c2be54e867363e0c04fe9456d,frontend/src/components/capacity/TeamHealthDashboard.tsx,161,function,high_external_low_internal_ratio,only external edges
0aa1cb378c860dce7cd7a2ff2c1064c995294e12,frontend/src/components/capacity/TeamHealthDashboard.tsx,190,function,high_external_low_internal_ratio,only external edges
88e5151fff049b662f190e3af5383650a8181657,frontend/src/components/capacity/TeamHealthDashboard.tsx,212,function,high_external_low_internal_ratio,only external edges
bd0057070a379ac1bbfc2473473dc035e590c103,frontend/src/components/capacity/TeamHealthDashboard.tsx,230,function,high_external_low_internal_ratio,only external edges
b0d0185027337bf61c00a53873d6449ba10db0d0,frontend/src/components/capacity/TeamHealthDashboard.tsx,234,function,high_external_low_internal_ratio,only external edges
a2a0993809031492a4d29fa01b443aa8b5d8ec50,frontend/src/components/capacity/TeamHealthDashboard.tsx,280,function,high_external_low_internal_ratio,only external edges
24ce28d10cd120446de181ad36f36226965dc956,frontend/src/components/capacity/TeamHealthDashboard.tsx,292,function,high_external_low_internal_ratio,only external edges
9d4410d016918387057b6a434500a9decc531b70,frontend/src/components/capacity/TeamHealthDashboard.tsx,332,function,high_external_low_internal_ratio,only external edges
01686fddf8f349f2ed37b86a132471ee8a112698,frontend/src/components/capacity/TeamHealthDashboard.tsx,373,function,high_external_low_internal_ratio,only external edges
924dd6342be1ea25f8b482d8cdc0f53ce8caa285,frontend/src/components/capacity/TeamHealthDashboard.tsx,381,function,high_external_low_internal_ratio,only external edges
4edc963863b65af4e595b0527445316628e442de,frontend/src/components/capacity/TeamHealthDashboard.tsx,392,function,high_external_low_internal_ratio,only external edges
96873c1e3da74edd0617b0361d501611fe87b9d7,frontend/src/components/capacity/TeamHealthDashboard.tsx,401,function,high_external_low_internal_ratio,only external edges
69639b2805ede5cab9f15f70854614dd0c4cf7be,frontend/src/components/capacity/TeamHealthDashboard.tsx,412,function,high_external_low_internal_ratio,only external edges
9095a473a26e33ba2d357d25139adf35c338d016,frontend/src/components/capacity/TeamHealthDashboard.tsx,438,function,high_external_low_internal_ratio,only external edges
88c937715182d55952cac75c34a15837a2021d64,frontend/src/components/quality/QualityDashboard.tsx,148,function,high_external_low_internal_ratio,only external edges
97bc2cbca901cb32a7777d186139ec5a6a6786c9,frontend/src/components/quality/QualityDashboard.tsx,228,function,high_external_low_internal_ratio,only external edges
a9edf43634fa456d8e80982761908398d96dd0a3,frontend/src/components/quality/QualityDashboard.tsx,230,function,high_external_low_internal_ratio,only external edges
0dd2c6982b449c690694da59e1dbde020005e1e0,frontend/src/components/quality/QualityDashboard.tsx,259,function,high_external_low_internal_ratio,only external edges
ebd1392c433a9e0c4668cc0992ffe665ebc70d23,frontend/src/components/quality/QualityDashboard.tsx,261,function,high_external_low_internal_ratio,only external edges
2c0e1c18b93208445c532edc1f5150a532f0b6cb,frontend/src/components/quality/QualityDashboard.tsx,300,function,high_external_low_internal_ratio,only external edges
b85d8d0e6d74284c582a417c88a6ba790fd83cbf,frontend/src/components/quality/QualityDashboard.tsx,305,function,high_external_low_internal_ratio,only external edges
ad842634bb98c0ebde61fe87a63f2c4fdaf15108,frontend/src/components/quality/QualityDashboard.tsx,338,function,high_external_low_internal_ratio,only external edges
c02f12c6e794e82af1d20ca44d7ab05b239cea74,frontend/src/components/quality/QualityDashboard.tsx,365,function,high_external_low_internal_ratio,only external edges
31de3aa6670f15f1a3b7be81486db7d6336cc9c0,frontend/src/components/quality/QualityDashboard.tsx,377,function,high_external_low_internal_ratio,only external edges
3c2319bd50e9ab74a336faf78d62de97bb6d3bdd,frontend/src/components/quality/QualityDashboard.tsx,400,function,high_external_low_internal_ratio,only external edges
2d05df7377fb7ce027ea57ceec3560e55e375fd7,frontend/src/components/quality/QualityDashboard.tsx,407,function,high_external_low_internal_ratio,only external edges
6a24ae24a3af03f778cca408962b090f4c148d82,frontend/src/components/quality/QualityDashboard.tsx,413,function,high_external_low_internal_ratio,only external edges
56be59198921e0e3cde1284cf00a0760a478ba4b,frontend/src/components/quality/QualityDashboard.tsx,425,function,high_external_low_internal_ratio,only external edges
77b7a8a840d64364fb271aeceb8677ff77cd6690,frontend/src/components/quality/QualityDashboard.tsx,439,function,high_external_low_internal_ratio,only external edges
4a8fa414586bee54c211a144b33fb7472badc072,frontend/src/components/quality/QualityDashboard.tsx,454,function,high_external_low_internal_ratio,only external edges
884b452e750a8eaf3a3456506d0cf4333d0a912d,frontend/src/components/quality/QualityDashboard.tsx,465,function,high_external_low_internal_ratio,only external edges
7dddf6cf4f75af8b8d0e648b05ba17e21eecc979,frontend/src/components/quality/QualityDashboard.tsx,468,function,high_external_low_internal_ratio,only external edges
e9fd3ef34671bc7b258e737f821e387a470b587f,frontend/src/components/quality/QualityDashboard.tsx,478,function,high_external_low_internal_ratio,only external edges
d0aaa3a58c2db35f252850607e6f78e107369169,frontend/src/components/quality/QualityDashboard.tsx,494,function,high_external_low_internal_ratio,only external edges
6eb875df6a3f474516dc076e248d1fac69df0ba1,frontend/src/components/quality/QualityDashboard.tsx,518,function,high_external_low_internal_ratio,only external edges
1b654a6c7d0a69f282765fc2565802e216aa0477,frontend/src/components/quality/QualityDashboard.tsx,555,function,high_external_low_internal_ratio,only external edges
bf9e4ed9a020c42fc8b118e6a123f6872000022e,frontend/src/components/quality/QualityDashboard.tsx,567,function,high_external_low_internal_ratio,only external edges
8b37a11c7fa82f9f75f4b8f7cfbeba300f53f05e,frontend/src/components/quality/QualityDashboard.tsx,695,function,high_external_low_internal_ratio,only external edges
b00511744782d7f9e9a8023348b5bf014c763dcb,frontend/src/components/quality/QualityReportPanel.tsx,79,function,high_external_low_internal_ratio,only external edges
baa99307f93caf8e9bb4b8225d66d8a5fa857790,frontend/src/components/quality/QualityReportPanel.tsx,96,function,high_external_low_internal_ratio,only external edges
c48488a92fe3ad223ee24155521eb14ee67e1b16,frontend/src/components/quality/QualityReportPanel.tsx,147,function,high_external_low_internal_ratio,only external edges
8cf6151001589e927cafb63195d6ccdfac8e182d,frontend/src/components/quality/QualityReportPanel.tsx,148,function,high_external_low_internal_ratio,only external edges
99f73ec73ad5d152c23c8161903b7e550740ff5e,frontend/src/components/quality/QualityReportPanel.tsx,321,function,high_external_low_internal_ratio,only external edges
e8dfdc3abe7b72647aa23e39e6556c3a138b7b60,frontend/src/components/quality/QualityReportPanel.tsx,361,function,high_external_low_internal_ratio,only external edges
697be9fbf2f619892f4cf757970c3c96feb370a3,frontend/src/components/quality/QualityReportPanel.tsx,391,function,high_external_low_internal_ratio,only external edges
9c47515b85856ec5aa6a93f8a51dd105a577f8c0,frontend/src/components/quality/QualityReportPanel.tsx,398,function,high_external_low_internal_ratio,only external edges
e11274ae6c6a2483c1860b5e705bf5e3e4bef22c,frontend/src/components/security/MFASettings.tsx,59,function,high_external_low_internal_ratio,only external edges
371d3d03f3eb6c62e713a482c850355dcc17c475,frontend/src/components/security/MFASettings.tsx,83,function,high_external_low_internal_ratio,only external edges
5f9e2874a04933840cc2a8507eb6b35b776521fe,frontend/src/components/security/MFASettings.tsx,182,function,high_external_low_internal_ratio,only external edges
f53a48ade5ea0ccec6de67ea5083a251c5199332,frontend/src/components/security/MFASettings.tsx,187,function,high_external_low_internal_ratio,only external edges
60b7656b3cc64760add25926bd8e95bf3607f898,frontend/src/components/security/MFASettings.tsx,193,function,high_external_low_internal_ratio,only external edges
38951f3de35f9e81a23ab1089f9c823677256c8c,frontend/src/components/security/MFASettings.tsx,228,function,high_external_low_internal_ratio,only external edges
1a5c219b52d88740b05f7803a9a1d288ea6d8c1c,frontend/src/components/security/MFASettings.tsx,233,function,high_external_low_internal_ratio,only external edges
da48ebcc455f91a3639c20f2a046f2dd5507486a,frontend/src/components/security/MFASettings.tsx,302,function,high_external_low_internal_ratio,only external edges
3c4133d2ad3d2e7319cebf38449bf17283c1e207,frontend/src/components/security/MFASettings.tsx,310,function,high_external_low_internal_ratio,only external edges
e685ae4d766ab8ce0e69c4ec12cab45cbe8c8bba,frontend/src/components/security/MFASettings.tsx,330,function,high_external_low_internal_ratio,only external edges
1b766de7ce542155dbab4c6dbde8edfef4ba4de3,frontend/src/components/security/MFASettings.tsx,338,function,high_external_low_internal_ratio,only external edges
4a46e191b42345de95c2b2f7e307f236df43066e,frontend/src/components/security/MFASettings.tsx,409,function,high_external_low_internal_ratio,only external edges
ce2afa996d7230eb1846361160478073396d2d5d,frontend/src/components/security/MFASettings.tsx,454,function,high_external_low_internal_ratio,only external edges
4966d58e2a127aff79e394414bf2e8921083bdab,frontend/src/components/security/MFASettings.tsx,461,function,high_external_low_internal_ratio,only external edges
30f3cc734674bd00eed9ba883daf203200e8279b,frontend/src/components/security/MFASettings.tsx,470,function,high_external_low_internal_ratio,only external edges
99263f45191f8349bd7e4aee52930dacf24332f0,frontend/src/components/security/MFASettings.tsx,479,function,high_external_low_internal_ratio,only external edges
01f736f2d36a2b2fd2f32f72328a0c4e3872b50e,frontend/src/components/security/MFASettings.tsx,485,function,high_external_low_internal_ratio,only external edges
1fbb24f58614b8890462aa221ca68b66d69a3d72,frontend/src/components/security/MFASettings.tsx,497,function,high_external_low_internal_ratio,only external edges
d77546c4a0b725f1773a6b054a552171adb5a3ba,frontend/src/components/security/MFASettings.tsx,509,function,high_external_low_internal_ratio,only external edges
4c55dd7ee17c77d3c19c3313d408b04696393b67,frontend/src/components/security/MFASettings.tsx,516,function,high_external_low_internal_ratio,only external edges
bb2419348eb02ad1b7a7299b539618b22e5add69,frontend/src/components/testing/TestAnalyticsDashboard.tsx,114,function,high_external_low_internal_ratio,only external edges
b6447742f1db4797c590f43eacbf676dd137fc96,frontend/src/components/testing/TestAnalyticsDashboard.tsx,173,function,high_external_low_internal_ratio,only external edges
c87cd1bec9593d4ee94a33c21be9c3ea1952c9b8,frontend/src/components/testing/TestAnalyticsDashboard.tsx,187,function,high_external_low_internal_ratio,only external edges
bc91bf3014846e3e578b1136012541e7ad7fe2ad,frontend/src/components/testing/TestAnalyticsDashboard.tsx,223,function,high_external_low_internal_ratio,only external edges
3fc76ed3962cdd3470c074a8854f3bb25cb5dda6,frontend/src/components/testing/TestAnalyticsDashboard.tsx,232,function,high_external_low_internal_ratio,only external edges
c51cdda28d3ecffadbb795d4ff652924b9ae7151,frontend/src/components/testing/TestAnalyticsDashboard.tsx,256,function,high_external_low_internal_ratio,only external edges
4979eb44cd6b6cb8f87112a8e02db4b8e9608d61,frontend/src/components/testing/TestAnalyticsDashboard.tsx,269,function,high_external_low_internal_ratio,only external edges
0154861ae0d9f9f9d6e6e8f41ea5ad2bb57287bd,frontend/src/components/testing/TestAnalyticsDashboard.tsx,319,function,high_external_low_internal_ratio,only external edges
568bec593324385a6cc6b0d6eab727420c643217,frontend/src/components/testing/TestAnalyticsDashboard.tsx,341,function,high_external_low_internal_ratio,only external edges
9f32725603ed61d1222e10ccf8fe908de86bd9f2,frontend/src/components/testing/TestAnalyticsDashboard.tsx,397,function,high_external_low_internal_ratio,only external edges
0e22271ae36d0eb2b3d4dac158e4dcf724479919,frontend/src/components/testing/TestAnalyticsDashboard.tsx,520,function,high_external_low_internal_ratio,only external edges
d9bc9e81f350724052ed227323f87800efc4aadb,frontend/src/components/traceability/DataConsistencyPanel.tsx,85,function,high_external_low_internal_ratio,only external edges
8d3d5ebb2fd12b32e7c8979552dd51f6aad862a3,frontend/src/components/traceability/DataConsistencyPanel.tsx,173,function,high_external_low_internal_ratio,only external edges
0cdf5e8957323036d77ee0430f7d3a4c5362c771,frontend/src/components/traceability/DataConsistencyPanel.tsx,238,function,high_external_low_internal_ratio,only external edges
5e24efeef64e42c6dfb08e48218ab2b29fe966d1,frontend/src/components/traceability/DataConsistencyPanel.tsx,273,function,high_external_low_internal_ratio,only external edges
7df08d26c3b49a20f2e8aae4330fc0beaa462e2d,frontend/src/components/traceability/DataConsistencyPanel.tsx,298,function,high_external_low_internal_ratio,only external edges
f8ff00102508504295a4d98dddfe724542fc0816,frontend/src/components/traceability/DataConsistencyPanel.tsx,313,function,high_external_low_internal_ratio,only external edges
a81b7e4acfb834ec1f7b2dd68ffac928069ce311,frontend/src/components/traceability/DataConsistencyPanel.tsx,320,function,high_external_low_internal_ratio,only external edges
216861ada773d459168433bac478f19c8c11b792,frontend/src/components/traceability/DataConsistencyPanel.tsx,333,function,high_external_low_internal_ratio,only external edges
98c0a70747733d7ec9ec5974a03f63a2ca652e3a,frontend/src/components/traceability/DataConsistencyPanel.tsx,385,function,high_external_low_internal_ratio,only external edges
6c5a06a49e5871da2ff9a3c41680da6ec1245b2c,frontend/src/components/traceability/DataConsistencyPanel.tsx,408,function,high_external_low_internal_ratio,only external edges
4348b6cfdd4c0414d7018676ae28cfbe6069855f,frontend/src/components/traceability/DataConsistencyPanel.tsx,439,function,high_external_low_internal_ratio,only external edges
664192af858d5cb010c34d39211a39c21a68a25d,frontend/src/components/traceability/DataConsistencyPanel.tsx,452,function,high_external_low_internal_ratio,only external edges
0cca4eb285422e1c24fe06fbc271e24c0c19ee5c,frontend/src/components/traceability/DataConsistencyPanel.tsx,477,function,high_external_low_internal_ratio,only external edges
ab764f42861ef9b05cde904e38344be44fb12039,frontend/src/components/traceability/DataConsistencyPanel.tsx,509,function,high_external_low_internal_ratio,only external edges
a5b81ccdefe524393df1f95c88007694a0666d48,frontend/src/components/traceability/DataConsistencyPanel.tsx,518,function,high_external_low_internal_ratio,only external edges
f9d4af17c020ce0cf9505c7d8bc43d38867c7ae7,frontend/src/components/traceability/DataConsistencyPanel.tsx,541,function,high_external_low_internal_ratio,only external edges
1cb743706d2039d93495fad2c649a812b0cd52ee,frontend/src/components/traceability/DataConsistencyPanel.tsx,545,function,high_external_low_internal_ratio,only external edges
314c6227d7e19d79fbd4738573a1de59e8810eaf,frontend/src/components/traceability/DataConsistencyPanel.tsx,549,function,high_external_low_internal_ratio,only external edges
8de126bc923e62ee04c6a1eef4fe7c2afce7313b,frontend/src/components/traceability/DataConsistencyPanel.tsx,553,function,high_external_low_internal_ratio,only external edges
47167712070d5503b1dc2db11f68a6e676140e55,frontend/src/components/traceability/DataConsistencyPanel.tsx,557,function,high_external_low_internal_ratio,only external edges
3d53399e7aa51f3580b9d520ba00501dd3e8da64,frontend/src/components/traceability/DataConsistencyPanel.tsx,568,function,high_external_low_internal_ratio,only external edges
51732dacc44b996f97423f86b913647f9885d60a,frontend/src/components/traceability/DataConsistencyPanel.tsx,584,function,high_external_low_internal_ratio,only external edges
585a8a189f08072c6996019740cb4a6e95cd9a79,frontend/src/components/traceability/DataConsistencyPanel.tsx,594,function,high_external_low_internal_ratio,only external edges
a35ed0c2632f892e043ce8c81e8bf456b3b16f1f,frontend/src/components/traceability/DataConsistencyPanel.tsx,697,function,high_external_low_internal_ratio,only external edges
8a4b9b96bd4b9a1e08cf9b9fc318d11620c436e9,frontend/src/components/traceability/DataConsistencyPanel.tsx,706,function,high_external_low_internal_ratio,only external edges
ec9d41c5990011a539ae4b3a3bb69b2ab1e7fac8,frontend/src/components/traceability/DataConsistencyPanel.tsx,707,function,high_external_low_internal_ratio,only external edges
b8f537212767237407a17497ec2bfa0cae694927,frontend/src/components/traceability/DataConsistencyPanel.tsx,711,function,high_external_low_internal_ratio,only external edges
18dad36f070111ce4217c8c99a3c18e557f836dd,frontend/src/components/traceability/ImpactAnalysisPanel.tsx,70,function,high_external_low_internal_ratio,only external edges
8daff0b3103b85a1b4755f850b78fd395f57ea34,frontend/src/components/traceability/ImpactAnalysisPanel.tsx,99,function,high_external_low_internal_ratio,only external edges
75a87dd1fc97768b906b104b9b8719c5072e8c35,frontend/src/components/traceability/ImpactAnalysisPanel.tsx,141,function,high_external_low_internal_ratio,only external edges
f5cc12e8949770687ed03f7eb63a96295c8e06e9,frontend/src/components/traceability/ImpactAnalysisPanel.tsx,260,function,high_external_low_internal_ratio,only external edges
da4ea6f2d69f9cb14a1c62b1ce806eff8041a2b6,frontend/src/components/traceability/ImpactAnalysisPanel.tsx,285,function,high_external_low_internal_ratio,only external edges
254c40961347fe3c6da9e4ab1ba0ef36925b5424,frontend/src/components/traceability/ImportExportDialog.tsx,40,function,high_external_low_internal_ratio,only external edges
6988960543765c595bd7d1c36487102bc4b814d6,frontend/src/components/traceability/ImportExportDialog.tsx,51,function,high_external_low_internal_ratio,only external edges
8e3f288d2cb24a45f0a9d769560de99922a26316,frontend/src/components/traceability/ImportExportDialog.tsx,68,function,high_external_low_internal_ratio,only external edges
f22514adc5b6c21b4d4f4bd21c49ab2b4da62095,frontend/src/components/traceability/ImportExportDialog.tsx,90,function,high_external_low_internal_ratio,only external edges
42412fcf9c289baf0b0e001aa2cb3e10d8bf298d,frontend/src/components/traceability/ImportExportDialog.tsx,100,function,high_external_low_internal_ratio,only external edges
69b9304b616a7a281db2d07b45f4ea40294ac791,frontend/src/components/traceability/ImportExportDialog.tsx,105,function,high_external_low_internal_ratio,only external edges
414c27498d944607857b07fe4562945c4620b33a,frontend/src/components/traceability/ImportExportDialog.tsx,116,function,high_external_low_internal_ratio,only external edges
a56ea0cba734e9dfa35ed9bb5e31aa2c1c9955a6,frontend/src/components/traceability/ImportExportDialog.tsx,146,function,high_external_low_internal_ratio,only external edges
a6292c2d9020fa6b7262466d3cd1206dcf28a91f,frontend/src/components/traceability/OrphanedArtifactsPanel.tsx,54,function,high_external_low_internal_ratio,only external edges
e04fb598ce90ff9911341f35dbff27d1d59df8ac,frontend/src/components/traceability/OrphanedArtifactsPanel.tsx,83,function,high_external_low_internal_ratio,only external edges
457889706914b89c72b04042ac0507c89a82651a,frontend/src/components/traceability/OrphanedArtifactsPanel.tsx,87,function,high_external_low_internal_ratio,only external edges
59af37a8cec1c35f0f3f700f8a4f3453e3404724,frontend/src/components/traceability/OrphanedArtifactsPanel.tsx,91,function,high_external_low_internal_ratio,only external edges
4673f2766d1bb9b0605cacbd2f68d55050287a1f,frontend/src/components/traceability/OrphanedArtifactsPanel.tsx,145,function,high_external_low_internal_ratio,only external edges
c663b20a309b3f7b90747cb280b5c18dcac19ebd,frontend/src/components/traceability/OrphanedArtifactsPanel.tsx,175,function,high_external_low_internal_ratio,only external edges
68d7e92af7267af66ee1d8e5f081f4775b86bbb3,frontend/src/components/traceability/OrphanedArtifactsPanel.tsx,280,function,high_external_low_internal_ratio,only external edges
9163af86b2bf9a592dce945c42cc7d1a0d689ab4,frontend/src/components/traceability/PropertiesPanel.tsx,21,function,high_external_low_internal_ratio,only external edges
838bb6fea1fbd9067439d8203704fe29c152390b,frontend/src/components/traceability/PropertiesPanel.tsx,24,function,high_external_low_internal_ratio,only external edges
6bb8cd0d6a4277e86ef457618c4326ab6ee9e392,frontend/src/components/traceability/PropertiesPanel.tsx,63,function,high_external_low_internal_ratio,only external edges
d56f13fc686414204b21e099f49e68333b25a3fb,frontend/src/components/traceability/PropertiesPanel.tsx,91,function,high_external_low_internal_ratio,only external edges
81c75717fb7a5ff7a4510194e8f6a421c6517eb3,frontend/src/components/traceability/PropertiesPanelEditable.tsx,67,function,high_external_low_internal_ratio,only external edges
ee2900c1e374921491dcc14d5fc1b346c6a5f3ff,frontend/src/components/traceability/PropertiesPanelEditable.tsx,74,function,high_external_low_internal_ratio,only external edges
54a3e7e419c3c637e4f94c1870e379f68d3d4d60,frontend/src/components/traceability/PropertiesPanelEditable.tsx,82,function,high_external_low_internal_ratio,only external edges
008209b9eb4e02cfec6d5461371b9e31afee1b29,frontend/src/components/traceability/PropertiesPanelEditable.tsx,86,function,high_external_low_internal_ratio,only external edges
f8e976b26f142b101edadc53d903dda52cdcd4e3,frontend/src/components/traceability/PropertiesPanelEditable.tsx,96,function,high_external_low_internal_ratio,only external edges
c24c2772d1c95e643f0cbf06be0010f4ef6c2de0,frontend/src/components/traceability/PropertiesPanelEditable.tsx,106,function,high_external_low_internal_ratio,only external edges
c9f4ff3471d7052ef2c9c289920fde44fe81acf0,frontend/src/components/traceability/PropertiesPanelEditable.tsx,120,function,high_external_low_internal_ratio,only external edges
94b677ea1b23ff80f10935efa63419022618f44f,frontend/src/components/traceability/PropertiesPanelEditable.tsx,128,function,high_external_low_internal_ratio,only external edges
e90ad034ce2ff585d39bda5d08d2a51483e6bd64,frontend/src/components/traceability/PropertiesPanelEditable.tsx,137,function,high_external_low_internal_ratio,only external edges
92706c5f8a765f9d589d27611a0e97fbf0e56495,frontend/src/components/traceability/PropertiesPanelEditable.tsx,150,function,high_external_low_internal_ratio,only external edges
9f2d0f17f07e353cd12b89494b303889b01deadb,frontend/src/components/traceability/PropertiesPanelEditable.tsx,159,function,high_external_low_internal_ratio,only external edges
7b3f556126d544a93c7b7fe593af729f50482cef,frontend/src/components/traceability/PropertiesPanelEditable.tsx,160,function,high_external_low_internal_ratio,only external edges
0dfff5c641a046db3cc01dac3217fc188b388d58,frontend/src/components/traceability/PropertiesPanelEditable.tsx,180,function,high_external_low_internal_ratio,only external edges
b2a6afde2ac876f1976a69c1aec8af9dffdc8d31,frontend/src/components/traceability/PropertiesPanelEditable.tsx,181,function,high_external_low_internal_ratio,only external edges
b65e5212a784d19eb94cffc1c3482b6bf2fe6205,frontend/src/components/traceability/PropertiesPanelEditable.tsx,199,function,high_external_low_internal_ratio,only external edges
51fd97bb2ceedcb05af28f64b031401510a8de41,frontend/src/components/traceability/PropertiesPanelEditable.tsx,205,function,high_external_low_internal_ratio,only external edges
a4a84931f78994cbc3937360ba1d0e650e526f7d,frontend/src/components/traceability/PropertiesPanelEditable.tsx,213,function,high_external_low_internal_ratio,only external edges
862c9bcfa0003b83c66a75dbc9a9d7f99e305ae8,frontend/src/components/traceability/PropertiesPanelEditable.tsx,220,function,high_external_low_internal_ratio,only external edges
0ce5b74efe5eb633da58fa65882395b7525f5530,frontend/src/components/traceability/PropertiesPanelEditable.tsx,230,function,high_external_low_internal_ratio,only external edges
eed7655881018d2bac27c4b818d1ed70295c2c82,frontend/src/components/traceability/PropertiesPanelEditable.tsx,239,function,high_external_low_internal_ratio,only external edges
ef54b5471cdf3beef5bd97412c26bfe692cb1e4c,frontend/src/components/traceability/PropertiesPanelEditable.tsx,248,function,high_external_low_internal_ratio,only external edges
29a2b5aa8023210818473185d4a621fb66c84af6,frontend/src/components/traceability/PropertiesPanelEditable.tsx,257,function,high_external_low_internal_ratio,only external edges
a189a0e0cd39b900c1c2d8b5359757fb41c4eed8,frontend/src/components/traceability/PropertiesPanelEditable.tsx,268,function,high_external_low_internal_ratio,only external edges
59b818e3c1478c1536daf4771f038cc348d0ca29,frontend/src/components/traceability/PropertiesPanelEditable.tsx,278,function,high_external_low_internal_ratio,only external edges
ec3835a330354fe280f12a7ecbb92dcf3e21a2f7,frontend/src/components/traceability/PropertiesPanelEditable.tsx,288,function,high_external_low_internal_ratio,only external edges
ed8d01bcad3125229b816deb711c4e3fa985ceb7,frontend/src/components/traceability/PropertiesPanelEditable.tsx,298,function,high_external_low_internal_ratio,only external edges
9e6ba9d99c222926c94490505a460cd173417e42,frontend/src/components/traceability/PropertiesPanelEditable.tsx,312,function,high_external_low_internal_ratio,only external edges
99991053b97bc739d22f022738d01db5348d0069,frontend/src/components/traceability/PropertiesPanelEditable.tsx,320,function,high_external_low_internal_ratio,only external edges
bfe21b54f6d2b897cc6986b7a2309c659456fcd3,frontend/src/components/traceability/PropertiesPanelEditable.tsx,334,function,high_external_low_internal_ratio,only external edges
2c72857028f02763f5ef0fcac2ca969fef8a211d,frontend/src/components/traceability/PropertiesPanelEditable.tsx,347,function,high_external_low_internal_ratio,only external edges
b63d3305740fb414709ab644d928c0c54a28b42d,frontend/src/components/traceability/PropertiesPanelEditable.tsx,362,function,high_external_low_internal_ratio,only external edges
275738bca3e3fac6265661c71aecd82707fdf740,frontend/src/components/traceability/PropertiesPanelEditable.tsx,377,function,high_external_low_internal_ratio,only external edges
a2b2db3931436700423b528c9d37c69d61f79e83,frontend/src/components/traceability/PropertiesPanelEditable.tsx,393,function,high_external_low_internal_ratio,only external edges
719170cd22d0d401a3667408e57be34e82ceee61,frontend/src/components/traceability/PropertiesPanelEditable.tsx,405,function,high_external_low_internal_ratio,only external edges
f3bc5808738aa50f30bc4a299903619a266394de,frontend/src/components/traceability/PropertiesPanelEditable.tsx,418,function,high_external_low_internal_ratio,only external edges
b8143fa9a37e4e1077eb4aeab96cb8a58497d96e,frontend/src/components/traceability/PropertiesPanelEditable.tsx,475,function,high_external_low_internal_ratio,only external edges
bdaa56732f6a2eef01d0911f28f2164569e057be,frontend/src/components/traceability/SyncHealthDashboard.tsx,85,function,high_external_low_internal_ratio,only external edges
c72fd112b6abba2ebd4df9b16ca52df8b4de70dc,frontend/src/components/traceability/SyncHealthDashboard.tsx,131,function,high_external_low_internal_ratio,only external edges
5617a1fa2fefccf5ec44d537a2fc89c92958b7a9,frontend/src/components/traceability/SyncHealthDashboard.tsx,154,function,high_external_low_internal_ratio,only external edges
1f0df9ce9dcf83b3b7971591bc4bf1745f656d2a,frontend/src/components/traceability/SyncHealthDashboard.tsx,207,function,high_external_low_internal_ratio,only external edges
994554f542f263ce2fb8e8819dbb49d6f6c4d85d,frontend/src/components/traceability/SyncHealthDashboard.tsx,267,function,high_external_low_internal_ratio,only external edges
5b0081cd43824c8ee64a1837cc3326c0bf1930a4,frontend/src/components/traceability/SyncHealthDashboard.tsx,290,function,high_external_low_internal_ratio,only external edges
adab0889e2ea6d6d1f71c8732aab3ad72bcdba68,frontend/src/components/traceability/SyncHealthDashboard.tsx,411,function,high_external_low_internal_ratio,only external edges
14527cdb821a2f9a8898f9bd3e30a1edd9f06dc9,frontend/src/components/traceability/TemplateDialog.tsx,27,function,high_external_low_internal_ratio,only external edges
24d801f4d3df4dfb22ac93543aa5dc4e7bc0d53d,frontend/src/components/traceability/TemplateDialog.tsx,46,function,high_external_low_internal_ratio,only external edges
acfb5c8fa695b9b42a363db20b5049c2d84f23a3,frontend/src/components/traceability/TemplateDialog.tsx,55,function,high_external_low_internal_ratio,only external edges
0179b4bccb1ba79d9202bfe2cfc9eeb66f9553b6,frontend/src/components/traceability/TemplateDialog.tsx,80,function,high_external_low_internal_ratio,only external edges
785227b58ccd1ebc4964a5549d32856f6d514b51,frontend/src/components/traceability/Toolbox.tsx,146,function,high_external_low_internal_ratio,only external edges
4eed47afbb8f498539f1003cfafb3ea8394dedc5,frontend/src/components/traceability/Toolbox.tsx,147,function,high_external_low_internal_ratio,only external edges
e9aa1b940feec640571f481313213a5c49542a2c,frontend/src/components/traceability/Toolbox.tsx,153,function,high_external_low_internal_ratio,only external edges
e08699b82518a6bd411d4df11e073053778c6213,frontend/src/components/traceability/Toolbox.tsx,160,function,high_external_low_internal_ratio,only external edges
39b29bb4347b2ee9c5bb6b8509f418611f610346,frontend/src/components/traceability/TraceabilityGraph.tsx,82,function,high_external_low_internal_ratio,only external edges
231a0aa65b3d149913cd1b7c298e903df729a976,frontend/src/components/traceability/TraceabilityGraph.tsx,120,function,high_external_low_internal_ratio,only external edges
2167220e4a829fd32fa82f12556c0d6dfd3df524,frontend/src/components/traceability/TraceabilityGraph.tsx,143,function,high_external_low_internal_ratio,only external edges
ace55264001e36ab994f94bd26dce7de2656aad7,frontend/src/components/traceability/TraceabilityGraph.tsx,156,function,high_external_low_internal_ratio,only external edges
ab4bba4c958478f360318540da87fda38994dfce,frontend/src/components/traceability/TraceabilityGraph.tsx,165,function,high_external_low_internal_ratio,only external edges
d3027b6774d476de6430f783962772e4ca9e2ae8,frontend/src/components/traceability/TraceabilityGraph.tsx,223,function,high_external_low_internal_ratio,only external edges
a00e014d3ea3b01f4d11ab9ded53bffec42155cf,frontend/src/components/traceability/TraceabilityGraph.tsx,234,function,high_external_low_internal_ratio,only external edges
cb831f202106612d71565c1aeb9c7f3f25f616b5,frontend/src/components/traceability/TraceabilityGraph.tsx,243,function,high_external_low_internal_ratio,only external edges
25b57dd8006dbe5ebcdbd663fe257e071bcccb56,frontend/src/components/traceability/TraceabilityGraph.tsx,264,function,high_external_low_internal_ratio,only external edges
8e7513dce8397d32ea8056ca1c0c2ff0a035f52e,frontend/src/components/traceability/TraceabilityGraph.tsx,280,function,high_external_low_internal_ratio,only external edges
42dc9673da07ba97f55e6e9ef4e04a7ff35f050b,frontend/src/components/traceability/TraceabilityGraph.tsx,287,function,high_external_low_internal_ratio,only external edges
ad42b565dcb57e5bbff823e0906aab2f447da377,frontend/src/components/traceability/TraceabilityGraph.tsx,294,function,high_external_low_internal_ratio,only external edges
cc12f8a5efc04251bf359235d5949774981f4296,frontend/src/components/traceability/TraceabilityGraph.tsx,301,function,high_external_low_internal_ratio,only external edges
0a624c21f5805663c36dec29644ba1cc399af3dc,frontend/src/components/traceability/TraceabilityGraph.tsx,307,function,high_external_low_internal_ratio,only external edges
51b80b25c2dea06a8358796490298ea184d378c8,frontend/src/components/traceability/TraceabilityGraph.tsx,342,function,high_external_low_internal_ratio,only external edges
58c56387c29dc38e8781419724665943424101e8,frontend/src/components/traceability/TraceabilityGraph.tsx,397,function,high_external_low_internal_ratio,only external edges
b79a0671e341ed30164c2b5709a0495af5d80d1e,frontend/src/components/traceability/TraceabilityGraph.tsx,411,function,high_external_low_internal_ratio,only external edges
473bdcec343816fe4783aa808ad6bdac3f872252,frontend/src/components/traceability/TraceabilityGraph.tsx,425,function,high_external_low_internal_ratio,only external edges
7a58180205ca93bae0a3eaad9ac452b1b386e096,frontend/src/components/traceability/TraceabilityGraph.tsx,503,function,high_external_low_internal_ratio,only external edges
ae4d4be09462aa1dcfd1c0f86d40aeb80f8adae6,frontend/src/components/traceability/ValidationPanel.tsx,28,function,high_external_low_internal_ratio,only external edges
8a08ae43e5865a87fb3301469f509c5436ed9862,frontend/src/components/traceability/ValidationPanel.tsx,54,function,high_external_low_internal_ratio,only external edges
2be7b33fd60d5b737d92198b116bfc12ae71d152,frontend/src/components/traceability/ValidationPanel.tsx,76,function,high_external_low_internal_ratio,only external edges
1eca40156f835c9a81f525cfca98c9d12336fb89,frontend/src/components/traceability/ValidationPanel.tsx,103,function,high_external_low_internal_ratio,only external edges
a9db026359083855da5c4a8ff354112423869378,frontend/src/components/traceability/ValidationPanel.tsx,125,function,high_external_low_internal_ratio,only external edges
f24199e3a62ba3c310aa5ae7c6935bf18a367bc9,frontend/src/components/traceability/nodes/BaseNode.tsx,17,function,high_external_low_internal_ratio,only external edges
aa5434ff144c2b019a42a5aa2b1e593c7164f27b,frontend/src/components/traceability/nodes/ConfluenceSourceNode.tsx,7,function,high_external_low_internal_ratio,only external edges
9bedefeb675b5f1bfcac712f195419460900266c,frontend/src/components/traceability/nodes/JiraIssueSourceNode.tsx,7,function,high_external_low_internal_ratio,only external edges
a871866673612c3a480f1d7dbe257727de14471c,frontend/src/components/traceability/nodes/JiraKeyExtractorNode.tsx,7,function,high_external_low_internal_ratio,only external edges
d86d3618184c0bb16503fac8cb00551c8cc8b782,frontend/src/hooks/useCapacityCalc.ts,49,function,high_external_low_internal_ratio,only external edges
f90cdfe918eda6a35146ba326b6c3bb87c84003c,frontend/src/hooks/useCapacityCalc.ts,72,function,high_external_low_internal_ratio,only external edges
e6017ce3c286d99cf552585969afa6fadc8bf6af,frontend/src/hooks/useCapacityCalc.ts,141,function,high_external_low_internal_ratio,only external edges
fffc3c47deea4b3aac9f0b76fb8b7c2b2bbd8c6b,frontend/src/hooks/useCapacityCalc.ts,173,function,high_external_low_internal_ratio,only external edges
534e2945f7429f3c944d5a2dd6f91a89c67b691a,frontend/src/hooks/useCapacityCalc.ts,265,function,high_external_low_internal_ratio,only external edges
457879e7595a4ffe99690744c790c56a2b8d9101,frontend/src/hooks/useCapacityCalc.ts,287,function,high_external_low_internal_ratio,only external edges
6ca917836c59ddd9ddc7857d4d40d1a7145abd92,frontend/src/hooks/useDebounce.ts,33,function,high_external_low_internal_ratio,only external edges
e7f064298841f6c1dbd6d8cfc9e638cb6f21659e,frontend/src/hooks/useDebounce.ts,36,function,high_external_low_internal_ratio,only external edges
014acca7169a1115162b97e3098ba4991dc8f57b,frontend/src/hooks/useDebounce.ts,37,function,high_external_low_internal_ratio,only external edges
8b939cdfbdff6a94881a5d034fe7070a6d788b4e,frontend/src/hooks/useDebounce.ts,41,function,high_external_low_internal_ratio,only external edges
b26833301c5c393a873bc777d0532fec52c45fcd,frontend/src/hooks/useDebounce.ts,76,function,high_external_low_internal_ratio,only external edges
09d13adc9e449a6d023381126dc98632091867f1,frontend/src/hooks/useDebounce.ts,90,function,high_external_low_internal_ratio,only external edges
37f2fd71f340b6973ee5021c0c40a3c72abb15be,frontend/src/hooks/useDebounce.ts,98,function,high_external_low_internal_ratio,only external edges
4859a6d29173ff95b0f7c30cec88402e41b78084,frontend/src/hooks/useDebounce.ts,103,function,high_external_low_internal_ratio,only external edges
5893e37f17627e1ae8fe9c436370b1fb7f481f63,frontend/src/hooks/useDebounce.ts,139,function,high_external_low_internal_ratio,only external edges
2b1b4e362113674d12872842a6578394040731e5,frontend/src/hooks/useDebounce.ts,154,function,high_external_low_internal_ratio,only external edges
3b328c58f962c180621473accf9b33df8a11e05d,frontend/src/hooks/useDebounce.ts,162,function,high_external_low_internal_ratio,only external edges
6f49eff4cc33f49bac7357109748596cd4650d89,frontend/src/hooks/useDebounce.ts,175,function,high_external_low_internal_ratio,only external edges
3c9d061abf282fddd41b4fa41a9df4e222faeca9,frontend/src/hooks/useDebounce.ts,226,function,high_external_low_internal_ratio,only external edges
0311d7b10306aaa32f13ba4bf2c4b6ac4bf63904,frontend/src/hooks/useDebounce.ts,234,function,high_external_low_internal_ratio,only external edges
01c9a8fddd379ff2130f8f0dd47e373412f06daf,frontend/src/hooks/useDebounce.ts,239,function,high_external_low_internal_ratio,only external edges
ecabce73b21fc6a7fd14cc7a3500d4434b8e1da9,frontend/src/hooks/useDebounce.ts,244,function,high_external_low_internal_ratio,only external edges
95bd1a713b11477a49d6e7787d112a9266af710f,frontend/src/hooks/useParallelLoading.ts,97,function,high_external_low_internal_ratio,only external edges
3c4b202a2c29a399a7bc7b48025b1e9c405ceb84,frontend/src/hooks/useParallelLoading.ts,201,function,high_external_low_internal_ratio,only external edges
7fde8859667e034c4bd83cbd81a1c2af9e598c88,frontend/src/hooks/useParallelLoading.ts,214,function,high_external_low_internal_ratio,only external edges
a139792da386affcf3d64e386d48f62c2196c8f5,frontend/src/hooks/useParallelLoading.ts,236,function,high_external_low_internal_ratio,only external edges
95d63f8820226d64135b5fcb4a592d29ba6a6884,frontend/src/hooks/useParallelLoading.ts,258,function,high_external_low_internal_ratio,only external edges
9224225d3dbbfcf72a6bae561af66a1a83060206,frontend/src/hooks/useParallelLoading.ts,278,function,high_external_low_internal_ratio,only external edges
d35ddc21fc7ffc0464e688aa38cbdac97503be22,frontend/src/hooks/useTaskStatuses.ts,66,function,high_external_low_internal_ratio,only external edges
975a710ebdaccb477ecb976087efabf557710a77,frontend/src/hooks/useTaskStatuses.ts,170,function,high_external_low_internal_ratio,only external edges
549b406d63fcf435e24543dfb6eaca197cfe9cc9,frontend/src/hooks/useTaskStatuses.ts,206,function,high_external_low_internal_ratio,only external edges
a52bea37f38f72d379d391311427e294a76157e3,frontend/src/index.tsx,1,top_level_function,entrypoint_with_zero_outgoing_internal,entrypoint has no outgoing internal edges
23916ff6ec6dfab772293951daa276cf36e0bc7a,frontend/src/pages/Analytics.tsx,52,function,high_external_low_internal_ratio,only external edges
f7b8b324c3c8bc0b48f0155ab33a331121e168d7,frontend/src/pages/Analytics.tsx,109,function,high_external_low_internal_ratio,only external edges
b15aa540900a906868fd018ab1c956e620aff30a,frontend/src/pages/Analytics.tsx,110,function,high_external_low_internal_ratio,only external edges
8d1b48f13de5d109e3a2b3cc3965887071ac2c77,frontend/src/pages/Analytics.tsx,140,function,high_external_low_internal_ratio,only external edges
d9db38cd54db55ddaef140e1a1928c325bb7058c,frontend/src/pages/Analytics.tsx,148,function,high_external_low_internal_ratio,only external edges
5390fd891fcfc04f92f9ef1bb19319dde17ac5a3,frontend/src/pages/Analytics.tsx,157,function,high_external_low_internal_ratio,only external edges
e93ee67f0952eb7164fbb8b4f84bc7919bb24b90,frontend/src/pages/Analytics.tsx,178,function,high_external_low_internal_ratio,only external edges
2f0eb4f36f37642d83eff2e0707de828afba5af3,frontend/src/pages/Analytics.tsx,188,function,high_external_low_internal_ratio,only external edges
34828c60ac0a5f8e62f5fc87bdeee40174e00d60,frontend/src/pages/Analytics.tsx,190,function,high_external_low_internal_ratio,only external edges
afc4739fc1a8ba148275f98aaed1195fa0ae3ae2,frontend/src/pages/Analytics.tsx,193,function,high_external_low_internal_ratio,only external edges
b2c4685d62b87d7f3a202cf26ec4af40613f1c00,frontend/src/pages/Analytics.tsx,198,function,high_external_low_internal_ratio,only external edges
cf772bbec721bab3b707805eb5030c521392208b,frontend/src/pages/Analytics.tsx,210,function,high_external_low_internal_ratio,only external edges
ca81e52bf37b9e231506f7fa7c0dfc14e0d25f43,frontend/src/pages/Analytics.tsx,219,function,high_external_low_internal_ratio,only external edges
cfc14c3eed291b3fa8caaa98312cc5792eb755f9,frontend/src/pages/Analytics.tsx,222,function,high_external_low_internal_ratio,only external edges
8f6943088e8b1be8c090f51abbd46e8b928beda3,frontend/src/pages/Analytics.tsx,233,function,high_external_low_internal_ratio,only external edges
612f9d0a08c66ea8a14a01572ec1349d01f0bafd,frontend/src/pages/Analytics.tsx,244,function,high_external_low_internal_ratio,only external edges
a8d0836d6801361f98cc952f1754aed8b0a42ff5,frontend/src/pages/Analytics.tsx,249,function,high_external_low_internal_ratio,only external edges
5a0ca5b38147553a7ef9054bbfaa2c2c4c33d030,frontend/src/pages/Analytics.tsx,250,function,high_external_low_internal_ratio,only external edges
b38031e333fcc252c23687b5312e49d316eaa19d,frontend/src/pages/Analytics.tsx,255,function,high_external_low_internal_ratio,only external edges
038b7a7553f69f7682575458f291079db7d3f439,frontend/src/pages/Analytics.tsx,256,function,high_external_low_internal_ratio,only external edges
29258bc8da15a37561979d9dc6a79206bde5dad2,frontend/src/pages/Analytics.tsx,257,function,high_external_low_internal_ratio,only external edges
d8af6d61e928413181a882cad69a18135102e456,frontend/src/pages/Analytics.tsx,258,function,high_external_low_internal_ratio,only external edges
54f40167c3fa4a82d297a0bae2e535741e4b2a0c,frontend/src/pages/Analytics.tsx,259,function,high_external_low_internal_ratio,only external edges
5dc2e26d6228fe519ebba132971b797be76883ea,frontend/src/pages/Analytics.tsx,260,function,high_external_low_internal_ratio,only external edges
7966a2d58730b81ede9732e2ea842e473ab1d144,frontend/src/pages/Analytics.tsx,261,function,high_external_low_internal_ratio,only external edges
e20749af3b83aff87f4bda26c01275a1d7c7e1ea,frontend/src/pages/Analytics.tsx,267,function,high_external_low_internal_ratio,only external edges
2b02510883d4bc7de12333fdcc4bfdeda3a654b7,frontend/src/pages/Analytics.tsx,276,function,high_external_low_internal_ratio,only external edges
40bfa131c13dc1627c5b4d2e721e4f3d1bb138dd,frontend/src/pages/Analytics.tsx,284,function,high_external_low_internal_ratio,only external edges
6bcd0ac9507199afcda84ad97bf3b9f30f0c4e18,frontend/src/pages/Analytics.tsx,287,function,high_external_low_internal_ratio,only external edges
49f70c8b3f0973cadc0563155dc573b769cf2568,frontend/src/pages/Analytics.tsx,298,function,high_external_low_internal_ratio,only external edges
e53095c7de0d7271fc5335e677cb972a3bc6505c,frontend/src/pages/Analytics.tsx,303,function,high_external_low_internal_ratio,only external edges
784fbe33b46cd410257f95520c57f04852889a43,frontend/src/pages/Analytics.tsx,322,function,high_external_low_internal_ratio,only external edges
d5aa88d8722ec6c34fc835a55c990c8822cb117d,frontend/src/pages/Analytics.tsx,327,function,high_external_low_internal_ratio,only external edges
d2c6fd45a5243ed7f1737b2e7ac36c085039476a,frontend/src/pages/Analytics.tsx,363,function,high_external_low_internal_ratio,only external edges
7c489eba98d64ca585b59129014b1bcf896d476d,frontend/src/pages/Analytics.tsx,370,function,high_external_low_internal_ratio,only external edges
78b4dddb99f6f81df4d02d7b9d29b5c73292faac,frontend/src/pages/Analytics.tsx,375,function,high_external_low_internal_ratio,only external edges
1210f25cc3c89f1bc006f42107cadb942e440448,frontend/src/pages/Analytics.tsx,727,function,high_external_low_internal_ratio,only external edges
e7a6c3ff29224a9a8d5dae755816cc9c72d64da4,frontend/src/pages/Analytics.tsx,761,function,high_external_low_internal_ratio,only external edges
126e287a0437e27a4e4eb2c96b495d5d51845557,frontend/src/pages/AnalyticsDashboard.tsx,29,function,high_external_low_internal_ratio,only external edges
2bc89dc1314b56962c0bdb831ab31b6701134f83,frontend/src/pages/AnalyticsDashboard.tsx,36,function,high_external_low_internal_ratio,only external edges
508075b54665ac728ccebb46e7321ba7a0ebb13b,frontend/src/pages/AnalyticsDashboard.tsx,44,function,high_external_low_internal_ratio,only external edges
52cf317cf47a6266a7aa4b9894a5b24bb6ab4126,frontend/src/pages/AnalyticsDashboard.tsx,55,function,high_external_low_internal_ratio,only external edges
19afc516d12a51766acdb72f16d308de61571270,frontend/src/pages/AnalyticsDashboard.tsx,63,function,high_external_low_internal_ratio,only external edges
394e859875431ec516c700d6840c987ba249a106,frontend/src/pages/AnalyticsDashboard.tsx,79,function,high_external_low_internal_ratio,only external edges
7caf391faaf9081d4f43a94c6a78284ee4b07849,frontend/src/pages/AnalyticsDashboard.tsx,333,function,high_external_low_internal_ratio,only external edges
3f42956b4a1ba10d51767929ad0f251bd93262ec,frontend/src/pages/Dashboard.tsx,95,function,high_external_low_internal_ratio,only external edges
8b33f0cf48c626ab8d85b0bd765476a75805fdd9,frontend/src/pages/Dashboard.tsx,114,function,high_external_low_internal_ratio,only external edges
1402fb4f428f1dca3dd210ff4c679f81b0111928,frontend/src/pages/Dashboard.tsx,117,function,high_external_low_internal_ratio,only external edges
b0d5a81e12fb601771e1e823e03e30b62b6f23bc,frontend/src/pages/Dashboard.tsx,122,function,high_external_low_internal_ratio,only external edges
e769e6a59ec30d95900308a55928b130c0ac263e,frontend/src/pages/Dashboard.tsx,127,function,high_external_low_internal_ratio,only external edges
25cb35cd0fb927632a31e2e58fa8b52d0ad43ec0,frontend/src/pages/Dashboard.tsx,136,function,high_external_low_internal_ratio,only external edges
22b9b2c9a4bad8d3480edc864b520d63689d4ded,frontend/src/pages/Dashboard.tsx,169,function,high_external_low_internal_ratio,only external edges
e5d121337afc7d31cbd02dbb1101039711a8799b,frontend/src/pages/Dashboard.tsx,174,function,high_external_low_internal_ratio,only external edges
09e2bb058548e19b1a1dce539654eb694c6be181,frontend/src/pages/Dashboard.tsx,179,function,high_external_low_internal_ratio,only external edges
c3ff54cba5780feca397a3a4ad8658b8a637f96d,frontend/src/pages/Dashboard.tsx,186,function,high_external_low_internal_ratio,only external edges
c90dd9006eaf9560113ec16704289f8418af21a5,frontend/src/pages/Dashboard.tsx,218,function,high_external_low_internal_ratio,only external edges
8428d83771007c4bd271f54d43316d68daceed16,frontend/src/pages/Dashboard.tsx,222,function,high_external_low_internal_ratio,only external edges
f4b6296824968376bc43ed76ac085737671ab401,frontend/src/pages/Dashboard.tsx,240,function,high_external_low_internal_ratio,only external edges
eef7fecf9c124580ef7226a613aee41676da01a7,frontend/src/pages/Dashboard.tsx,256,function,high_external_low_internal_ratio,only external edges
384f4f30b8e5504381a81a094f2ef97f8c2b9269,frontend/src/pages/Dashboard.tsx,266,function,high_external_low_internal_ratio,only external edges
151355f21e98c0fe7245b5ac5200585541154c62,frontend/src/pages/Dashboard.tsx,280,function,high_external_low_internal_ratio,only external edges
fea60faf61feb22ceebc9616e4ab095f9d0365c3,frontend/src/pages/Dashboard.tsx,296,function,high_external_low_internal_ratio,only external edges
cd868af7cf26af32df2779f7dfec9fbb16756d19,frontend/src/pages/Dashboard.tsx,301,function,high_external_low_internal_ratio,only external edges
f787c85acd2eeae4bf41ecc2eee45673402d9d73,frontend/src/pages/Dashboard.tsx,309,function,high_external_low_internal_ratio,only external edges
2ed2d5b06fe3eac828c7864073f4bcbfb9576958,frontend/src/pages/Dashboard.tsx,317,function,high_external_low_internal_ratio,only external edges
7bff00299e9f93fbf62325df1d0fd9977ed4f57a,frontend/src/pages/Dashboard.tsx,342,function,high_external_low_internal_ratio,only external edges
9f1062ccc8124b8b18bc11c0b09012fcd46e809b,frontend/src/pages/Dashboard.tsx,350,function,high_external_low_internal_ratio,only external edges
8f8f8b0d16950703b2f52a4ea0681f41f2803352,frontend/src/pages/Dashboard.tsx,351,function,high_external_low_internal_ratio,only external edges
b61a08e62bec86e137e81b4334ec5b5bc895f6b6,frontend/src/pages/Dashboard.tsx,354,function,high_external_low_internal_ratio,only external edges
c4bceb16aef0831c7d745e307bab4cc045cfe4c4,frontend/src/pages/Dashboard.tsx,357,function,high_external_low_internal_ratio,only external edges
b5d4708837b0207ee4bb26de6b80065fcadafcb4,frontend/src/pages/Dashboard.tsx,358,function,high_external_low_internal_ratio,only external edges
b3143168eba256dd2ce2819a21452a12048431df,frontend/src/pages/Dashboard.tsx,368,function,high_external_low_internal_ratio,only external edges
f82d5f1390ebd166338845caffa58fce2adf41b0,frontend/src/pages/Dashboard.tsx,394,function,high_external_low_internal_ratio,only external edges
f94267c5142641e54a064a277f43e60c42924aac,frontend/src/pages/Dashboard.tsx,403,function,high_external_low_internal_ratio,only external edges
2578b8c6037b85526f103ca139d731eb78ccc060,frontend/src/pages/Dashboard.tsx,407,function,high_external_low_internal_ratio,only external edges
366a7c7fa87ed2114bac2c08250c0c77891cac3a,frontend/src/pages/Dashboard.tsx,418,function,high_external_low_internal_ratio,only external edges
186aa35f8582f101f6de666eefe299f6c862d424,frontend/src/pages/Dashboard.tsx,420,function,high_external_low_internal_ratio,only external edges
81f435bb8eb7a5621f76278c0818be546b574b9d,frontend/src/pages/Dashboard.tsx,423,function,high_external_low_internal_ratio,only external edges
063aeb036b8675fd316bc6ccaafbef1fe3a5da45,frontend/src/pages/Dashboard.tsx,434,function,high_external_low_internal_ratio,only external edges
4e64b013aa72fa9df1138ce78cd26ea447e505ed,frontend/src/pages/Dashboard.tsx,438,function,high_external_low_internal_ratio,only external edges
a28fca29d78e30b23f121e7b465a4eae1999f7b4,frontend/src/pages/Dashboard.tsx,442,function,high_external_low_internal_ratio,only external edges
f426864e256cdec37ec39a60f20bf17b489a24a7,frontend/src/pages/Dashboard.tsx,454,function,high_external_low_internal_ratio,only external edges
056d1b8bfa80ac8513b55bf72955f3d07d7676d4,frontend/src/pages/Dashboard.tsx,460,function,high_external_low_internal_ratio,only external edges
443bcebe761f852e8a7f99f5f553c7d8bff84583,frontend/src/pages/Dashboard.tsx,468,function,high_external_low_internal_ratio,only external edges
8ffb22cd5290a2403ff058e98a06e572757a819c,frontend/src/pages/Dashboard.tsx,486,function,high_external_low_internal_ratio,only external edges
98dc0a6dbb19353d2b831f45eb58dfc18dca05bc,frontend/src/pages/Dashboard.tsx,500,function,high_external_low_internal_ratio,only external edges
f427d81279cdc64cbc64aea7e927cc1e0ee8a363,frontend/src/pages/Dashboard.tsx,512,function,high_external_low_internal_ratio,only external edges
e2b5e465deebbfac71c2081f377d5518663bf714,frontend/src/pages/Dashboard.tsx,523,function,high_external_low_internal_ratio,only external edges
2bf1b1e2f69bcc05578f53e4bc4b47747e4decbe,frontend/src/pages/Dashboard.tsx,581,function,high_external_low_internal_ratio,only external edges
147fa13bdb88a044d9bac3e080e74198c5208558,frontend/src/pages/Dashboard.tsx,609,function,high_external_low_internal_ratio,only external edges
65a56fad7572c46a7df6a7a3d98e45dc4e338c59,frontend/src/pages/Dashboard.tsx,611,function,high_external_low_internal_ratio,only external edges
751d685855de40937f36a5fcf88b22d21291bc9e,frontend/src/pages/Dashboard.tsx,644,function,high_external_low_internal_ratio,only external edges
e23bebc06525448b0f0972b59c859d126642e76d,frontend/src/pages/Dashboard.tsx,814,function,high_external_low_internal_ratio,only external edges
a325435f7e3489fb068207c385a11c203ec88152,frontend/src/pages/Dashboard.tsx,852,function,high_external_low_internal_ratio,only external edges
d8869efaccad12c71c47e442ea8458050af6f2f7,frontend/src/pages/Dashboard.tsx,1041,function,high_external_low_internal_ratio,only external edges
e2870289f2f37301e545b674e0b8a80850b4b5b4,frontend/src/pages/Dashboard.tsx,1077,function,high_external_low_internal_ratio,only external edges
c6f929647ab020bbeb8e1eee6380d4edd8e42349,frontend/src/pages/JiraFieldsConfig.tsx,74,function,high_external_low_internal_ratio,only external edges
7272b9f1399daed4d259f5798a05ce7e75055c8d,frontend/src/pages/JiraFieldsConfig.tsx,91,function,high_external_low_internal_ratio,only external edges
01a699b9b8e2032223f9377d3b69e152e2ae7021,frontend/src/pages/JiraFieldsConfig.tsx,227,function,high_external_low_internal_ratio,only external edges
660d8db4cc476035f8f9542e6f595321483fc69e,frontend/src/pages/JiraFieldsConfig.tsx,239,function,high_external_low_internal_ratio,only external edges
2081304f7b9d8ce227c5655f5efeaa35ec4fc262,frontend/src/pages/JiraFieldsConfig.tsx,248,function,high_external_low_internal_ratio,only external edges
f99db46a0090d4bf7b213e2de000fddb04cace9d,frontend/src/pages/JiraFieldsConfig.tsx,257,function,high_external_low_internal_ratio,only external edges
6b866e1c0a390a3b2b68427fc8f9db2c9668f5d3,frontend/src/pages/JiraFieldsConfig.tsx,302,function,high_external_low_internal_ratio,only external edges
e0f0c3d154327c45cefebe4087b1268af2d49a9f,frontend/src/pages/JiraFieldsConfig.tsx,352,function,high_external_low_internal_ratio,only external edges
bde10dca068bd9e9eff641f4695a2a3e2361dfd1,frontend/src/pages/JiraFieldsConfig.tsx,360,function,high_external_low_internal_ratio,only external edges
27f1a1e6585ea773d89c21f488cd5eb7a82901c2,frontend/src/pages/JiraFieldsConfig.tsx,449,function,high_external_low_internal_ratio,only external edges
e92df8a952d16769eee15d61e279019f1b370128,frontend/src/pages/JiraFieldsConfig.tsx,465,function,high_external_low_internal_ratio,only external edges
b2814851ef57e58fd10a8074f966d035ef96065a,frontend/src/pages/JiraFieldsConfig.tsx,477,function,high_external_low_internal_ratio,only external edges
3aba99d4232f6f9b634ebddf554c02fd7b6030d8,frontend/src/pages/JiraFieldsConfig.tsx,542,function,high_external_low_internal_ratio,only external edges
f6eb74106d1abc06dca15161e19671fbef303d14,frontend/src/pages/JiraFieldsConfig.tsx,548,function,high_external_low_internal_ratio,only external edges
58e5febc5e4471fd3822c798400b49bb17e1bd73,frontend/src/pages/JiraFieldsConfig.tsx,556,function,high_external_low_internal_ratio,only external edges
a0df0f3d6b66d7dc516bd736d3206ef8659d3569,frontend/src/pages/JiraFieldsConfig.tsx,570,function,high_external_low_internal_ratio,only external edges
bb554c466a52bed988e95fd8e7a07b33777e7dbb,frontend/src/pages/JiraFieldsConfig.tsx,589,function,high_external_low_internal_ratio,only external edges
fd9cdf99d529ad29dccc46adbdf86505d5ec68bc,frontend/src/pages/JiraFieldsConfig.tsx,597,function,high_external_low_internal_ratio,only external edges
128bac0395d64b155f1195370c749b5ceecd9260,frontend/src/pages/JiraFieldsConfig.tsx,625,function,high_external_low_internal_ratio,only external edges
2862bb330c423ca5045adeaf0b7e9ff4c50f89c7,frontend/src/pages/JiraFieldsConfig.tsx,636,function,high_external_low_internal_ratio,only external edges
96ec1e585874597089f6c37df99e559f95291394,frontend/src/pages/JiraFieldsConfig.tsx,639,function,high_external_low_internal_ratio,only external edges
b301987b21a3eb59c5bbdeac9fd199d6a75dd0a6,frontend/src/pages/Knowledge.tsx,51,function,high_external_low_internal_ratio,only external edges
16cc890201355c1688fac7f553391ea62ef7932f,frontend/src/pages/Knowledge.tsx,72,function,high_external_low_internal_ratio,only external edges
9080ff21d3f406f48bb29149709c43509292d204,frontend/src/pages/Knowledge.tsx,99,function,high_external_low_internal_ratio,only external edges
6d6d55fd546e2a70b60ef38e61268c794c64faaa,frontend/src/pages/Knowledge.tsx,173,function,high_external_low_internal_ratio,only external edges
a4e15c8e3cdfd2ac1d0bfb51c996a8a96749b5ed,frontend/src/pages/Knowledge.tsx,189,function,high_external_low_internal_ratio,only external edges
24ca128dbcf29d2029a396a31b6bd439aa661627,frontend/src/pages/Knowledge.tsx,191,function,high_external_low_internal_ratio,only external edges
1ea5de7c927de900cc495a2513c14ca6af227a4f,frontend/src/pages/Knowledge.tsx,202,function,high_external_low_internal_ratio,only external edges
a2a92c8676282873dec526e98bd0fad17c26a5c8,frontend/src/pages/Knowledge.tsx,251,function,high_external_low_internal_ratio,only external edges
87cbb8634ae785e690e68edb3024654c362aa600,frontend/src/pages/Knowledge.tsx,255,function,high_external_low_internal_ratio,only external edges
dfe7ca95bdfbd085b672e104b981960093526e92,frontend/src/pages/Knowledge.tsx,259,function,high_external_low_internal_ratio,only external edges
5cf73a85e295201ed2a6503d639523c637af1385,frontend/src/pages/Knowledge.tsx,336,function,high_external_low_internal_ratio,only external edges
c07dabf05f7a3c767750d0a405e2660ce6166af9,frontend/src/pages/Knowledge.tsx,398,function,high_external_low_internal_ratio,only external edges
c983dbceb380623cd214ee0424e3bbeef171b878,frontend/src/pages/Knowledge.tsx,435,function,high_external_low_internal_ratio,only external edges
6f394f1e89ca8af19f48a795195630f345458fcd,frontend/src/pages/Knowledge.tsx,436,function,high_external_low_internal_ratio,only external edges
1d275ddc101f5d689d8997c3830f13c4eafe1e3a,frontend/src/pages/Knowledge.tsx,439,function,high_external_low_internal_ratio,only external edges
387c86840a00fb34337d0c2be37932aba081c464,frontend/src/pages/Knowledge.tsx,441,function,high_external_low_internal_ratio,only external edges
07801d3a862071f2ede366e90baa52f8fc291e6d,frontend/src/pages/Knowledge.tsx,449,function,high_external_low_internal_ratio,only external edges
e9850424db6cd0cb50861912963d333abdcc1cdf,frontend/src/pages/Knowledge.tsx,456,function,high_external_low_internal_ratio,only external edges
a05d214ddb17a267f1f05329bd2d0487cd4f52ec,frontend/src/pages/Knowledge.tsx,469,function,high_external_low_internal_ratio,only external edges
becb0b67b9763bba105aca9392289feb3419fa82,frontend/src/pages/Knowledge.tsx,471,function,high_external_low_internal_ratio,only external edges
68ada284dc866e7e5cd9909c773bd1b61537209e,frontend/src/pages/Knowledge.tsx,495,function,high_external_low_internal_ratio,only external edges
71655af176388cbe90358f792fce15049fb8a252,frontend/src/pages/Knowledge.tsx,496,function,high_external_low_internal_ratio,only external edges
bddd2f7e223662808d803c48fc53cc20bbcd3997,frontend/src/pages/Knowledge.tsx,497,function,high_external_low_internal_ratio,only external edges
d9b7572f13e219c34a18428d180422c41558ab75,frontend/src/pages/Knowledge.tsx,541,function,high_external_low_internal_ratio,only external edges
a4985ecb41d836d827b6e9ba042d867938459516,frontend/src/pages/Knowledge.tsx,563,function,high_external_low_internal_ratio,only external edges
6b77917c456fadf6a00ed5c61a8974f3fba57ab0,frontend/src/pages/Knowledge.tsx,572,function,high_external_low_internal_ratio,only external edges
34016913f2f7a23438b8f47773855cd183c8a964,frontend/src/pages/Knowledge.tsx,587,function,high_external_low_internal_ratio,only external edges
493e418e3670df3864108e8ec5ec31c7bf4aac7d,frontend/src/pages/Knowledge.tsx,596,function,high_external_low_internal_ratio,only external edges
951b9c394e8c8767bad7359102859cac65cfe2a2,frontend/src/pages/Knowledge.tsx,635,function,high_external_low_internal_ratio,only external edges
d8696162e12bfde4c9c7671140150d50567e9d24,frontend/src/pages/Knowledge.tsx,636,function,high_external_low_internal_ratio,only external edges
7e14f2dc0850b77ab97a231f5d12fd6a07d75aa5,frontend/src/pages/Knowledge.tsx,637,function,high_external_low_internal_ratio,only external edges
df9146c14d73f9a18666c70f57749c59206724a3,frontend/src/pages/Login.tsx,44,function,high_external_low_internal_ratio,only external edges
351c5816b6c3706710c295804e68f8a90e72dde6,frontend/src/pages/Login.tsx,68,function,high_external_low_internal_ratio,only external edges
cca3da370fa171bd8b25cb9c3517fda9dd66e0c0,frontend/src/pages/Login.tsx,82,function,high_external_low_internal_ratio,only external edges
fc4764829a947f398fc8e72765fb2d285537600c,frontend/src/pages/Login.tsx,236,function,high_external_low_internal_ratio,only external edges
0dd9b8adb273fab5ba9c11c77cfdfb6f4d0cd469,frontend/src/pages/Login.tsx,274,function,high_external_low_internal_ratio,only external edges
128235108a1090275083290fd667d79fb9f5790d,frontend/src/pages/Login.tsx,282,function,high_external_low_internal_ratio,only external edges
165788fec2626c3d3376b387713b2dc29c3d386d,frontend/src/pages/Login.tsx,291,function,high_external_low_internal_ratio,only external edges
45c9b333e1b1148087e916f71b24a4ca003eff8b,frontend/src/pages/Login.tsx,300,function,high_external_low_internal_ratio,only external edges
45c5b72b986ceaee94daf14ab45472b907aea0bf,frontend/src/pages/Login.tsx,318,function,high_external_low_internal_ratio,only external edges
c35aab9db6a3c11e6ad0568df453e0ab9a5223bd,frontend/src/pages/Login.tsx,356,function,high_external_low_internal_ratio,only external edges
c15603ce46fbc29ab7ac09c095c0bbb0595909ec,frontend/src/pages/Login.tsx,366,function,high_external_low_internal_ratio,only external edges
3fd84fcd2a7aea6e5e56dc010e757636aff88841,frontend/src/pages/Login.tsx,389,function,high_external_low_internal_ratio,only external edges
f6d94c01b96b2ebd1a447f66f1a516bcba2e686d,frontend/src/pages/Login.tsx,402,function,high_external_low_internal_ratio,only external edges
a8dd4346249f2a1b10d09b170001e2d5c36829b6,frontend/src/pages/Login.tsx,417,function,high_external_low_internal_ratio,only external edges
31bf7dbb1dfcdb536a984565a887aef9cb783964,frontend/src/pages/Login.tsx,448,function,high_external_low_internal_ratio,only external edges
459f84f85db35e8907e5b49ce66ab57477fe61c5,frontend/src/pages/Profile.tsx,32,function,high_external_low_internal_ratio,only external edges
860f1e2ac96715978d9c6056ec50e3cec237ad5b,frontend/src/pages/Profile.tsx,38,function,high_external_low_internal_ratio,only external edges
9bd9c6197c6589528c6823dd9fa7b61493a2794b,frontend/src/pages/Profile.tsx,50,function,high_external_low_internal_ratio,only external edges
7c282de035353d66a5b3387e23d49b8630472727,frontend/src/pages/Profile.tsx,99,function,high_external_low_internal_ratio,only external edges
6249786ce3e8fd7204447efc47d255df91297b28,frontend/src/pages/Profile.tsx,112,function,high_external_low_internal_ratio,only external edges
2baf366e5095b6903c7a1ea2fdd5dd5b3a89a57d,frontend/src/pages/Profile.tsx,120,function,high_external_low_internal_ratio,only external edges
2b6e365c73cafb7b0303f34af6263e3c1fb4b585,frontend/src/pages/Profile.tsx,154,function,high_external_low_internal_ratio,only external edges
3774b98fe900dc1cd8c1df71b475eb979fbe8dfe,frontend/src/pages/Profile.tsx,163,function,high_external_low_internal_ratio,only external edges
2b6bc08d8ed81fa7b9ff0d9b182c8a3ba688c33c,frontend/src/pages/Profile.tsx,172,function,high_external_low_internal_ratio,only external edges
cac4d5681a778d545056efc8ce43be221e3763bf,frontend/src/pages/Profile.tsx,188,function,high_external_low_internal_ratio,only external edges
905454b16299389059fb587ce96c56a2658fd534,frontend/src/pages/ProjectDetail.tsx,147,function,high_external_low_internal_ratio,only external edges
dfa7e141c39fbbbbe447305ff8c3376ce5b83ae9,frontend/src/pages/ProjectDetail.tsx,150,function,high_external_low_internal_ratio,only external edges
5c74505a8e5b03919d9b982a2491f556d5597005,frontend/src/pages/ProjectDetail.tsx,205,function,high_external_low_internal_ratio,only external edges
5b9ed39b0a3dc0da38862626c025eea01cef8bf9,frontend/src/pages/ProjectDetail.tsx,225,function,high_external_low_internal_ratio,only external edges
89bcc0e290741812950b0a675c331b43cc15df2b,frontend/src/pages/ProjectDetail.tsx,342,function,high_external_low_internal_ratio,only external edges
6b408f512bbcd1927d85298f83e22993a37b87f6,frontend/src/pages/ProjectDetail.tsx,354,function,high_external_low_internal_ratio,only external edges
79f8c8d2535a75964bb2ad7be84eececc4c46e11,frontend/src/pages/ProjectDetail.tsx,366,function,high_external_low_internal_ratio,only external edges
1eee815f8739fe4ddd5ea8433bdb331d178f59a1,frontend/src/pages/ProjectDetail.tsx,399,function,high_external_low_internal_ratio,only external edges
079fa515150c3ce14207a96f8bc53a4285711a25,frontend/src/pages/ProjectDetail.tsx,425,function,high_external_low_internal_ratio,only external edges
8c434dbd2445b8283a47d895538c105a4bcaaad7,frontend/src/pages/ProjectDetail.tsx,429,function,high_external_low_internal_ratio,only external edges
cd5488623650904f4d30603dadf5a379eefce3f6,frontend/src/pages/ProjectDetail.tsx,435,function,high_external_low_internal_ratio,only external edges
3764c6193fa4903cdd70065581a3349fb651bd5c,frontend/src/pages/ProjectDetail.tsx,545,function,high_external_low_internal_ratio,only external edges
490df02b6e5ffd8844267d5ac20adebf7d6300b7,frontend/src/pages/ProjectDetail.tsx,549,function,high_external_low_internal_ratio,only external edges
2e3e3ec025f53a5612ef51b722fb353e59a4fac1,frontend/src/pages/ProjectDetail.tsx,572,function,high_external_low_internal_ratio,only external edges
563b6fc2e1c91b4321ad05c83906c7496f6f9fa8,frontend/src/pages/ProjectDetail.tsx,605,function,high_external_low_internal_ratio,only external edges
183e5200b54266c8bad51d798c7641691dcfddc0,frontend/src/pages/ProjectDetail.tsx,663,function,high_external_low_internal_ratio,only external edges
c48859a5ab12578b4a2ed40e256e53c5af5a9db4,frontend/src/pages/ProjectDetail.tsx,671,function,high_external_low_internal_ratio,only external edges
d4e2b260ea3bfaf0091559076562d86527b23791,frontend/src/pages/ProjectDetail.tsx,877,function,high_external_low_internal_ratio,only external edges
ed5a49999c817eb3a67106434848618c51fc9bf1,frontend/src/pages/ProjectDetail.tsx,911,function,high_external_low_internal_ratio,only external edges
00bf51b843c889e0b7e8fca4bf21938e539c30b9,frontend/src/pages/ProjectDetail.tsx,985,function,high_external_low_internal_ratio,only external edges
31c408806a53f3dc720d74eaed827b6facd74973,frontend/src/pages/ProjectDetail.tsx,986,function,high_external_low_internal_ratio,only external edges
5d81469edd8912e2425e49784e12d6b847afc5e6,frontend/src/pages/ProjectDetail.tsx,1016,function,high_external_low_internal_ratio,only external edges
028eb5c2942ccc03c49c989ec7cc95215749b3b9,frontend/src/pages/ProjectDetail.tsx,1032,function,high_external_low_internal_ratio,only external edges
dcd58a5af20ab3304a66e1232beda7120399ba2c,frontend/src/pages/ProjectDetail.tsx,1044,function,high_external_low_internal_ratio,only external edges
822fbf88d868b77852c45ad5665fe2c5c08c2791,frontend/src/pages/ProjectDetail.tsx,1088,function,high_external_low_internal_ratio,only external edges
f834723cb91be85e11738182bc7a3648737958ff,frontend/src/pages/ProjectDetail.tsx,1155,function,high_external_low_internal_ratio,only external edges
3eb2ddb35dfe0447d30106c1331f249dcad85ad1,frontend/src/pages/ProjectDetail.tsx,1169,function,high_external_low_internal_ratio,only external edges
f89790e5303ab9d8563818b051e858d2fb7d6f9c,frontend/src/pages/ProjectDetail.tsx,1193,function,high_external_low_internal_ratio,only external edges
3029b09ce6b491d037da3b52911eaa29ab22ea80,frontend/src/pages/ProjectDetail.tsx,1218,function,high_external_low_internal_ratio,only external edges
8173f9336c533592fa008857743c140f47781c2e,frontend/src/pages/ProjectDetail.tsx,1437,function,high_external_low_internal_ratio,only external edges
eb61eee443298fe3fa7b19cbd7d160a871e6c967,frontend/src/pages/ProjectDetail.tsx,1567,function,high_external_low_internal_ratio,only external edges
fc642b5f7d1c1ea7e894cf41b5c5803cc60ebfac,frontend/src/pages/ProjectDetail.tsx,1825,function,high_external_low_internal_ratio,only external edges
1a5f2fd7e7acaa7988fff7ba9c63828a5568c7ce,frontend/src/pages/ProjectDetail.tsx,1826,function,high_external_low_internal_ratio,only external edges
70fd88bec46080f5ec919c39bab746f4319b386a,frontend/src/pages/ProjectDetail.tsx,1839,function,high_external_low_internal_ratio,only external edges
f84682acf634db9033e94827f65fe430b39a9a01,frontend/src/pages/ProjectDetail.tsx,1840,function,high_external_low_internal_ratio,only external edges
f31945d635094a520cfe252086dc1fc6557d1fa2,frontend/src/pages/ProjectDetail.tsx,1886,function,high_external_low_internal_ratio,only external edges
fa6022ba7d468615f7405c8b6407398be83279fa,frontend/src/pages/ProjectDetail.tsx,1894,function,high_external_low_internal_ratio,only external edges
72f7d8140253a47a61924cb913092984c348842f,frontend/src/pages/ProjectDetail.tsx,1902,function,high_external_low_internal_ratio,only external edges
0efb19214c8da5e01c2397dd6768aa1f11e497ea,frontend/src/pages/ProjectDetail.tsx,1917,function,high_external_low_internal_ratio,only external edges
7cabacfb59089be1b279ffac852daf31279d92c8,frontend/src/pages/ProjectDetail.tsx,1951,function,high_external_low_internal_ratio,only external edges
16a9e5c787716ea4fb96e58acfeeb36fce273ce5,frontend/src/pages/ProjectDetail.tsx,1972,function,high_external_low_internal_ratio,only external edges
360ba0e27b2c3d92ce1f5202913ff74b1ff8be12,frontend/src/pages/ProjectDetail.tsx,2114,function,high_external_low_internal_ratio,only external edges
4402d2e2e26c6b0fa7cf6e9b4caa6b705caed8fe,frontend/src/pages/ProjectDetail.tsx,2127,function,high_external_low_internal_ratio,only external edges
a9e8db35de4af018a73772400b2d2272b00b8a10,frontend/src/pages/ProjectDetail.tsx,2155,function,high_external_low_internal_ratio,only external edges
57e6d0adc033f3e93b33dde7773aaa4a8ca57f25,frontend/src/pages/ProjectDetail.tsx,2180,function,high_external_low_internal_ratio,only external edges
1f139cee26323611a4b1198814d69b0ae8582008,frontend/src/pages/ProjectDetail.tsx,2196,function,high_external_low_internal_ratio,only external edges
3ae5893161050ca7edd8c7b9fee740aed3ba01c9,frontend/src/pages/ProjectDetail.tsx,2212,function,high_external_low_internal_ratio,only external edges
47a1395719a2ef0603a0174bd745448d99271243,frontend/src/pages/ProjectDetail.tsx,2242,function,high_external_low_internal_ratio,only external edges
f34855d4e500d72c70a46b1c4044e7d5abb23e97,frontend/src/pages/ProjectDetail.tsx,2262,function,high_external_low_internal_ratio,only external edges
698d80c655d8ef16322e488421060e5e29ff9046,frontend/src/pages/ProjectDetail.tsx,2282,function,high_external_low_internal_ratio,only external edges
c0832afb995cae5fe6d9a1c86d57ecb2a96727fd,frontend/src/pages/ProjectDetail.tsx,2296,function,high_external_low_internal_ratio,only external edges
b773e4308cb1b29c4a3f1b281646c9282dfcd554,frontend/src/pages/ProjectDetail.tsx,2384,function,high_external_low_internal_ratio,only external edges
745f639342fc69d1e733b970d40b6db792ea27d8,frontend/src/pages/ProjectDetail.tsx,2442,function,high_external_low_internal_ratio,only external edges
8dc591dcb605192d21c3ca77ce4feacce009026b,frontend/src/pages/ProjectDetail.tsx,2466,function,high_external_low_internal_ratio,only external edges
4f294629cfce350553687e4426ee2e04a59eab46,frontend/src/pages/ProjectDetail.tsx,2502,function,high_external_low_internal_ratio,only external edges
362db27739c4b4d39ade4f550decf0fdd8a55096,frontend/src/pages/ProjectDetail.tsx,2509,function,high_external_low_internal_ratio,only external edges
2bf24748f399ef5c412d3630886cff5798f86b8b,frontend/src/pages/Projects.tsx,50,function,high_external_low_internal_ratio,only external edges
435a801acf701f0e571775b1fa8d039d8a199e6e,frontend/src/pages/Projects.tsx,126,function,high_external_low_internal_ratio,only external edges
5a9455b02b104019242f7fb0adadcb9666556c3c,frontend/src/pages/Projects.tsx,153,function,high_external_low_internal_ratio,only external edges
2a0442b0dadcbe0ca8478d2bb8203aead91c4b83,frontend/src/pages/Projects.tsx,164,function,high_external_low_internal_ratio,only external edges
34b6b3cbc3b752dea4f2c5ad0079c1ea381bf319,frontend/src/pages/Projects.tsx,183,function,high_external_low_internal_ratio,only external edges
c6336e7d18dd523b2dd48bbeca106c5032b3aeb7,frontend/src/pages/Projects.tsx,213,function,high_external_low_internal_ratio,only external edges
3b5ea9b4891b77fcb946d7af5d0425f540a7e456,frontend/src/pages/Projects.tsx,226,function,high_external_low_internal_ratio,only external edges
7dab459c4467a3e25c5dfa9d350b4ec769e85b05,frontend/src/pages/Projects.tsx,229,function,high_external_low_internal_ratio,only external edges
373b23d55a3866ebbf3ab79d56963c299b80df9a,frontend/src/pages/Projects.tsx,240,function,high_external_low_internal_ratio,only external edges
7c07b8d8af5b5ca5a89a22d5b65a65a9ae6990ed,frontend/src/pages/Projects.tsx,243,function,high_external_low_internal_ratio,only external edges
7a78de7eed0bce0e9781a7f0c8942af89c4f1985,frontend/src/pages/Projects.tsx,251,function,high_external_low_internal_ratio,only external edges
2a907bd99534a1113cb2c336db907dfd2524df41,frontend/src/pages/Projects.tsx,325,function,high_external_low_internal_ratio,only external edges
6ff199d5fa6b6967ec37aea5581bade8b3ffca97,frontend/src/pages/Projects.tsx,366,function,high_external_low_internal_ratio,only external edges
db63d6388e914b93410b916bd02bf948bbdf85dd,frontend/src/pages/Projects.tsx,382,function,high_external_low_internal_ratio,only external edges
97978fe05762a67fdc1dd1057df77ab5fc6eedb8,frontend/src/pages/Projects.tsx,484,function,high_external_low_internal_ratio,only external edges
126d26282ee17532ef377c54c93c1aa24430ae73,frontend/src/pages/Projects.tsx,488,function,high_external_low_internal_ratio,only external edges
a45c349584db614c8b44cc96bdd3fa90b5bbf43f,frontend/src/pages/Projects.tsx,501,function,high_external_low_internal_ratio,only external edges
49c1d336efcc187d2016418ab94f29049d310165,frontend/src/pages/Projects.tsx,527,function,high_external_low_internal_ratio,only external edges
b644adab818fc3c399b779db9602452cbcaff612,frontend/src/pages/Projects.tsx,542,function,high_external_low_internal_ratio,only external edges
a74625d265c4050b9dd6de467fdce02e27293e2e,frontend/src/pages/Projects.tsx,553,function,high_external_low_internal_ratio,only external edges
7bd668d2ad01adcc455b2ac309945277d71a262b,frontend/src/pages/Projects.tsx,563,function,high_external_low_internal_ratio,only external edges
6ed9b804a54e8354474237317edaab2abb4f6276,frontend/src/pages/Projects.tsx,585,function,high_external_low_internal_ratio,only external edges
131f184d82a0a04fb1c30e8f0c64a2ba67157bd9,frontend/src/pages/Projects.tsx,591,function,high_external_low_internal_ratio,only external edges
d47399dc8845857041a467ae7d186b36a6fa3f9e,frontend/src/pages/Quality.tsx,36,function,high_external_low_internal_ratio,only external edges
d51abfd66a9282fa04100a4653e5186392b73007,frontend/src/pages/Quality.tsx,50,function,high_external_low_internal_ratio,only external edges
865d5edac57f2d511a14cb35b0c0823ebad2c863,frontend/src/pages/Quality.tsx,58,function,high_external_low_internal_ratio,only external edges
4b42080f181aa5baee66d4de3f500365176cc99b,frontend/src/pages/Quality.tsx,92,function,high_external_low_internal_ratio,only external edges
46967105ead015b8af464a494508d84a280908bb,frontend/src/pages/Quality.tsx,137,function,high_external_low_internal_ratio,only external edges
f7aa01547098a9ccf86f7ad6fc07b2e7d417112a,frontend/src/pages/Quality.tsx,139,function,high_external_low_internal_ratio,only external edges
ba629b6e9b02ecc318b3376cdff42b21a5e6c58a,frontend/src/pages/Quality.tsx,142,function,high_external_low_internal_ratio,only external edges
5eaa5dcaa87fef035346fc9bd22d25a7c8cba920,frontend/src/pages/Quality.tsx,160,function,high_external_low_internal_ratio,only external edges
f3c0245b47afd850ceb493bcd47c7de6612c5c7a,frontend/src/pages/Quality.tsx,163,function,high_external_low_internal_ratio,only external edges
2c14995bd83bd74bfa974486ab6fa530f7ca26ac,frontend/src/pages/Quality.tsx,164,function,high_external_low_internal_ratio,only external edges
01a73a65599690fed89baa7ae09698755aee4b44,frontend/src/pages/Quality.tsx,165,function,high_external_low_internal_ratio,only external edges
1ca3c1f6495739bbc66c2a84e82c6f4564abb201,frontend/src/pages/Quality.tsx,166,function,high_external_low_internal_ratio,only external edges
9d56423f1430805f5f18ed502cc22edb509abaa3,frontend/src/pages/Quality.tsx,177,function,high_external_low_internal_ratio,only external edges
e05e5cccfa306dadd3604f87d869947a2ca78021,frontend/src/pages/Quality.tsx,194,function,high_external_low_internal_ratio,only external edges
898d710e4bc072c74141fe730634c9dcd07361a5,frontend/src/pages/Quality.tsx,203,function,high_external_low_internal_ratio,only external edges
285b6567f253f424e900cdf297271bdfdc4cacd2,frontend/src/pages/Quality.tsx,250,function,high_external_low_internal_ratio,only external edges
993b279436178ab5dbba376ab044c410268919f7,frontend/src/pages/Quality.tsx,251,function,high_external_low_internal_ratio,only external edges
ae52ec9a0d349a7b9db5603439e49caee1723687,frontend/src/pages/Quality.tsx,254,function,high_external_low_internal_ratio,only external edges
1e136cf0c24255f8bba26f3d666131da10f95607,frontend/src/pages/Quality.tsx,255,function,high_external_low_internal_ratio,only external edges
1ea26f364a61f506895778362495316932196572,frontend/src/pages/Quality.tsx,256,function,high_external_low_internal_ratio,only external edges
9e6401b9aa9413e3d329be4dc40f36142968baf0,frontend/src/pages/Quality.tsx,266,function,high_external_low_internal_ratio,only external edges
628470be5fbd0ede65d67a64d8f26652abc2d256,frontend/src/pages/Quality.tsx,272,function,high_external_low_internal_ratio,only external edges
edff2c538789bbc91ab9e107f94b76f4fb86b73d,frontend/src/pages/Quality.tsx,280,function,high_external_low_internal_ratio,only external edges
a9eaaae6b8492cb836f59fcf7f77c2a73ff312e1,frontend/src/pages/Quality.tsx,285,function,high_external_low_internal_ratio,only external edges
35c8b519ac2f6784ebf2d07cc1690d428e637cb2,frontend/src/pages/Settings.tsx,46,function,high_external_low_internal_ratio,only external edges
869e02feefc1b70525a7546bd2cfe613f4a6a294,frontend/src/pages/Settings.tsx,85,function,high_external_low_internal_ratio,only external edges
5b0ec520e7a5b5693f27f6a9c9b68250d61fa7c8,frontend/src/pages/Settings.tsx,148,function,high_external_low_internal_ratio,only external edges
fbd6c7ffa719fa368f0ce4003322dd20288b1f29,frontend/src/pages/Settings.tsx,152,function,high_external_low_internal_ratio,only external edges
3f2243148691f9fab0fa9fa25fec3f5f6f56e875,frontend/src/pages/Settings.tsx,156,function,high_external_low_internal_ratio,only external edges
4be08dd73dafd155ac0f9ccfb8a432ab85c78450,frontend/src/pages/Settings.tsx,265,function,high_external_low_internal_ratio,only external edges
b4a6fed73323e5594055d1fe69ede1837c624645,frontend/src/pages/Settings.tsx,269,function,high_external_low_internal_ratio,only external edges
5d7e4946166d4e9866d841db6dfcae9e61897b37,frontend/src/pages/Settings.tsx,282,function,high_external_low_internal_ratio,only external edges
4d427d483b7ebca71cf1baa666852ca111c43450,frontend/src/pages/Settings.tsx,316,function,high_external_low_internal_ratio,only external edges
670434d4417d4931d4d3809c4e5fc02c3d53d0e5,frontend/src/pages/Settings.tsx,317,function,high_external_low_internal_ratio,only external edges
bc3212658b0a5d70ae75d0105ab4ca190f0a4a66,frontend/src/pages/Settings.tsx,326,function,high_external_low_internal_ratio,only external edges
f930f1fc0b7ba87a901925703b948602f904e6a4,frontend/src/pages/Settings.tsx,336,function,high_external_low_internal_ratio,only external edges
3e48ae6096bfcea83a2ea2b3765ba01e8368eb8d,frontend/src/pages/Settings.tsx,347,function,high_external_low_internal_ratio,only external edges
0adaa5fcfbaccdc28827c73d85e2188e8dfa2621,frontend/src/pages/Settings.tsx,389,function,high_external_low_internal_ratio,only external edges
9cc38bd8f669102e00c36c69c5a7bff4876fe6e6,frontend/src/pages/Settings.tsx,398,function,high_external_low_internal_ratio,only external edges
41df06127aafd3f2d5070e68b3c868839512fc1a,frontend/src/pages/Settings.tsx,406,function,high_external_low_internal_ratio,only external edges
691ee0e6d99a443fa44fc29617777ac6ae82fe46,frontend/src/pages/Settings.tsx,426,function,high_external_low_internal_ratio,only external edges
21b98555e72a92861e31434d2b59808df80125bc,frontend/src/pages/Settings.tsx,434,function,high_external_low_internal_ratio,only external edges
9a5c7aa6dd26685c9f72fe211b2e010dc45e3f5b,frontend/src/pages/Settings.tsx,445,function,high_external_low_internal_ratio,only external edges
ac43b5b7474260498f38e0e958fbfe1b327c04ba,frontend/src/pages/Settings.tsx,471,function,high_external_low_internal_ratio,only external edges
0fdd29a195790c0cb328b5f9d5c67d74977e6d4e,frontend/src/pages/Settings.tsx,479,function,high_external_low_internal_ratio,only external edges
ad62ccd47a28e60b67cacb25a71e7628a63498cf,frontend/src/pages/Settings.tsx,490,function,high_external_low_internal_ratio,only external edges
9d8f2514779d4ed4fbbd2d6ebfccdcdb44c6faa2,frontend/src/pages/Settings.tsx,516,function,high_external_low_internal_ratio,only external edges
759b6ad5a05a7fc5f490356bd2306a9e074c7807,frontend/src/pages/Settings.tsx,523,function,high_external_low_internal_ratio,only external edges
2d3cf01a4a44cea3b6c460fe667963c7a8697246,frontend/src/pages/Settings.tsx,530,function,high_external_low_internal_ratio,only external edges
74494df30d030611b92e2eddc03c7653462c6050,frontend/src/pages/Settings.tsx,567,function,high_external_low_internal_ratio,only external edges
5d9cafbc316034fd0bfe94df6391bfef36c59180,frontend/src/pages/Settings.tsx,581,function,high_external_low_internal_ratio,only external edges
f30d230a828afa0a12db03c6429b13eb22df8ffe,frontend/src/pages/Settings.tsx,595,function,high_external_low_internal_ratio,only external edges
16cff4adf91336666665916c1702027e45b92ada,frontend/src/pages/Settings.tsx,609,function,high_external_low_internal_ratio,only external edges
e4829caca51a2ba9bbfd7b2f7f9e4c699fd78ed3,frontend/src/pages/Settings.tsx,655,function,high_external_low_internal_ratio,only external edges
a1d9abea31695434b0649751f158dcf4dedf840d,frontend/src/pages/Settings.tsx,674,function,high_external_low_internal_ratio,only external edges
bc1ec79142a370661b4d7aea24facaa59ba69f64,frontend/src/pages/Settings.tsx,683,function,high_external_low_internal_ratio,only external edges
9277eade5ca8f8be268b2bebe87c98d65e063e94,frontend/src/pages/Settings.tsx,701,function,high_external_low_internal_ratio,only external edges
3c2c817e3a1b839663c58e26342a5cedbb01361c,frontend/src/pages/Settings.tsx,725,function,high_external_low_internal_ratio,only external edges
82e3f3c27910d0efa18ec3918036af1b5c6d9157,frontend/src/pages/SprintCapacity.tsx,39,function,high_external_low_internal_ratio,only external edges
7b0ba6b05bb053e7aeef5de90e20d59566dfc091,frontend/src/pages/SprintCapacity.tsx,48,function,high_external_low_internal_ratio,only external edges
52979ff4d783f1b9cd4d9dd23e71f46db88b268f,frontend/src/pages/SprintCapacity.tsx,65,function,high_external_low_internal_ratio,only external edges
b8ecae2eaa88b703bc2e5f649a20686849256ff0,frontend/src/pages/SprintCapacity.tsx,111,function,high_external_low_internal_ratio,only external edges
259e617396bc3c3865da54cb9405461cb3292517,frontend/src/pages/SprintCapacity.tsx,127,function,high_external_low_internal_ratio,only external edges
cc963853b51736d0059a9e853684e6ba1900ae59,frontend/src/pages/SprintCapacity.tsx,153,function,high_external_low_internal_ratio,only external edges
5b4a0a7cd7e7ee630400699e7008b3c0f7b832e5,frontend/src/pages/Tasks.tsx,53,function,high_external_low_internal_ratio,only external edges
62d364facd02c49171852daa7d5b1174fe1773c0,frontend/src/pages/Tasks.tsx,84,function,high_external_low_internal_ratio,only external edges
2139f404230d843d07e327460166d755f8c190ec,frontend/src/pages/Tasks.tsx,102,function,high_external_low_internal_ratio,only external edges
1bfa0a755e8b7888a025a54ec8406cc122acac40,frontend/src/pages/Tasks.tsx,120,function,high_external_low_internal_ratio,only external edges
a725fb5ff9675b857044fc6e7b77204bfcfbd15b,frontend/src/pages/Tasks.tsx,135,function,high_external_low_internal_ratio,only external edges
0cf170960fec86cc6f6e3e06db07c5afa1a052da,frontend/src/pages/Tasks.tsx,139,function,high_external_low_internal_ratio,only external edges
1ee4186646195ce389aa01d396f2669d4dca6bc3,frontend/src/pages/Tasks.tsx,144,function,high_external_low_internal_ratio,only external edges
fdcf673d4f073dfe00656bfb221a705ae8336dec,frontend/src/pages/Tasks.tsx,235,function,high_external_low_internal_ratio,only external edges
8d33b580d1bb937c5fbadeb94c301c57210fc81d,frontend/src/pages/Tasks.tsx,244,function,high_external_low_internal_ratio,only external edges
70fc5e235ca5985d4ee5dc914816fc4e30407a1a,frontend/src/pages/Tasks.tsx,249,function,high_external_low_internal_ratio,only external edges
780b713fca8f1dbb3c469ee498e41fcfeda3fcbe,frontend/src/pages/Tasks.tsx,278,function,high_external_low_internal_ratio,only external edges
35655d96e632a067adf1827d89d8b1769d2c98fd,frontend/src/pages/Tasks.tsx,290,function,high_external_low_internal_ratio,only external edges
816efa0d8292ed91a0eb1a6cac0689309c6c4ab2,frontend/src/pages/Tasks.tsx,295,function,high_external_low_internal_ratio,only external edges
a7668455c215f62b6473e40751d85eff200386c9,frontend/src/pages/Tasks.tsx,304,function,high_external_low_internal_ratio,only external edges
14ca563775a4260af98f0283ec6d37000f6e91db,frontend/src/pages/Tasks.tsx,345,function,high_external_low_internal_ratio,only external edges
9c75e3eab76d92b1c6b6951da6e32ba367aece0f,frontend/src/pages/Tasks.tsx,364,function,high_external_low_internal_ratio,only external edges
ee7bf8f8cdfe80d13dec9c298b4acf379566a7a6,frontend/src/pages/Tasks.tsx,369,function,high_external_low_internal_ratio,only external edges
886e047fbd3cecf45f00bdc57efdde0dd4f9d62e,frontend/src/pages/Testing.tsx,44,function,high_external_low_internal_ratio,only external edges
b786f99ee4e7e44e359048d7d2d792a0b031525f,frontend/src/pages/Testing.tsx,68,function,high_external_low_internal_ratio,only external edges
2ae9defa5e81123aedeaf89b9e452353769c9645,frontend/src/pages/Testing.tsx,94,function,high_external_low_internal_ratio,only external edges
7538a1152a8c954f2a77b7908b85ceda81920e01,frontend/src/pages/Testing.tsx,103,function,high_external_low_internal_ratio,only external edges
63729fefa02c2894aa551044b9e0c8a22610e22a,frontend/src/pages/Testing.tsx,107,function,high_external_low_internal_ratio,only external edges
0647b4fbbe77bf15164c284eedee863ba3e4581c,frontend/src/pages/Testing.tsx,116,function,high_external_low_internal_ratio,only external edges
0f50ed0d7721a60b4097b458abf322e416838bb9,frontend/src/pages/Testing.tsx,132,function,high_external_low_internal_ratio,only external edges
f16af80e45b6ca874ec13098164ac5d1869e47a5,frontend/src/pages/Testing.tsx,133,function,high_external_low_internal_ratio,only external edges
7097dd1864e5501fc2d32742470d9f3c28b2907f,frontend/src/pages/Testing.tsx,141,function,high_external_low_internal_ratio,only external edges
b762433112a63cebf7c0ce50663e777ce93c9c5d,frontend/src/pages/Testing.tsx,146,function,high_external_low_internal_ratio,only external edges
23fce292c170ecd849a1d77475afdb62327c7acd,frontend/src/pages/Testing.tsx,155,function,high_external_low_internal_ratio,only external edges
9e72aed0487326f6a0b415a928bc325b2bd26355,frontend/src/pages/Testing.tsx,163,function,high_external_low_internal_ratio,only external edges
069c3a39ac80c5d89d53c496acd659a6cc7053a7,frontend/src/pages/Testing.tsx,166,function,high_external_low_internal_ratio,only external edges
96f35ddf289b28b7ef15b73cbaae8443da6fdcf5,frontend/src/pages/Testing.tsx,167,function,high_external_low_internal_ratio,only external edges
209910b012b39dfe9a4cd51d4fa2c4246c5f6715,frontend/src/pages/Testing.tsx,171,function,high_external_low_internal_ratio,only external edges
7eceb7b553735ba360db8c157fc44b9d5b38e5a4,frontend/src/pages/Testing.tsx,174,function,high_external_low_internal_ratio,only external edges
ae9c80d0036be7f2795c327a76d8f64f49bf75b4,frontend/src/pages/Testing.tsx,178,function,high_external_low_internal_ratio,only external edges
49e11ff81d92af596084275960a8303f0f7e129f,frontend/src/pages/Testing.tsx,196,function,high_external_low_internal_ratio,only external edges
03d3370804621643155614b077771bc00ede16ba,frontend/src/pages/Testing.tsx,203,function,high_external_low_internal_ratio,only external edges
f4aa81cc2bae13e22b3f3fc616cf05783168435c,frontend/src/pages/Testing.tsx,211,function,high_external_low_internal_ratio,only external edges
fb7e4056fb540a0ef24f71b8b42111a7979f2a82,frontend/src/pages/Testing.tsx,219,function,high_external_low_internal_ratio,only external edges
9ec43f877cab1cf2a67b0f8ef628bd30fd25cea0,frontend/src/pages/Testing.tsx,240,function,high_external_low_internal_ratio,only external edges
ff3f93356425c1d41823f7a4d32f7648e2d0707d,frontend/src/pages/Testing.tsx,274,function,high_external_low_internal_ratio,only external edges
431a1807f01d8cacc2d38b8032a5bd6ce2f48009,frontend/src/pages/Testing.tsx,278,function,high_external_low_internal_ratio,only external edges
9b976f179c0e271619ea3c27a7bd966d7af02400,frontend/src/pages/Testing.tsx,283,function,high_external_low_internal_ratio,only external edges
1360703f6847d03831c73a5290bdc92af1f153e1,frontend/src/pages/Testing.tsx,286,function,high_external_low_internal_ratio,only external edges
f551594331ceb7e07b2ecaa31d6e046247fc44fb,frontend/src/pages/Testing.tsx,329,function,high_external_low_internal_ratio,only external edges
1e49a73d9b34d6737de0e090bc6e789a83599d63,frontend/src/pages/Testing.tsx,350,function,high_external_low_internal_ratio,only external edges
cab7e85c371225fd6845395bf43515e88b911192,frontend/src/pages/Testing.tsx,385,function,high_external_low_internal_ratio,only external edges
a7e943ce92c0b9451b988cc4dad10f3e0f615d32,frontend/src/pages/Testing.tsx,411,function,high_external_low_internal_ratio,only external edges
d04e903b70b13a562c45f4d883d510818d159deb,frontend/src/pages/Testing.tsx,412,function,high_external_low_internal_ratio,only external edges
ef0aded6fa81a10b2051507f767c5dd7c5960011,frontend/src/pages/Testing.tsx,419,function,high_external_low_internal_ratio,only external edges
e67d66f0a8f22649c55b496d69d6c4f8a3d39aa6,frontend/src/pages/Testing.tsx,420,function,high_external_low_internal_ratio,only external edges
bb3b77fcbf2ba07aaf88fcdc42587a88c827d15e,frontend/src/pages/Testing.tsx,455,function,high_external_low_internal_ratio,only external edges
b182ba1117c693ddd09ec7ea594327228e9ebc8e,frontend/src/pages/Testing.tsx,461,function,high_external_low_internal_ratio,only external edges
fdcb3058b2a8db5a18cf52d60fbbaf8349cbf034,frontend/src/pages/Testing.tsx,473,function,high_external_low_internal_ratio,only external edges
5ed727c7a90ec12f34eb61b9bb6fd085e72a681e,frontend/src/pages/Traceability.tsx,94,function,high_external_low_internal_ratio,only external edges
b7c0e37e3a309c7d98aca5fa9a09a11d535ced6d,frontend/src/pages/Traceability.tsx,127,function,high_external_low_internal_ratio,only external edges
3a88c8399e85be202e0ef20cf5bdbec86dd3381e,frontend/src/pages/Traceability.tsx,172,function,high_external_low_internal_ratio,only external edges
5e5bfa7bee659609aa76d87b6b9395f874fb7297,frontend/src/pages/Traceability.tsx,177,function,high_external_low_internal_ratio,only external edges
972360b1afdb53f5a7031fbf4aebbe2a2dc39ca4,frontend/src/pages/Traceability.tsx,181,function,high_external_low_internal_ratio,only external edges
c3811d95c29f8eddf6d8c7da677d4df64d758f35,frontend/src/pages/Traceability.tsx,187,function,high_external_low_internal_ratio,only external edges
cd15c3dd146aded7c303cacaf2588cb7233ae088,frontend/src/pages/Traceability.tsx,199,function,high_external_low_internal_ratio,only external edges
764c54852d5e019faa0aa3febe79d9cc54d0d7c3,frontend/src/pages/Traceability.tsx,246,function,high_external_low_internal_ratio,only external edges
102b2122cb5c1ac3eeaeb39e919f6cf36600facb,frontend/src/pages/Traceability.tsx,255,function,high_external_low_internal_ratio,only external edges
7acc1cd4bab1c32d798cda817a6ef8bc0d5ac1dd,frontend/src/pages/Traceability.tsx,259,function,high_external_low_internal_ratio,only external edges
b255bec17c4f44b915408db0d55f9c9587eb04f9,frontend/src/pages/Traceability.tsx,285,function,high_external_low_internal_ratio,only external edges
e0ea757d194cb65dddeaf8881b6b9b94317f2a1b,frontend/src/pages/Traceability.tsx,288,function,high_external_low_internal_ratio,only external edges
afb6ed56b2c19a0e654fb0dc8fe1cc263c69710e,frontend/src/pages/Traceability.tsx,289,function,high_external_low_internal_ratio,only external edges
c0de83df6f65e356804a440d027259c222738625,frontend/src/pages/Traceability.tsx,311,function,high_external_low_internal_ratio,only external edges
b46badc4b02200d615ad9503ad72f5c85a780686,frontend/src/pages/Traceability.tsx,335,function,high_external_low_internal_ratio,only external edges
c893742d4abc192242c69750622880266759c818,frontend/src/pages/Traceability.tsx,354,function,high_external_low_internal_ratio,only external edges
498bbd2f1aecbf450166f7333a8673e8b9045189,frontend/src/pages/Traceability.tsx,356,function,high_external_low_internal_ratio,only external edges
052df31f0ef6d5138fbe15fbb11d9db7f1ce5fe5,frontend/src/pages/Traceability.tsx,362,function,high_external_low_internal_ratio,only external edges
fa3c2d283bd565c7929e78b960bde04ec95bd4dd,frontend/src/pages/Traceability.tsx,364,function,high_external_low_internal_ratio,only external edges
b4fc9dd6104f5be9656a01f1b4c8fc245ce4831a,frontend/src/pages/Traceability.tsx,372,function,high_external_low_internal_ratio,only external edges
61bac4d9bff8d817358317946e4f9b3f3b61feb5,frontend/src/pages/Traceability.tsx,374,function,high_external_low_internal_ratio,only external edges
6c09600de41b796a6e9c346152009d73bc2d2d4f,frontend/src/pages/Traceability.tsx,382,function,high_external_low_internal_ratio,only external edges
c37d36e3178238dda1ee3707678ab47d44fc3615,frontend/src/pages/Traceability.tsx,392,function,high_external_low_internal_ratio,only external edges
b108f6ae0db0506c6f1a02a441111eb2a7afafd4,frontend/src/pages/Traceability.tsx,399,function,high_external_low_internal_ratio,only external edges
9638ee2944f4efe30a79f0f85d606afc9ed44e9c,frontend/src/pages/Traceability.tsx,405,function,high_external_low_internal_ratio,only external edges
cab443f1fdcb0f3d26ca7a8a3cbe14f7e43f14b7,frontend/src/pages/Traceability.tsx,414,function,high_external_low_internal_ratio,only external edges
a8a567dab2139dcc3fd4d4a9a141f0ef0b618286,frontend/src/pages/Traceability.tsx,416,function,high_external_low_internal_ratio,only external edges
42730582b1a26b462a93210502826a13abc109ac,frontend/src/pages/Traceability.tsx,453,function,high_external_low_internal_ratio,only external edges
c8dc7836ccbb5ca973a6b9c518b9c7b6dc6bd44b,frontend/src/pages/Traceability.tsx,493,function,high_external_low_internal_ratio,only external edges
e7fb0b366e50e8be9c081372b49ceb5938c17905,frontend/src/pages/Traceability.tsx,499,function,high_external_low_internal_ratio,only external edges
f5b88f35268fcb852fdc62b4475772e16ef44f4b,frontend/src/pages/Traceability.tsx,504,function,high_external_low_internal_ratio,only external edges
b9c80f344b6df9de7c7dfe1a0c53ceb234b71228,frontend/src/pages/Traceability.tsx,509,function,high_external_low_internal_ratio,only external edges
ed74fc5d546f7a85210113e12aa34bebc05f52c3,frontend/src/pages/Traceability.tsx,514,function,high_external_low_internal_ratio,only external edges
ab87a8ecbcefa6696559237a7c695d47ec2c56b4,frontend/src/pages/Traceability.tsx,609,function,high_external_low_internal_ratio,only external edges
50976fdb8912c31ed7222c4adec05eb647f00c2b,frontend/src/pages/Traceability.tsx,627,function,high_external_low_internal_ratio,only external edges
d687f2573befe9fbce1706f7d1071c1796863119,frontend/src/pages/Traceability.tsx,638,function,high_external_low_internal_ratio,only external edges
795cd32d91e5ff98f09d4a4c70e0d503696e910a,frontend/src/pages/Traceability.tsx,779,function,high_external_low_internal_ratio,only external edges
e0e71f5bcafdaea2473c0d6e5fb32d342579c17c,frontend/src/pages/Traceability.tsx,830,function,high_external_low_internal_ratio,only external edges
fd0b67d266b707144257591e079b74e996aff7a0,frontend/src/pages/Traceability.tsx,882,function,high_external_low_internal_ratio,only external edges
430015a3fa0e7d1e8c3735f3b761e65c0f0170ac,frontend/src/pages/Traceability.tsx,902,function,high_external_low_internal_ratio,only external edges
2a8c893f2d7d63dc1c05bf85f61f329b48587f5b,frontend/src/pages/Traceability.tsx,921,function,high_external_low_internal_ratio,only external edges
1e8b0f352b21f5f5e772a1476bf9a7072f602fdb,frontend/src/pages/Traceability.tsx,950,function,high_external_low_internal_ratio,only external edges
c2a9584d7eae85c26e48e69067b2ce1e452ab33f,frontend/src/pages/Traceability.tsx,958,function,high_external_low_internal_ratio,only external edges
0a05335908a86ce335959d528b1bc43979b22a3d,frontend/src/pages/Traceability.tsx,965,function,high_external_low_internal_ratio,only external edges
d83cae7ba3af0718e15881ddcac4eddaaa01cbf9,frontend/src/pages/Traceability.tsx,981,function,high_external_low_internal_ratio,only external edges
540de2203ae29a25ca2088134419b2a3ef5dbbcc,frontend/src/pages/Traceability.tsx,1024,function,high_external_low_internal_ratio,only external edges
48624735c2f5083b8e068a1ea0c8156f33c9f82c,frontend/src/pages/Traceability.tsx,1039,function,high_external_low_internal_ratio,only external edges
624b58ab4f3a3ce1d29eb93167bf1986e30f9b30,frontend/src/pages/Traceability.tsx,1066,function,high_external_low_internal_ratio,only external edges
7f55a78c2069a097e67d5a7f4a59032532a9b3dd,frontend/src/pages/TraceabilityExecutionHistory.tsx,42,function,high_external_low_internal_ratio,only external edges
5c4a2494f7ab83b09798fc1c0e98eea8917f888e,frontend/src/pages/TraceabilityExecutionHistory.tsx,49,function,high_external_low_internal_ratio,only external edges
aaf3446cf4586fdaa23bf61631395f4b7e59fa73,frontend/src/pages/TraceabilityExecutionHistory.tsx,117,function,high_external_low_internal_ratio,only external edges
0c9057a0c0e5b3d1ab5428f7626bfdaed7aa6cd3,frontend/src/pages/TraceabilityExecutionHistory.tsx,156,function,high_external_low_internal_ratio,only external edges
d9ddfff5ffc1e2b3c032c91416345e12a4daed78,frontend/src/pages/TraceabilityFlowBuilder.tsx,47,function,high_external_low_internal_ratio,only external edges
dd4c7afa3ab4138fe25f41b58dddc1eefde87174,frontend/src/pages/TraceabilityFlowBuilder.tsx,68,function,high_external_low_internal_ratio,only external edges
e00b68008077611b3a2f5383ae25b394a1a3c9ca,frontend/src/pages/TraceabilityFlowBuilder.tsx,73,function,high_external_low_internal_ratio,only external edges
04d4c932718dc01386ebf9c5974c9a82a319c2f1,frontend/src/pages/TraceabilityFlowBuilder.tsx,78,function,high_external_low_internal_ratio,only external edges
76ee0edec893dc2bc326dfbf098ffbbbc50b6d9c,frontend/src/pages/TraceabilityFlowBuilder.tsx,79,function,high_external_low_internal_ratio,only external edges
cac698e6013dc5b8d1fa157fdca7af59c7c9903f,frontend/src/pages/TraceabilityFlowBuilder.tsx,169,function,high_external_low_internal_ratio,only external edges
b730bf2c81da971b92e7582f3ae3903c13489a40,frontend/src/pages/TraceabilityFlowBuilder.tsx,176,function,high_external_low_internal_ratio,only external edges
11bd6e1fb46026a71fcd05106d8c12c3e3e2940f,frontend/src/pages/TraceabilityFlowBuilder.tsx,196,function,high_external_low_internal_ratio,only external edges
f6209d4a56edd5942eab103a81374686ac345314,frontend/src/pages/TraceabilityFlowBuilder.tsx,210,function,high_external_low_internal_ratio,only external edges
278a2912c5d3714886a20e452e089f2e5aa7320d,frontend/src/pages/TraceabilityFlowBuilder.tsx,218,function,high_external_low_internal_ratio,only external edges
582a4d243a3bd78aa4a542199c0a78c8459e9a32,frontend/src/pages/TraceabilityFlowBuilder.tsx,245,function,high_external_low_internal_ratio,only external edges
5fd8df6b966eb73892b69ade9a2e1f89329296ec,frontend/src/pages/TraceabilityFlowBuilder.tsx,246,function,high_external_low_internal_ratio,only external edges
700d996e71791b5372bee7d9838b6a9062421c1f,frontend/src/pages/TraceabilityFlowBuilder.tsx,255,function,high_external_low_internal_ratio,only external edges
4df05310e1fef63b9a5e73f4128be160210f1a19,frontend/src/pages/TraceabilityFlowBuilder.tsx,287,function,high_external_low_internal_ratio,only external edges
8ca127456870e6bfee7040a6979cb65d429885f6,frontend/src/pages/TraceabilityFlowBuilder.tsx,295,function,high_external_low_internal_ratio,only external edges
51c33b8c09dea4e6bd483d357931f6af9761cc9e,frontend/src/pages/TraceabilityFlowBuilder.tsx,298,function,high_external_low_internal_ratio,only external edges
58da9ce3e67e9bac34b6a84b05fb2412f59bf0d6,frontend/src/pages/TraceabilityFlowBuilder.tsx,307,function,high_external_low_internal_ratio,only external edges
0b9165dee7ab6f36615b8ece2e18b72271f6481a,frontend/src/pages/TraceabilityFlowBuilder.tsx,308,function,high_external_low_internal_ratio,only external edges
22c020e90f51b1d2b9531b1a7051c44cd0559b5e,frontend/src/pages/TraceabilityFlowBuilder.tsx,318,function,high_external_low_internal_ratio,only external edges
33ea6c0ff9180844de30049852c867a02d1c248d,frontend/src/pages/TraceabilityFlowBuilder.tsx,322,function,high_external_low_internal_ratio,only external edges
e68ea50fd36c4b7bc6d91f3a1a58df6b621fadf4,frontend/src/pages/TraceabilityVisualization.tsx,68,function,high_external_low_internal_ratio,only external edges
be8d3affb98c63269f2cf2b2df9209f8cd56171f,frontend/src/pages/TraceabilityVisualization.tsx,85,function,high_external_low_internal_ratio,only external edges
eee9935a8da1a1b4a708328b582fe5f3c1c6fc10,frontend/src/pages/TraceabilityVisualization.tsx,104,function,high_external_low_internal_ratio,only external edges
9ec8b1338e05d959976cc921f536903830d09137,frontend/src/pages/TraceabilityVisualization.tsx,121,function,high_external_low_internal_ratio,only external edges
ff1b87a851446162432e530444a460d082c4fd5f,frontend/src/pages/TraceabilityVisualization.tsx,128,function,high_external_low_internal_ratio,only external edges
1ecca0301b600ad5f9dfce1affaacc3423450235,frontend/src/pages/TraceabilityVisualization.tsx,138,function,high_external_low_internal_ratio,only external edges
cc4dbc550f61af9e0c1620a181afe4ee199b5ce8,frontend/src/pages/TraceabilityVisualization.tsx,147,function,high_external_low_internal_ratio,only external edges
4477750b6b651da5515728e289b48232661d544e,frontend/src/pages/TraceabilityVisualization.tsx,179,function,high_external_low_internal_ratio,only external edges
2d3972e0718f3f77838d57348d769b424dca1ead,frontend/src/pages/TraceabilityVisualization.tsx,194,function,high_external_low_internal_ratio,only external edges
1046ac85e147f779abbda5458971bc802bb53d8d,frontend/src/pages/TraceabilityVisualization.tsx,197,function,high_external_low_internal_ratio,only external edges
b578ab4d48f2660b12f31c6ef22413e0eb63ea76,frontend/src/pages/TraceabilityVisualization.tsx,212,function,high_external_low_internal_ratio,only external edges
f913c6dcaa829dc432b19debc822575647894008,frontend/src/pages/TraceabilityVisualization.tsx,268,function,high_external_low_internal_ratio,only external edges
723c512426307b4c1c17d60648fb7742488e749f,frontend/src/pages/TraceabilityVisualization.tsx,346,function,high_external_low_internal_ratio,only external edges
e3bbc94a2dc9da44dee4a772ccf39d39123ac69a,frontend/src/pages/TraceabilityVisualization.tsx,390,function,high_external_low_internal_ratio,only external edges
07b8dc82f03782f6bc5cee6f4a109e5f2b83a8df,frontend/src/pages/TraceabilityVisualization.tsx,425,function,high_external_low_internal_ratio,only external edges
022b3c45b5cbcd142c12438e0436af9b769eac17,frontend/src/pages/TraceabilityVisualization.tsx,432,function,high_external_low_internal_ratio,only external edges
88959510ed665e270b017d144dace899c3d7beaa,frontend/src/pages/__tests__/Dashboard.test.tsx,154,constructor,entrypoint_with_zero_outgoing_internal,entrypoint has no outgoing internal edges
88959510ed665e270b017d144dace899c3d7beaa,frontend/src/pages/__tests__/Dashboard.test.tsx,154,constructor,high_external_low_internal_ratio,only external edges
b5a5b4a9dc29d4c2d19289c12bbbfd6f52557929,frontend/src/pages/__tests__/Dashboard.test.tsx,157,function,entrypoint_with_zero_outgoing_internal,entrypoint has no outgoing internal edges
b5a5b4a9dc29d4c2d19289c12bbbfd6f52557929,frontend/src/pages/__tests__/Dashboard.test.tsx,157,function,high_external_low_internal_ratio,only external edges
f8c5c3184a542394963b926eb8b9ece24447cf94,frontend/src/pages/__tests__/Dashboard.test.tsx,160,method,entrypoint_with_zero_outgoing_internal,entrypoint has no outgoing internal edges
f8c5c3184a542394963b926eb8b9ece24447cf94,frontend/src/pages/__tests__/Dashboard.test.tsx,160,method,high_external_low_internal_ratio,only external edges
1a9434580dc095cd401dc4581a5ec9fc6f87957d,frontend/src/pages/__tests__/Dashboard.test.tsx,165,method,entrypoint_with_zero_outgoing_internal,entrypoint has no outgoing internal edges
cd8f5df3b1b39fba188cffa14f935fd4a57874d6,frontend/src/pages/__tests__/Dashboard.test.tsx,167,method,entrypoint_with_zero_outgoing_internal,entrypoint has no outgoing internal edges
cd8f5df3b1b39fba188cffa14f935fd4a57874d6,frontend/src/pages/__tests__/Dashboard.test.tsx,167,method,high_external_low_internal_ratio,only external edges
d4ae5aacb5b7866a59d24641ffd7ba21f4215be8,frontend/src/pages/__tests__/Dashboard.test.tsx,171,method,entrypoint_with_zero_outgoing_internal,entrypoint has no outgoing internal edges
69cae8552a23c869b1b34823abb943e542d811c7,frontend/src/pages/__tests__/Dashboard.test.tsx,175,method,entrypoint_with_zero_outgoing_internal,entrypoint has no outgoing internal edges
8fa9f8ff1b8d57ac97f56b2a3031f6c94028aed1,frontend/src/pages/__tests__/Dashboard.test.tsx,218,function,entrypoint_with_zero_outgoing_internal,entrypoint has no outgoing internal edges
8fa9f8ff1b8d57ac97f56b2a3031f6c94028aed1,frontend/src/pages/__tests__/Dashboard.test.tsx,218,function,high_external_low_internal_ratio,only external edges
6c22e181e9645318f51c75646dad57cc5a69f355,frontend/src/services/analytics.ts,59,method,high_external_low_internal_ratio,only external edges
49f65fcc2a9e67faa546d75efd047ef75ab55419,frontend/src/services/analytics.ts,63,method,high_external_low_internal_ratio,only external edges
068c166403b57ee27f563e4ff8f6be7823aa696a,frontend/src/services/analytics.ts,75,method,high_external_low_internal_ratio,only external edges
bcb5e83d11d2e0695f612eaa852672a3163d38d9,frontend/src/services/analytics.ts,161,method,high_external_low_internal_ratio,only external edges
65e47593dab5a58952996ef4942aba2c6ff1c00c,frontend/src/services/analytics.ts,195,method,high_external_low_internal_ratio,only external edges
dfd8e84d52621f3dc126d59dafb307f0466a0e47,frontend/src/services/analytics.ts,242,method,high_external_low_internal_ratio,only external edges
582c7c8aaefee3861fb419d11172a5a43aeebed4,frontend/src/services/analytics.ts,268,method,high_external_low_internal_ratio,only external edges
f934fcc8070e923dd3db57e37f279633bb4ec42c,frontend/src/services/analytics.ts,299,method,high_external_low_internal_ratio,only external edges
e8fbe9836dce0c6562831e3964994d59672daa9d,frontend/src/services/analytics.ts,306,function,high_external_low_internal_ratio,only external edges
c01a18abec84cbed0b7b7190b72bf4bcd3bf68cb,frontend/src/services/analytics.ts,318,method,high_external_low_internal_ratio,only external edges
541660d16de3b74541e3bab3194d27a69becd297,frontend/src/services/api/analytics.ts,25,function,high_external_low_internal_ratio,only external edges
d9d77b2700e557dfb913753824d7a4132fc341b5,frontend/src/services/api/analytics.ts,29,function,high_external_low_internal_ratio,only external edges
b3129bf7e80384d952652b226f4c409b36a92782,frontend/src/services/api/analytics.ts,44,function,high_external_low_internal_ratio,only external edges
aca4adffb1124a95280944aec216f2cd05249385,frontend/src/services/api/analytics.ts,59,function,high_external_low_internal_ratio,only external edges
c81806cd17a11ac3f42c71d764ec9d7b47749d9d,frontend/src/services/api/analytics.ts,73,function,high_external_low_internal_ratio,only external edges
49dccc732456a8cd3ae9605e36c4686747e2a2a6,frontend/src/services/api/analytics.ts,85,function,high_external_low_internal_ratio,only external edges
64d3aaed1036fe86c19b91b6fa28efa752fbb97a,frontend/src/services/api/analytics.ts,104,function,high_external_low_internal_ratio,only external edges
77cc84081893812a4e2a51580872e0c6d47bbc65,frontend/src/services/api/analytics.ts,117,function,high_external_low_internal_ratio,only external edges
c136ff6e6f00f91adbfc206dc02a1ebb6f4eae0f,frontend/src/services/api/analytics.ts,135,function,high_external_low_internal_ratio,only external edges
3f890a3bb3fe8fbd9901d2eac0f85b5f55a2a0e3,frontend/src/services/api/analytics.ts,166,function,high_external_low_internal_ratio,only external edges
44be131c5a31a2966e422e41d1975a6cbd52000d,frontend/src/services/api/analytics.ts,190,function,high_external_low_internal_ratio,only external edges
494faa8bcafd06ab87ce7b707c35a83cc275e2c3,frontend/src/services/api/analytics.ts,209,function,high_external_low_internal_ratio,only external edges
dd5b4647b70403701f7e0f7ac9f8c40bc60e2fd6,frontend/src/services/api/analytics.ts,231,function,high_external_low_internal_ratio,only external edges
06e82fc46b50247fa1f80370874c43c98eb440cf,frontend/src/services/api/analytics.ts,254,function,high_external_low_internal_ratio,only external edges
07cd6f632964ecedada8f69726716959b643b81a,frontend/src/services/api/analytics.ts,266,function,high_external_low_internal_ratio,only external edges
f668f75b99393d2732ff2bfb7a1490727dc1e106,frontend/src/services/api/analytics.ts,284,function,high_external_low_internal_ratio,only external edges
6dbeb96772f6c98c03e2f404c8292d3a8f0ff5df,frontend/src/services/api/analytics.ts,331,function,high_external_low_internal_ratio,only external edges
80823b615ff9f58e403c9385d81b7e35a3152364,frontend/src/services/api/analytics.ts,349,function,high_external_low_internal_ratio,only external edges
e4d3e1bf2cb86ba62a3cc72df5d73a0b9e17a370,frontend/src/services/api/analytics.ts,354,function,high_external_low_internal_ratio,only external edges
0f7b144925aacab0da5a71fcd8e44013d241a740,frontend/src/services/api/capacity.ts,19,function,high_external_low_internal_ratio,only external edges
1a4a87fc984e58281141cd3c78db2605a384c675,frontend/src/services/api/capacity.ts,37,function,high_external_low_internal_ratio,only external edges
3978588437b8d0f4caf2d3247b24cc4a926f7574,frontend/src/services/api/capacity.ts,56,function,high_external_low_internal_ratio,only external edges
4fcf98fc306a0fdadfdad2971fbcc83b11c9b3cd,frontend/src/services/api/capacity.ts,64,function,high_external_low_internal_ratio,only external edges
886b4ccfb694bf85bb478625e3adb79324adee30,frontend/src/services/api/capacity.ts,72,function,high_external_low_internal_ratio,only external edges
026ab399a3cbb960c5e77f5359098f214d80ce9e,frontend/src/services/api/capacity.ts,88,function,high_external_low_internal_ratio,only external edges
1ba062c2fcbbf0bb405ad7529072c0468a421222,frontend/src/services/api/capacity.ts,119,function,high_external_low_internal_ratio,only external edges
ab4c363ed49c5e74367d5514e6540b057b7c2ba8,frontend/src/services/api/capacity.ts,139,function,high_external_low_internal_ratio,only external edges
47e8f58a88e9dbf813bf808f3651e04a9ba59315,frontend/src/services/api/capacity.ts,153,function,high_external_low_internal_ratio,only external edges
302fb7c632cf48fb73bd02b8b1de13879cc09652,frontend/src/services/api/client.ts,114,function,high_external_low_internal_ratio,only external edges
7b89a620fc46107e2108a99e85c6063c1b3c556f,frontend/src/services/api/client.ts,147,function,high_external_low_internal_ratio,only external edges
0d4d2d5a2293a86912689666ea4a271811c8643e,frontend/src/services/api/integrations.ts,15,function,high_external_low_internal_ratio,only external edges
15f24a1f76d2b63ff47ab0a087b8abb1b095e559,frontend/src/services/api/integrations.ts,50,function,high_external_low_internal_ratio,only external edges
3bab43f3543c143c73aa88684b238b011c3af0cd,frontend/src/services/api/integrations.ts,82,function,high_external_low_internal_ratio,only external edges
20d61bcd706705742b247ef208049c56397dce70,frontend/src/services/api/integrations.ts,112,function,high_external_low_internal_ratio,only external edges
d9dfd125c8ae8be21f33e0f39208446b55727a3c,frontend/src/services/api/integrations.ts,148,function,high_external_low_internal_ratio,only external edges
c4f11b9f9ef50ea4ca34e0e5dcc46114b7ce9a9b,frontend/src/services/api/integrations.ts,190,function,high_external_low_internal_ratio,only external edges
4e763d5fa1fe73aa47f90333fc93d177deb94f5f,frontend/src/services/api/integrations.ts,218,function,high_external_low_internal_ratio,only external edges
87e476796738fac0e7e4510f9c386daafba5285b,frontend/src/services/api/integrations.ts,300,function,high_external_low_internal_ratio,only external edges
2d42ba49ea14301bab772883aa4949a4ac3cad4e,frontend/src/services/api/knowledge.ts,22,function,high_external_low_internal_ratio,only external edges
347cdd18a23ef9549a388b6ae01b69ff86c2fa5b,frontend/src/services/api/knowledge.ts,51,function,high_external_low_internal_ratio,only external edges
8c7c86005db1bd4e1219aa78689496680d0410d1,frontend/src/services/api/knowledge.ts,67,function,high_external_low_internal_ratio,only external edges
d335ce0beb0cf85edc7b311cd50a8c47652a8edb,frontend/src/services/api/knowledge.ts,96,function,high_external_low_internal_ratio,only external edges
8ffc0bded3de4d8768c7101b80a671a1ec20afe7,frontend/src/services/api/knowledge.ts,116,function,high_external_low_internal_ratio,only external edges
6961bdaca5f0c37417075985e9c1602a4cdaa5a8,frontend/src/services/api/knowledge.ts,167,function,high_external_low_internal_ratio,only external edges
7058ccb94eb6edc899091eb76d79cbc1e1f81234,frontend/src/services/api/knowledge.ts,209,function,high_external_low_internal_ratio,only external edges
78d5c80bda97ad9e8b550feb647aeaec82ae3bfe,frontend/src/services/api/knowledge.ts,224,function,high_external_low_internal_ratio,only external edges
72cdefbeb87c7b1749eff582bbeb02f575ee7a5c,frontend/src/services/api/projects.ts,50,function,high_external_low_internal_ratio,only external edges
df65c62afeac30c8a1b052f4c7b96f1754284500,frontend/src/services/api/projects.ts,61,function,high_external_low_internal_ratio,only external edges
138e9b1f2f2c3400892d576b2f50a36ed8aa6cc0,frontend/src/services/api/projects.ts,130,function,high_external_low_internal_ratio,only external edges
d0392fc8c76f57eb29ad2392519b7dcd71085de5,frontend/src/services/api/projects.ts,139,function,high_external_low_internal_ratio,only external edges
27bb9aa62bd896a3991c62420988dfc0c592f9b5,frontend/src/services/api/projects.ts,145,function,high_external_low_internal_ratio,only external edges
0105e0be628e02072bd87ddb5c74aab27f433f38,frontend/src/services/api/projects.ts,155,function,high_external_low_internal_ratio,only external edges
fae95698e464d378ac4966e1fbd92f9d43278105,frontend/src/services/api/projects.ts,192,function,high_external_low_internal_ratio,only external edges
cb7ba761efacb970d028103d81d4e49882354a84,frontend/src/services/api/projects.ts,218,function,high_external_low_internal_ratio,only external edges
5c5fdf4469a6fd291d6ed0973c593e421258b7c8,frontend/src/services/api/projects.ts,225,function,high_external_low_internal_ratio,only external edges
2e7e547b0d38d1a3f6afd5d86faa76748cbda3d4,frontend/src/services/api/projects.ts,237,function,high_external_low_internal_ratio,only external edges
bba16a5a42c9123167319ff1e006a1eedb87b9d8,frontend/src/services/api/projects.ts,254,function,high_external_low_internal_ratio,only external edges
a271de0679460f61476f8d61ec324730de3b696c,frontend/src/services/api/projects.ts,266,function,high_external_low_internal_ratio,only external edges
64a103319ddf074ce80cdefce1c3012e505f7ae6,frontend/src/services/api/projects.ts,282,function,high_external_low_internal_ratio,only external edges
281ae6b2d4971686024b39fb576f4229ba64de5d,frontend/src/services/api/quality.ts,31,function,high_external_low_internal_ratio,only external edges
e79990a234e60a61dd9809f7e19c166906f1afdb,frontend/src/services/api/quality.ts,48,function,high_external_low_internal_ratio,only external edges
757d95db9954806a0387ad75f9c03d69944823c0,frontend/src/services/api/quality.ts,53,function,high_external_low_internal_ratio,only external edges
098b63175ea59e1c7ca16eed51d89f9c1518e873,frontend/src/services/api/quality.ts,61,function,high_external_low_internal_ratio,only external edges
a16a90bc4ad127159d3434241ac00cd56ad09dd9,frontend/src/services/api/quality.ts,69,function,high_external_low_internal_ratio,only external edges
c9fef2f9537abd998a314c0449e66c60f837d54b,frontend/src/services/api/quality.ts,79,function,high_external_low_internal_ratio,only external edges
49dbccd12ada544d5b1e41165db1261d8a8ed6e6,frontend/src/services/api/quality.ts,93,function,high_external_low_internal_ratio,only external edges
8188b3880d7bfbc968c4fb05cbb30dbd5865c1e3,frontend/src/services/api/quality.ts,104,function,high_external_low_internal_ratio,only external edges
3d587d0058867a74b2dbfa1eab592da35244a2b8,frontend/src/services/api/quality.ts,133,function,high_external_low_internal_ratio,only external edges
29344dcbb2fb2062a9c4b0bca506ad230b02e0c6,frontend/src/services/api/quality.ts,143,function,high_external_low_internal_ratio,only external edges
da22881848c85b30945bb12893bd3be5fb7c7e5f,frontend/src/services/api/quality.ts,153,function,high_external_low_internal_ratio,only external edges
14f334a34635b012402f9bbd73e777962e28b046,frontend/src/services/api/quality.ts,167,function,high_external_low_internal_ratio,only external edges
55e7cba8e7f61eedaf22083c0c13f91b8efc2bb8,frontend/src/services/api/sprints.ts,107,function,high_external_low_internal_ratio,only external edges
03e6868bfd83fb1a688c731c005bbe5d2f274bab,frontend/src/services/api/sprints.ts,130,function,high_external_low_internal_ratio,only external edges
fee84147e49c5eb173c0f0c485264856b8a80d9c,frontend/src/services/api/sprints.ts,159,function,high_external_low_internal_ratio,only external edges
8c5cf537d94a14a6ebb77188a96f32c62b551261,frontend/src/services/api/sprints.ts,164,function,high_external_low_internal_ratio,only external edges
b3ccd7ba5eff01bca58da04ff54965d6af40a375,frontend/src/services/api/sprints.ts,173,function,high_external_low_internal_ratio,only external edges
f4fceaad45d26614fa858a4ca44798439b3460f3,frontend/src/services/api/sprints.ts,194,function,high_external_low_internal_ratio,only external edges
8e8cbf6624d8c2d3fc337e445e249ebbbac4bef5,frontend/src/services/api/sprints.ts,215,function,high_external_low_internal_ratio,only external edges
3ac801183f1b8966c9fed0ffc7773a93d906cf8f,frontend/src/services/api/tasks.ts,15,function,high_external_low_internal_ratio,only external edges
e35a88dbcd8cfae62b3c0c988174c82f800bbeb2,frontend/src/services/api/tasks.ts,127,function,high_external_low_internal_ratio,only external edges
6eea8924124e1a6c2a7feb42a6b651ad4f155787,frontend/src/services/api/tasks.ts,163,function,high_external_low_internal_ratio,only external edges
7c3c3b2297d8a3919617a27477c773d7d8a69d62,frontend/src/services/api/testing.ts,23,function,high_external_low_internal_ratio,only external edges
b221399f048936b71177bdb40de1c36348c9360b,frontend/src/services/api/testing.ts,36,function,high_external_low_internal_ratio,only external edges
3fbc567b4253fe2ef08a87bfdce0fcc1bd3ee11a,frontend/src/services/api/testing.ts,46,function,high_external_low_internal_ratio,only external edges
f89f72d04b5c42c2c4af05f1e2db007fb20fbc47,frontend/src/services/api/testing.ts,51,function,high_external_low_internal_ratio,only external edges
d414dd4d49bd536f3be000d8fd678159e9415ed9,frontend/src/services/api/testing.ts,79,function,high_external_low_internal_ratio,only external edges
d2f1267ea4a782bfe65826a8f8961cf2bbfe1d5b,frontend/src/services/api/testing.ts,88,function,high_external_low_internal_ratio,only external edges
59d8f2685e8d70a0aed6c6cb8c5d26b685ac5c41,frontend/src/services/api/testing.ts,106,function,high_external_low_internal_ratio,only external edges
7546be0864758615a5900f51d7bee38323ae6a5e,frontend/src/services/api/testing.ts,118,function,high_external_low_internal_ratio,only external edges
7e1f59222aedf16f03082e4b136dde80d6e19595,frontend/src/services/api/testing.ts,154,function,high_external_low_internal_ratio,only external edges
0448f3f77417edab32fb871cf314214cce7faac2,frontend/src/services/api/testing.ts,167,function,high_external_low_internal_ratio,only external edges
a0ee5d9e300497ac2d28517e44ef7319141bfecc,frontend/src/services/api/testing.ts,182,function,high_external_low_internal_ratio,only external edges
64a09fd6094fcf430b23432cab2abe1602c8645c,frontend/src/services/api/testing.ts,197,function,high_external_low_internal_ratio,only external edges
038b1b8d312c8b8e50ccd409a94bfbaed6a002c9,frontend/src/services/api/traceability.ts,50,function,high_external_low_internal_ratio,only external edges
c4de75f92135943a5f654fb74c05fc966e17aaa5,frontend/src/services/api/traceability.ts,91,function,high_external_low_internal_ratio,only external edges
41c3140db1302e6c4b0d378e77ccd20865b899bb,frontend/src/services/api/traceability.ts,107,function,high_external_low_internal_ratio,only external edges
f28abdf2facaaa7f46f9c31276ea1683ceceafb1,frontend/src/services/api/traceability.ts,121,function,high_external_low_internal_ratio,only external edges
f65b018890df0c2b4f2a06f52aed1bb11ea5380b,frontend/src/services/api/traceability.ts,136,function,high_external_low_internal_ratio,only external edges
48cc10e00148365159797244ee19b2594abe78ea,frontend/src/services/api/traceability.ts,162,function,high_external_low_internal_ratio,only external edges
0dbd71afc77c3600f41f259e2d609d95e1421ef4,frontend/src/services/api/traceability.ts,181,function,high_external_low_internal_ratio,only external edges
f8568427dd3a7808daf702da57b6d4c4dd1ed808,frontend/src/services/api/traceability.ts,201,function,high_external_low_internal_ratio,only external edges
d448d37b420d33bcf97fc62c27cb9108172dfc8b,frontend/src/services/api/traceability.ts,248,function,high_external_low_internal_ratio,only external edges
e5e204dbb3a088b7f93d0c185d563a9b1b358118,frontend/src/services/api/traceability.ts,265,function,high_external_low_internal_ratio,only external edges
ca0b1e0f19da700bed0e0fea0731aa31370b8540,frontend/src/services/api/traceability.ts,311,function,high_external_low_internal_ratio,only external edges
a9b47f947480d4f47990eee4a78d79a5d96cf754,frontend/src/services/api/traceability.ts,324,function,high_external_low_internal_ratio,only external edges
5914e6c5aca0bf7eae4b7d3d8392f4f4219ea5a4,frontend/src/services/api/traceability.ts,338,function,high_external_low_internal_ratio,only external edges
2244038cbbb63fd2ef841e0b0c39ef99976407e6,frontend/src/services/api/traceability.ts,386,function,high_external_low_internal_ratio,only external edges
6de47d78834a16e3d3c362cb79522ae259009c28,frontend/src/services/api/traceability.ts,418,function,high_external_low_internal_ratio,only external edges
033c70a4260acb7de90229e4466e166c46372f79,frontend/src/services/api/traceability.ts,429,function,high_external_low_internal_ratio,only external edges
29d33ad95e44a61c5fa3dc6eb7a35aad73a3011b,frontend/src/services/api/traceability.ts,463,function,high_external_low_internal_ratio,only external edges
6194235aef55654ddca503c20c79ed89c555b9d1,frontend/src/services/api/traceability.ts,493,function,high_external_low_internal_ratio,only external edges
097bb851fc042337fdaa7074afea91c982687a2a,frontend/src/services/api/traceability.ts,512,function,high_external_low_internal_ratio,only external edges
f054711b59795bfc1001af5c98f1f84670d3b28c,frontend/src/services/api/users.ts,17,function,high_external_low_internal_ratio,only external edges
e2e7540beb6ed09b95b0fb57aa6c56089d49521e,frontend/src/services/api/users.ts,24,function,high_external_low_internal_ratio,only external edges
795ecd9c46f14f74b0f8f8c75debec528bdcee9c,frontend/src/services/api/users.ts,63,function,high_external_low_internal_ratio,only external edges
94d22c7ceda549161f16a9436603a0b4d09c8bc4,frontend/src/services/api/users.ts,72,function,high_external_low_internal_ratio,only external edges
74f51486a8407b368bb8dd9da1da64a76a3b9e8a,frontend/src/services/api/users.ts,82,function,high_external_low_internal_ratio,only external edges
0a2b3c283d0b2ea671522ce575556cf7eb201ed9,frontend/src/services/api/users.ts,91,function,high_external_low_internal_ratio,only external edges
976eb594bacead1dc7160400ae109c2c743fc90e,frontend/src/services/api/users.ts,101,function,high_external_low_internal_ratio,only external edges
398f1d42236e3bd5ee2a8493bb84455a99f12679,frontend/src/services/api/users.ts,141,function,high_external_low_internal_ratio,only external edges
b7659dcdd78be247515fe32c3a35774960a01bce,frontend/src/services/jiraFieldsApi.ts,84,function,high_external_low_internal_ratio,only external edges
340c902665dd45152434bf516e64eb742dd53072,frontend/src/services/jiraFieldsApi.ts,93,function,high_external_low_internal_ratio,only external edges
6b2df8a1e41356cf544e157f1b27ae53de4b0881,frontend/src/services/jiraFieldsApi.ts,104,function,high_external_low_internal_ratio,only external edges
57743dae9d55652f2b8c49a5ea8731c5395506bf,frontend/src/services/jiraFieldsApi.ts,117,function,high_external_low_internal_ratio,only external edges
f0f1603d8309694ec6d1bef0d2b1a1e2152fbbfe,frontend/src/services/jiraFieldsApi.ts,137,function,high_external_low_internal_ratio,only external edges
c18da2c541f0e6f56201a86c87d7d56830840d49,frontend/src/services/jiraFieldsApi.ts,148,function,high_external_low_internal_ratio,only external edges
3d93593adf507d5f900a60afa841a76cf9e76fd7,frontend/src/services/jiraFieldsApi.ts,164,function,high_external_low_internal_ratio,only external edges
a4b4697b87191b2d546ba8c472cc46e5e616cea2,frontend/src/services/jiraFieldsApi.ts,173,function,high_external_low_internal_ratio,only external edges
9dd2a2ddcd4543eb95d2a7b3f5b2f455a2ac91d3,frontend/src/services/jiraFieldsApi.ts,188,function,high_external_low_internal_ratio,only external edges
b25900ce8cab4b59cb2b0a5af8411781d88ab867,frontend/src/store/dataThunks.ts,46,function,high_external_low_internal_ratio,only external edges
359e831007f8ed7ee427b17a926f718c602ecacf,frontend/src/test/setup-env.ts,9,getter,entrypoint_with_zero_outgoing_internal,entrypoint has no outgoing internal edges
359e831007f8ed7ee427b17a926f718c602ecacf,frontend/src/test/setup-env.ts,9,getter,high_external_low_internal_ratio,only external edges
ac51b479afb36047df5a7fce1862ce9aa671b543,frontend/src/test/setup.ts,27,constructor,entrypoint_with_zero_outgoing_internal,entrypoint has no outgoing internal edges
7a3abbb5ab546bf01689142f5468ba1d420c5773,frontend/src/test/setup.ts,28,method,entrypoint_with_zero_outgoing_internal,entrypoint has no outgoing internal edges
d56d51f876c6a27becef0046bef582cbc704ae11,frontend/src/test/setup.ts,29,method,entrypoint_with_zero_outgoing_internal,entrypoint has no outgoing internal edges
f2fc86ac616a38c94340e632c14c849aefecc410,frontend/src/test/setup.ts,30,method,entrypoint_with_zero_outgoing_internal,entrypoint has no outgoing internal edges
1a820bbafa13613081edbb93c9f56a2e48fdd526,frontend/src/test/setup.ts,33,method,entrypoint_with_zero_outgoing_internal,entrypoint has no outgoing internal edges
cd30a03673cba6c83e1ace0f1eb9c654a62a35f0,frontend/src/test/setup.ts,38,constructor,entrypoint_with_zero_outgoing_internal,entrypoint has no outgoing internal edges
7e6333912c30e0387b38a039004301d9fd92e63e,frontend/src/test/setup.ts,39,method,entrypoint_with_zero_outgoing_internal,entrypoint has no outgoing internal edges
8ee5eab60659308c83ff9fef6f85f23c6c9e52e7,frontend/src/test/setup.ts,40,method,entrypoint_with_zero_outgoing_internal,entrypoint has no outgoing internal edges
0845b7a3ec0523c696c4ce125d9bd9188578efc8,frontend/src/test/setup.ts,41,method,entrypoint_with_zero_outgoing_internal,entrypoint has no outgoing internal edges
1a91bddfb12bf81de8d86e55e52193c910bb613d,frontend/src/utils/apiOptimization.ts,33,function,high_external_low_internal_ratio,only external edges
8190b2c2fc6315651079b5a5c73d837b75f72e26,frontend/src/utils/apiOptimization.ts,46,function,high_external_low_internal_ratio,only external edges
1ecb0c147a7eeafa95f0ca2976c67bef491102b6,frontend/src/utils/apiOptimization.ts,58,function,high_external_low_internal_ratio,only external edges
f4b136cae9db14bea9e638fc1c1bd8916e6db2c1,frontend/src/utils/apiOptimization.ts,68,function,high_external_low_internal_ratio,only external edges
d945ce3b2e7890a8c9af090d7106734ef3c02fc2,frontend/src/utils/apiOptimization.ts,69,function,high_external_low_internal_ratio,only external edges
76218f3a7ea9429ba12e3086187f70a559f1b9ec,frontend/src/utils/apiOptimization.ts,109,function,high_external_low_internal_ratio,only external edges
5e0943add0228b997b3df523b7dc8858e3011fa7,frontend/src/utils/apiOptimization.ts,116,function,high_external_low_internal_ratio,only external edges
cdaee899bdf4e849be629142af412b58ccfb110f,frontend/src/utils/apiOptimization.ts,122,function,high_external_low_internal_ratio,only external edges
839ce3480783557e9b56900e4b351bffd986a64a,frontend/src/utils/apiOptimization.ts,130,function,high_external_low_internal_ratio,only external edges
3928bac11253d23f210bf3c04a1d0d142741304f,frontend/src/utils/apiOptimization.ts,190,function,high_external_low_internal_ratio,only external edges
cf096bad786b124b51e62b31e1001fdff8be57be,frontend/src/utils/apiOptimization.ts,206,function,high_external_low_internal_ratio,only external edges
7ffc4e42b1abc42b0963be463bb152defbe68d59,frontend/src/utils/apiOptimization.ts,209,function,high_external_low_internal_ratio,only external edges
91c2fe96f47907b5ccb13b6748c59c900c200aa4,frontend/src/utils/apiOptimization.ts,211,function,high_external_low_internal_ratio,only external edges
64bac82854bb937ff1c3315e2b179e0c2fab7c42,frontend/src/utils/apiOptimization.ts,217,function,high_external_low_internal_ratio,only external edges
f942a563b5922f575018f309f81222cf83a5f7ee,frontend/src/utils/apiOptimization.ts,218,function,high_external_low_internal_ratio,only external edges
49b30d0be1ef085621fd18961d1302e6bad87e3d,frontend/src/utils/apiOptimization.ts,223,function,high_external_low_internal_ratio,only external edges
16a9ed912fb12a459eb36313606ff136f7c5f8a7,frontend/src/utils/apiOptimization.ts,230,function,high_external_low_internal_ratio,only external edges
3734ddf1c3a43b9ecd828e25189f08d7aaafe070,frontend/src/utils/apiOptimization.ts,243,function,high_external_low_internal_ratio,only external edges
a591e86a0264f4a759e8eeed54d732dac2d746be,frontend/src/utils/apiOptimization.ts,283,function,high_external_low_internal_ratio,only external edges
9f46807b1640221c0005b4894c1925353f474e6a,frontend/src/utils/apiOptimization.ts,291,function,high_external_low_internal_ratio,only external edges
6c9a939fe58cbe552dbcc751fae2bb38cf377580,frontend/src/utils/apiOptimization.ts,297,function,high_external_low_internal_ratio,only external edges
c034c9f5dde145c4faf58886960c917f5d67706a,frontend/src/utils/apiOptimization.ts,338,method,high_external_low_internal_ratio,only external edges
cdf55b4b722cba0d7df3c3e45c69d63e8ef1acfe,frontend/src/utils/apiOptimization.ts,361,method,high_external_low_internal_ratio,only external edges
20f204900b4ff6a053390c7d17baf4efcd403a84,frontend/src/utils/apiOptimization.ts,379,method,high_external_low_internal_ratio,only external edges
8b9f0e353956f17f19134fb97686fc76e9bb1528,frontend/src/utils/apiOptimization.ts,383,method,high_external_low_internal_ratio,only external edges
b37ac336738ebd9e2cd742d6ce753bb97f383dc0,frontend/src/utils/apiOptimization.ts,385,function,high_external_low_internal_ratio,only external edges
c1aac0d713098b17b9ad4c69a4d836fae0ca8a5b,frontend/src/utils/apiOptimization.ts,394,method,high_external_low_internal_ratio,only external edges
642ac616e1c14c7eb7429c2ba6aba489cc494dd4,frontend/src/utils/apiOptimization.ts,440,function,high_external_low_internal_ratio,only external edges
3475aa942ca94e7af8c9246c4436edf30f5dac69,frontend/src/utils/apiOptimization.ts,470,function,high_external_low_internal_ratio,only external edges
6f8169580140d4b4d393ff49dc973df6bd090a58,frontend/src/utils/apiOptimization.ts,489,function,high_external_low_internal_ratio,only external edges
4ef5888f8a8189aca4859eb319d0a68ba300291c,frontend/src/utils/apiOptimization.ts,506,function,high_external_low_internal_ratio,only external edges
020e5c0c77e9dc373ceed0b3b4c2ff9fadb5ce5e,frontend/src/utils/apiOptimization.ts,554,function,high_external_low_internal_ratio,only external edges
4f2c5e10be8b64f3f22cda80c597680ef77eb06b,frontend/src/utils/apiOptimization.ts,555,function,high_external_low_internal_ratio,only external edges
da27cc04dcc6b8838086adc59cf5539af7cc463b,frontend/src/utils/apiOptimization.ts,556,function,high_external_low_internal_ratio,only external edges
604f557e9c0e2c86a475d814044b2da77e479255,frontend/src/utils/backendHealth.ts,41,method,high_external_low_internal_ratio,only external edges
5d055c7bdf5f9cf795f235f6dd42195a7780d8a7,frontend/src/utils/backendHealth.ts,99,method,high_external_low_internal_ratio,only external edges
10327d2188e3bdcfb6b8fd3596623a8e86953559,frontend/src/utils/errorUtils.ts,76,function,high_external_low_internal_ratio,only external edges
8733ae60241fc0c9990fd8ecdcc0ee0d71d447f6,frontend/src/utils/logout.ts,71,function,high_external_low_internal_ratio,only external edges
230d7bf2d2837c8c4d733c90093c207e828f6e84,frontend/src/utils/logout.ts,93,function,high_external_low_internal_ratio,only external edges
7b833745aae764c409e0881839357ff3ee30fa60,frontend/src/utils/logout.ts,111,function,high_external_low_internal_ratio,only external edges
615f6722e4346bf32dc78728e3e724ea850f21c0,frontend/src/utils/logout.ts,172,function,high_external_low_internal_ratio,only external edges
17eaaf6c236a591d94869f4412b585f8f4d690df,frontend/src/utils/logout.ts,200,function,high_external_low_internal_ratio,only external edges
cf658266e19ea189fcd47ed049e0013c205554d3,frontend/src/utils/ruleTemplates.ts,249,function,high_external_low_internal_ratio,only external edges
12ea1ba2a52278737b29192c7ca1e7598a2ea546,frontend/src/utils/ruleTemplates.ts,256,function,high_external_low_internal_ratio,only external edges
8d51c326b018b6013f72a4807f7af3b26c3a67d7,frontend/src/utils/ruleTemplates.ts,263,function,high_external_low_internal_ratio,only external edges
0e5e1331c553012ea407830339b97a022ea948c1,frontend/src/utils/ruleTemplates.ts,264,function,high_external_low_internal_ratio,only external edges
5c3dcde04930ca3fb9d4cd377b463c9739d3c8e9,frontend/src/utils/ruleTemplates.ts,270,function,high_external_low_internal_ratio,only external edges
ef31d4196c8b4974eb121af7aa4c7f3691918f14,frontend/src/utils/ruleTemplates.ts,275,function,high_external_low_internal_ratio,only external edges
5eddd40f58ca6746ea065f78e79d90b61a276d8b,frontend/src/utils/ruleTemplates.ts,286,function,high_external_low_internal_ratio,only external edges
2ec224bfc85512c455266027446abe6303e6ee1e,frontend/src/utils/ruleValidation.ts,31,function,high_external_low_internal_ratio,only external edges
9cb6be04db87dc096bee2a44b82a973031f94dba,frontend/src/utils/ruleValidation.ts,42,function,high_external_low_internal_ratio,only external edges
2a54a63977933cbc1805c74aa580e14cf471823c,frontend/src/utils/ruleValidation.ts,59,function,high_external_low_internal_ratio,only external edges
0508e6305c7b675ca7847f92e8bcb82c8cd97663,frontend/src/utils/ruleValidation.ts,79,function,high_external_low_internal_ratio,only external edges
06445350f61df12c70ff783add30138c0d05e795,frontend/src/utils/ruleValidation.ts,91,function,high_external_low_internal_ratio,only external edges
645a4de8f34edce0ee9045dfcc9cd2c29c133f62,frontend/src/utils/ruleValidation.ts,103,function,high_external_low_internal_ratio,only external edges
3cab9ade16438f44dee991d4406151b1a1ae3ab1,frontend/src/utils/ruleValidation.ts,106,function,high_external_low_internal_ratio,only external edges
4fabfab3b4de13545c3455b6a25a3824733b5b04,frontend/src/utils/ruleValidation.ts,142,function,high_external_low_internal_ratio,only external edges
7178d335cbd42a85686283706d2cd3feea4e70d8,frontend/src/utils/ruleValidation.ts,200,function,high_external_low_internal_ratio,only external edges
dc283fdac0a96ed1a3f2cb15893934d283faf26c,frontend/src/utils/ruleValidation.ts,201,function,high_external_low_internal_ratio,only external edges
8a9f924f8b86b5f32619abeb4fa14f08fef297b1,frontend/src/utils/ruleValidation.ts,240,function,high_external_low_internal_ratio,only external edges
cc7bdafdea64fa9933b9ee328c264bbfb79a7a79,frontend/src/utils/ruleValidation.ts,254,function,high_external_low_internal_ratio,only external edges
fa3732a8a27fc9026f6e978e1ac138710f656025,frontend/src/utils/ruleValidation.ts,255,function,high_external_low_internal_ratio,only external edges
4873ff7e3bfd4cad23e4e8d5e6b75f87f62fea49,frontend/src/utils/ruleValidation.ts,263,function,high_external_low_internal_ratio,only external edges
0ea90c0b2fd49848eff1303686f8cd84d278ca50,frontend/src/utils/ruleValidation.ts,264,function,high_external_low_internal_ratio,only external edges
6c17c6aa71980d00ca233cbe10be4fa69c56a380,frontend/src/utils/ruleValidation.ts,282,function,high_external_low_internal_ratio,only external edges
fe3e93bcb7ce91fa46bc77ec277ded07a5c46cd5,frontend/src/utils/ruleValidation.ts,283,function,high_external_low_internal_ratio,only external edges
fa1252d6cb69cede1ff7b51b664d3239610334eb,frontend/src/utils/smartDefaults.ts,28,function,high_external_low_internal_ratio,only external edges
39d4514eb4e3641046f56c107892390c5f5213af,frontend/src/utils/smartDefaults.ts,39,function,high_external_low_internal_ratio,only external edges
959c0dad1ab9442713ede6becb4f29dfa29228f8,frontend/src/utils/smartDefaults.ts,69,function,high_external_low_internal_ratio,only external edges
28330ae9794c415aa1f2f1052c5841e73956888a,frontend/src/utils/smartDefaults.ts,84,function,high_external_low_internal_ratio,only external edges
a07266e6d2c2c46a3569f2c618549c497726abac,frontend/src/utils/smartDefaults.ts,118,function,high_external_low_internal_ratio,only external edges
52db1d79df61f238f4db9b7546ccdc05a0b20304,frontend/src/utils/smartDefaults.ts,174,function,high_external_low_internal_ratio,only external edges
d7f4ea1c70b430ee27b4ffdddee5548667a67bab,frontend/src/utils/smartDefaults.ts,217,function,high_external_low_internal_ratio,only external edges
04bbfa4cc303e0efc3c188925374c9a74ffad678,frontend/src/utils/smartDefaults.ts,228,function,high_external_low_internal_ratio,only external edges
f2578786e8574fb7920df66004b94ebedf8ca738,frontend/src/utils/storage.ts,32,method,high_external_low_internal_ratio,only external edges
c6447ba4f6e4f456558ae226ba2510db166f1c5f,frontend/src/utils/storage.ts,209,method,high_external_low_internal_ratio,only external edges
049281d636dbf01ffcea91f9122052d3bc98433d,frontend_src_pages_TraceabilityRules_MOCKUP.tsx,16,function,high_external_low_internal_ratio,only external edges
1109046e14f554bdf1f4813777a25b707874beed,frontend_src_pages_TraceabilityRules_MOCKUP.tsx,24,function,high_external_low_internal_ratio,only external edges
131eb7101430f86a59980b98bb7417e281a5f376,frontend_src_pages_TraceabilityRules_MOCKUP.tsx,46,function,high_external_low_internal_ratio,only external edges
8b914481cb329736e104edae7ada4286c556df14,frontend_src_pages_TraceabilityRules_MOCKUP.tsx,68,function,high_external_low_internal_ratio,only external edges
76af8f6a9bfec5fd2d42d5aa1f8a6f2a2845ee16,frontend_src_pages_TraceabilityRules_MOCKUP.tsx,136,function,high_external_low_internal_ratio,only external edges
2d75b3216cd956b40162d89aa9b843c7ee4fbbba,frontend_src_pages_TraceabilityRules_MOCKUP.tsx,146,function,high_external_low_internal_ratio,only external edges
9325af3b70bb38c76560dbc03316dc79730a892f,frontend_src_pages_TraceabilityRules_MOCKUP.tsx,166,function,high_external_low_internal_ratio,only external edges
22fccdee9f219ebfd6843da93b2b0472dbb6b642,frontend_src_pages_TraceabilityRules_MOCKUP.tsx,183,function,high_external_low_internal_ratio,only external edges
b4809efc893667025dad762cc6ea6dab77db5398,frontend_src_pages_TraceabilityRules_MOCKUP.tsx,189,function,high_external_low_internal_ratio,only external edges
23cc291943729a6155084a239dfd21559a4ad40e,frontend_src_pages_TraceabilityRules_MOCKUP.tsx,198,function,high_external_low_internal_ratio,only external edges
b2f4d4442c63ab497cf64ae6b5dda57970545e91,frontend_src_pages_TraceabilityRules_MOCKUP.tsx,205,function,high_external_low_internal_ratio,only external edges
7fd322312a759fad326f8c93636ed0c9ee4449d1,frontend_src_pages_TraceabilityRules_MOCKUP.tsx,215,function,high_external_low_internal_ratio,only external edges
787a88a05098135a5a8e7ffe9c6aab14584effee,frontend_src_pages_TraceabilityRules_MOCKUP.tsx,224,function,high_external_low_internal_ratio,only external edges
ea305f21e0e79c0d8e3dbde570186df2a2f60ef2,frontend_src_pages_TraceabilityRules_MOCKUP.tsx,233,function,high_external_low_internal_ratio,only external edges
55bb2c32e99f31bafc49f5c775309b6a36bf2640,frontend_src_pages_TraceabilityRules_MOCKUP.tsx,244,function,high_external_low_internal_ratio,only external edges
cec609987fc6584741890675edcad2753a322e49,frontend_src_pages_TraceabilityRules_MOCKUP.tsx,263,function,high_external_low_internal_ratio,only external edges
e3e3d29b101a5abd9186c2d148c4095770d6d557,frontend_src_pages_TraceabilityRules_MOCKUP.tsx,278,function,high_external_low_internal_ratio,only external edges
6beff0e7aa0737082c9bbc8daa0151f6c4c067b2,frontend_src_pages_TraceabilityRules_MOCKUP.tsx,287,function,high_external_low_internal_ratio,only external edges
cf766092cc000bd544df4eadbee06fb2bdae9317,frontend_src_pages_TraceabilityRules_MOCKUP.tsx,299,function,high_external_low_internal_ratio,only external edges
0175474be7e207eeff4208f47a5da1c95394fa19,frontend_src_pages_TraceabilityRules_MOCKUP.tsx,309,function,high_external_low_internal_ratio,only external edges
d79414d5730182303ed7dcfe1296c7cc8d7bda1e,frontend_src_pages_TraceabilityRules_MOCKUP.tsx,323,function,high_external_low_internal_ratio,only external edges
fb8afe2d25c7a8b0f1631d04c27551fec172259e,frontend_src_pages_TraceabilityRules_MOCKUP.tsx,330,function,high_external_low_internal_ratio,only external edges
0dfd717d7160eb626961a8aa543c7eeebc5bb62f,frontend_src_pages_TraceabilityRules_MOCKUP.tsx,339,function,high_external_low_internal_ratio,only external edges
42ccc21503f96be7232d17aaf042e7295c24c681,frontend_src_pages_TraceabilityRules_MOCKUP.tsx,345,function,high_external_low_internal_ratio,only external edges
0db760987d1a7b47afe8965b9501e99ae3508ccc,frontend_src_pages_TraceabilityRules_MOCKUP.tsx,353,function,high_external_low_internal_ratio,only external edges
3e5c98d7cd189e6938831d176ba30adc3d41a9d6,frontend_src_pages_TraceabilityRules_MOCKUP.tsx,363,function,high_external_low_internal_ratio,only external edges
2636506a42fafc91f47c58846918b0f0f30a2077,frontend_src_pages_TraceabilityRules_MOCKUP.tsx,379,function,high_external_low_internal_ratio,only external edges
87b29cf99d38cc1fbd574ef658ab6b895605428f,frontend_src_pages_TraceabilityRules_MOCKUP.tsx,390,function,high_external_low_internal_ratio,only external edges
cc3196f58a0a9c0baa598bdcf6bcad23e0ad29af,frontend_src_pages_TraceabilityRules_MOCKUP.tsx,412,function,high_external_low_internal_ratio,only external edges
7cfe3aa78a4bfff1db19a99eb907d4aa591aa51b,frontend_src_pages_TraceabilityRules_MOCKUP.tsx,424,function,high_external_low_internal_ratio,only external edges
cf809a05813cbe15122b0c44097816e171a507f7,frontend_src_pages_TraceabilityRules_MOCKUP.tsx,438,function,high_external_low_internal_ratio,only external edges
0fa325dbb4026b281856e97a956fe7e6b79e965e,frontend_src_pages_TraceabilityRules_MOCKUP.tsx,453,function,high_external_low_internal_ratio,only external edges
c789ef81edb8474f5d4236b161d46922fd14a20f,frontend_src_pages_TraceabilityRules_MOCKUP.tsx,464,function,high_external_low_internal_ratio,only external edges
7c73eb3d9b72194c0f0912eb40c3ab47afb5916b,frontend_src_pages_TraceabilityRules_MOCKUP.tsx,473,function,high_external_low_internal_ratio,only external edges
d32ef4a8ba05ad2615e1b3d315ca1c7ff8757e5e,frontend_src_pages_TraceabilityRules_MOCKUP.tsx,495,function,high_external_low_internal_ratio,only external edges
45fbf234217ec703155c2c86fd4f5db7951af173,scripts/check_bom.py,56,function,high_external_low_internal_ratio,only external edges
