method_id,file,start_line,kind,name,signature,target,language,incoming_internal_edges_count,incoming_dynamic_edges_count,confidence,risk_tags,reason
5d9ebbb03ec2f51f41d5f5d3cd8656e7f4d5d0fd,backend/alembic/env.py,26,function,run_migrations_offline,def run_migrations_offline() -> None:,prod,Python,0,0,LOW,,unreachable_from_entrypoints
16fac64c18a9898e453566b8d630d4a046e11f9d,backend/alembic/env.py,40,function,do_run_migrations,def do_run_migrations(connection:,prod,Python,0,0,LOW,,unreachable_from_entrypoints
bf661f3485b8a7ed9ec7abb5d3eb873eaeeca813,backend/alembic/env.py,47,function,run_async_migrations,async def run_async_migrations() -> None:,prod,Python,1,0,LOW,,unreachable_from_entrypoints
36cd1495347e9b4de307962f9a7e06db4cebfa17,backend/alembic/env.py,61,function,run_migrations_online,def run_migrations_online() -> None:,prod,Python,0,0,LOW,,unreachable_from_entrypoints
d8057ce263c1fbcefef308bd59b1a0100dc9877e,backend/alembic/versions/0001_iter1_extensions.py,19,function,_table_exists,def _table_exists(table_name:,prod,Python,0,0,LOW,,unreachable_from_entrypoints
bcaf47231ce159e9d4ff4cde8c8810c05eef5795,backend/alembic/versions/0001_iter1_extensions.py,26,function,_ensure_columns,def _ensure_columns(table_name:,prod,Python,0,0,LOW,,unreachable_from_entrypoints
ea01aa7cc163d6ba5226508de6c7bd2b77719234,backend/alembic/versions/0001_iter1_extensions.py,44,function,upgrade,def upgrade() -> None:,prod,Python,0,0,LOW,,unreachable_from_entrypoints
82fde6b9da18a13e478cb1fc921f1694665d2492,backend/alembic/versions/0001_iter1_extensions.py,65,function,downgrade,def downgrade() -> None:,prod,Python,0,0,LOW,,unreachable_from_entrypoints
7ed5428a4f55e675d2e53628330d33214e9528da,backend/alembic/versions/005_add_jira_field_mappings.py,20,function,_table_exists,def _table_exists(table_name:,prod,Python,0,0,LOW,,unreachable_from_entrypoints
ae2986df2cd39d341ec5f44c6615edbcaa431075,backend/alembic/versions/005_add_jira_field_mappings.py,26,function,_ensure_columns,def _ensure_columns(table_name:,prod,Python,0,0,LOW,,unreachable_from_entrypoints
7250a500b73dad3abd97637ede573c8936b2fb64,backend/alembic/versions/005_add_jira_field_mappings.py,42,function,_ensure_index,def _ensure_index(table_name:,prod,Python,0,0,LOW,,unreachable_from_entrypoints
435cd648c1c4811bf4b4943ddb9d7a3a324404fc,backend/alembic/versions/005_add_jira_field_mappings.py,51,function,_ensure_drop_index,def _ensure_drop_index(table_name:,prod,Python,3,0,LOW,,unreachable_from_entrypoints
d533d5fdda6c138a9076404d5de7a86d6570a07f,backend/alembic/versions/005_add_jira_field_mappings.py,59,function,upgrade,def upgrade():,prod,Python,0,0,LOW,,unreachable_from_entrypoints
bfef1b2675a04a83f84281ec25a329f7792b0bf3,backend/alembic/versions/005_add_jira_field_mappings.py,126,function,downgrade,def downgrade():,prod,Python,0,0,LOW,,unreachable_from_entrypoints
5f21e190577fab68e22f07725fd1341803a877b2,backend/alembic/versions/006_add_pr_indexes.py,14,function,upgrade,def upgrade():,prod,Python,0,0,LOW,,unreachable_from_entrypoints
14d0fe6cbe1c4a64771f0737b19956f539936340,backend/alembic/versions/006_add_pr_indexes.py,20,function,downgrade,def downgrade():,prod,Python,0,0,LOW,,unreachable_from_entrypoints
e2dadd354ceff5463ccdadf9f210ccdafaf7b7b5,backend/alembic/versions/007_add_sprint_wip_limit.py,16,function,_column_exists,def _column_exists(table_name:,prod,Python,0,0,LOW,,unreachable_from_entrypoints
4dff50da133ce88d873506168e5909eafd2de12a,backend/alembic/versions/007_add_sprint_wip_limit.py,22,function,upgrade,def upgrade():,prod,Python,0,0,LOW,,unreachable_from_entrypoints
dcd01fad6b7e8bf1cc1f289452517fe74de7b7c0,backend/alembic/versions/007_add_sprint_wip_limit.py,28,function,downgrade,def downgrade():,prod,Python,0,0,LOW,,unreachable_from_entrypoints
f917c6f1278c858613b103c5d9deedec08d4aafb,backend/alembic/versions/008_add_business_value_audit.py,17,function,_table_exists,def _table_exists(table_name:,prod,Python,0,0,LOW,,unreachable_from_entrypoints
f7e21f685e470eb2fd13602e44bc6d6ecdd7c354,backend/alembic/versions/008_add_business_value_audit.py,23,function,_ensure_index,def _ensure_index(table_name:,prod,Python,0,0,LOW,,unreachable_from_entrypoints
53d7784e3182060d214a3565e0195593a5d0f530,backend/alembic/versions/008_add_business_value_audit.py,32,function,_drop_index_if_exists,def _drop_index_if_exists(table_name:,prod,Python,1,0,LOW,,unreachable_from_entrypoints
030856b676c46da5c9a6f10e7edfb497df5d1307,backend/alembic/versions/008_add_business_value_audit.py,40,function,upgrade,def upgrade():,prod,Python,0,0,LOW,,unreachable_from_entrypoints
e8376aefa95cb26d42a396b7248afb6fb4c6484d,backend/alembic/versions/008_add_business_value_audit.py,61,function,downgrade,def downgrade():,prod,Python,0,0,LOW,,unreachable_from_entrypoints
226701c0613cb756f2e861b6d5df080017fb6eff,backend/alembic/versions/009_add_task_indexes.py,16,function,upgrade,def upgrade():,prod,Python,0,0,LOW,,unreachable_from_entrypoints
bedb98061dbb8ee438244971c0dcd088c809ae35,backend/alembic/versions/009_add_task_indexes.py,21,function,downgrade,def downgrade():,prod,Python,0,0,LOW,,unreachable_from_entrypoints
2bdd5ccfdbdb4224d56d256010d065e54d7f1c62,backend/alembic/versions/010_add_performance_indexes.py,14,function,_column_exists,def _column_exists(table_name:,prod,Python,0,0,LOW,,unreachable_from_entrypoints
c400edb49d822acccc8bdd70d347f56b568a61b7,backend/alembic/versions/010_add_performance_indexes.py,22,function,_table_exists,def _table_exists(table_name:,prod,Python,0,0,LOW,,unreachable_from_entrypoints
010c822b2e51cc9ee870db16210f629a4e8c5e62,backend/alembic/versions/010_add_performance_indexes.py,49,function,upgrade,def upgrade() -> None:,prod,Python,0,0,LOW,,unreachable_from_entrypoints
a0a93a634b1238a0402f4470501718a03bd91aaf,backend/alembic/versions/010_add_performance_indexes.py,60,function,downgrade,def downgrade() -> None:,prod,Python,0,0,LOW,,unreachable_from_entrypoints
c8316dc4d8503c43345a11ee070b4296a83186c5,backend/alembic/versions/011_add_traceability_tables.py,19,function,_table_exists,def _table_exists(table_name:,prod,Python,0,0,LOW,,unreachable_from_entrypoints
7b7ad9d308d743eb7cde812f6b7cda0bb831b19e,backend/alembic/versions/011_add_traceability_tables.py,25,function,upgrade,def upgrade() -> None:,prod,Python,0,0,LOW,,unreachable_from_entrypoints
9fa058582f0205aea2ae619b29669369172b7549,backend/alembic/versions/011_add_traceability_tables.py,99,function,downgrade,def downgrade() -> None:,prod,Python,0,0,LOW,,unreachable_from_entrypoints
2e0a4637a2501caef9a2b4bc6aab45d426f8ff08,backend/alembic/versions/012_add_sprint_indexes.py,19,function,upgrade,def upgrade() -> None:,prod,Python,0,0,LOW,,unreachable_from_entrypoints
647d58c205a16c208c2526cd135f484e7acf4c51,backend/alembic/versions/012_add_sprint_indexes.py,56,function,downgrade,def downgrade() -> None:,prod,Python,0,0,LOW,,unreachable_from_entrypoints
59a95d26d7e3969418182e470823fc54d010f027,backend/alembic/versions/013_optimize_tasks_query_indexes.py,17,function,upgrade,def upgrade() -> None:,prod,Python,0,0,LOW,,unreachable_from_entrypoints
e9c19864e75f036248378a7a67355d1242d18471,backend/alembic/versions/013_optimize_tasks_query_indexes.py,80,function,downgrade,def downgrade() -> None:,prod,Python,0,0,LOW,,unreachable_from_entrypoints
e53c08fc71305caa22dac124d3c2b209c4367a8e,backend/alembic/versions/014_create_integration_settings_table.py,17,function,upgrade,def upgrade() -> None:,prod,Python,0,0,LOW,,unreachable_from_entrypoints
caf3ebbe576b432b2820c44b09ae1d28ecbee002,backend/alembic/versions/014_create_integration_settings_table.py,37,function,downgrade,def downgrade() -> None:,prod,Python,0,0,LOW,,unreachable_from_entrypoints
d55c52d9f33cc6f3dee7504c25751fe8eb8059ca,backend/alembic/versions/014_create_integration_settings_table.py,43,function,_table_exists,def _table_exists(table_name:,prod,Python,0,0,LOW,,unreachable_from_entrypoints
32b85f829289ec7b51a7268da04f55294f77a5ca,backend/alembic/versions/014_create_integration_settings_table.py,49,function,_ensure_index,def _ensure_index(table_name:,prod,Python,0,0,LOW,,unreachable_from_entrypoints
4199fd3b542346b99c4bece483126e8fc141346a,backend/alembic/versions/015_add_project_repositories.py,19,function,_table_exists,def _table_exists(table_name:,prod,Python,0,0,LOW,,unreachable_from_entrypoints
330048daac1150b9c2765292b5ddd7122b623948,backend/alembic/versions/015_add_project_repositories.py,26,function,upgrade,def upgrade():,prod,Python,0,0,LOW,,unreachable_from_entrypoints
7fa483686a716f95dde43f0680b7c81095401605,backend/alembic/versions/015_add_project_repositories.py,50,function,downgrade,def downgrade():,prod,Python,0,0,LOW,,unreachable_from_entrypoints
e20747dbe03f6d7d1ad84c1f0cd2274deec1ecb4,backend/alembic/versions/016_add_foreign_key_indexes.py,19,function,upgrade,def upgrade() -> None:,prod,Python,0,0,LOW,,unreachable_from_entrypoints
34b1d10d60faf558023eaa6318368a4873771fdd,backend/alembic/versions/016_add_foreign_key_indexes.py,30,function,downgrade,def downgrade() -> None:,prod,Python,0,0,LOW,,unreachable_from_entrypoints
a212659ef4581291eafe5e99a93b18935414721c,backend/alembic/versions/017_add_rbac_tables.py,31,function,_table_exists,def _table_exists(table_name:,prod,Python,0,0,LOW,,unreachable_from_entrypoints
f59a4c80325bace940d438639c15120a5c24d26c,backend/alembic/versions/017_add_rbac_tables.py,38,function,upgrade,def upgrade() -> None:,prod,Python,0,0,LOW,,unreachable_from_entrypoints
796ac98fe1211f51ea9ebff97eb7e65b40f5e2a9,backend/alembic/versions/017_add_rbac_tables.py,154,function,downgrade,def downgrade() -> None:,prod,Python,0,0,LOW,,unreachable_from_entrypoints
b488744fa731b181f836d1b400fd02c1f936535e,backend/alembic/versions/018_add_traceability_rules.py,19,function,_table_exists,def _table_exists(table_name:,prod,Python,0,0,LOW,,unreachable_from_entrypoints
c4d6d96172748213ca34aae086e749955d571c22,backend/alembic/versions/018_add_traceability_rules.py,26,function,_index_exists,def _index_exists(table_name:,prod,Python,0,0,LOW,,unreachable_from_entrypoints
eb9ffcfb29be9d91bbc996f30c96569ac3ebf617,backend/alembic/versions/018_add_traceability_rules.py,34,function,_ensure_index,def _ensure_index(table_name:,prod,Python,0,0,LOW,,unreachable_from_entrypoints
b59266db1ab4508fa52331e9f0afdfc654717d98,backend/alembic/versions/018_add_traceability_rules.py,40,function,upgrade,def upgrade():,prod,Python,0,0,LOW,,unreachable_from_entrypoints
5ddf386cf2cf4ea0942c5b0ae126976b6001989e,backend/alembic/versions/018_add_traceability_rules.py,99,function,downgrade,def downgrade():,prod,Python,0,0,LOW,,unreachable_from_entrypoints
51dd462d6e1e82a4ec205662a03fb30631a2ee7e,backend/alembic/versions/019_add_capacity_health_cfd_tables.py,23,function,_table_exists,def _table_exists(table_name:,prod,Python,0,0,LOW,,unreachable_from_entrypoints
1457da2c9df1ff13923ff288d8c40417f3fb6506,backend/alembic/versions/019_add_capacity_health_cfd_tables.py,30,function,_index_exists,def _index_exists(table_name:,prod,Python,0,0,LOW,,unreachable_from_entrypoints
0b570a6157d10940d5898ce7436f2abebef4bb1e,backend/alembic/versions/019_add_capacity_health_cfd_tables.py,38,function,_ensure_index,def _ensure_index(table_name:,prod,Python,0,0,LOW,,unreachable_from_entrypoints
41dbb6c866c7c08a8594fda07b957b153b46558d,backend/alembic/versions/019_add_capacity_health_cfd_tables.py,44,function,upgrade,def upgrade():,prod,Python,0,0,LOW,,unreachable_from_entrypoints
bb0e5b53a968621136a032f75fe17262aa0a26dc,backend/alembic/versions/019_add_capacity_health_cfd_tables.py,142,function,downgrade,def downgrade():,prod,Python,0,0,LOW,,unreachable_from_entrypoints
1b791cf4ca59c2a9ee4700bbbb6f6745326e5bd5,backend/alembic/versions/020_add_quality_metrics_tables.py,18,function,_table_exists,def _table_exists(table_name:,prod,Python,0,0,LOW,,unreachable_from_entrypoints
a613ae7f90d0a816a1f2af4ce428a3ed008d43e2,backend/alembic/versions/020_add_quality_metrics_tables.py,25,function,upgrade,def upgrade() -> None:,prod,Python,0,0,LOW,,unreachable_from_entrypoints
7e26a24893e9bbb73312d1955d1e65c24a8fe654,backend/alembic/versions/020_add_quality_metrics_tables.py,101,function,downgrade,def downgrade() -> None:,prod,Python,0,0,LOW,,unreachable_from_entrypoints
25b85aa07a67e063153b38eafe6431f458802fcf,backend/alembic/versions/021_add_coverage_analytics_tables.py,18,function,_table_exists,def _table_exists(table_name:,prod,Python,0,0,LOW,,unreachable_from_entrypoints
3e373fe2ca425872768f31356f1c6b5f2cf33a2c,backend/alembic/versions/021_add_coverage_analytics_tables.py,25,function,upgrade,def upgrade() -> None:,prod,Python,0,0,LOW,,unreachable_from_entrypoints
5f37a37c6fc9c5610e30d43f07cd02791a41479a,backend/alembic/versions/021_add_coverage_analytics_tables.py,124,function,downgrade,def downgrade() -> None:,prod,Python,0,0,LOW,,unreachable_from_entrypoints
e9cbd2e8b8155334b14ead74032cabf4f2f496b3,backend/alembic/versions/022_add_filter_indexes.py,21,function,_table_exists,def _table_exists(table_name:,prod,Python,0,0,LOW,,unreachable_from_entrypoints
027792639c750453135bbe25cd5a749c357ad8a2,backend/alembic/versions/022_add_filter_indexes.py,28,function,_index_exists,def _index_exists(table_name:,prod,Python,0,0,LOW,,unreachable_from_entrypoints
4c387128c5c042b4fca21aca31484b76bf6080b5,backend/alembic/versions/022_add_filter_indexes.py,79,function,upgrade,def upgrade() -> None:,prod,Python,0,0,LOW,,unreachable_from_entrypoints
9b385d0726da2471240bf29ddc9b33aa5d9ad780,backend/alembic/versions/022_add_filter_indexes.py,91,function,downgrade,def downgrade() -> None:,prod,Python,0,0,LOW,,unreachable_from_entrypoints
077625b726fa235c5cc3c066aa62e5197a9802ad,backend/alembic/versions/023_add_composite_performance_indexes.py,20,function,_table_exists,def _table_exists(table_name:,prod,Python,0,0,LOW,,unreachable_from_entrypoints
44389b5895375a6a7434608243119f0c863c7a82,backend/alembic/versions/023_add_composite_performance_indexes.py,27,function,_index_exists,def _index_exists(table_name:,prod,Python,0,0,LOW,,unreachable_from_entrypoints
6549b54d7efa11de6b4f3f4cf686d6dcbbc01816,backend/alembic/versions/023_add_composite_performance_indexes.py,56,function,upgrade,def upgrade() -> None:,prod,Python,0,0,LOW,,unreachable_from_entrypoints
7e4bb2156eb105e2502a989d03a999ae9677ed17,backend/alembic/versions/023_add_composite_performance_indexes.py,68,function,downgrade,def downgrade() -> None:,prod,Python,0,0,LOW,,unreachable_from_entrypoints
72e95534970c9383533cca758e07f9059efed6b1,backend/alembic/versions/024_add_rule_scheduling_columns.py,26,function,_table_exists,def _table_exists(table_name:,prod,Python,0,0,LOW,,unreachable_from_entrypoints
bc00141afa542f138541c3f40065fe706c992e0b,backend/alembic/versions/024_add_rule_scheduling_columns.py,33,function,_column_exists,def _column_exists(table_name:,prod,Python,0,0,LOW,,unreachable_from_entrypoints
b7cdd825d71945116baadd6b425ea0d16faaa730,backend/alembic/versions/024_add_rule_scheduling_columns.py,41,function,_index_exists,def _index_exists(table_name:,prod,Python,0,0,LOW,,unreachable_from_entrypoints
83e24567e6e06a89b6532c852220d3363e67007b,backend/alembic/versions/024_add_rule_scheduling_columns.py,49,function,upgrade,def upgrade():,prod,Python,0,0,LOW,,unreachable_from_entrypoints
ad00ac8b419167133089ac10d4cc9e30c6708bf5,backend/alembic/versions/024_add_rule_scheduling_columns.py,109,function,downgrade,def downgrade():,prod,Python,0,0,LOW,,unreachable_from_entrypoints
6339fbffc9d1927aa1c027116f7a83e7a615bb71,backend/alembic/versions/025_add_oauth_fields.py,26,function,_table_exists,def _table_exists(table_name:,prod,Python,0,0,LOW,,unreachable_from_entrypoints
1f4e75d59838beab13f36abea5df442a04aea2ad,backend/alembic/versions/025_add_oauth_fields.py,33,function,_column_exists,def _column_exists(table_name:,prod,Python,0,0,LOW,,unreachable_from_entrypoints
0acc63e160d1292477716da935988720afe7896c,backend/alembic/versions/025_add_oauth_fields.py,41,function,_index_exists,def _index_exists(table_name:,prod,Python,0,0,LOW,,unreachable_from_entrypoints
55d43a516d1fce1a0079b08927c65c86c39549ad,backend/alembic/versions/025_add_oauth_fields.py,49,function,upgrade,def upgrade():,prod,Python,0,0,LOW,,unreachable_from_entrypoints
ae776aa6149079631b15b8252e28ea318ea1d56b,backend/alembic/versions/025_add_oauth_fields.py,107,function,downgrade,def downgrade():,prod,Python,0,0,LOW,,unreachable_from_entrypoints
88d8566faa75342b396f6400e8dd3961ed88b2f8,backend/alembic/versions/026_add_mfa_fields.py,23,function,_table_exists,def _table_exists(table_name:,prod,Python,0,0,LOW,,unreachable_from_entrypoints
87e9f2c143d043af3d8c2b7b1cb23e2d2da98aa6,backend/alembic/versions/026_add_mfa_fields.py,30,function,_column_exists,def _column_exists(table_name:,prod,Python,0,0,LOW,,unreachable_from_entrypoints
6aa1d7e05cb42bb966851e57897fd568a2a976d6,backend/alembic/versions/026_add_mfa_fields.py,38,function,upgrade,def upgrade():,prod,Python,0,0,LOW,,unreachable_from_entrypoints
16652bfbc3f814171cec96b9599f512d1814032e,backend/alembic/versions/026_add_mfa_fields.py,64,function,downgrade,def downgrade():,prod,Python,0,0,LOW,,unreachable_from_entrypoints
0444d2af42b4c5b5719ee297f436190365eca71a,backend/app/api/api_v1/endpoints/analytics.py,46,function,get_project_velocity,async def get_project_velocity( project_id:,prod,Python,0,0,LOW,,unreachable_from_entrypoints
28d5679c8f9b724d04da10a071c565aec0d06a20,backend/app/api/api_v1/endpoints/analytics.py,147,function,get_dora_metrics,async def get_dora_metrics( project_id:,prod,Python,0,0,LOW,,unreachable_from_entrypoints
8429af376398de9d9c0475e6bbd28722bd8c01a1,backend/app/api/api_v1/endpoints/analytics.py,220,function,project_budget_hours,async def project_budget_hours( project_id:,prod,Python,0,0,LOW,,unreachable_from_entrypoints
148138eeade9caa2c15a4a53b57533e2841453cb,backend/app/api/api_v1/endpoints/analytics.py,323,function,project_value_metrics,async def project_value_metrics(project_id:,prod,Python,0,0,LOW,,unreachable_from_entrypoints
986cac52e8ae7d769b57db93e311917b33013459,backend/app/api/api_v1/endpoints/analytics.py,407,function,sprint_wip_status,async def sprint_wip_status(sprint_id:,prod,Python,0,0,LOW,,unreachable_from_entrypoints
31a429f9bc4372efb7e2e21943fa089261c88108,backend/app/api/api_v1/endpoints/analytics.py,482,function,sprint_capacity,async def sprint_capacity(sprint_id:,prod,Python,0,0,LOW,,unreachable_from_entrypoints
65ab2df19586f91c2ea3ced140ae9068fd0dc56f,backend/app/api/api_v1/endpoints/analytics.py,614,function,project_sprints,async def project_sprints( project_id:,prod,Python,0,0,LOW,,unreachable_from_entrypoints
de35382afa96628a6b4314524d8f868be1801fb0,backend/app/api/api_v1/endpoints/analytics.py,707,function,sprint_burndown,async def sprint_burndown(sprint_id:,prod,Python,0,0,LOW,,unreachable_from_entrypoints
b9d225ca2aeda70c255e347176b8fabc90c76778,backend/app/api/api_v1/endpoints/analytics.py,718,function,sprint_quality,async def sprint_quality(sprint_id:,prod,Python,0,0,LOW,,unreachable_from_entrypoints
5c8262e25acea7a91bbdabe520d71f4157df0328,backend/app/api/api_v1/endpoints/analytics.py,766,function,get_team_members_activity,async def get_team_members_activity(project_id:,prod,Python,0,0,LOW,,unreachable_from_entrypoints
a73c886a6a431ba689b59f570faa1d32e2a48231,backend/app/api/api_v1/endpoints/analytics.py,851,function,get_project_team_health,async def get_project_team_health(project_id:,prod,Python,3,0,LOW,,unreachable_from_entrypoints
b26db4ff696fd36b20ea7eaf57ec4e1f8e8bffe5,backend/app/api/api_v1/endpoints/analytics.py,965,function,project_burndown,async def project_burndown( project_id:,prod,Python,0,0,LOW,,unreachable_from_entrypoints
052c8765d4515ffc6f156858217a55b576853cbd,backend/app/api/api_v1/endpoints/analytics.py,1007,function,identify_project_risks,async def identify_project_risks(project_id:,prod,Python,0,0,LOW,,unreachable_from_entrypoints
644a6924263940ae7446da5b9cdf98a5c3fac932,backend/app/api/api_v1/endpoints/analytics.py,1133,function,forecast_completion,async def forecast_completion(project_id:,prod,Python,0,0,LOW,,unreachable_from_entrypoints
2851c14801ded3a42de592c216fac180144e7123,backend/app/api/api_v1/endpoints/analytics.py,1166,function,test_trend,async def test_trend( project_id:,prod,Python,0,0,LOW,,unreachable_from_entrypoints
779417419291281a4d07e2ffb2acac39d9e48dd8,backend/app/api/api_v1/endpoints/analytics.py,1205,function,coverage_trend,async def coverage_trend( project_id:,prod,Python,0,0,LOW,,unreachable_from_entrypoints
f7b0c563638136cdca092bc6bbd3d7adbfff904d,backend/app/api/api_v1/endpoints/analytics.py,1241,function,project_pr_forecast,async def project_pr_forecast(project_id:,prod,Python,0,0,LOW,,unreachable_from_entrypoints
7bcfa56534b0f375f0804ed75e0a1f1a9376c6c3,backend/app/api/api_v1/endpoints/analytics_simple.py,10,function,simple_budget_hours,async def simple_budget_hours(project_id:,prod,Python,0,0,LOW,,unreachable_from_entrypoints
f5916afdfa1e77da9ad6e23834c8a85ae7a41184,backend/app/api/api_v1/endpoints/auth.py,36,function,login,async def login( request:,prod,Python,0,0,LOW,,unreachable_from_entrypoints
4ef53b31dfea22f868c73fd62b2ad949a7f47b23,backend/app/api/api_v1/endpoints/auth.py,87,function,register,async def register( user_in:,prod,Python,0,0,LOW,,unreachable_from_entrypoints
d3e2a99618695318ae40120235ae2718bbeabcd3,backend/app/api/api_v1/endpoints/auth.py,138,function,get_available_providers,async def get_available_providers() -> OAuth2ProvidersResponse:,prod,Python,0,0,LOW,,unreachable_from_entrypoints
a38211dd9e177f1f9f5a5feb722dddc2a363acd5,backend/app/api/api_v1/endpoints/auth.py,149,function,google_oauth_start,async def google_oauth_start( redirect_uri:,prod,Python,0,0,LOW,,unreachable_from_entrypoints
8432221420db277f2a4e312d473c6018b60a295d,backend/app/api/api_v1/endpoints/auth.py,171,function,google_oauth_callback,async def google_oauth_callback( code:,prod,Python,0,0,LOW,,unreachable_from_entrypoints
ada76eb15d1ffdbd986a55cca10eacf0b71c02b6,backend/app/api/api_v1/endpoints/auth.py,215,function,microsoft_oauth_start,async def microsoft_oauth_start( redirect_uri:,prod,Python,0,0,LOW,,unreachable_from_entrypoints
0b1abc729ab3eabb7f488dab16131bdc148f6556,backend/app/api/api_v1/endpoints/auth.py,237,function,microsoft_oauth_callback,async def microsoft_oauth_callback( code:,prod,Python,0,0,LOW,,unreachable_from_entrypoints
f850b27adfd76518fb0ed8e3f83fd5ad5f4c31d1,backend/app/api/api_v1/endpoints/auth.py,280,function,_process_oauth_login,async def _process_oauth_login(db:,prod,Python,2,0,LOW,,unreachable_from_entrypoints
da79ecee03c3d410f12e1aa3bd4faa0b21501172,backend/app/api/api_v1/endpoints/auth.py,364,function,_generate_username_from_email,def _generate_username_from_email(email:,prod,Python,1,0,LOW,,unreachable_from_entrypoints
5007f80dcd80daa451d8626f171b52d538ebbbb4,backend/app/api/api_v1/endpoints/auth.py,411,function,get_mfa_status,async def get_mfa_status( current_user:,prod,Python,0,0,LOW,,unreachable_from_entrypoints
036a6308d805ec2e9bbc5c227cb7c83cacac3966,backend/app/api/api_v1/endpoints/auth.py,426,function,initiate_mfa_setup,async def initiate_mfa_setup( request:,prod,Python,0,0,LOW,,unreachable_from_entrypoints
877172977cfc1599f2a83fb570637088d8c7122a,backend/app/api/api_v1/endpoints/auth.py,465,function,verify_mfa_setup,async def verify_mfa_setup( request:,prod,Python,0,0,LOW,,unreachable_from_entrypoints
83dff7521d4f84cf1990b0af1468e9bc4c68690b,backend/app/api/api_v1/endpoints/auth.py,511,function,disable_mfa,async def disable_mfa( request:,prod,Python,0,0,LOW,,unreachable_from_entrypoints
c9ab2e56891f6f5cd309a625a4f85e49de222852,backend/app/api/api_v1/endpoints/auth.py,561,function,regenerate_backup_codes,async def regenerate_backup_codes( request:,prod,Python,0,0,LOW,,unreachable_from_entrypoints
9b7857332ea9a01ce7188e2ca652bac5ae16ff94,backend/app/api/api_v1/endpoints/auth.py,599,function,verify_mfa_login,async def verify_mfa_login( request:,prod,Python,0,0,LOW,,unreachable_from_entrypoints
236f65126757904692d9ac905c144bcd74fe2429,backend/app/api/api_v1/endpoints/capacity.py,52,function,list_capacity_settings,async def list_capacity_settings( project_id:,prod,Python,0,0,LOW,,unreachable_from_entrypoints
a0c837498dd8ce3663d8c296930c2b3801618d86,backend/app/api/api_v1/endpoints/capacity.py,116,function,get_capacity_setting,async def get_capacity_setting( setting_id:,prod,Python,0,0,LOW,,unreachable_from_entrypoints
3e15ae798b6a76d687b7481cbd0c455ddbf9520e,backend/app/api/api_v1/endpoints/capacity.py,134,function,create_capacity_setting,async def create_capacity_setting( data:,prod,Python,0,0,LOW,,unreachable_from_entrypoints
0dbc275b31109557b11ab33d87fdb091d17fb234,backend/app/api/api_v1/endpoints/capacity.py,190,function,update_capacity_setting,async def update_capacity_setting( setting_id:,prod,Python,0,0,LOW,,unreachable_from_entrypoints
7838d376286aa4c6164834acd87905bc028d79eb,backend/app/api/api_v1/endpoints/capacity.py,221,function,delete_capacity_setting,async def delete_capacity_setting( setting_id:,prod,Python,0,0,LOW,,unreachable_from_entrypoints
598b0a05d36444528e1b83e2e25004935576093d,backend/app/api/api_v1/endpoints/capacity.py,250,function,get_team_capacity_summary,async def get_team_capacity_summary( project_id:,prod,Python,0,0,LOW,,unreachable_from_entrypoints
2242c9f5f49a9866d15164a2ecb61da44326a55e,backend/app/api/api_v1/endpoints/capacity.py,330,function,get_assignee_capacity,async def get_assignee_capacity( db:,prod,Python,0,0,LOW,,unreachable_from_entrypoints
e498ad296a68f5c14548e1e6bb5bcedf80c5a06b,backend/app/api/api_v1/endpoints/capacity.py,384,function,list_health_checks,async def list_health_checks( project_id:,prod,Python,0,0,LOW,,unreachable_from_entrypoints
6d139e8642c12de3b8d1dd0c856966b076afeff0,backend/app/api/api_v1/endpoints/capacity.py,426,function,create_health_check,async def create_health_check( data:,prod,Python,0,0,LOW,,unreachable_from_entrypoints
17f8a063ed5a0125d63beefc8cbb88291896ec40,backend/app/api/api_v1/endpoints/capacity.py,484,function,get_health_summary,async def get_health_summary( project_id:,prod,Python,0,0,LOW,,unreachable_from_entrypoints
1d972a691ef146e94c1fecfd524bf5f2ebf1ee03,backend/app/api/api_v1/endpoints/capacity.py,548,function,get_cfd_data,async def get_cfd_data( project_id:,prod,Python,0,0,LOW,,unreachable_from_entrypoints
66fc6c4829773143f2e768e4991a858e099b33ae,backend/app/api/api_v1/endpoints/capacity.py,589,function,create_cfd_snapshot,async def create_cfd_snapshot( project_id:,prod,Python,0,0,LOW,,unreachable_from_entrypoints
fa55171e19abdc676feb583e687059a34ae08a8c,backend/app/api/api_v1/endpoints/capacity.py,679,function,get_flow_metrics,async def get_flow_metrics( project_id:,prod,Python,0,0,LOW,,unreachable_from_entrypoints
565b294de7c64dba48590f6927200088fb03d1fe,backend/app/api/api_v1/endpoints/confluence.py,23,function,_call_confluence,"async def _call_confluence(func, *args, **kwargs):",prod,Python,16,0,LOW,,unreachable_from_entrypoints
bcc0cc40541208dae047c325b8c8c61539fa7664,backend/app/api/api_v1/endpoints/confluence.py,29,function,connect_confluence,async def connect_confluence( base_url:,prod,Python,0,0,LOW,,unreachable_from_entrypoints
e96f78b9d313fb2f5db10d048284e7e89dc9777b,backend/app/api/api_v1/endpoints/confluence.py,65,function,status,async def status():,prod,Python,0,0,LOW,,unreachable_from_entrypoints
496d261aef2de1412856b66f303d2a9c51bfec97,backend/app/api/api_v1/endpoints/confluence.py,70,function,search_cql,async def search_cql(cql:,prod,Python,0,0,LOW,,unreachable_from_entrypoints
81f326535731cf67df8fcd3287c01801adc8f354,backend/app/api/api_v1/endpoints/confluence.py,88,function,list_spaces,async def list_spaces(q:,prod,Python,0,0,LOW,,unreachable_from_entrypoints
0fe1e07f5be283e6bce4c1f0343322923289de38,backend/app/api/api_v1/endpoints/confluence.py,95,function,list_pages,async def list_pages(space:,prod,Python,0,0,LOW,,unreachable_from_entrypoints
3500727e4a99e531c24f5a573a0583712d3d45f1,backend/app/api/api_v1/endpoints/confluence.py,102,function,get_space_tree,async def get_space_tree(space_key:,prod,Python,0,0,LOW,,unreachable_from_entrypoints
759b9aad1c6eeaa7c79194b5f09a25ba2f5ddc09,backend/app/api/api_v1/endpoints/confluence.py,108,function,_parse_dt,def _parse_dt(s:,prod,Python,12,0,LOW,,unreachable_from_entrypoints
7182b8c06fc405d895b1485494358141b67c4c37,backend/app/api/api_v1/endpoints/confluence.py,122,function,_upsert_confluence_page,async def _upsert_confluence_page( pid:,prod,Python,2,0,LOW,,unreachable_from_entrypoints
a57c5882f6362ffdf8c54dffcaf6c7435e0af9df,backend/app/api/api_v1/endpoints/confluence.py,191,function,sync_confluence,async def sync_confluence( space:,prod,Python,0,0,LOW,,unreachable_from_entrypoints
9881dc6eb61ee94acdb3a94dc250a65c2fb00bf5,backend/app/api/api_v1/endpoints/confluence.py,272,function,sync_confluence_sse,async def sync_confluence_sse( space:,prod,Python,0,0,LOW,,unreachable_from_entrypoints
341005bb7493cb01698e97b541adbc24e32352c3,backend/app/api/api_v1/endpoints/confluence.py,405,function,start_celery_sync,async def start_celery_sync( space:,prod,Python,0,0,LOW,,unreachable_from_entrypoints
35551f85c8ec8cc99e45b6c307a7e81268daeddb,backend/app/api/api_v1/endpoints/confluence.py,435,function,stream_celery_sync,async def stream_celery_sync(channel_id:,prod,Python,0,0,LOW,,unreachable_from_entrypoints
9bf4150b9951d65b85a6e9fe44b294069109a91f,backend/app/api/api_v1/endpoints/confluence.py,485,function,sync_subtree,async def sync_subtree(page_id:,prod,Python,0,0,LOW,,unreachable_from_entrypoints
d355d83cb3e99d1917ccef676b893fca0c06fe9d,backend/app/api/api_v1/endpoints/confluence.py,547,function,list_local_pages,async def list_local_pages(space:,prod,Python,0,0,LOW,,unreachable_from_entrypoints
0f34ea61e5730a5edebd34c794eea907e8da1808,backend/app/api/api_v1/endpoints/confluence.py,574,function,get_page,async def get_page(page_id:,prod,Python,0,0,LOW,,unreachable_from_entrypoints
3d23e7c2ac91f8ae04d638fdab7e65ae9e0c0c31,backend/app/api/api_v1/endpoints/confluence.py,589,function,extract_prd_requirements,async def extract_prd_requirements(page_id:,prod,Python,0,0,LOW,,unreachable_from_entrypoints
17ddfb99f84d40444cfaac88f10340d78f6512d0,backend/app/api/api_v1/endpoints/confluence.py,612,function,_extract_section_text,def _extract_section_text(soup:,prod,Python,5,0,LOW,,unreachable_from_entrypoints
d4a834194cf6275a8aef5f1cce56c11e681239e0,backend/app/api/api_v1/endpoints/confluence.py,639,function,extract_adr,async def extract_adr(page_id:,prod,Python,0,0,LOW,,unreachable_from_entrypoints
831ed528e94cd11efd82532087f9ad3e1973e73f,backend/app/api/api_v1/endpoints/confluence.py,657,function,extract_research,async def extract_research(page_id:,prod,Python,0,0,LOW,,unreachable_from_entrypoints
d00ac76038402546d2a2270f8f19e04cd39af400,backend/app/api/api_v1/endpoints/git/ci.py,25,function,parse_junit_xml,def parse_junit_xml(xml_text:,prod,Python,1,0,LOW,,unreachable_from_entrypoints
3e2935bc7ba902aefb6fb27ee20df5f1ae492287,backend/app/api/api_v1/endpoints/git/ci.py,104,function,parse_cobertura_xml,def parse_cobertura_xml(xml_text:,prod,Python,1,0,LOW,,unreachable_from_entrypoints
af0e43cd269f9968e34b768ddbba79c241df7c0b,backend/app/api/api_v1/endpoints/git/ci.py,190,function,parse_jacoco_xml,def parse_jacoco_xml(xml_text:,prod,Python,1,0,LOW,,unreachable_from_entrypoints
43430f15c7013d49989cd93b583408550b2a4696,backend/app/api/api_v1/endpoints/git/ci.py,236,function,process_ci_results,async def process_ci_results( db:,prod,Python,1,0,LOW,,unreachable_from_entrypoints
57d2cca36520797e5e21cd651b7a14f51b072f4c,backend/app/api/api_v1/endpoints/git/metrics.py,34,function,histogram_counts,def histogram_counts(values:,prod,Python,2,0,LOW,,unreachable_from_entrypoints
d2eba43d1a5b08cf0376b8233b26408132df4018,backend/app/api/api_v1/endpoints/git/metrics.py,60,function,parse_iso_datetime,def parse_iso_datetime(dt_val) -> Optional[datetime]:,prod,Python,0,0,LOW,,unreachable_from_entrypoints
bd349bdb761729e2287745751bbbb03fce40249b,backend/app/api/api_v1/endpoints/git/metrics.py,84,function,datetime_to_iso,def datetime_to_iso(dt_val) -> Optional[str]:,prod,Python,8,0,LOW,,unreachable_from_entrypoints
71f5f0155bb97b1450230dceac0a2d0694d363cb,backend/app/api/api_v1/endpoints/git/metrics.py,100,function,get_pull_requests_for_project,async def get_pull_requests_for_project( db:,prod,Python,2,0,LOW,,unreachable_from_entrypoints
6bd9c643a68d172c53148f412e131f8a691fdbf0,backend/app/api/api_v1/endpoints/git/metrics.py,164,function,calculate_pr_metrics,async def calculate_pr_metrics( db:,prod,Python,1,0,LOW,,unreachable_from_entrypoints
2d2937f133da12699c59d025aa5935273db3e9bc,backend/app/api/api_v1/endpoints/git/metrics.py,342,function,get_pr_list,async def get_pr_list( db:,prod,Python,1,0,LOW,,unreachable_from_entrypoints
971bbab6571d8ea08b95542df05c880330e69a41,backend/app/api/api_v1/endpoints/git/metrics.py,390,function,get_commits_for_issue,async def get_commits_for_issue( db:,prod,Python,1,0,LOW,,unreachable_from_entrypoints
ac72087f975d89efac7690086c9a5b5865f5a6f2,backend/app/api/api_v1/endpoints/git/webhooks.py,46,function,verify_github_signature,def verify_github_signature(secret:,prod,Python,1,0,LOW,,unreachable_from_entrypoints
e0195fd57fe0d68c4c58e4be64bdd0c91442ecb4,backend/app/api/api_v1/endpoints/git/webhooks.py,66,function,verify_gitlab_token,def verify_gitlab_token(token:,prod,Python,1,0,LOW,,unreachable_from_entrypoints
fd3a215643275308854d80547428f99ca85f76f1,backend/app/api/api_v1/endpoints/git/webhooks.py,79,function,_handle_push_event,async def _handle_push_event( db:,prod,Python,2,0,LOW,,unreachable_from_entrypoints
3f0a34d185268dabbffb0c0653b78ecd2f9bcb1b,backend/app/api/api_v1/endpoints/git/webhooks.py,121,function,handle_github_webhook,async def handle_github_webhook( request:,prod,Python,1,0,LOW,,unreachable_from_entrypoints
f41602196c1d556d9c44dc5adc4b306b872c3557,backend/app/api/api_v1/endpoints/git/webhooks.py,230,function,handle_gitlab_webhook,async def handle_gitlab_webhook( request:,prod,Python,1,0,LOW,,unreachable_from_entrypoints
459b4af5beaaa2216a0e48bb59dc11733ffdb315,backend/app/api/api_v1/endpoints/git/webhooks.py,311,function,verify_bitbucket_signature,def verify_bitbucket_signature(secret:,prod,Python,1,0,LOW,,unreachable_from_entrypoints
63087cf23e8c6a72f69fa652796cdc3dddddf95a,backend/app/api/api_v1/endpoints/git/webhooks.py,336,function,handle_bitbucket_webhook,async def handle_bitbucket_webhook( request:,prod,Python,1,0,LOW,,unreachable_from_entrypoints
592db2c4a91ec20db3db63dd10aa55f8115d0359,backend/app/api/api_v1/endpoints/git/webhooks.py,489,function,_normalize_bitbucket_pr_state,def _normalize_bitbucket_pr_state(state:,prod,Python,1,0,LOW,,unreachable_from_entrypoints
bcbd3e30ae6d5ed49c695ebd0d08d5204cb2d0b0,backend/app/api/api_v1/endpoints/git_router.py,31,function,github_webhook,async def github_webhook( request:,prod,Python,0,0,LOW,,unreachable_from_entrypoints
0c40e7cce58df8e7453f6ad9dc58164c8f4c4a6d,backend/app/api/api_v1/endpoints/git_router.py,50,function,gitlab_webhook,async def gitlab_webhook( request:,prod,Python,0,0,LOW,,unreachable_from_entrypoints
30f04cc650992015cdf99683e399f49c9399f189,backend/app/api/api_v1/endpoints/git_router.py,67,function,bitbucket_webhook,async def bitbucket_webhook( request:,prod,Python,0,0,LOW,,unreachable_from_entrypoints
1a96d3fceec3b058eb4ea652fc3c061b851b81e7,backend/app/api/api_v1/endpoints/git_router.py,94,function,list_pull_requests,async def list_pull_requests( project_id:,prod,Python,0,0,LOW,,unreachable_from_entrypoints
4acf57e10695c61bdc08f0b4d0f32311bf0ff6f5,backend/app/api/api_v1/endpoints/git_router.py,119,function,pull_request_metrics,async def pull_request_metrics( project_id:,prod,Python,3,0,LOW,,unreachable_from_entrypoints
9ea852e78c1c1a4a7317b6bf891e14f559dfa37c,backend/app/api/api_v1/endpoints/git_router.py,158,function,commits_for_issue,async def commits_for_issue( jira_key:,prod,Python,0,0,LOW,,unreachable_from_entrypoints
ccdfbfc2fb92802eeac83f559c5da93454b5ae70,backend/app/api/api_v1/endpoints/git_router.py,180,function,ci_results,async def ci_results( payload:,prod,Python,0,0,LOW,,unreachable_from_entrypoints
06ec697a299c4d8f78dc2e1f2000011327e10320,backend/app/api/api_v1/endpoints/git_router.py,209,function,list_repositories,async def list_repositories( db:,prod,Python,0,0,LOW,,unreachable_from_entrypoints
20f1d05ad8f774e65a46bb1d4c3a670acff287ab,backend/app/api/api_v1/endpoints/git_router.py,245,function,health_check,"async def health_check() -> Dict[str, str]:",prod,Python,0,0,LOW,,unreachable_from_entrypoints
d0007ae93bf1d4a0b2a4a95f718ced3b98f6fe2a,backend/app/api/api_v1/endpoints/git_router.py,263,function,github_project_pull_requests,async def github_project_pull_requests( project_id:,prod,Python,0,0,LOW,,unreachable_from_entrypoints
d4c4551e5f96bc33dc2fd30c0c1b028996cfb409,backend/app/api/api_v1/endpoints/gitlab_projects.py,29,function,_decode_token,def _decode_token(raw_token:,prod,Python,1,0,LOW,,unreachable_from_entrypoints
6d64a12bf270e92915fe8e43dcdce3a6a084e6d4,backend/app/api/api_v1/endpoints/gitlab_projects.py,42,function,_load_gitlab_config,async def _load_gitlab_config(db:,prod,Python,1,0,LOW,,unreachable_from_entrypoints
b1cb5ad368cbca908c8624f7f7fee484175f44b5,backend/app/api/api_v1/endpoints/gitlab_projects.py,63,function,_request_json,async def _request_json(url:,prod,Python,1,0,LOW,,unreachable_from_entrypoints
4bcb7a752a61a680576d9e5cf7a2645348fff789,backend/app/api/api_v1/endpoints/gitlab_projects.py,88,function,_summarize_project,def _summarize_project(project:,prod,Python,1,0,LOW,,unreachable_from_entrypoints
8096c429d161e95345d706af9bd514311bdea885,backend/app/api/api_v1/endpoints/gitlab_projects.py,106,function,list_gitlab_projects,async def list_gitlab_projects( group_id:,prod,Python,0,0,LOW,,unreachable_from_entrypoints
a6698d39ae4f05696e9f5a6e355eb42e4d484f41,backend/app/api/api_v1/endpoints/health.py,17,function,health_check,async def health_check():,prod,Python,0,0,LOW,,unreachable_from_entrypoints
b07b12252c70755734cf182f76033b972ff68760,backend/app/api/api_v1/endpoints/health.py,22,function,_jira_status,def _jira_status():,prod,Python,2,0,LOW,,unreachable_from_entrypoints
191da05de86016560c7a8ff2be2358e3c9ee736e,backend/app/api/api_v1/endpoints/health.py,26,function,_confluence_status,def _confluence_status():,prod,Python,2,0,LOW,,unreachable_from_entrypoints
9fe6381131aae1a4f9e99c9b470b4b9c12e535c3,backend/app/api/api_v1/endpoints/health.py,32,function,integrations_status,async def integrations_status(db:,prod,Python,0,0,LOW,,unreachable_from_entrypoints
da419fe51fac27518583c0e9a4ad3776a5bf17ca,backend/app/api/api_v1/endpoints/health.py,91,function,integration_status,async def integration_status(name:,prod,Python,0,0,LOW,,unreachable_from_entrypoints
df4674558c9009ff7fce718ea1e2f2fee2220c51,backend/app/api/api_v1/endpoints/health.py,114,function,metrics_export,async def metrics_export() -> Response:,prod,Python,0,0,LOW,,unreachable_from_entrypoints
5607dae62f8a81d0eb5da78a48240934e1a03f98,backend/app/api/api_v1/endpoints/jira.py,25,function,connect_to_jira,async def connect_to_jira( base_url:,prod,Python,0,0,LOW,,unreachable_from_entrypoints
b071e68ef1accbf3ec2811f688ce4a7f7fbe248f,backend/app/api/api_v1/endpoints/jira.py,68,function,jira_status,async def jira_status():,prod,Python,0,0,LOW,,unreachable_from_entrypoints
b4cad5d5d74b6b3a726ec455ce07f54972d5d5a4,backend/app/api/api_v1/endpoints/jira.py,73,function,list_accessible_projects,async def list_accessible_projects(q:,prod,Python,0,0,LOW,,unreachable_from_entrypoints
84a459e0f144f8b08882a4b478a5271f4f5d04be,backend/app/api/api_v1/endpoints/jira.py,84,function,check_project_key,async def check_project_key(project_key:,prod,Python,0,0,LOW,,unreachable_from_entrypoints
6f91f002338e0c4c195a1df6072eaa36a45613d9,backend/app/api/api_v1/endpoints/jira.py,94,function,list_boards,async def list_boards(project_key:,prod,Python,0,0,LOW,,unreachable_from_entrypoints
03b6eddb0ce2eda48b16ef55ca3996751b6df43c,backend/app/api/api_v1/endpoints/jira.py,101,function,get_jira_project,async def get_jira_project(project_key:,prod,Python,0,0,LOW,,unreachable_from_entrypoints
f067f905f31129e65bb6ca6500506ba8159a0da8,backend/app/api/api_v1/endpoints/jira.py,109,function,get_project_issues,async def get_project_issues( project_key:,prod,Python,0,0,LOW,,unreachable_from_entrypoints
3fdda708887c2469ddea5499aa401d3d15abe0fe,backend/app/api/api_v1/endpoints/jira.py,127,function,sync_project_data,async def sync_project_data( project_key:,prod,Python,0,0,LOW,,unreachable_from_entrypoints
d6286b3f1b80cd060f8c8b23541f2220687aa845,backend/app/api/api_v1/endpoints/jira.py,212,function,get_active_sprints,async def get_active_sprints(board_id:,prod,Python,0,0,LOW,,unreachable_from_entrypoints
f31a693693eb8fab4c69730365d6fca79e5d36cc,backend/app/api/api_v1/endpoints/jira.py,223,function,get_issue_worklogs,async def get_issue_worklogs(issue_key:,prod,Python,0,0,LOW,,unreachable_from_entrypoints
7840b7c4fcf6e01d197e02318b1aac78ee90565d,backend/app/api/api_v1/endpoints/jira.py,232,function,connect_to_jira_pat,async def connect_to_jira_pat( base_url:,prod,Python,0,0,LOW,,unreachable_from_entrypoints
859ce35b83f47e9ca33499cbc888afe8e7b0eae1,backend/app/api/api_v1/endpoints/jira.py,243,function,debug_jira_project,async def debug_jira_project(project_key:,prod,Python,0,0,LOW,,unreachable_from_entrypoints
d05b27b7794395c7439de6a111eb802dd80ac400,backend/app/api/api_v1/endpoints/jira_fields.py,26,function,discover_fields,async def discover_fields( force_refresh:,prod,Python,0,0,LOW,,unreachable_from_entrypoints
fab0e6e86e073b17257c4b7f669a8f74ee5fd104,backend/app/api/api_v1/endpoints/jira_fields.py,58,function,calibrate_fields,async def calibrate_fields( project_key:,prod,Python,0,0,LOW,,unreachable_from_entrypoints
5475b9bf1ebe97c53e40c9d8cf9189f197eeefb9,backend/app/api/api_v1/endpoints/jira_fields.py,118,function,get_field_mappings,async def get_field_mappings( project_key:,prod,Python,0,0,LOW,,unreachable_from_entrypoints
a14c7f00e859ccca33344db43c5a34168391f642,backend/app/api/api_v1/endpoints/jira_fields.py,154,function,save_field_mapping,async def save_field_mapping( field_type:,prod,Python,0,0,LOW,,unreachable_from_entrypoints
8ed92dc59fbc8ea2b4600ec5237247fc787c0747,backend/app/api/api_v1/endpoints/jira_fields.py,215,function,delete_field_mapping,async def delete_field_mapping( mapping_id:,prod,Python,0,0,LOW,,unreachable_from_entrypoints
da219e3a2d35dd4b7f69d54c8150aa03997abbc8,backend/app/api/api_v1/endpoints/jira_fields.py,237,function,test_field_mapping,async def test_field_mapping( issue_key:,prod,Python,0,0,LOW,,unreachable_from_entrypoints
2e0a4168e8d40803a7886468cd860df0068bcd91,backend/app/api/api_v1/endpoints/jira_fields.py,277,function,export_configuration,"async def export_configuration() -> Dict[str, Any]:",prod,Python,0,0,LOW,,unreachable_from_entrypoints
0a11c94f16f5372e4d5c20bc31292cc61a09968d,backend/app/api/api_v1/endpoints/jira_fields.py,288,function,import_configuration,async def import_configuration( config:,prod,Python,0,0,LOW,,unreachable_from_entrypoints
b9fbcb5ad81106d2feffc856336964f2a73adf5d,backend/app/api/api_v1/endpoints/jira_fields.py,337,function,get_issue_sprints,async def get_issue_sprints(issue_key:,prod,Python,0,0,LOW,,unreachable_from_entrypoints
fd8d85613c4085b0706d489927d9cb7b0cae8546,backend/app/api/api_v1/endpoints/project_repository.py,24,function,parse_repository_url,def parse_repository_url(url:,prod,Python,1,0,LOW,,unreachable_from_entrypoints
2da062c63f2105e5fd5c9e5a569cd02c97cdda42,backend/app/api/api_v1/endpoints/project_repository.py,67,function,get_project_repositories,async def get_project_repositories( project_id:,prod,Python,0,0,LOW,,unreachable_from_entrypoints
495ef83633bcf5f308a74798233c70a21ce6e98f,backend/app/api/api_v1/endpoints/project_repository.py,100,function,bind_repository_to_project,async def bind_repository_to_project( project_id:,prod,Python,0,0,LOW,,unreachable_from_entrypoints
e1a15e41a6d8f6b89613bc76f288c280679595bc,backend/app/api/api_v1/endpoints/project_repository.py,218,function,unbind_repository_from_project,async def unbind_repository_from_project( project_id:,prod,Python,0,0,LOW,,unreachable_from_entrypoints
2d99d63568dfc6b295dec835fe471a79b15d46b0,backend/app/api/api_v1/endpoints/project_repository.py,240,function,set_primary_repository,async def set_primary_repository( project_id:,prod,Python,0,0,LOW,,unreachable_from_entrypoints
c6d458e0277122411e3b69aa81f8ea2613d9c320,backend/app/api/api_v1/endpoints/project_repository.py,276,function,list_all_repositories,async def list_all_repositories( provider:,prod,Python,0,0,LOW,,unreachable_from_entrypoints
7acda9a93edc713e1a52ca9a9eb8b08a46709579,backend/app/api/api_v1/endpoints/project_repository.py,317,function,get_primary_repository,async def get_primary_repository( project_id:,prod,Python,0,0,LOW,,unreachable_from_entrypoints
b9f59f73280367c93c2c79ede257247341c4db94,backend/app/api/api_v1/endpoints/projects.py,24,function,get_projects,async def get_projects( skip:,prod,Python,0,0,LOW,,unreachable_from_entrypoints
f01911478ceeac18d8c064fed427b9a543bdf7dc,backend/app/api/api_v1/endpoints/projects.py,53,function,get_project,async def get_project( project_id:,prod,Python,0,0,LOW,,unreachable_from_entrypoints
e4272834dcc9350ce09a41326ca71867d9e918ef,backend/app/api/api_v1/endpoints/projects.py,115,function,create_project,async def create_project( project:,prod,Python,0,0,LOW,,unreachable_from_entrypoints
f070d02f6ca0fca8030ea09d423889abcf2ae04e,backend/app/api/api_v1/endpoints/projects.py,161,function,update_project,async def update_project( project_id:,prod,Python,0,0,LOW,,unreachable_from_entrypoints
160c744e59b30d52a669956ffd492b53bf02451b,backend/app/api/api_v1/endpoints/projects.py,224,function,delete_project,async def delete_project( project_id:,prod,Python,0,0,LOW,,unreachable_from_entrypoints
b6296056d6c93eef2b296315f28c0439ca79fbbf,backend/app/api/api_v1/endpoints/projects.py,260,function,purge_project_data,async def purge_project_data( project_id:,prod,Python,0,0,LOW,,unreachable_from_entrypoints
84ffcb420855682f5f84d43ea70c5722ae1192c4,backend/app/api/api_v1/endpoints/quality/common.py,58,function,persist_quality_history,async def persist_quality_history( payload:,prod,Python,2,0,LOW,,unreachable_from_entrypoints
2b756fa34b887270865feadefba028819a71706b,backend/app/api/api_v1/endpoints/quality/common.py,95,function,check_gate_thresholds,def check_gate_thresholds( line_cov:,prod,Python,2,0,LOW,,unreachable_from_entrypoints
442ee8a0698ef1d6d9424f54665ad74569bc9730,backend/app/api/api_v1/endpoints/quality/common.py,120,function,severity_to_score,def severity_to_score(severity:,prod,Python,0,0,LOW,,unreachable_from_entrypoints
5ca5a9add037b0d0c2418e7b6c9eaefeb13ad031,backend/app/api/api_v1/endpoints/quality/defects.py,25,function,create_escaped_defect,async def create_escaped_defect( defect:,prod,Python,0,0,LOW,,unreachable_from_entrypoints
7ab8eace69d69c7eef5b755d64593fa93c0d35cc,backend/app/api/api_v1/endpoints/quality/defects.py,40,function,list_escaped_defects,async def list_escaped_defects( project_id:,prod,Python,0,0,LOW,,unreachable_from_entrypoints
8a185b8e971fb63524a058bc5069ec7c6eb31709,backend/app/api/api_v1/endpoints/quality/defects.py,63,function,get_escaped_defect,async def get_escaped_defect( defect_id:,prod,Python,0,0,LOW,,unreachable_from_entrypoints
ef296c2d1c51dc24a71f455ee5b5609e63b55029,backend/app/api/api_v1/endpoints/quality/defects.py,78,function,update_escaped_defect,async def update_escaped_defect( defect_id:,prod,Python,0,0,LOW,,unreachable_from_entrypoints
e054a4ad98f271878dd535046ad12867e711edb9,backend/app/api/api_v1/endpoints/quality/defects.py,112,function,delete_escaped_defect,async def delete_escaped_defect( defect_id:,prod,Python,0,0,LOW,,unreachable_from_entrypoints
b9678a239ff27fdde1d7c3e674c20164cd887141,backend/app/api/api_v1/endpoints/quality/gates.py,27,function,quality_gate_pr,async def quality_gate_pr( pr_number:,prod,Python,0,0,LOW,,unreachable_from_entrypoints
7620a69ebbb12ae6bed101bb869859f41d6d7c0f,backend/app/api/api_v1/endpoints/quality/gates.py,70,function,quality_gate_assess,async def quality_gate_assess( payload:,prod,Python,2,0,LOW,,unreachable_from_entrypoints
fde19962d1de879144e49f22b234ca0fb7af8434,backend/app/api/api_v1/endpoints/quality/gates.py,122,function,update_github_status,async def update_github_status( pr_number:,prod,Python,1,0,LOW,,unreachable_from_entrypoints
5926cae4ae4efb479d410e8e7f3f752015ba4b39,backend/app/api/api_v1/endpoints/quality/gates.py,181,function,quality_gate_assess_and_update,async def quality_gate_assess_and_update( payload:,prod,Python,0,0,LOW,,unreachable_from_entrypoints
d79b25098be418c5a8e57dd90dbb306c86d71874,backend/app/api/api_v1/endpoints/quality/gates.py,196,function,update_github_check_run,async def update_github_check_run( pr_number:,prod,Python,1,0,LOW,,unreachable_from_entrypoints
c9f8f03388d039dfecd7d864d94041dcd2b7b0bf,backend/app/api/api_v1/endpoints/quality/gates.py,262,function,quality_gate_assess_and_check,async def quality_gate_assess_and_check( payload:,prod,Python,0,0,LOW,,unreachable_from_entrypoints
3c61aee6012784015698d33ef273dbf34bc7f86b,backend/app/api/api_v1/endpoints/quality/gates.py,278,function,quality_history,async def quality_history( project_id:,prod,Python,0,0,LOW,,unreachable_from_entrypoints
accc69598fd273c0d7f656fd7057244761d38f98,backend/app/api/api_v1/endpoints/quality/metrics.py,44,function,get_quality_summary,async def get_quality_summary( project_id:,prod,Python,2,0,LOW,,unreachable_from_entrypoints
f528e04a1a0a5c2f1e8dac5b2400cc8727466673,backend/app/api/api_v1/endpoints/quality/metrics.py,144,function,get_root_cause_analysis,async def get_root_cause_analysis( project_id:,prod,Python,1,0,LOW,,unreachable_from_entrypoints
a9531a11a571b93c686d5993062629deb9e6d08f,backend/app/api/api_v1/endpoints/quality/metrics.py,188,function,get_component_analysis,async def get_component_analysis( project_id:,prod,Python,1,0,LOW,,unreachable_from_entrypoints
10f21d91d60f386271072347137997824cfadd64,backend/app/api/api_v1/endpoints/quality/metrics.py,241,function,get_quality_trend,async def get_quality_trend( project_id:,prod,Python,1,0,LOW,,unreachable_from_entrypoints
68c6472c50b45ce34071a3bbecb7403768d60a74,backend/app/api/api_v1/endpoints/quality/metrics.py,318,function,get_quality_dashboard,async def get_quality_dashboard( project_id:,prod,Python,0,0,LOW,,unreachable_from_entrypoints
67ffc5c1bb7869c46fb6ca559e44d2af3a64730b,backend/app/api/api_v1/endpoints/quality/metrics.py,351,function,calculate_defect_metrics,async def calculate_defect_metrics( project_id:,prod,Python,0,0,LOW,,unreachable_from_entrypoints
3001a7562e714cbe855f242c35ebdc5c3e3f5a89,backend/app/api/api_v1/endpoints/quality/metrics.py,460,function,list_defect_metrics,async def list_defect_metrics( project_id:,prod,Python,0,0,LOW,,unreachable_from_entrypoints
11953661d7d0021eb3968719cf072313614f3b7e,backend/app/api/api_v1/endpoints/quality/reports.py,45,function,get_report_data,async def get_report_data( project_id:,prod,Python,2,0,LOW,,unreachable_from_entrypoints
663fc74909229719c3acf3b6c3760085d863f08e,backend/app/api/api_v1/endpoints/quality/reports.py,180,function,generate_report,async def generate_report( request:,prod,Python,0,0,LOW,,unreachable_from_entrypoints
3c80069a8950df6ad4b27df55bedc785813136f4,backend/app/api/api_v1/endpoints/quality/reports.py,218,function,download_report,async def download_report(filename:,prod,Python,0,0,LOW,,unreachable_from_entrypoints
e4b4a691a957d274295b726fc9784962e5905903,backend/app/api/api_v1/endpoints/quality/reports.py,245,function,preview_report,async def preview_report( project_id:,prod,Python,0,0,LOW,,unreachable_from_entrypoints
01fa737f50a175da43bb566a331af9520627c8d9,backend/app/api/api_v1/endpoints/roles.py,22,function,get_roles,async def get_roles( skip:,prod,Python,0,0,LOW,,unreachable_from_entrypoints
0338c7c5f6e7672e43496dd348f5d673c0164bff,backend/app/api/api_v1/endpoints/roles.py,38,function,get_role,async def get_role( role_id:,prod,Python,0,0,LOW,,unreachable_from_entrypoints
9040b0d41501cc0d8533cf8851cb22c340c5bdbd,backend/app/api/api_v1/endpoints/roles.py,49,function,create_role,async def create_role( role:,prod,Python,0,0,LOW,,unreachable_from_entrypoints
65180ba64d72f1ff00526bef5650505e467081a0,backend/app/api/api_v1/endpoints/roles.py,74,function,delete_role,async def delete_role( role_id:,prod,Python,0,0,LOW,,unreachable_from_entrypoints
f2930e476a5ed62a99d9407481d60e695b335823,backend/app/api/api_v1/endpoints/settings.py,21,function,_get_integration,async def _get_integration(db:,prod,Python,17,0,LOW,,unreachable_from_entrypoints
4bca1e537cde10401bc013614cff067b1b96bb99,backend/app/api/api_v1/endpoints/settings.py,27,function,get_jira_settings,async def get_jira_settings( db:,prod,Python,0,0,LOW,,unreachable_from_entrypoints
50ba9095eaffc36f3c652ff008b97d89ae0ec040,backend/app/api/api_v1/endpoints/settings.py,40,function,put_jira_settings,async def put_jira_settings( payload:,prod,Python,0,0,LOW,,unreachable_from_entrypoints
041bae53bba1e472f56dc986f0fe585b4a11b7ad,backend/app/api/api_v1/endpoints/settings.py,104,function,get_confluence_settings,async def get_confluence_settings(db:,prod,Python,0,0,LOW,,unreachable_from_entrypoints
3c0164a6890eef822a85e19c54dcddd34f148f2c,backend/app/api/api_v1/endpoints/settings.py,112,function,put_confluence_settings,async def put_confluence_settings(payload:,prod,Python,0,0,LOW,,unreachable_from_entrypoints
e6a1c3f2a100e8301824e0296359fbefeed9ab05,backend/app/api/api_v1/endpoints/settings.py,158,function,reload_confluence_settings,async def reload_confluence_settings(db:,prod,Python,0,0,LOW,,unreachable_from_entrypoints
3ed40d308331a35657577e282204d962bf131527,backend/app/api/api_v1/endpoints/settings.py,187,function,get_github_settings,async def get_github_settings(db:,prod,Python,0,0,LOW,,unreachable_from_entrypoints
e1690520f65444707ae92a18773d153b3129c26f,backend/app/api/api_v1/endpoints/settings.py,196,function,put_github_settings,async def put_github_settings(payload:,prod,Python,0,0,LOW,,unreachable_from_entrypoints
927355c3be213962d3b9e007d168808c4f330cd5,backend/app/api/api_v1/endpoints/settings.py,218,function,test_github_connection,async def test_github_connection(payload:,prod,Python,0,0,LOW,,unreachable_from_entrypoints
c61e92525a25ede1641aaa89b31d6510d917115e,backend/app/api/api_v1/endpoints/settings.py,359,function,get_gitlab_settings,async def get_gitlab_settings(db:,prod,Python,0,0,LOW,,unreachable_from_entrypoints
c1ae8170f4af678d0b1551df4788b5795121c221,backend/app/api/api_v1/endpoints/settings.py,367,function,put_gitlab_settings,async def put_gitlab_settings(payload:,prod,Python,0,0,LOW,,unreachable_from_entrypoints
3a94c1e2c686a6ecf2c41624aa7b3f4deacb7c2a,backend/app/api/api_v1/endpoints/settings.py,388,function,test_gitlab_connection,async def test_gitlab_connection(payload:,prod,Python,0,0,LOW,,unreachable_from_entrypoints
58fb81aeb709c53d491069cdf33a233d19003349,backend/app/api/api_v1/endpoints/settings.py,467,function,get_testrail_settings,async def get_testrail_settings(db:,prod,Python,0,0,LOW,,unreachable_from_entrypoints
47e507480f0f152b0d200c921f3f38de038d1f7b,backend/app/api/api_v1/endpoints/settings.py,475,function,put_testrail_settings,async def put_testrail_settings(payload:,prod,Python,0,0,LOW,,unreachable_from_entrypoints
b32db1e076ebaf5940da23a0b1e2e9d1c82ef903,backend/app/api/api_v1/endpoints/settings.py,487,function,test_testrail_connection,async def test_testrail_connection(payload:,prod,Python,0,0,LOW,,unreachable_from_entrypoints
a106dcb3bcb0bc0695833d5a87f29035f566ae94,backend/app/api/api_v1/endpoints/settings.py,540,function,get_bitbucket_settings,async def get_bitbucket_settings(db:,prod,Python,0,0,LOW,,unreachable_from_entrypoints
5290102b3f7f4bdfc6f807d2732301cc204ba32c,backend/app/api/api_v1/endpoints/settings.py,563,function,put_bitbucket_settings,async def put_bitbucket_settings(payload:,prod,Python,0,0,LOW,,unreachable_from_entrypoints
6d64db15eefa562243e4276dfab9d2db0f394c17,backend/app/api/api_v1/endpoints/settings.py,610,function,test_bitbucket_connection,async def test_bitbucket_connection(payload:,prod,Python,0,0,LOW,,unreachable_from_entrypoints
549cd38cd9f4189c6a57ed1dfb91500d38bdedf9,backend/app/api/api_v1/endpoints/tasks.py,23,function,get_tasks,async def get_tasks( project_id:,prod,Python,0,0,LOW,,unreachable_from_entrypoints
35367462e58d6f39e7aa7fae9785bde4de9c2887,backend/app/api/api_v1/endpoints/tasks.py,137,function,get_task,async def get_task( task_id:,prod,Python,0,0,LOW,,unreachable_from_entrypoints
7ad129dc34bc33a4ce494a12184975510fd785f6,backend/app/api/api_v1/endpoints/tasks.py,169,function,create_task,async def create_task( task:,prod,Python,0,0,LOW,,unreachable_from_entrypoints
32ceb0607665b7b1b51e3a20464acc1d5abceb67,backend/app/api/api_v1/endpoints/tasks.py,196,function,update_task,async def update_task( task_id:,prod,Python,0,0,LOW,,unreachable_from_entrypoints
b32081f744a36d7140af0474ed3c4a9495d06c8a,backend/app/api/api_v1/endpoints/tasks.py,225,function,delete_task,async def delete_task( task_id:,prod,Python,0,0,LOW,,unreachable_from_entrypoints
1d28c9d5b16e585d8146a778f7dc76b18b0ac0b4,backend/app/api/api_v1/endpoints/tasks.py,247,function,export_tasks_to_excel,async def export_tasks_to_excel( project_id:,prod,Python,0,0,LOW,,unreachable_from_entrypoints
70f45acfe4966ed9072226fe48d9d3fcc30524ab,backend/app/api/api_v1/endpoints/tasks.py,322,function,set_task_business_value,async def set_task_business_value( task_id:,prod,Python,0,0,LOW,,unreachable_from_entrypoints
b0067f7280780676e4d31b9c8954558e72b223df,backend/app/api/api_v1/endpoints/tasks.py,402,function,get_task_business_value_audit,async def get_task_business_value_audit( task_id:,prod,Python,0,0,LOW,,unreachable_from_entrypoints
b5a0ab3f55907b7ac625dccf68824cbc2135798b,backend/app/api/api_v1/endpoints/tasks.py,437,function,batch_delete_tasks,async def batch_delete_tasks( task_ids:,prod,Python,0,0,LOW,,unreachable_from_entrypoints
d2040d1e884f2467aae6e08aa818de4bb375f73f,backend/app/api/api_v1/endpoints/tasks.py,485,function,batch_update_tasks,async def batch_update_tasks( task_ids:,prod,Python,0,0,LOW,,unreachable_from_entrypoints
0449eff764f85a7f2c086cd481fc929e62a64843,backend/app/api/api_v1/endpoints/tasks_async.py,11,function,get_task_status,async def get_task_status(task_id:,prod,Python,0,0,LOW,,unreachable_from_entrypoints
49dcd1275564c0cbc0a12da118a05b9e101080a0,backend/app/api/api_v1/endpoints/tasks_async.py,21,function,cancel_task,async def cancel_task(task_id:,prod,Python,0,0,LOW,,unreachable_from_entrypoints
3c93fbb0627dceda03180b07932f3b609760d505,backend/app/api/api_v1/endpoints/tasks_async.py,31,function,list_tasks,async def list_tasks( user_id:,prod,Python,0,0,LOW,,unreachable_from_entrypoints
f015c8c419259cd6770acb8b26b095b97c8e3bed,backend/app/api/api_v1/endpoints/tasks_async.py,49,function,delete_task,async def delete_task(task_id:,prod,Python,0,0,LOW,,unreachable_from_entrypoints
e2028c77cc379362b68af85caf775699f2de5084,backend/app/api/api_v1/endpoints/testing.py,35,function,_get_allowed_commit_shas_for_project,async def _get_allowed_commit_shas_for_project( project_id:,prod,Python,3,0,LOW,,unreachable_from_entrypoints
a66a9fbe4fe253b6eb32922f4ee456feaeb1deb0,backend/app/api/api_v1/endpoints/testing.py,90,function,_filter_commits_by_project,async def _filter_commits_by_project( items:,prod,Python,3,0,LOW,,unreachable_from_entrypoints
e7f57a50a878f9e12101c4168629fe0878cc7ccd,backend/app/api/api_v1/endpoints/testing.py,149,function,list_test_runs,async def list_test_runs( project_id:,prod,Python,0,0,LOW,,unreachable_from_entrypoints
d758da0585d0257a566d0ad34ac5952604ff7ae5,backend/app/api/api_v1/endpoints/testing.py,222,function,list_test_results,async def list_test_results( project_id:,prod,Python,0,0,LOW,,unreachable_from_entrypoints
94394fa0b2a80d690d273985b20e22c30cb17991,backend/app/api/api_v1/endpoints/testing.py,293,function,list_coverage,async def list_coverage( project_id:,prod,Python,0,0,LOW,,unreachable_from_entrypoints
4d13f5f431a7b0aa380a90c0eb9edd361691c075,backend/app/api/api_v1/endpoints/testing.py,344,function,list_coverage_files,async def list_coverage_files( commit_sha:,prod,Python,0,0,LOW,,unreachable_from_entrypoints
b8cc1cd0eb825d6b5690081008c619fe1b1fd6b3,backend/app/api/api_v1/endpoints/testing.py,401,function,create_flaky_test,async def create_flaky_test( data:,prod,Python,1,0,LOW,,unreachable_from_entrypoints
c7011eb9866966cf2a01c5aee6712e3595cc9c3f,backend/app/api/api_v1/endpoints/testing.py,451,function,list_flaky_tests,async def list_flaky_tests( project_id:,prod,Python,0,0,LOW,,unreachable_from_entrypoints
5c877eb084ef14d71284e248888ea8716043ea5b,backend/app/api/api_v1/endpoints/testing.py,469,function,get_flaky_test,async def get_flaky_test( flaky_id:,prod,Python,0,0,LOW,,unreachable_from_entrypoints
253f3ac3ebd20b3ae3def562b0b971d163493032,backend/app/api/api_v1/endpoints/testing.py,482,function,update_flaky_test,async def update_flaky_test( flaky_id:,prod,Python,0,0,LOW,,unreachable_from_entrypoints
5e6a354ced946c2e2f2d98db598c5f39c56a3d3b,backend/app/api/api_v1/endpoints/testing.py,511,function,delete_flaky_test,async def delete_flaky_test( flaky_id:,prod,Python,0,0,LOW,,unreachable_from_entrypoints
b123296062e43c3cdc48a931ff4eb3b7a355a166,backend/app/api/api_v1/endpoints/testing.py,527,function,detect_flaky_tests,async def detect_flaky_tests( project_id:,prod,Python,0,0,LOW,,unreachable_from_entrypoints
404e5bc8104db6ec9163623c33be8f31857a08ec,backend/app/api/api_v1/endpoints/testing.py,625,function,get_flaky_tests_summary,async def get_flaky_tests_summary( project_id:,prod,Python,1,0,LOW,,unreachable_from_entrypoints
272afc44aca8caf4db484f4f4295408a4a63e1da,backend/app/api/api_v1/endpoints/testing.py,663,function,get_delta_coverage,async def get_delta_coverage( base_commit:,prod,Python,1,0,LOW,,unreachable_from_entrypoints
1904d7407b9bd750ad57193e54795ea2dd4d46a6,backend/app/api/api_v1/endpoints/testing.py,773,function,get_pr_delta_coverage,async def get_pr_delta_coverage( pr_number:,prod,Python,1,0,LOW,,unreachable_from_entrypoints
d220ece0ee94591f93c1f647a4908d7daee597e0,backend/app/api/api_v1/endpoints/testing.py,832,function,calculate_component_coverage,async def calculate_component_coverage( project_id:,prod,Python,0,0,LOW,,unreachable_from_entrypoints
d263dff2f0f681cd2b8de1bf91f45731a0843003,backend/app/api/api_v1/endpoints/testing.py,950,function,list_component_coverage,async def list_component_coverage( project_id:,prod,Python,0,0,LOW,,unreachable_from_entrypoints
ad9ad710695af3357089926da79e6249e68930cd,backend/app/api/api_v1/endpoints/testing.py,968,function,get_component_coverage_summary,async def get_component_coverage_summary( project_id:,prod,Python,1,0,LOW,,unreachable_from_entrypoints
c3dcaa26b64be5342b18f0ff53ac3c47df9a1e1d,backend/app/api/api_v1/endpoints/testing.py,1020,function,get_coverage_trend,async def get_coverage_trend( project_id:,prod,Python,1,0,LOW,,unreachable_from_entrypoints
934bc8f6c1fbe81bf14c5dc21a4f7b98d02cb08a,backend/app/api/api_v1/endpoints/testing.py,1102,function,record_coverage_history,async def record_coverage_history( data:,prod,Python,0,0,LOW,,unreachable_from_entrypoints
5152b8f6c257f16ecbc09743090c121d25028d79,backend/app/api/api_v1/endpoints/testing.py,1142,function,get_test_analytics_dashboard,async def get_test_analytics_dashboard( project_id:,prod,Python,0,0,LOW,,unreachable_from_entrypoints
9811f1e2582cfea439edea6e4eaf3b343f33da1b,backend/app/api/api_v1/endpoints/traceability/analysis.py,25,function,_artifact_to_node,def _artifact_to_node(artifact:,prod,Python,2,0,LOW,,unreachable_from_entrypoints
000169831c62c6240b100ea9792a005b2f90c44a,backend/app/api/api_v1/endpoints/traceability/analysis.py,42,function,_traverse_chain,async def _traverse_chain( db:,prod,Python,2,0,LOW,,unreachable_from_entrypoints
a44c282bbc57ae88238dcecca62198753b18e0d6,backend/app/api/api_v1/endpoints/traceability/analysis.py,114,function,_calculate_chain_stats,def _calculate_chain_stats(nodes:,prod,Python,1,0,LOW,,unreachable_from_entrypoints
04e095000bfaa2214e2fe1d3241ec8d04272e2c3,backend/app/api/api_v1/endpoints/traceability/analysis.py,145,function,get_full_chain,async def get_full_chain( artifact_id:,prod,Python,0,0,LOW,,unreachable_from_entrypoints
5157052c0929be0cc361660346451785ac28c85b,backend/app/api/api_v1/endpoints/traceability/analysis.py,217,function,_calculate_impact_risk,def _calculate_impact_risk( artifact:,prod,Python,1,0,LOW,,unreachable_from_entrypoints
bbb6508afb7ccb09c91e3b96c073ab8673a7ec9e,backend/app/api/api_v1/endpoints/traceability/analysis.py,251,function,_generate_impact_recommendations,def _generate_impact_recommendations( artifact:,prod,Python,1,0,LOW,,unreachable_from_entrypoints
b6c97c5b04b7a707318fe88cb37d0a674e587818,backend/app/api/api_v1/endpoints/traceability/analysis.py,309,function,get_impact_analysis,async def get_impact_analysis( artifact_id:,prod,Python,0,0,LOW,,unreachable_from_entrypoints
e56388b78bfc40fb24ecd0464da916c003b18714,backend/app/api/api_v1/endpoints/traceability/common.py,36,function,_dag_types,def _dag_types() -> Set[str]:,prod,Python,3,0,LOW,,unreachable_from_entrypoints
ceb676980ed8fb9d2b155aae150dbf9e2e9a1ee1,backend/app/api/api_v1/endpoints/traceability/common.py,41,function,_would_create_cycle,async def _would_create_cycle( db:,prod,Python,6,0,LOW,,unreachable_from_entrypoints
1c131477b9041239026e64acc75f07ae1986cc24,backend/app/api/api_v1/endpoints/traceability/common.py,67,function,_link_exists,async def _link_exists( db:,prod,Python,2,0,LOW,,unreachable_from_entrypoints
0a200899424c289ccfd34a01535ae06d52c018a8,backend/app/api/api_v1/endpoints/traceability/health.py,23,function,_suggest_link_action_by_type,def _suggest_link_action_by_type(artifact_type:,prod,Python,1,0,LOW,,unreachable_from_entrypoints
0e2f155a7a120eed496eca94cf023cf433b36bee,backend/app/api/api_v1/endpoints/traceability/health.py,37,function,_calculate_consistency_health,def _calculate_consistency_health(issues:,prod,Python,1,0,LOW,,unreachable_from_entrypoints
1d9a1390ebd9ba41c655351eb3283908ef452c53,backend/app/api/api_v1/endpoints/traceability/health.py,75,function,_generate_consistency_recommendations,def _generate_consistency_recommendations(issues:,prod,Python,1,0,LOW,,unreachable_from_entrypoints
0019de12cc9b5ad0f08cf6fb2a0962c2ca0607d0,backend/app/api/api_v1/endpoints/traceability/health.py,149,function,_detect_all_cycles,async def _detect_all_cycles( db:,prod,Python,2,0,LOW,,unreachable_from_entrypoints
51e54ec1dd522dc13f477beb5cc2327e5422ac47,backend/app/api/api_v1/endpoints/traceability/health.py,237,function,get_sync_health,async def get_sync_health( project_id:,prod,Python,0,0,LOW,,unreachable_from_entrypoints
9f19ec8bd802d8d7905ea16a0e2bceb57be32a72,backend/app/api/api_v1/endpoints/traceability/health.py,389,function,get_detailed_sync_health,async def get_detailed_sync_health( project_id:,prod,Python,0,0,LOW,,unreachable_from_entrypoints
2da96037fbae2ebd76ea6e165f9e5464b5eac39b,backend/app/api/api_v1/endpoints/traceability/health.py,503,function,run_consistency_check,async def run_consistency_check( project_id:,prod,Python,0,0,LOW,,unreachable_from_entrypoints
a29cfb88fb25a2c60b2d3642a399721cf88d4770,backend/app/api/api_v1/endpoints/traceability/health.py,729,function,fix_consistency_issues,async def fix_consistency_issues( project_id:,prod,Python,0,0,LOW,,unreachable_from_entrypoints
aec529124d7c4713c84d7dfd1e20a49834a98444,backend/app/api/api_v1/endpoints/traceability/health.py,863,function,detect_cycles_detailed,async def detect_cycles_detailed( project_id:,prod,Python,0,0,LOW,,unreachable_from_entrypoints
adff6267ee9d3f8d89c345f7cfaa28c57f461c27,backend/app/api/api_v1/endpoints/traceability/links.py,36,function,create_link,async def create_link( from_id:,prod,Python,0,0,LOW,,unreachable_from_entrypoints
93abe657ea5d0aea09fd01f55b26a2d8aba60d5c,backend/app/api/api_v1/endpoints/traceability/links.py,95,function,artifacts_for_task,async def artifacts_for_task( jira_key:,prod,Python,0,0,LOW,,unreachable_from_entrypoints
90ccdb86ba1030c537c259255c95edb507a7e575,backend/app/api/api_v1/endpoints/traceability/links.py,153,function,requirement_flow,async def requirement_flow( artifact_id:,prod,Python,0,0,LOW,,unreachable_from_entrypoints
306d135071e4dfbbd7a266473afdc6fb304f5793,backend/app/api/api_v1/endpoints/traceability/links.py,187,function,traceability_matrix,async def traceability_matrix( project_id:,prod,Python,1,0,LOW,,unreachable_from_entrypoints
fdbcd73ca53d24e74471d3923a9e0660abbad36e,backend/app/api/api_v1/endpoints/traceability/links.py,299,function,backfill_artifacts,async def backfill_artifacts( request:,prod,Python,0,0,LOW,,unreachable_from_entrypoints
cb0688d602c5d5cfb4653ccab7ffb2db38530dcc,backend/app/api/api_v1/endpoints/traceability/links.py,409,function,autolink_confluence_page,async def autolink_confluence_page( page_id:,prod,Python,0,0,LOW,,unreachable_from_entrypoints
bae3fbe93b6dc82f0bb377ae272239491e5a8691,backend/app/api/api_v1/endpoints/traceability/orphans.py,25,function,_suggest_link_action,def _suggest_link_action(artifact:,prod,Python,1,0,LOW,,unreachable_from_entrypoints
6d25d7ab94c5544863878346e3f7fc404b92e7a5,backend/app/api/api_v1/endpoints/traceability/orphans.py,40,function,get_orphaned_artifacts,async def get_orphaned_artifacts( project_id:,prod,Python,0,0,LOW,,unreachable_from_entrypoints
fdbb105f7e61c0fdabbd68b88d83121349b02be8,backend/app/api/api_v1/endpoints/traceability/orphans.py,122,function,recalculate_link_confidence,async def recalculate_link_confidence( link_id:,prod,Python,0,0,LOW,,unreachable_from_entrypoints
4777bbf9d92a51a1492537e55a6109f04a52ad82,backend/app/api/api_v1/endpoints/traceability/orphans.py,230,function,get_confidence_distribution,async def get_confidence_distribution( project_id:,prod,Python,0,0,LOW,,unreachable_from_entrypoints
fda9094ef60184c94e79d80c87a5ea1a22221084,backend/app/api/api_v1/endpoints/traceability/rules.py,127,function,validate_flow,def validate_flow(flow_json:,prod,Python,1,0,LOW,,unreachable_from_entrypoints
b963c9f6f58320dfa1c12fd7e788251d816d734e,backend/app/api/api_v1/endpoints/traceability/rules.py,222,function,_detect_cycles,"def _detect_cycles(nodes, edges) -> list[str]:",prod,Python,1,0,LOW,,unreachable_from_entrypoints
d5ce3c1fb65a8ee3b05c7a017b4028a13dfdf761,backend/app/api/api_v1/endpoints/traceability/rules.py,264,function,_validate_node_configuration,def _validate_node_configuration(node) -> list[ValidationErrorSchema]:,prod,Python,1,0,LOW,,unreachable_from_entrypoints
96be67e77bc6f68bab8deeb6349ce96d7ff05246,backend/app/api/api_v1/endpoints/traceability/rules.py,316,function,validate_rule_flow,async def validate_rule_flow( request:,prod,Python,0,0,LOW,,unreachable_from_entrypoints
4393ee06b10dbadde24c5e9114341d57c3088830,backend/app/api/api_v1/endpoints/traceability/rules.py,330,function,list_rules,async def list_rules( skip:,prod,Python,0,0,LOW,,unreachable_from_entrypoints
5eacc7a46f9ad202208fb8881a7773ca11094236,backend/app/api/api_v1/endpoints/traceability/rules.py,365,function,get_all_rule_executions,async def get_all_rule_executions( skip:,prod,Python,0,0,LOW,,unreachable_from_entrypoints
6bb71e4554fa79c1295e14d0164e270fa7307d49,backend/app/api/api_v1/endpoints/traceability/rules.py,410,function,get_rule,async def get_rule( rule_id:,prod,Python,0,0,LOW,,unreachable_from_entrypoints
ecd652537cab6452ac29f05cea8f38669ed26dd6,backend/app/api/api_v1/endpoints/traceability/rules.py,425,function,create_rule,async def create_rule( rule_data:,prod,Python,0,0,LOW,,unreachable_from_entrypoints
f80101fe5a7dc4a9cb49b6ea6b8e8f8ec9bbe69d,backend/app/api/api_v1/endpoints/traceability/rules.py,455,function,update_rule,async def update_rule( rule_id:,prod,Python,0,0,LOW,,unreachable_from_entrypoints
590cd75e9b5463a658f493688bea431805711927,backend/app/api/api_v1/endpoints/traceability/rules.py,487,function,delete_rule,async def delete_rule( rule_id:,prod,Python,0,0,LOW,,unreachable_from_entrypoints
6adfd45edd0c582b8011124a835da4fe223f34ff,backend/app/api/api_v1/endpoints/traceability/rules.py,504,function,list_rule_executions,async def list_rule_executions( rule_id:,prod,Python,0,0,LOW,,unreachable_from_entrypoints
ee790f04d34cf32a9a8660768b3cdcc378caa3f7,backend/app/api/api_v1/endpoints/traceability/rules.py,533,function,execute_rule,def execute_rule( rule_id:,prod,Python,0,0,LOW,,unreachable_from_entrypoints
656ef9f0982a247f59b28e63eb2cfbec2e5466ee,backend/app/api/api_v1/endpoints/traceability/rules.py,562,function,_calculate_next_run,def _calculate_next_run(cron_expression:,prod,Python,2,0,LOW,,unreachable_from_entrypoints
cf89720baa05bfce42a69c73b67f3fd5c2820a6d,backend/app/api/api_v1/endpoints/traceability/rules.py,575,function,_validate_cron_expression,def _validate_cron_expression(cron_expression:,prod,Python,1,0,LOW,,unreachable_from_entrypoints
08dee01e695d99bdb6bcbfe89894ff3d1e1922fa,backend/app/api/api_v1/endpoints/traceability/rules.py,587,function,_generate_webhook_token,def _generate_webhook_token() -> str:,prod,Python,1,0,LOW,,unreachable_from_entrypoints
6d5c767911277a9d8c8547946e41de529518f278,backend/app/api/api_v1/endpoints/traceability/rules.py,594,function,get_rule_schedule,async def get_rule_schedule( rule_id:,prod,Python,0,0,LOW,,unreachable_from_entrypoints
79fbfe2181b698f883f9fa45c2248a9b2cd84196,backend/app/api/api_v1/endpoints/traceability/rules.py,615,function,update_rule_schedule,async def update_rule_schedule( rule_id:,prod,Python,0,0,LOW,,unreachable_from_entrypoints
6201005a64e6e70fa5f7cdc83f6d1127aa5b41ff,backend/app/api/api_v1/endpoints/traceability/rules.py,672,function,get_rule_webhook,async def get_rule_webhook( rule_id:,prod,Python,0,0,LOW,,unreachable_from_entrypoints
e805240c3c2d3e3a7f14cbc568e35fab046af42b,backend/app/api/api_v1/endpoints/traceability/rules.py,698,function,enable_rule_webhook,async def enable_rule_webhook( rule_id:,prod,Python,0,0,LOW,,unreachable_from_entrypoints
df331716fb85b24095c75a398f607eb864d20704,backend/app/api/api_v1/endpoints/traceability/rules.py,734,function,disable_rule_webhook,async def disable_rule_webhook( rule_id:,prod,Python,0,0,LOW,,unreachable_from_entrypoints
ca58147b8c43061107b927bbba7508d4443e706b,backend/app/api/api_v1/endpoints/traceability/rules.py,765,function,execute_rule_by_webhook,def execute_rule_by_webhook( webhook_token:,prod,Python,0,0,LOW,,unreachable_from_entrypoints
a97d08ff480fe1ca4e172982c80f3c096bd901ef,backend/app/api/api_v1/endpoints/traceability/suggestions.py,25,function,generate_link_suggestions,async def generate_link_suggestions( project_id:,prod,Python,0,0,LOW,,unreachable_from_entrypoints
1d13a5b5f75bed183b8569932e7ae7a4d3e6f736,backend/app/api/api_v1/endpoints/traceability/suggestions.py,81,function,list_suggested_links,async def list_suggested_links( project_id:,prod,Python,0,0,LOW,,unreachable_from_entrypoints
b18d3fbae38b93238f60cda099d1748e088658e7,backend/app/api/api_v1/endpoints/traceability/suggestions.py,165,function,approve_suggestion,async def approve_suggestion( suggestion_id:,prod,Python,0,0,LOW,,unreachable_from_entrypoints
35416fef56bcf854c0dc485efb8f609ee7c323dc,backend/app/api/api_v1/endpoints/traceability/suggestions.py,270,function,reject_suggestion,async def reject_suggestion( suggestion_id:,prod,Python,0,0,LOW,,unreachable_from_entrypoints
658ea6b4d8ecd0b266496f22b026f3bf88fb0d93,backend/app/api/api_v1/endpoints/traceability/suggestions.py,311,function,get_suggestion_stats,async def get_suggestion_stats( project_id:,prod,Python,0,0,LOW,,unreachable_from_entrypoints
3171ded5a5a5cc54981d112240947c61d448e058,backend/app/api/api_v1/endpoints/traceability/suggestions.py,370,function,bulk_approve_suggestions,async def bulk_approve_suggestions( suggestion_ids:,prod,Python,0,0,LOW,,unreachable_from_entrypoints
0bdf9d01a39910292c8a7d6c27f0a6b84d6b152f,backend/app/api/api_v1/endpoints/usage_analytics.py,42,function,track_event,async def track_event(event:,prod,Python,0,0,LOW,,unreachable_from_entrypoints
f50c0ba763d144b19a7827a9f8252c82be6a5232,backend/app/api/api_v1/endpoints/usage_analytics.py,67,function,track_events_batch,async def track_events_batch(events:,prod,Python,0,0,LOW,,unreachable_from_entrypoints
eb0f1bc380750d30ea8512d4cebcbdfec3a33bd1,backend/app/api/api_v1/endpoints/usage_analytics.py,83,function,get_onboarding_metrics,async def get_onboarding_metrics() -> dict:,prod,Python,0,0,LOW,,unreachable_from_entrypoints
926f95eb22c6388174e64ade484eb7faa700c3aa,backend/app/api/api_v1/endpoints/usage_analytics.py,112,function,get_time_to_value_metrics,async def get_time_to_value_metrics() -> dict:,prod,Python,0,0,LOW,,unreachable_from_entrypoints
e0647cf6d419bed9c87d8d4616cd925b9c6474fa,backend/app/api/api_v1/endpoints/usage_analytics.py,136,function,get_feature_adoption_metrics,async def get_feature_adoption_metrics() -> dict:,prod,Python,0,0,LOW,,unreachable_from_entrypoints
2b0314cfd570f6c399603333f01077e794c296fb,backend/app/api/api_v1/endpoints/usage_analytics.py,164,function,get_usage_metrics_summary,async def get_usage_metrics_summary() -> UsageMetrics:,prod,Python,0,0,LOW,,unreachable_from_entrypoints
a845efadbf1ea7fa1a025237009e30c74523667c,backend/app/api/api_v1/endpoints/usage_analytics.py,181,function,clear_analytics_data,async def clear_analytics_data() -> None:,prod,Python,0,0,LOW,,unreachable_from_entrypoints
caa7c15ac5847a6fe6b6cc0f80a7c0b6d8cdf75d,backend/app/api/api_v1/endpoints/users.py,20,function,get_users,async def get_users( skip:,prod,Python,0,0,LOW,,unreachable_from_entrypoints
6d521c05b942c06a90f42622ce7eca18b1ccc408,backend/app/api/api_v1/endpoints/users.py,31,function,get_user,async def get_user( user_id:,prod,Python,0,0,LOW,,unreachable_from_entrypoints
826c6b321e1aa442b0a606e658bfd4a8f7074fe1,backend/app/api/api_v1/endpoints/users.py,42,function,update_user,async def update_user( user_id:,prod,Python,0,0,LOW,,unreachable_from_entrypoints
aa56f430989eb8ee36da7b3c76bb8914abfcde5c,backend/app/api/api_v1/endpoints/users.py,70,function,get_current_user_endpoint,async def get_current_user_endpoint( db:,prod,Python,0,0,LOW,,unreachable_from_entrypoints
9bdd6cf50e780937604523525ceeba603ba3a600,backend/app/api/api_v1/endpoints/users.py,79,function,update_current_user,async def update_current_user( user_update:,prod,Python,0,0,LOW,,unreachable_from_entrypoints
43e797b2dfb468fc1772b2639c241ecb28d9d5cc,backend/app/api/api_v1/endpoints/users.py,105,function,change_password,async def change_password( payload:,prod,Python,0,0,LOW,,unreachable_from_entrypoints
7a67286db89d0ae20a73946ea9cdb63a4660e810,backend/app/api/api_v1/endpoints/users.py,119,function,assign_role_to_user,async def assign_role_to_user( user_id:,prod,Python,0,0,LOW,,unreachable_from_entrypoints
270f2fdadf3d746908bc7f87f8e0d306fefc4734,backend/app/api/api_v1/endpoints/users.py,145,function,remove_role_from_user,async def remove_role_from_user( user_id:,prod,Python,0,0,LOW,,unreachable_from_entrypoints
14ba1d6e3a76ca659ddc80b25520fc2eb99b5f9b,backend/app/api/deps.py,21,function,_get_or_create_demo_user,async def _get_or_create_demo_user(db:,prod,Python,1,0,LOW,,unreachable_from_entrypoints
b29b5223a33abf0fcd163d6364fd75615142e0ba,backend/app/api/deps.py,85,function,get_current_user,async def get_current_user( db:,prod,Python,3,0,LOW,,unreachable_from_entrypoints
8898f64a78890b8b86044345e4fab04119ee0fe2,backend/app/api/deps.py,124,function,ensure_project_access,async def ensure_project_access( project_id:,prod,Python,20,0,LOW,,unreachable_from_entrypoints
914a56a19bfcc21f6b27985897af4be1b1fa56c5,backend/app/api/deps.py,142,function,require_permission,def require_permission(permission:,prod,Python,21,0,LOW,,unreachable_from_entrypoints
c9f995d290ce3797e1d40c29526a39fc6dc95438,backend/app/api/deps.py,181,function,require_role,def require_role(role_name:,prod,Python,0,0,LOW,,unreachable_from_entrypoints
2329412075d41c91d9d0a36e0026501d55c48f7a,backend/app/api/deps.py,220,function,get_current_active_user,def get_current_active_user( current_user:,prod,Python,0,0,LOW,,unreachable_from_entrypoints
493f32437384ee7ff7f1232a1aa6791da9a27f0f,backend/app/api/ws.py,9,function,websocket_updates,async def websocket_updates(ws:,prod,Python,0,0,LOW,,unreachable_from_entrypoints
d73e19eb0650471a1126c191533386af45e2e7f7,backend/app/core/cache_enhanced.py,138,method,build,"def build( cls, domain:",prod,Python,36,0,LOW,,unreachable_from_entrypoints
07cafb897b52992b054bbd000902951d0520a688,backend/app/core/cache_enhanced.py,163,method,pattern_for_invalidation,"def pattern_for_invalidation( cls, domain:",prod,Python,6,0,LOW,,unreachable_from_entrypoints
f909d424600e8cced416458e3afb5b98d9bc7602,backend/app/core/cache_enhanced.py,194,method,velocity,def velocity(project_id:,prod,Python,2,0,LOW,,unreachable_from_entrypoints
318f2dbe2dcf1b66876831c32799366ab762625c,backend/app/core/cache_enhanced.py,201,method,dora,def dora(project_id:,prod,Python,1,0,LOW,,unreachable_from_entrypoints
7924c7ff1963fab1fb1b882586bd61845148b842,backend/app/core/cache_enhanced.py,208,method,team_health,def team_health(project_id:,prod,Python,2,0,LOW,,unreachable_from_entrypoints
202804480dcc0b1fdb9ee1f8dd3aaed942f62911,backend/app/core/cache_enhanced.py,215,method,budget_hours,def budget_hours(project_id:,prod,Python,0,0,LOW,,unreachable_from_entrypoints
1598380f28fa6a705c0de104d30cf790afb3a72f,backend/app/core/cache_enhanced.py,222,method,sprint_burndown,def sprint_burndown(sprint_id:,prod,Python,0,0,LOW,,unreachable_from_entrypoints
0e347fca9593109bd3a9da4f91e5851fc7bf39e2,backend/app/core/cache_enhanced.py,229,method,sprint_capacity,def sprint_capacity(sprint_id:,prod,Python,0,0,LOW,,unreachable_from_entrypoints
959e03c4dcb4278e3d11b7d950df2c728c8dc27e,backend/app/core/cache_enhanced.py,236,method,sprint_wip,def sprint_wip(sprint_id:,prod,Python,0,0,LOW,,unreachable_from_entrypoints
6e137dba5b2fa1d768d414446247c3c5637538d8,backend/app/core/cache_enhanced.py,243,method,project_sprints,def project_sprints(project_id:,prod,Python,0,0,LOW,,unreachable_from_entrypoints
458fe653046ca1c0943d388c97ca7d32d136131b,backend/app/core/cache_enhanced.py,252,method,project_risks,def project_risks(project_id:,prod,Python,1,0,LOW,,unreachable_from_entrypoints
56b3e9f2425d1b10aaac1ff5d902425de3098cfa,backend/app/core/cache_enhanced.py,259,method,project_forecast,def project_forecast(project_id:,prod,Python,1,0,LOW,,unreachable_from_entrypoints
d052577afc78a8d214a67b89bf84a25032f5603c,backend/app/core/cache_enhanced.py,266,method,project_burndown,def project_burndown(project_id:,prod,Python,0,0,LOW,,unreachable_from_entrypoints
b1dc06e64f323b299b2f886506e27be867b2bc3a,backend/app/core/cache_enhanced.py,273,method,test_trend,def test_trend(project_id:,prod,Python,0,0,LOW,,unreachable_from_entrypoints
3b742d7fb52cc8650275a64b97fc8263b072e016,backend/app/core/cache_enhanced.py,281,method,coverage_trend,def coverage_trend(project_id:,prod,Python,0,0,LOW,,unreachable_from_entrypoints
a2f9677d7dadec463cb853c63af7a6c2c8bb433b,backend/app/core/cache_enhanced.py,293,method,team_summary,def team_summary(project_id:,prod,Python,1,0,LOW,,unreachable_from_entrypoints
0962a5371f6a19bc3b8f3f0634d07e17c918c758,backend/app/core/cache_enhanced.py,298,method,cfd_data,def cfd_data(project_id:,prod,Python,1,0,LOW,,unreachable_from_entrypoints
e45f1d576ea08131638d21d036e5d52c5d17f4ca,backend/app/core/cache_enhanced.py,303,method,flow_metrics,def flow_metrics(project_id:,prod,Python,1,0,LOW,,unreachable_from_entrypoints
92bb9abdcf872ef6a87797c0ed9f0be84f0bf191,backend/app/core/cache_enhanced.py,308,method,health_summary,def health_summary(project_id:,prod,Python,1,0,LOW,,unreachable_from_entrypoints
3380c7b239ecf8c70b43977754289666e5625523,backend/app/core/cache_enhanced.py,317,method,matrix,def matrix(project_id:,prod,Python,1,0,LOW,,unreachable_from_entrypoints
1505cf32bd3759e9645bbfb6c1681094fd19e0f4,backend/app/core/cache_enhanced.py,325,method,flow,def flow(artifact_id:,prod,Python,0,0,LOW,,unreachable_from_entrypoints
45e606b5a82d97dba016cd272c6ff3b995e82a96,backend/app/core/cache_enhanced.py,332,method,task_artifacts,def task_artifacts(jira_key:,prod,Python,0,0,LOW,,unreachable_from_entrypoints
a2098cefce6fcd96a02fe8d9ccff7fddb82372fe,backend/app/core/cache_enhanced.py,339,method,full_chain,def full_chain( artifact_id:,prod,Python,1,0,LOW,,unreachable_from_entrypoints
3dab59e4d38f9a98ee2cab03e68e5596b750d5bd,backend/app/core/cache_enhanced.py,352,method,impact_analysis,def impact_analysis(artifact_id:,prod,Python,1,0,LOW,,unreachable_from_entrypoints
3034d17956ac9baf2e65430533a657bbcc70d9c8,backend/app/core/cache_enhanced.py,360,method,orphaned_artifacts,def orphaned_artifacts( project_id:,prod,Python,1,0,LOW,,unreachable_from_entrypoints
c7e503fbc2d7eaba386383ffb4b77988d36515a1,backend/app/core/cache_enhanced.py,379,method,list_key,def list_key( project_id:,prod,Python,0,0,LOW,,unreachable_from_entrypoints
99decb65e33b23334fbfb7678fb7262d03849665,backend/app/core/cache_enhanced.py,402,method,project,def project(project_key:,prod,Python,1,0,LOW,,unreachable_from_entrypoints
1f43d1ed20aca7091bdc3af053b8c7fa42c7794f,backend/app/core/cache_enhanced.py,407,method,project_list,def project_list(query:,prod,Python,1,0,LOW,,unreachable_from_entrypoints
15a8285772f7bf0407359531b6e736b6ea589953,backend/app/core/cache_enhanced.py,415,method,boards,def boards(project_key:,prod,Python,1,0,LOW,,unreachable_from_entrypoints
d6a01d81f6d4e46119cdba0b8381723a0d46da49,backend/app/core/cache_enhanced.py,420,method,sprints,def sprints(board_id:,prod,Python,1,0,LOW,,unreachable_from_entrypoints
40f6b68c24df8b7005a5bd76d13eb5d32074bbef,backend/app/core/cache_enhanced.py,425,method,sprint_issues,def sprint_issues(sprint_id:,prod,Python,1,0,LOW,,unreachable_from_entrypoints
7aedc2218008a93fc8d9cc6335827fdd23a3a6c0,backend/app/core/cache_enhanced.py,430,method,worklogs,def worklogs(issue_key:,prod,Python,1,0,LOW,,unreachable_from_entrypoints
0a35a8c17855d5df373110a64e02b6e317f3a104,backend/app/core/cache_enhanced.py,439,method,summary,def summary(project_id:,prod,Python,0,0,LOW,,unreachable_from_entrypoints
f43912d46877ee82ba61eb5bced4e6d7962ca060,backend/app/core/cache_enhanced.py,446,method,dashboard,def dashboard(project_id:,prod,Python,1,0,LOW,,unreachable_from_entrypoints
837a272a69ce21d62155e70def41efa133a3175d,backend/app/core/cache_enhanced.py,453,method,component_analysis,def component_analysis(project_id:,prod,Python,1,0,LOW,,unreachable_from_entrypoints
2f840cc0ae4a2e865e33d3db4dc98e6b07b59f91,backend/app/core/cache_enhanced.py,460,method,trend,def trend(project_id:,prod,Python,1,0,LOW,,unreachable_from_entrypoints
35124c68f7d41be35c6d94559b30f80eb1ed17eb,backend/app/core/cache_enhanced.py,467,method,history,def history(project_id:,prod,Python,0,0,LOW,,unreachable_from_entrypoints
5013c8d8f5f2db2725644fab426c3eb3a5bbbe9b,backend/app/core/cache_enhanced.py,474,method,root_cause_analysis,def root_cause_analysis(project_id:,prod,Python,1,0,LOW,,unreachable_from_entrypoints
61398ca0423ddd6c5db0f087d19046ecfdc1113f,backend/app/core/cache_enhanced.py,495,method,__init__,"def __init__(self, redis_url:",prod,Python,0,0,LOW,,unreachable_from_entrypoints
39ca0cce9f7dbccbf5b2779943333bc7a4e5514f,backend/app/core/cache_enhanced.py,503,method,initialize,async def initialize(self) -> bool:,prod,Python,2,0,LOW,,unreachable_from_entrypoints
5f4857c2f2f0737930403c8cef5f2c189ccf3045,backend/app/core/cache_enhanced.py,529,method,_get_tier_config,"def _get_tier_config(self, tier:",prod,Python,1,0,LOW,,unreachable_from_entrypoints
62a66c6da293e72026016e4365697f03f3a925f4,backend/app/core/cache_enhanced.py,533,method,get,"async def get( self, key:",prod,Python,0,0,LOW,,unreachable_from_entrypoints
0017a554d1cddfcb9dc5e2b9bf354022128af54b,backend/app/core/cache_enhanced.py,575,method,get_or_set,"async def get_or_set( self, key:",prod,Python,0,0,LOW,,unreachable_from_entrypoints
523b4859cb748c5544b104bda3d5c4e6e5430978,backend/app/core/cache_enhanced.py,612,method,set,"async def set( self, key:",prod,Python,0,0,LOW,,unreachable_from_entrypoints
2e843858e7903e2fe15e6c6b4489a7ef9ef2ec08,backend/app/core/cache_enhanced.py,652,method,delete,"async def delete(self, key:",prod,Python,0,0,LOW,,unreachable_from_entrypoints
c97ec356761cae48f6c2c5405d35d540c9b1c21c,backend/app/core/cache_enhanced.py,668,method,invalidate_pattern,"async def invalidate_pattern(self, pattern:",prod,Python,6,0,LOW,,unreachable_from_entrypoints
f620ef6ee0176884bac4b215b4b233a22afe737c,backend/app/core/cache_enhanced.py,704,method,invalidate_project,"async def invalidate_project(self, project_id:",prod,Python,5,0,LOW,,unreachable_from_entrypoints
a467d0b9198daed55d66e2d95797d5722a7ebd19,backend/app/core/cache_enhanced.py,718,method,invalidate_sprint,"async def invalidate_sprint(self, sprint_id:",prod,Python,2,0,LOW,,unreachable_from_entrypoints
8b596f23103f5901c7eb03538ab6c9a6111b73d8,backend/app/core/cache_enhanced.py,723,method,_cleanup_memory_cache,"def _cleanup_memory_cache(self, count:",prod,Python,0,0,LOW,,unreachable_from_entrypoints
9f4ae40e7ae5bd0d4cc79a5869cc2045ebb8554f,backend/app/core/cache_enhanced.py,737,method,close,async def close(self):,prod,Python,0,0,LOW,,unreachable_from_entrypoints
969fbb3f29adf8effa05bf66bfc6ac3d85ae9298,backend/app/core/cache_enhanced.py,753,function,_get_sync_cache_lock,def _get_sync_cache_lock():,prod,Python,3,0,LOW,,unreachable_from_entrypoints
1cb5be7539f547dc31451da3eca58c5f1c770d97,backend/app/core/cache_enhanced.py,762,function,sync_cache_get,def sync_cache_get(key:,prod,Python,7,0,LOW,,unreachable_from_entrypoints
d7af7fb8db0e7b56320033b82000637ba664602c,backend/app/core/cache_enhanced.py,786,function,sync_cache_set,def sync_cache_set(key:,prod,Python,7,0,LOW,,unreachable_from_entrypoints
0e8ac340707b0c3225279744809186eb1e568f11,backend/app/core/cache_enhanced.py,803,function,_sync_cache_cleanup,def _sync_cache_cleanup(count:,prod,Python,1,0,LOW,,unreachable_from_entrypoints
b40ad1b2e6c7301b2ddc07f2c7567444c7c3f174,backend/app/core/cache_enhanced.py,818,function,sync_cache_invalidate_jira,def sync_cache_invalidate_jira() -> int:,prod,Python,1,0,LOW,,unreachable_from_entrypoints
8697f67b51caddd68f05d11848a6f54213c61c66,backend/app/core/cache_enhanced.py,830,function,sync_cached_jira,def sync_cached_jira( key_func:,prod,Python,0,0,LOW,,unreachable_from_entrypoints
0fa625790b67d3a7db7bcb190feae47d3b31c261,backend/app/core/cache_enhanced.py,884,function,cached_endpoint,def cached_endpoint( key_builder:,prod,Python,18,0,LOW,,unreachable_from_entrypoints
a43792c097880f852a3bd3b62b527400e7ecc7db,backend/app/core/cache_enhanced.py,950,method,__init__,"def __init__(self, cache_service:",prod,Python,0,0,LOW,,unreachable_from_entrypoints
47b6f2f644014a7b22c6b50800a18283580867b2,backend/app/core/cache_enhanced.py,953,method,warm_project_analytics,"async def warm_project_analytics( self, project_id:",prod,Python,0,0,LOW,,unreachable_from_entrypoints
50da2dc45baa67c00cc78e040fc5180a63e86070,backend/app/core/cache_enhanced.py,971,method,_warm_velocity,"async def _warm_velocity(self, project_id:",prod,Python,1,0,LOW,,unreachable_from_entrypoints
d2bf2fdb9432048ee00d1d7159c349a12c38aebd,backend/app/core/cache_enhanced.py,982,method,_warm_team_health,"async def _warm_team_health(self, project_id:",prod,Python,1,0,LOW,,unreachable_from_entrypoints
62a789b7ad43af164a6d57d4a9227d0122cbfa93,backend/app/core/cache_enhanced.py,1001,function,get_enhanced_cache_service,def get_enhanced_cache_service() -> EnhancedCacheService:,prod,Python,10,0,LOW,,unreachable_from_entrypoints
024d74d42e12d8a959ba58f6e49276ea47e09de5,backend/app/core/cache_enhanced.py,1029,method,on_task_update,async def on_task_update(project_id:,prod,Python,4,0,LOW,,unreachable_from_entrypoints
512124069d45a9968e092e93ffc21df1953332ac,backend/app/core/cache_enhanced.py,1039,method,on_sprint_update,async def on_sprint_update(project_id:,prod,Python,0,0,LOW,,unreachable_from_entrypoints
acd52dcf4f303ab06f8944d33eca808aa01836c3,backend/app/core/cache_enhanced.py,1046,method,on_artifact_link_change,async def on_artifact_link_change(project_id:,prod,Python,5,0,LOW,,unreachable_from_entrypoints
5637d368d7f125c065452be53bfded0e14766cb4,backend/app/core/cache_enhanced.py,1057,method,on_jira_sync,async def on_jira_sync(project_id:,prod,Python,0,0,LOW,,unreachable_from_entrypoints
97987613c080e259680cf354d822a1b93465acfe,backend/app/core/cache_enhanced.py,1063,method,on_quality_data_change,async def on_quality_data_change(project_id:,prod,Python,3,0,LOW,,unreachable_from_entrypoints
c8ffb46931eda72ef649911ee54bc458018140ad,backend/app/core/config.py,22,method,effective_database_url,def effective_database_url(self) -> str:,prod,Python,0,0,LOW,,unreachable_from_entrypoints
212158ee42698e924b74c13b4c44d1a5816b3004,backend/app/core/config.py,125,method,google_oauth_configured,def google_oauth_configured(self) -> bool:,prod,Python,0,0,LOW,,unreachable_from_entrypoints
ba166615a2dd1bc9e1097badadcae287fe73aca6,backend/app/core/config.py,129,method,microsoft_oauth_configured,def microsoft_oauth_configured(self) -> bool:,prod,Python,0,0,LOW,,unreachable_from_entrypoints
e1f131cc89dac13aca240c0036fb32d78cb8dd73,backend/app/core/config.py,144,method,is_production,def is_production(self) -> bool:,prod,Python,0,0,LOW,,unreachable_from_entrypoints
157b6315f3b17b5224598688f41874d29f374fea,backend/app/core/config.py,148,method,is_development,def is_development(self) -> bool:,prod,Python,0,0,LOW,,unreachable_from_entrypoints
a5a0c2155ce4bf04b480a5afb57f9eca0fdcb3f7,backend/app/core/config.py,152,method,is_staging,def is_staging(self) -> bool:,prod,Python,0,0,LOW,,unreachable_from_entrypoints
9865c3b7141514e4a6ed04848046561130705356,backend/app/core/config.py,159,method,_normalize_environment,"def _normalize_environment(cls, value:",prod,Python,0,0,LOW,,unreachable_from_entrypoints
cdc4cb9c7d2c6b2f505919beaaecf44e0cbbd991,backend/app/core/config.py,177,method,_validate_secret_key,"def _validate_secret_key(cls, value:",prod,Python,0,0,LOW,,unreachable_from_entrypoints
0dce09946002faac8d51bf63ac8004fcf3bb0418,backend/app/core/crypto.py,15,function,_derive_key,def _derive_key(secret:,prod,Python,2,0,LOW,,unreachable_from_entrypoints
e7c9d69bb29243293610ef3d9886fa69d4a06cca,backend/app/core/crypto.py,20,function,_get_aesgcm,def _get_aesgcm() -> Optional[AESGCM]:,prod,Python,2,0,LOW,,unreachable_from_entrypoints
f7c71b2d448c2c6b3486ecb4e0a9dc20d105b1f4,backend/app/core/crypto.py,27,function,_get_legacy_fernet,def _get_legacy_fernet() -> Optional[Fernet]:,prod,Python,1,0,LOW,,unreachable_from_entrypoints
e15a1f6e044aafb2a30aa2eadabbbfa1070c9175,backend/app/core/crypto.py,34,function,encrypt_str,def encrypt_str(plaintext:,prod,Python,12,0,LOW,,unreachable_from_entrypoints
502f004b4c9d293c5fb00fc96c41839db140f3f1,backend/app/core/crypto.py,46,function,decrypt_str,def decrypt_str(ciphertext:,prod,Python,21,0,LOW,,unreachable_from_entrypoints
71debfa4cfae666ca35769d0313fe6619497a491,backend/app/core/database.py,48,function,set_sqlite_pragma,"def set_sqlite_pragma(dbapi_conn, connection_record):",prod,Python,0,0,LOW,,unreachable_from_entrypoints
3f258dab24a7b9edd4984d832a136770b6976399,backend/app/core/database.py,72,function,get_db,async def get_db() -> AsyncIterator[AsyncSession]:,prod,Python,0,0,LOW,,unreachable_from_entrypoints
5abe16d8fe1388056686d5185b6d9f4d00d10e88,backend/app/core/database.py,81,function,_get_sync_url,def _get_sync_url() -> str:,prod,Python,0,0,LOW,,unreachable_from_entrypoints
2e0264be30f55bc9d4aff650478224a0e91a7939,backend/app/core/database.py,134,function,get_sync_db,def get_sync_db() -> Iterator[Session]:,prod,Python,0,0,LOW,,unreachable_from_entrypoints
7b5375535f626953332e6f12cc1dd96dc36f3b8f,backend/app/core/db_utils.py,6,function,get_dialect_name,def get_dialect_name(session:,prod,Python,1,0,LOW,,unreachable_from_entrypoints
ee85c2074b838b7c900a8a417429ff6e90462850,backend/app/core/db_utils.py,27,function,supports_for_update,def supports_for_update(session:,prod,Python,3,0,LOW,,unreachable_from_entrypoints
91f09ca95c376244207d994cb283941f28bb4784,backend/app/core/metrics.py,10,method,__init__,def __init__(self) -> None:,prod,Python,0,0,LOW,,unreachable_from_entrypoints
16bf6ddfcb91a33e257a6d5daa4f9a5bbee8fef3,backend/app/core/metrics.py,16,method,_key,"def _key(self, name:",prod,Python,3,0,LOW,,unreachable_from_entrypoints
3124285f1a7176ec177b487320f3ddaf617f34dd,backend/app/core/metrics.py,20,method,inc,"def inc(self, name:",prod,Python,37,0,LOW,,unreachable_from_entrypoints
fff8b3e2b6ec501c087d98107cbbc76898098534,backend/app/core/metrics.py,24,method,set_gauge,"def set_gauge(self, name:",prod,Python,3,0,LOW,,unreachable_from_entrypoints
bd28f688ae98ae84ae57186715cc0236abfd789a,backend/app/core/metrics.py,28,method,observe,"def observe(self, name:",prod,Python,0,0,LOW,,unreachable_from_entrypoints
41b3f74412ac397d3b60f26ca504c1d71bb261ba,backend/app/core/metrics.py,32,method,export_prometheus,def export_prometheus(self) -> str:,prod,Python,1,0,LOW,,unreachable_from_entrypoints
a832b0aa21d4afeee37a3d197371a3d11d2ab7e1,backend/app/core/mfa.py,36,method,__init__,"def __init__(self, error:",prod,Python,0,0,LOW,,unreachable_from_entrypoints
2eb13cc31a10da5a41af4a47adb9ba6e9191c4c1,backend/app/core/mfa.py,51,function,generate_totp_secret,def generate_totp_secret() -> str:,prod,Python,5,0,LOW,,unreachable_from_entrypoints
9fd063ba8ef652d3809fe3b8a50439dc34bc28a6,backend/app/core/mfa.py,56,function,generate_backup_codes,def generate_backup_codes(count:,prod,Python,5,0,LOW,,unreachable_from_entrypoints
3ac44d00f54468862f63cf20d5987ea9d58be35f,backend/app/core/mfa.py,73,function,get_provisioning_uri,def get_provisioning_uri( secret:,prod,Python,2,0,LOW,,unreachable_from_entrypoints
7bdbb73da18e23bb64ef25367af1ff17124bf266,backend/app/core/mfa.py,94,function,generate_qr_code_base64,def generate_qr_code_base64(provisioning_uri:,prod,Python,2,0,LOW,,unreachable_from_entrypoints
93ca5592565f701e1775051baf07d867f35d8b24,backend/app/core/mfa.py,125,function,setup_mfa,def setup_mfa(email:,prod,Python,2,0,LOW,,unreachable_from_entrypoints
ed0ffb543b08a8d898ab73d8df28f552806db230,backend/app/core/mfa.py,148,function,verify_totp,def verify_totp(secret:,prod,Python,10,0,LOW,,unreachable_from_entrypoints
c48a75701c4f1acab416debfc1d880e417b05819,backend/app/core/mfa.py,174,function,verify_backup_code,def verify_backup_code( code:,prod,Python,5,0,LOW,,unreachable_from_entrypoints
a3041ec469b6dec4f1ef618f85d8197b2d2d32f7,backend/app/core/mfa.py,202,function,hash_backup_codes,def hash_backup_codes(codes:,prod,Python,2,0,LOW,,unreachable_from_entrypoints
48d95433757df88f2cea4a94dc9ba02f0398a639,backend/app/core/mfa.py,220,function,get_current_totp,def get_current_totp(secret:,prod,Python,3,0,LOW,,unreachable_from_entrypoints
a71c14838931c4243c0b86169f2f333ada7ad424,backend/app/core/mfa.py,234,function,remaining_time_in_period,def remaining_time_in_period() -> int:,prod,Python,1,0,LOW,,unreachable_from_entrypoints
2c6f964b8e1edefc446ca8f66381f01859daa7e5,backend/app/core/middleware.py,19,method,__init__,"def __init__(self, app:",prod,Python,0,0,LOW,,unreachable_from_entrypoints
de96151f85b465d51ad2de884a67ca886c26af0a,backend/app/core/middleware.py,22,method,__call__,"async def __call__(self, scope:",prod,Python,0,0,LOW,,unreachable_from_entrypoints
c43b01d1ed6c1119f741881ff4f79d10dfc6b97d,backend/app/core/middleware.py,35,method,__init__,"def __init__(self, app:",prod,Python,0,0,LOW,,unreachable_from_entrypoints
925fb3c70b220b59f577aaedccb0917f6ea6fc3a,backend/app/core/middleware.py,38,method,__call__,"async def __call__(self, scope:",prod,Python,0,0,LOW,,unreachable_from_entrypoints
0810ac481a3d2ea93be4ef624a69ca9a4a03af85,backend/app/core/middleware.py,69,function,register_middlewares,def register_middlewares(app:,prod,Python,0,0,LOW,,unreachable_from_entrypoints
1db91a95dbea585976b8d23fb62115ec50cf43ea,backend/app/core/notifications.py,9,method,__init__,def __init__(self) -> None:,prod,Python,0,0,LOW,,unreachable_from_entrypoints
9a8dd63a8a4ad809cd1fad93a7a86d551bff2ed5,backend/app/core/notifications.py,13,method,add,"async def add(self, ws:",prod,Python,131,0,LOW,,unreachable_from_entrypoints
271216dd33e7dd2e1c098390583cb03228c48a57,backend/app/core/notifications.py,17,method,remove,"async def remove(self, ws:",prod,Python,0,0,LOW,,unreachable_from_entrypoints
df2eab4ed907049f2487b6e134b5ceb45620d0bd,backend/app/core/notifications.py,21,method,broadcast_json,"async def broadcast_json(self, message:",prod,Python,2,0,LOW,,unreachable_from_entrypoints
f7d91ec7d698fb047232064d5e147d269d27ecd6,backend/app/core/oauth.py,24,method,__init__,"def __init__(self, error:",prod,Python,0,0,LOW,,unreachable_from_entrypoints
a3dfa0e9a07415ae0aaf0591f2be2cc913de6917,backend/app/core/oauth.py,48,method,__init__,"def __init__( self, client_id:",prod,Python,0,0,LOW,,unreachable_from_entrypoints
a89f20c71b3098ac5d460f4b294996aa7546a5d0,backend/app/core/oauth.py,59,method,is_configured,def is_configured(self) -> bool:,prod,Python,0,0,LOW,,unreachable_from_entrypoints
85b6ed07ce6d4772928a82c8f9467b4764824d1b,backend/app/core/oauth.py,63,method,get_authorization_url,"def get_authorization_url(self, state:",prod,Python,0,0,LOW,,unreachable_from_entrypoints
e1ea102e6ae24d10eea11d989dd4b9665164de96,backend/app/core/oauth.py,91,method,exchange_code,"async def exchange_code(self, code:",prod,Python,0,0,LOW,,unreachable_from_entrypoints
30f7bf0455ebcf6470f731fb3433dbac4ea37717,backend/app/core/oauth.py,125,method,get_user_info,"async def get_user_info(self, access_token:",prod,Python,0,0,LOW,,unreachable_from_entrypoints
d6dcd03ed3dcc28c9e56af504373d80a5a7ff9a5,backend/app/core/oauth.py,159,method,__init__,"def __init__( self, client_id:",prod,Python,0,0,LOW,,unreachable_from_entrypoints
e057fc129c9ca4f4c4c7051b6ed291f548d3291f,backend/app/core/oauth.py,172,method,authorization_url,def authorization_url(self) -> str:,prod,Python,0,0,LOW,,unreachable_from_entrypoints
e2ce5848a3cc3c3ed6cf3bd04db1e4fa3c530caf,backend/app/core/oauth.py,176,method,token_url,def token_url(self) -> str:,prod,Python,0,0,LOW,,unreachable_from_entrypoints
1939ab8e1e21618fce087daabeec59d3002a91ce,backend/app/core/oauth.py,180,method,is_configured,def is_configured(self) -> bool:,prod,Python,0,0,LOW,,unreachable_from_entrypoints
cc54d2f9284cade2c440a555547501f2e729dc9e,backend/app/core/oauth.py,184,method,get_authorization_url,"def get_authorization_url(self, state:",prod,Python,0,0,LOW,,unreachable_from_entrypoints
d6887f738b9fcdf650492bf156d16dc0ee08f2e5,backend/app/core/oauth.py,211,method,exchange_code,"async def exchange_code(self, code:",prod,Python,0,0,LOW,,unreachable_from_entrypoints
ad1a6d8bb3d42936a5c684f25f084b7449f02471,backend/app/core/oauth.py,246,method,get_user_info,"async def get_user_info(self, access_token:",prod,Python,0,0,LOW,,unreachable_from_entrypoints
63bbdfe1b63916543eed8a881c09837a1f93815e,backend/app/core/oauth.py,285,function,get_oauth_providers,"def get_oauth_providers() -> Dict[str, bool]:",prod,Python,1,0,LOW,,unreachable_from_entrypoints
99f334c83f62d597e57fd24e1b8ae26a850bbc30,backend/app/core/oauth.py,293,function,is_email_allowed,def is_email_allowed(email:,prod,Python,5,0,LOW,,unreachable_from_entrypoints
055f88ee9fa9c92da713b88a3635de95e9149d01,backend/app/core/query_metrics.py,37,function,set_query_context,def set_query_context(endpoint:,prod,Python,1,0,LOW,,unreachable_from_entrypoints
2b62d8984719c28b7a002b28428d0ae18fa0116b,backend/app/core/query_metrics.py,48,function,get_query_context,def get_query_context() -> str:,prod,Python,2,0,LOW,,unreachable_from_entrypoints
3fb21a934d3a28ff1f5de1f7d2389df4a5ba0362,backend/app/core/query_metrics.py,53,function,_normalize_endpoint,def _normalize_endpoint(path:,prod,Python,0,0,LOW,,unreachable_from_entrypoints
41047a39d8898fdb17420b3edadbe81e744a6e30,backend/app/core/query_metrics.py,83,function,_before_cursor_execute,def _before_cursor_execute( conn:,prod,Python,0,0,LOW,,unreachable_from_entrypoints
07c4ab83a438f79863e332b668c2670aab269792,backend/app/core/query_metrics.py,100,function,_after_cursor_execute,def _after_cursor_execute( conn:,prod,Python,0,0,LOW,,unreachable_from_entrypoints
126dd75978bd198534c7c9eeaafa8d456c99c691,backend/app/core/query_metrics.py,148,function,_handle_error,def _handle_error( exception_context:,prod,Python,0,0,LOW,,unreachable_from_entrypoints
6fcae027ca9bab00d77f25681cde4efd007e0fed,backend/app/core/query_metrics.py,167,function,register_query_events,def register_query_events(engine:,prod,Python,0,0,LOW,,unreachable_from_entrypoints
24fea782ca0c96f25978aaee5b7aa45521c754c1,backend/app/core/query_metrics.py,189,function,get_query_stats,"def get_query_stats() -> dict[str, Any]:",prod,Python,0,0,LOW,,unreachable_from_entrypoints
76d2d158a1d23d74767699e03f6d5857c0f8e3aa,backend/app/core/rate_limiter.py,15,method,__init__,"def __init__(self, max_per_minute:",prod,Python,0,0,LOW,,unreachable_from_entrypoints
d00a0395b6cddfa30933617799a62305a0a728e0,backend/app/core/rate_limiter.py,19,method,check_rate,"def check_rate(self, source:",prod,Python,3,0,LOW,,unreachable_from_entrypoints
f5c4b46428475ee5a6fc178edaef88e9f887a7b6,backend/app/core/rate_limiter.py,48,method,__init__,"def __init__( self, failure_threshold:",prod,Python,0,0,LOW,,unreachable_from_entrypoints
3e2fc59bea169edf088ff5f44e9c7bf01261833e,backend/app/core/rate_limiter.py,59,method,_state,"def _state(self, source:",prod,Python,3,0,LOW,,unreachable_from_entrypoints
dfd99a498ee031da4c77fb22dc8289b77c0eff1b,backend/app/core/rate_limiter.py,62,method,allow,"def allow(self, source:",prod,Python,4,0,LOW,,unreachable_from_entrypoints
6c1f0a02dd79c5fe67024fe60875da7446c98c22,backend/app/core/rate_limiter.py,69,method,on_success,"def on_success(self, source:",prod,Python,10,0,LOW,,unreachable_from_entrypoints
feca2385d96415a57cff462dda65b398619307f5,backend/app/core/rate_limiter.py,76,method,on_failure,"def on_failure(self, source:",prod,Python,4,0,LOW,,unreachable_from_entrypoints
acb49a6050c042edc08df9bca34b4ee35b97a876,backend/app/core/rate_limiter.py,88,method,call,"def call(self, source:",prod,Python,7,0,LOW,,unreachable_from_entrypoints
22a849c5b048c6542c84ed6e244517ce0d87dda8,backend/app/core/security.py,14,function,verify_password,def verify_password(plain_password:,prod,Python,2,0,LOW,,unreachable_from_entrypoints
1770b1d62c142fad034458443d22edade6b1bafe,backend/app/core/security.py,21,function,get_password_hash,def get_password_hash(password:,prod,Python,3,0,LOW,,unreachable_from_entrypoints
71602e101f7430ceeb99c01d45a96b5d28a13faf,backend/app/core/security.py,25,function,create_access_token,def create_access_token(data:,prod,Python,7,0,LOW,,unreachable_from_entrypoints
aaadb73ebd072ab92615004bd9427cbbaba1ed3e,backend/app/core/security.py,36,function,decode_token,def decode_token(token:,prod,Python,2,0,LOW,,unreachable_from_entrypoints
75afa53242e5f42b07fc6ecd61b7b816ec64ae20,backend/app/main.py,90,function,root,async def root():,prod,Python,0,0,LOW,,unreachable_from_entrypoints
2f21475c22adcd7813e014da882d231e93ff202b,backend/app/main.py,99,function,health_check,async def health_check():,prod,Python,0,0,LOW,,unreachable_from_entrypoints
7cf56d0a258e62b7ea9d5e29133b239631466a43,backend/app/main.py,103,function,_ensure_sqlite_columns,async def _ensure_sqlite_columns() -> None:,prod,Python,1,0,LOW,,unreachable_from_entrypoints
9f92e6dc9bb49033fdf73c75b72c6b36f0c7af7b,backend/app/main.py,143,function,_ensure_tables,async def _ensure_tables():,prod,Python,0,0,LOW,,unreachable_from_entrypoints
0e9c615d19a5e00936d34e96ae8e364a58c20082,backend/app/models/capacity.py,45,method,effective_capacity,def effective_capacity(self) -> float:,prod,Python,0,0,LOW,,unreachable_from_entrypoints
726dbc54f2214c3531e9c4f96ff58676c51e5fc9,backend/app/models/capacity.py,49,method,__repr__,def __repr__(self):,prod,Python,0,0,LOW,,unreachable_from_entrypoints
9915b67921fcb45e66355116789e8b8a7a77ce05,backend/app/models/capacity.py,94,method,__repr__,def __repr__(self):,prod,Python,0,0,LOW,,unreachable_from_entrypoints
11118c924dc01ac2875b7483c16c657bcb783fed,backend/app/models/capacity.py,134,method,__repr__,def __repr__(self):,prod,Python,0,0,LOW,,unreachable_from_entrypoints
20bb5e1c770bc2813c813f1f2df0b424d79caa69,backend/app/models/rbac.py,73,method,permissions,def permissions(self) -> list[str]:,prod,Python,0,0,LOW,,unreachable_from_entrypoints
3b081fec1ec5fbad245c0fe7fc6601e5f6eaae3c,backend/app/models/rbac.py,87,method,permissions,"def permissions(self, value:",prod,Python,0,0,LOW,,unreachable_from_entrypoints
eeaa90dcedcace122313e5e136094b642a38f535,backend/app/models/rbac.py,92,method,has_permission,"def has_permission(self, permission:",prod,Python,0,0,LOW,,unreachable_from_entrypoints
0c1e25b4316ac52019283c47832bc190989a684b,backend/app/models/rbac.py,96,method,__repr__,def __repr__(self):,prod,Python,0,0,LOW,,unreachable_from_entrypoints
f90e48ebbe19a00af7bda4f103df4377e8091466,backend/app/models/traceability_rule.py,51,method,__repr__,def __repr__(self):,prod,Python,0,0,LOW,,unreachable_from_entrypoints
1d8cec2abcf82c30b205817e89d0f7b26b60a029,backend/app/models/traceability_rule.py,84,method,__repr__,def __repr__(self):,prod,Python,0,0,LOW,,unreachable_from_entrypoints
6e2e9515016041d8e1f45dae1833c3258ece7e57,backend/app/models/user.py,37,method,has_permission,"def has_permission(self, permission:",prod,Python,0,0,LOW,,unreachable_from_entrypoints
dbe34a3940b0e71a37e6b4ded35ae671c8e16adf,backend/app/models/user.py,58,method,has_role,"def has_role(self, role_name:",prod,Python,1,0,LOW,,unreachable_from_entrypoints
1a2986ab29631414b94bd5a8c02657dd338d34aa,backend/app/models/user.py,71,method,is_oauth_user,def is_oauth_user(self) -> bool:,prod,Python,0,0,LOW,,unreachable_from_entrypoints
9f14601eed4a2beded894d89cf9fa6dd286233f3,backend/app/models/user.py,76,method,can_set_password,def can_set_password(self) -> bool:,prod,Python,0,0,LOW,,unreachable_from_entrypoints
3730a5f4085dcb54dcc36319b3d475343f6c867c,backend/app/models/user.py,81,method,has_password,def has_password(self) -> bool:,prod,Python,0,0,LOW,,unreachable_from_entrypoints
a302e4bf85e973c63936f9e445fc80a4fca561b2,backend/app/models/user.py,86,method,mfa_configured,def mfa_configured(self) -> bool:,prod,Python,0,0,LOW,,unreachable_from_entrypoints
5ae74db08b396a7759f5c2f36ce1069536311354,backend/app/models/user.py,91,method,remaining_backup_codes,def remaining_backup_codes(self) -> int:,prod,Python,0,0,LOW,,unreachable_from_entrypoints
3241b77dddabbe7a72377b49bbdc1eef8172c87d,backend/app/schemas/capacity.py,25,method,validate_focus_factor,"def validate_focus_factor(cls, v):",prod,Python,0,0,LOW,,unreachable_from_entrypoints
220cfd08e8434868eb499537c3b71406c7e38d14,backend/app/schemas/capacity.py,62,method,from_orm_with_effective,"def from_orm_with_effective(cls, obj):",prod,Python,4,0,LOW,,unreachable_from_entrypoints
683cd2495e2c8f046cf94019890b0eb8e838920e,backend/app/schemas/pagination.py,42,method,page,def page(self) -> int:,prod,Python,0,0,LOW,,unreachable_from_entrypoints
b87283921af52300834075ff0fc26ffe74ea7be6,backend/app/schemas/pagination.py,67,method,decode_cursor,"def decode_cursor(self) -> Optional[Dict[str, Any]]:",prod,Python,1,0,LOW,,unreachable_from_entrypoints
de17992cfbfb0416d0ebf157c814b7b11f14a9a7,backend/app/schemas/pagination.py,79,method,encode_cursor,def encode_cursor(last_value:,prod,Python,1,0,LOW,,unreachable_from_entrypoints
ccce8ae0b1fe271dd658672a0537eb6d7180abab,backend/app/schemas/pagination.py,100,method,from_offset,"def from_offset( cls, total:",prod,Python,3,0,LOW,,unreachable_from_entrypoints
837f0a33bbc761a17b14200a0a2c4d9e6e9642a5,backend/app/schemas/pagination.py,167,function,paginate_with_count,async def paginate_with_count( db:,prod,Python,0,0,LOW,,unreachable_from_entrypoints
830a5b09970392a9711b809bf5b231133a7431b7,backend/app/schemas/pagination.py,209,function,cursor_paginate,async def cursor_paginate( db:,prod,Python,0,0,LOW,,unreachable_from_entrypoints
3c664c030485ccd2c48c11ad5962b8e49ba63112,backend/app/schemas/pagination.py,296,function,paginated_response,def paginated_response( data:,prod,Python,10,0,LOW,,unreachable_from_entrypoints
218558a075d8595b6b77b0352ff405004ae25350,backend/app/schemas/pagination.py,325,function,cursor_response,def cursor_response( data:,prod,Python,0,0,LOW,,unreachable_from_entrypoints
e84b67b9c8788abec82cd2c6eb059005d950f044,backend/app/schemas/pagination.py,342,function,build_pagination_links,def build_pagination_links( base_url:,prod,Python,0,0,LOW,,unreachable_from_entrypoints
bbc1da37bb04640b42afd625c754b1153d35d975,backend/app/schemas/pagination.py,376,function,format_link_header,def format_link_header(links:,prod,Python,0,0,LOW,,unreachable_from_entrypoints
c89c08ec3473d59b4e1450eab59ad0534eb7ce19,backend/app/schemas/task.py,10,method,_ensure_list,def _ensure_list(value):,prod,Python,1,0,LOW,,unreachable_from_entrypoints
f538fceeb8023e5d892c1157e641c32dc3c14cc8,backend/app/schemas/task.py,23,method,_ensure_dict,def _ensure_dict(value):,prod,Python,1,0,LOW,,unreachable_from_entrypoints
54ead5e5fca1d2024aea295c3ba2baaed40ba1d8,backend/app/schemas/task.py,32,method,_validate_lists,"def _validate_lists(cls, v):",prod,Python,0,0,LOW,,unreachable_from_entrypoints
33d84a67738a5bdf00c8c494c9e84ad8d0819772,backend/app/schemas/task.py,36,method,_validate_custom_fields,"def _validate_custom_fields(cls, v):",prod,Python,0,0,LOW,,unreachable_from_entrypoints
1a00138805e05f2bad2ea4b72823e62394bc5179,backend/app/schemas/traceability_rule.py,81,method,from_db,"def from_db(cls, db_rule):",prod,Python,4,0,LOW,,unreachable_from_entrypoints
19a513f502f7399e31ebdd50a4e46b96342ee33a,backend/app/services/analytics_utils.py,31,function,normalize_status,def normalize_status(value:,prod,Python,2,0,LOW,,unreachable_from_entrypoints
5c6b067fe842259eeb6df182ffd2a2995cf7bd64,backend/app/services/analytics_utils.py,36,function,as_float,def as_float(value:,prod,Python,22,0,LOW,,unreachable_from_entrypoints
63c6cd50d907a9be4942363a8956fb9d96c08eed,backend/app/services/analytics_utils.py,44,function,calculate_percentile,def calculate_percentile(values:,prod,Python,1,0,LOW,,unreachable_from_entrypoints
09d06235339058af93db1d70a515f6612fcb08dd,backend/app/services/analytics_utils.py,69,function,fetch_sprint_meta,async def fetch_sprint_meta(db:,prod,Python,3,0,LOW,,unreachable_from_entrypoints
2212561db5bf17b74668df291549f3b75bfcf8b2,backend/app/services/analytics_utils.py,98,function,compute_team_health,def compute_team_health(tasks:,prod,Python,0,0,LOW,,unreachable_from_entrypoints
c431b158f7cb9aa63c082fac047a2894b580fefa,backend/app/services/analytics_utils.py,172,function,calculate_dora_metrics,def calculate_dora_metrics( deployments:,prod,Python,2,0,LOW,,unreachable_from_entrypoints
dbbf9bc72d41989308647fcfad405ec37d20dfb4,backend/app/services/analytics_utils.py,263,function,compute_sprint_burndown,async def compute_sprint_burndown(db:,prod,Python,2,0,LOW,,unreachable_from_entrypoints
10c9ae1dcd8595bf99a44d4a68e0d13a481d9375,backend/app/services/bitbucket_client.py,32,method,__init__,"def __init__(self, message:",prod,Python,0,0,LOW,,unreachable_from_entrypoints
6a445278b4e18bd16ff85ba840022e6be4018647,backend/app/services/bitbucket_client.py,53,function,detect_instance_type,def detect_instance_type(base_url:,prod,Python,11,0,LOW,,unreachable_from_entrypoints
07995a8df5d301fbaddc1ce9672e65aa0e923d76,backend/app/services/bitbucket_client.py,61,function,get_api_base,def get_api_base(base_url:,prod,Python,8,0,LOW,,unreachable_from_entrypoints
cb95ddd5b9ff220fcfa1cdc311eed3242cb79169,backend/app/services/bitbucket_client.py,75,function,build_headers,def build_headers(auth:,prod,Python,8,0,LOW,,unreachable_from_entrypoints
8d4c9983d9c5dc37afcbdcd83395d307019bb99d,backend/app/services/bitbucket_client.py,101,function,test_connection,async def test_connection( base_url:,prod,Python,4,0,LOW,,unreachable_from_entrypoints
ab78a72dc8d4dff75e73e535d746d66da1837a50,backend/app/services/bitbucket_client.py,191,function,fetch_pull_requests,async def fetch_pull_requests( base_url:,prod,Python,0,0,LOW,,unreachable_from_entrypoints
b397dcc8309f9235d0cf5292d68db52151951691,backend/app/services/bitbucket_client.py,283,function,fetch_commits,async def fetch_commits( base_url:,prod,Python,1,0,LOW,,unreachable_from_entrypoints
00be648c2146e0f6397494437cbe4c0d78c8d8e9,backend/app/services/bitbucket_client.py,356,function,fetch_branches,async def fetch_branches( base_url:,prod,Python,0,0,LOW,,unreachable_from_entrypoints
0ca85f2ea372e00a1d6f41f3ceaa107ecc7e4d33,backend/app/services/bitbucket_client.py,416,function,fetch_repositories,async def fetch_repositories( base_url:,prod,Python,0,0,LOW,,unreachable_from_entrypoints
4c06dad9f78772baaeb78062f56434bc3180b369,backend/app/services/bitbucket_client.py,475,function,_extract_error_message,def _extract_error_message(response:,prod,Python,5,0,LOW,,unreachable_from_entrypoints
27e43a645ceaa08012b13d0afe6344f66c70552f,backend/app/services/cache_service.py,16,method,__init__,def __init__(self):,prod,Python,0,0,LOW,,unreachable_from_entrypoints
69101e9b4075d7e48633e02570eb037400c43475,backend/app/services/cache_service.py,21,method,_init_redis,def _init_redis(self):,prod,Python,0,0,LOW,,unreachable_from_entrypoints
c3a7247d834032c3b1cb7ad5ddf7f6db6f1f0348,backend/app/services/cache_service.py,43,method,_make_key,"def _make_key(self, prefix:",prod,Python,7,0,LOW,,unreachable_from_entrypoints
2d1d123a924b28174c24e69368221e1f4f89d9f6,backend/app/services/cache_service.py,50,method,get,"def get(self, key:",prod,Python,0,0,LOW,,unreachable_from_entrypoints
062ad95b24b6e858fa37d89fb099f23e2ec49b45,backend/app/services/cache_service.py,75,method,set,"def set(self, key:",prod,Python,0,0,LOW,,unreachable_from_entrypoints
25f20a94da584876b4c58c65d06217fdaa5d9bc2,backend/app/services/cache_service.py,100,method,delete,"def delete(self, key:",prod,Python,0,0,LOW,,unreachable_from_entrypoints
c3b21a0a167ebbc08cd71e4fbcdc1ccf3e9c89d2,backend/app/services/cache_service.py,118,method,clear_pattern,"def clear_pattern(self, pattern:",prod,Python,0,0,LOW,,unreachable_from_entrypoints
602499db0f57b8747b3ed52a4fba71a23a56f1cc,backend/app/services/cache_service.py,139,method,_cleanup_memory_cache,def _cleanup_memory_cache(self):,prod,Python,0,0,LOW,,unreachable_from_entrypoints
c102c27b5008257a7020b0848f10ea25a67d8cfe,backend/app/services/cache_service.py,157,function,cached,def cached(prefix:,prod,Python,0,0,LOW,,unreachable_from_entrypoints
2c13a800fabf6150da630b52aab96c8b6da78dd0,backend/app/services/confidence_scoring.py,42,method,calculate_total,def calculate_total(self) -> float:,prod,Python,2,0,LOW,,unreachable_from_entrypoints
1401fb1f8a63bb2207774242df4856dcad355b34,backend/app/services/confidence_scoring.py,54,method,to_dict,"def to_dict(self) -> Dict[str, Any]:",prod,Python,0,0,LOW,,unreachable_from_entrypoints
0aad844ace2871464073e874588f6fec7d06e464,backend/app/services/confidence_scoring.py,86,method,calculate_confidence,"def calculate_confidence( self, from_artifact:",prod,Python,1,0,LOW,,unreachable_from_entrypoints
83173966fef57613315af919c9a42e4b503bc93e,backend/app/services/confidence_scoring.py,138,method,_calculate_text_similarity,"def _calculate_text_similarity( self, from_artifact:",prod,Python,1,0,LOW,,unreachable_from_entrypoints
b3138a091ee22a0edb6247a23d220bd590a90e45,backend/app/services/confidence_scoring.py,167,method,_calculate_temporal_proximity,"def _calculate_temporal_proximity( self, from_artifact:",prod,Python,1,0,LOW,,unreachable_from_entrypoints
7019cf73684ade9c5e968fb30526e770e9c37398,backend/app/services/confidence_scoring.py,193,method,_calculate_author_match,"def _calculate_author_match( self, from_artifact:",prod,Python,1,0,LOW,,unreachable_from_entrypoints
31c364ee531eb83717194a520f70d44c780055cb,backend/app/services/confidence_scoring.py,221,method,_calculate_explicit_reference,"def _calculate_explicit_reference( self, from_artifact:",prod,Python,1,0,LOW,,unreachable_from_entrypoints
30b30d70f10a2ea5711579fc1861b67d2606a6f7,backend/app/services/confidence_scoring.py,259,method,_calculate_path_similarity,"def _calculate_path_similarity( self, from_artifact:",prod,Python,1,0,LOW,,unreachable_from_entrypoints
860dd46dc1c6e0de4a439562678e05752b9c0d57,backend/app/services/confidence_scoring.py,303,method,_calculate_context_match,"def _calculate_context_match( self, from_artifact:",prod,Python,1,0,LOW,,unreachable_from_entrypoints
37cf22688837e13b39b54c998915fb6f18567cbb,backend/app/services/confidence_scoring.py,339,method,_get_link_type_modifier,"def _get_link_type_modifier(self, link_type:",prod,Python,1,0,LOW,,unreachable_from_entrypoints
bed99112e7507efee861e02fb8e98d0e8c2eb9be,backend/app/services/confidence_scoring.py,351,method,_get_artifact_text,"def _get_artifact_text(self, artifact:",prod,Python,0,0,LOW,,unreachable_from_entrypoints
eac2cfd406eb71905629e0b7c1916770aefe3c9b,backend/app/services/confidence_scoring.py,373,method,_get_timestamp,"def _get_timestamp(self, artifact:",prod,Python,2,0,LOW,,unreachable_from_entrypoints
08f5998b51143fdc3d21a4c87319824e7d679aa6,backend/app/services/confidence_scoring.py,397,method,_get_author,"def _get_author(self, artifact:",prod,Python,2,0,LOW,,unreachable_from_entrypoints
594dbcb4734420904e9b5b839c3c686232ba40a9,backend/app/services/confidence_scoring.py,414,method,_tokenize,"def _tokenize(self, text:",prod,Python,2,0,LOW,,unreachable_from_entrypoints
00938d695afebf50aaf5ab2b129a40bf601d4c33,backend/app/services/confluence_service.py,13,method,__init__,def __init__(self):,prod,Python,0,0,LOW,,unreachable_from_entrypoints
50e57d3f5b7bb9174d84c81963e52272afeeffe8,backend/app/services/confluence_service.py,22,method,_headers,"def _headers(self) -> Dict[str, str]:",prod,Python,0,0,LOW,,unreachable_from_entrypoints
a2ca079c65ce1f1bb7c23911d0497ac6c1340ef2,backend/app/services/confluence_service.py,28,method,connect,"def connect(self, base_url:",prod,Python,0,0,LOW,,unreachable_from_entrypoints
e4089f03e56d7566c19e6e70ee20be522087286c,backend/app/services/confluence_service.py,85,method,_detect_instance_type,"def _detect_instance_type(self, base_url:",prod,Python,1,0,LOW,,unreachable_from_entrypoints
b8bf48d63362be72db5d2282d89954513c5a6a28,backend/app/services/confluence_service.py,138,method,_discover_base_url,def _discover_base_url(self):,prod,Python,1,0,LOW,,unreachable_from_entrypoints
2821ce46e8d32cde0bc1bbf2e16594c4e2ef71dd,backend/app/services/confluence_service.py,163,method,status,"def status(self) -> Dict[str, Any]:",prod,Python,0,0,LOW,,unreachable_from_entrypoints
2febb0d53b45a51c4e8579c812ba875de37460ba,backend/app/services/confluence_service.py,178,method,validate,def validate(self) -> bool:,prod,Python,0,0,LOW,,unreachable_from_entrypoints
9456cb101c6d5bea69c6a2e3f41d09a51ff2312c,backend/app/services/confluence_service.py,228,method,search_content,"def search_content(self, cql:",prod,Python,0,0,LOW,,unreachable_from_entrypoints
4bc8375e29ac6a614950891ea8953b32a8cb6de5,backend/app/services/confluence_service.py,244,method,get_page_by_id,"def get_page_by_id(self, page_id:",prod,Python,2,0,LOW,,unreachable_from_entrypoints
34ad802ab14b2a531d1ab8d33ac96813143f084c,backend/app/services/confluence_service.py,267,method,extract_jira_keys_from_page,"def extract_jira_keys_from_page(self, page_content:",prod,Python,1,0,LOW,,unreachable_from_entrypoints
7e7d27620e4df878cc013d8e080f49ba78f3d8b6,backend/app/services/confluence_service.py,320,method,list_spaces,"def list_spaces(self, q:",prod,Python,0,0,LOW,,unreachable_from_entrypoints
3ecff4f1c71c06bb9bbbfcf3b20d6fb8accf0a7e,backend/app/services/confluence_service.py,371,method,list_pages,"def list_pages(self, space:",prod,Python,0,0,LOW,,unreachable_from_entrypoints
a354845bee60c3cca019bba3e5832a0e067b3f98,backend/app/services/confluence_service.py,482,method,list_space_tree,"def list_space_tree(self, space:",prod,Python,0,0,LOW,,unreachable_from_entrypoints
4d97c263fdc95b46e34e7a804ccbb6c106e59e31,backend/app/services/confluence_service.py,542,method,list_children,"def list_children(self, page_id:",prod,Python,1,0,LOW,,unreachable_from_entrypoints
12be6f774badb0f6c754b95dc2ce81ebb5c3fe35,backend/app/services/confluence_service.py,564,method,iter_subtree,"def iter_subtree(self, root_id:",prod,Python,0,0,LOW,,unreachable_from_entrypoints
036028667c1f0d5dbc1287652800ba90871864d2,backend/app/services/git/webhook_processor.py,29,function,parse_jira_keys_from_text,def parse_jira_keys_from_text(text:,prod,Python,2,0,LOW,,unreachable_from_entrypoints
77108a452ad0b39917f4d62884dfce16fcf32806,backend/app/services/git/webhook_processor.py,36,function,parse_iso_datetime,def parse_iso_datetime(dt_val) -> Optional[datetime]:,prod,Python,0,0,LOW,,unreachable_from_entrypoints
a31da3cca5a38ac92a6665c9190a3167e03b1a59,backend/app/services/git/webhook_processor.py,53,function,get_or_create_repository,async def get_or_create_repository( db:,prod,Python,3,0,LOW,,unreachable_from_entrypoints
95c07eb812a74b4f4c1ebf4960f8077870469e81,backend/app/services/git/webhook_processor.py,96,function,merge_artifact_meta,async def merge_artifact_meta(artifact:,prod,Python,2,0,LOW,,unreachable_from_entrypoints
129aa3cb76090b443f5a409502558b1c607c7ebb,backend/app/services/git/webhook_processor.py,105,function,link_artifact_to_issue,async def link_artifact_to_issue( db:,prod,Python,2,0,LOW,,unreachable_from_entrypoints
9063587e29142131eb28f74098a1052dcb119c15,backend/app/services/git/webhook_processor.py,154,function,process_commits,async def process_commits( db:,prod,Python,3,0,LOW,,unreachable_from_entrypoints
52af50eaeea6142a38f29349a50d58234d8d22dc,backend/app/services/git/webhook_processor.py,289,function,process_pull_request,async def process_pull_request( db:,prod,Python,5,0,LOW,,unreachable_from_entrypoints
368950236e17196f030394cfeef422819e32da42,backend/app/services/git_import_service.py,39,method,headers,"def headers(self) -> Dict[str, str]:",prod,Python,0,0,LOW,,unreachable_from_entrypoints
140e5cf64c3a938fde234e31fa3ba49e3cf77037,backend/app/services/git_import_service.py,55,method,__init__,def __init__(self) -> None:,prod,Python,0,0,LOW,,unreachable_from_entrypoints
9bc9517ff097bd96464a015211a054c095d33118,backend/app/services/git_import_service.py,58,method,_get_session,def _get_session(self) -> requests.Session:,prod,Python,4,0,LOW,,unreachable_from_entrypoints
9d254025372daf486c7c3e8d46f7a8db6b2efac9,backend/app/services/git_import_service.py,64,method,_session_get,"async def _session_get(self, url:",prod,Python,2,0,LOW,,unreachable_from_entrypoints
27d4acae1e7b6d3c77c37725ed6f8a334e556447,backend/app/services/git_import_service.py,68,method,close,def close(self) -> None:,prod,Python,0,0,LOW,,unreachable_from_entrypoints
06af66437e4f05cb79ada97c3fd75c86baebfde4,backend/app/services/git_import_service.py,74,method,__del__,def __del__(self) -> None:,prod,Python,0,0,LOW,,unreachable_from_entrypoints
819057ab0d900709cd97044abf8c1eb0d5fd22ed,backend/app/services/git_import_service.py,78,method,sync_project,"async def sync_project( self, db:",prod,Python,0,0,LOW,,unreachable_from_entrypoints
304a6215ab317e57644baee2c6ec621e1cbd5b2d,backend/app/services/git_import_service.py,135,method,_get_provider_config,"async def _get_provider_config( self, db:",prod,Python,0,0,LOW,,unreachable_from_entrypoints
6ee6ae5e42896eb6868ea35754dee3daa89b1458,backend/app/services/git_import_service.py,174,method,_get_all_provider_configs,"async def _get_all_provider_configs( self, db:",prod,Python,1,0,LOW,,unreachable_from_entrypoints
1e17cce467ba088493b570119b59fb8f1d0f8cf3,backend/app/services/git_import_service.py,219,method,_ensure_default_branch,"async def _ensure_default_branch( self, db:",prod,Python,1,0,LOW,,unreachable_from_entrypoints
7a5c91193e168880de93c54ae79303e5a513cd2b,backend/app/services/git_import_service.py,265,method,_sync_commits,"async def _sync_commits( self, db:",prod,Python,1,0,LOW,,unreachable_from_entrypoints
9f4eb4d90fd9e552598816ecd750555bbc189aeb,backend/app/services/git_import_service.py,297,method,_sync_pull_requests,"async def _sync_pull_requests( self, db:",prod,Python,1,0,LOW,,unreachable_from_entrypoints
93e46dcd7ecbf0decc7d1ec6154c3b5e271c9968,backend/app/services/git_import_service.py,343,method,_fetch_github_commits,"def _fetch_github_commits(self, config:",prod,Python,0,0,LOW,,unreachable_from_entrypoints
49c3cb2802aec6cbb8cb158968c304549423d729,backend/app/services/git_import_service.py,371,method,_fetch_gitlab_commits,"def _fetch_gitlab_commits( self, config:",prod,Python,0,0,LOW,,unreachable_from_entrypoints
d0f7f41578ca7b76a3c02890f64437e13cf64b31,backend/app/services/git_import_service.py,455,method,_fetch_gitlab_merge_requests,"def _fetch_gitlab_merge_requests(self, config:",prod,Python,0,0,LOW,,unreachable_from_entrypoints
21574d64ae263b42949f6f36a7ca62a01f1e76fe,backend/app/services/github_client.py,14,function,fetch_pull_requests,async def fetch_pull_requests( token:,prod,Python,0,0,LOW,,unreachable_from_entrypoints
85abb9fa94705e704938ed9493b2fd0aebb71e0d,backend/app/services/jira/auth_strategy.py,18,method,apply_auth,"def apply_auth(self, headers:",prod,Python,0,0,LOW,,unreachable_from_entrypoints
116f24686c45c479f73fd2e049b011fd76c6e7aa,backend/app/services/jira/auth_strategy.py,31,method,get_requests_auth,def get_requests_auth(self):,prod,Python,0,0,LOW,,unreachable_from_entrypoints
21c8c9a27523ae4e7f9d659261bb3f7f151534c8,backend/app/services/jira/auth_strategy.py,41,method,auth_type,def auth_type(self) -> str:,prod,Python,0,0,LOW,,unreachable_from_entrypoints
8ec5aefe4cb5cc7750a0971e4e9784b11ec5487e,backend/app/services/jira/auth_strategy.py,58,method,__init__,"def __init__(self, email:",prod,Python,0,0,LOW,,unreachable_from_entrypoints
db5841f1f04ab826a5a1b8685d6396cff1f1ef7f,backend/app/services/jira/auth_strategy.py,70,method,apply_auth,"def apply_auth(self, headers:",prod,Python,0,0,LOW,,unreachable_from_entrypoints
d3061fb9b741e4fc019b804510688b5894c686f8,backend/app/services/jira/auth_strategy.py,82,method,get_requests_auth,def get_requests_auth(self):,prod,Python,0,0,LOW,,unreachable_from_entrypoints
1e0afd2f7924a1bfbd672f61d0769e3dcd34349c,backend/app/services/jira/auth_strategy.py,91,method,auth_type,def auth_type(self) -> str:,prod,Python,0,0,LOW,,unreachable_from_entrypoints
ff4e0d3e748b8453486c238288ac627f6ec4a671,backend/app/services/jira/auth_strategy.py,95,method,__repr__,def __repr__(self) -> str:,prod,Python,0,0,LOW,,unreachable_from_entrypoints
647a7647126625b3d42597d103fd8b77ba9d3a60,backend/app/services/jira/auth_strategy.py,108,method,__init__,"def __init__(self, token:",prod,Python,0,0,LOW,,unreachable_from_entrypoints
0de3f3ce0ab277dd4aaafb5ba3a5b1f3c2b6b44e,backend/app/services/jira/auth_strategy.py,117,method,apply_auth,"def apply_auth(self, headers:",prod,Python,0,0,LOW,,unreachable_from_entrypoints
d82dba90b32b02f2e1cb72d88daceda21d52b457,backend/app/services/jira/auth_strategy.py,131,method,get_requests_auth,def get_requests_auth(self):,prod,Python,0,0,LOW,,unreachable_from_entrypoints
8508ee18d9be4881d64559af1723523b9311301b,backend/app/services/jira/auth_strategy.py,140,method,auth_type,def auth_type(self) -> str:,prod,Python,0,0,LOW,,unreachable_from_entrypoints
36eed929526c0dd8bcec6da3f2816b7e165d4522,backend/app/services/jira/auth_strategy.py,144,method,__repr__,def __repr__(self) -> str:,prod,Python,0,0,LOW,,unreachable_from_entrypoints
d4077f7f0c55c05734811932570f5dbdbeb44016,backend/app/services/jira/auth_strategy.py,156,method,create_auth,def create_auth( email:,prod,Python,0,0,LOW,,unreachable_from_entrypoints
1d58f9ffa12c846e2f5fe0b4641f9544645f31b1,backend/app/services/jira/board_service.py,31,method,__init__,"def __init__( self, http_client:",prod,Python,0,0,LOW,,unreachable_from_entrypoints
7e90346f1f5b66a764ff49522c3cc1fb2414a952,backend/app/services/jira/board_service.py,49,method,list_boards_for_project,"def list_boards_for_project(self, project_key:",prod,Python,0,0,LOW,,unreachable_from_entrypoints
3a3d5929d96892fafa8818a6eca0d4fb6fcc0c94,backend/app/services/jira/board_service.py,93,method,list_sprints,"def list_sprints(self, board_id:",prod,Python,0,0,LOW,,unreachable_from_entrypoints
952fd3266f17f445a2092bad8337263c240d1acb,backend/app/services/jira/board_service.py,163,method,list_issues_in_sprint,"def list_issues_in_sprint(self, sprint_id:",prod,Python,0,0,LOW,,unreachable_from_entrypoints
977616848cad5fd4c77cd6398db3f608ab0df6e9,backend/app/services/jira/board_service.py,213,method,get_issue_worklogs,"def get_issue_worklogs(self, issue_key:",prod,Python,0,0,LOW,,unreachable_from_entrypoints
7c68fe48a08ca0710fd607f159f1768bf36cab2f,backend/app/services/jira/board_service.py,292,method,async_get_issue_worklogs,"async def async_get_issue_worklogs(self, issue_key:",prod,Python,0,0,LOW,,unreachable_from_entrypoints
ef0bf8b705d02c3bd7527522cf9ee45c7e8c470f,backend/app/services/jira/board_service.py,355,method,get_active_sprints,"def get_active_sprints(self, board_id:",prod,Python,0,0,LOW,,unreachable_from_entrypoints
67537b1ce4668b2c20f3cf2513f49d76a30978ff,backend/app/services/jira/board_service.py,368,method,get_worklogs,"def get_worklogs(self, issue_key:",prod,Python,0,0,LOW,,unreachable_from_entrypoints
a73f611546dafc1113ee893f34bcb24278b55bd9,backend/app/services/jira/circuit_breaker.py,30,method,__init__,"def __init__( self, threshold:",prod,Python,0,0,LOW,,unreachable_from_entrypoints
d0d4de9bde84244b7405435d98cf513b3117c589,backend/app/services/jira/circuit_breaker.py,74,method,is_open,def is_open(self) -> bool:,prod,Python,10,0,LOW,,unreachable_from_entrypoints
a710c038e9d2a25942b6ab83bf5b38422609ad60,backend/app/services/jira/circuit_breaker.py,101,method,record_success,def record_success(self) -> None:,prod,Python,10,0,LOW,,unreachable_from_entrypoints
13f6cd49791cde9c9792cf45b6fdf26fe7e521ee,backend/app/services/jira/circuit_breaker.py,111,method,record_failure,def record_failure(self) -> None:,prod,Python,16,0,LOW,,unreachable_from_entrypoints
b52560a91520c8be031705edf2841626b45b98d0,backend/app/services/jira/circuit_breaker.py,129,method,_open,def _open(self) -> None:,prod,Python,1,0,LOW,,unreachable_from_entrypoints
00a6d171efdfa0369efd8adb9ef50ed550e9aac1,backend/app/services/jira/circuit_breaker.py,144,method,_update_metrics_open,def _update_metrics_open(self) -> None:,prod,Python,1,0,LOW,,unreachable_from_entrypoints
49c844f04d1f916cf59b4417ab93086f78c415e2,backend/app/services/jira/circuit_breaker.py,153,method,_update_metrics_closed,def _update_metrics_closed(self) -> None:,prod,Python,2,0,LOW,,unreachable_from_entrypoints
c3fb26170998d6513f7faaf7a9f7c637f226c098,backend/app/services/jira/circuit_breaker.py,161,method,stats,def stats(self) -> dict:,prod,Python,0,0,LOW,,unreachable_from_entrypoints
18dcb7c5853bdb91aea088afad844141504c3ed5,backend/app/services/jira/http_client.py,27,method,__init__,"def __init__( self, base_url:",prod,Python,0,0,LOW,,unreachable_from_entrypoints
840ec956baaabee5ed23cf6cbddd50fb0f14c740,backend/app/services/jira/http_client.py,61,method,request,"def request( self, method:",prod,Python,5,0,LOW,,unreachable_from_entrypoints
17a17e9b46b4b3a34d6b17c4c240d600dcec572d,backend/app/services/jira/http_client.py,134,method,get,"def get(self, endpoint:",prod,Python,0,0,LOW,,unreachable_from_entrypoints
2ab451bb28ade2f15316045b910002d3334f413c,backend/app/services/jira/http_client.py,147,method,post,"def post(self, endpoint:",prod,Python,125,0,LOW,,unreachable_from_entrypoints
030771675bc55e8c9c50c477a06438fa087984fb,backend/app/services/jira/http_client.py,160,method,put,"def put(self, endpoint:",prod,Python,19,0,LOW,,unreachable_from_entrypoints
1443e9a0aa9429901edc3a3c830bd7bff8c473f5,backend/app/services/jira/http_client.py,173,method,delete,"def delete(self, endpoint:",prod,Python,0,0,LOW,,unreachable_from_entrypoints
77d2295bdb69b72d1d7dd0aaf7ba61caf4455ff1,backend/app/services/jira/http_client.py,186,method,headers,"def headers(self) -> Dict[str, str]:",prod,Python,0,0,LOW,,unreachable_from_entrypoints
9c9fdb010622547d9c96ca831f444f7560e952b5,backend/app/services/jira/http_client.py,203,method,basic_auth_tuple,"def basic_auth_tuple(self) -> Optional[tuple[str, str]]:",prod,Python,0,0,LOW,,unreachable_from_entrypoints
335c23383e88a549bbfc2881b38aab3c6eee0e1f,backend/app/services/jira/jira_service.py,76,method,__init__,def __init__(self):,prod,Python,0,0,LOW,,unreachable_from_entrypoints
d61f1e9b93a84e930176ff9f633b079d615ed087,backend/app/services/jira/jira_service.py,105,method,connect,"def connect( self, base_url:",prod,Python,0,0,LOW,,unreachable_from_entrypoints
0e520f309a8b89a6fa83e5e1d8b1bfee1989a665,backend/app/services/jira/jira_service.py,167,method,_initialize_services,def _initialize_services(self):,prod,Python,1,0,LOW,,unreachable_from_entrypoints
6abfdcc5ead263c70d10a522b8b741d95c3aa5bb,backend/app/services/jira/jira_service.py,212,method,validate,def validate(self) -> bool:,prod,Python,0,0,LOW,,unreachable_from_entrypoints
92e27bcef673c49e1cca85b2f74eb1144157f9b4,backend/app/services/jira/jira_service.py,290,method,_normalize_endpoint,"def _normalize_endpoint(self, url_or_endpoint:",prod,Python,0,0,LOW,,unreachable_from_entrypoints
d9d95c6467219ef9cba0f5db1bd1557918948ab7,backend/app/services/jira/jira_service.py,307,method,_headers,"def _headers(self) -> Dict[str, str]:",prod,Python,0,0,LOW,,unreachable_from_entrypoints
dad4fd59cdc4619fdc2763892485700e75064291,backend/app/services/jira/jira_service.py,313,method,_get,"def _get(self, url:",prod,Python,0,0,LOW,,unreachable_from_entrypoints
3fc07cdd2b440a74cbe1e35b9689feaa86e2c992,backend/app/services/jira/jira_service.py,320,method,_handle_response,"def _handle_response(self, endpoint:",prod,Python,3,0,LOW,,unreachable_from_entrypoints
0d5a7adf1faa3e016d565d8731357e157125a0d1,backend/app/services/jira/jira_service.py,328,method,status,"def status(self) -> Dict[str, Any]:",prod,Python,0,0,LOW,,unreachable_from_entrypoints
0dba5af787d1079b5f6aaaeeea1331ee0887dd47,backend/app/services/jira/jira_service.py,344,method,get_project,"def get_project(self, project_key:",prod,Python,0,0,LOW,,unreachable_from_entrypoints
8cada9739d3fe7ede9098f0d07cf244b2d051377,backend/app/services/jira/jira_service.py,377,method,get_project_issues,"def get_project_issues( self, project_key:",prod,Python,0,0,LOW,,unreachable_from_entrypoints
58202747d0335b2290dd451fb30ab2bb13ad8cca,backend/app/services/jira/jira_service.py,400,method,list_projects,"def list_projects(self, query:",prod,Python,0,0,LOW,,unreachable_from_entrypoints
c486db3463c725790149f2295f330c4ec250bfc9,backend/app/services/jira/jira_service.py,432,method,async_get_project_issues,"async def async_get_project_issues( self, project_key:",prod,Python,0,0,LOW,,unreachable_from_entrypoints
730e13f42ec841f2b7dfca2a9b93ab85e00a5fed,backend/app/services/jira/jira_service.py,454,method,list_boards_for_project,"def list_boards_for_project(self, project_key:",prod,Python,0,0,LOW,,unreachable_from_entrypoints
b0ffa8d200c0d23d4cf197f190e9ee8938bc8798,backend/app/services/jira/jira_service.py,483,method,list_sprints,"def list_sprints(self, board_id:",prod,Python,0,0,LOW,,unreachable_from_entrypoints
e93f78721101767663dc5845beea3e6e1d4bfb9e,backend/app/services/jira/jira_service.py,512,method,list_issues_in_sprint,"def list_issues_in_sprint(self, sprint_id:",prod,Python,0,0,LOW,,unreachable_from_entrypoints
3e2a991c64f78e1ed38e653d550cdb729d55d22d,backend/app/services/jira/jira_service.py,541,method,get_issue_worklogs,"def get_issue_worklogs(self, issue_key:",prod,Python,0,0,LOW,,unreachable_from_entrypoints
83f6f05cb51cdd21facee44258ab1767fdf39e1e,backend/app/services/jira/jira_service.py,569,method,async_get_issue_worklogs,"async def async_get_issue_worklogs(self, issue_key:",prod,Python,0,0,LOW,,unreachable_from_entrypoints
e28ef4ccfb3b12a353a6ce27f041a7cf09c62c5a,backend/app/services/jira/jira_service.py,586,method,get_active_sprints,"def get_active_sprints(self, board_id:",prod,Python,0,0,LOW,,unreachable_from_entrypoints
dcac837ce69495a7c2ea51e954f230b9030c2480,backend/app/services/jira/jira_service.py,601,method,get_worklogs,"def get_worklogs(self, issue_key:",prod,Python,0,0,LOW,,unreachable_from_entrypoints
9d524f320ec156c0fa50f3578cc774f2b8293427,backend/app/services/jira/jira_service.py,615,method,invalidate_cache,def invalidate_cache(self) -> int:,prod,Python,0,0,LOW,,unreachable_from_entrypoints
f55e7a813b0d8e42838cb169f0e8a9d92bb09928,backend/app/services/jira/project_service.py,31,method,__init__,"def __init__( self, http_client:",prod,Python,0,0,LOW,,unreachable_from_entrypoints
13b17bb1a75f06ec8571a6dd0f3e78089ab7fdc1,backend/app/services/jira/project_service.py,52,method,get_project,"def get_project(self, project_key:",prod,Python,0,0,LOW,,unreachable_from_entrypoints
33f03c4f9e29bbf1597005a5e01324bb2872a67b,backend/app/services/jira/project_service.py,108,method,get_project_issues,"def get_project_issues( self, project_key:",prod,Python,0,0,LOW,,unreachable_from_entrypoints
b2b6eee9a8cfb9f520a9d8958585e272e0241d22,backend/app/services/jira/project_service.py,222,method,list_projects,"def list_projects(self, query:",prod,Python,0,0,LOW,,unreachable_from_entrypoints
4a808239c3d5b0266570586de091bca78f6c0559,backend/app/services/jira/project_service.py,307,method,async_get_project_issues,"async def async_get_project_issues( self, project_key:",prod,Python,0,0,LOW,,unreachable_from_entrypoints
7c6cf2ad2ba69d5577eb7b67ce593fa8f4748469,backend/app/services/jira/project_service.py,435,method,_transform_issue,"def _transform_issue(self, issue:",prod,Python,2,0,LOW,,unreachable_from_entrypoints
fc76fb8c9d79b892bf553905cd113a5f45edf61f,backend/app/services/jira/project_service.py,478,method,_filter_projects,"def _filter_projects( self, items:",prod,Python,2,0,LOW,,unreachable_from_entrypoints
92097d82e4bd45ad8b48ab42af4944b9c8bce625,backend/app/services/jira/response_handler.py,35,method,handle_response,"def handle_response(self, endpoint:",prod,Python,5,0,LOW,,unreachable_from_entrypoints
c8de0c3cf771f7af87b020cc19e8caf043880a12,backend/app/services/jira/response_handler.py,87,method,_is_auth_error,"def _is_auth_error(self, response:",prod,Python,1,0,LOW,,unreachable_from_entrypoints
2b9e230456e6956320116455978880190afa94fc,backend/app/services/jira/response_handler.py,140,method,_record_non_json_metric,"def _record_non_json_metric(self, endpoint:",prod,Python,1,0,LOW,,unreachable_from_entrypoints
bc40b6184d93c628bdafad0dc4beac8f85b376c9,backend/app/services/jira/response_handler.py,147,method,_record_json_parse_error,"def _record_json_parse_error(self, endpoint:",prod,Python,1,0,LOW,,unreachable_from_entrypoints
7d9d8b7a2b7caa69b69cfad9a9308ed716a4c46f,backend/app/services/jira/response_handler.py,154,method,validate_json_response,"def validate_json_response(self, response:",prod,Python,0,0,LOW,,unreachable_from_entrypoints
88233ce5846d27fbaa5b23340fa71077a946f30a,backend/app/services/jira/version_resolver.py,25,method,__init__,"def __init__(self, base_url:",prod,Python,0,0,LOW,,unreachable_from_entrypoints
16d906c06edee849478e0ebcbc9a619790707a29,backend/app/services/jira/version_resolver.py,35,method,is_server,def is_server(self) -> bool:,prod,Python,3,0,LOW,,unreachable_from_entrypoints
1d62c9065e81994d565a724d2610b23eb0ddfbbc,backend/app/services/jira/version_resolver.py,51,method,_detect_server_type,def _detect_server_type(self) -> bool:,prod,Python,1,0,LOW,,unreachable_from_entrypoints
5a17fe8c865f03133fc9b01fb84eafddc6220892,backend/app/services/jira/version_resolver.py,72,method,get_api_versions,"def get_api_versions( self, endpoint_type:",prod,Python,6,0,LOW,,unreachable_from_entrypoints
f6bdedf98fd413beea12b2e2bda01357932c1f6a,backend/app/services/jira/version_resolver.py,119,method,get_server_type_name,def get_server_type_name(self) -> str:,prod,Python,2,0,LOW,,unreachable_from_entrypoints
fa5b5171ba76214370b5dc024fcc637f9214f468,backend/app/services/jira/version_resolver.py,128,method,reset_cache,def reset_cache(self) -> None:,prod,Python,0,0,LOW,,unreachable_from_entrypoints
0a876f2561b45f9307b941bff595ed36d3da4985,backend/app/services/jira_field_mapper.py,48,method,__init__,"def __init__(self, jira_service):",prod,Python,0,0,LOW,,unreachable_from_entrypoints
d8f1d0c63937f97af4ce3550c12c7b0ce1d718a9,backend/app/services/jira_field_mapper.py,55,method,_client,def _client(self) -> JiraHttpClient:,prod,Python,3,0,LOW,,unreachable_from_entrypoints
723110f207a09911f2b12ffc78fcea54e7596f8c,backend/app/services/jira_field_mapper.py,62,method,discover_fields,"async def discover_fields(self, force_refresh:",prod,Python,0,0,LOW,,unreachable_from_entrypoints
cc250f08bd8bf20f8fa2b4f60e6c67002a8c6aee,backend/app/services/jira_field_mapper.py,103,method,_fetch_all_fields,async def _fetch_all_fields(self) -> List[Dict]:,prod,Python,1,0,LOW,,unreachable_from_entrypoints
2f8a05668e3d69ad976526447ad8f3903eb4e22f,backend/app/services/jira_field_mapper.py,123,method,_auto_map_fields,async def _auto_map_fields(self):,prod,Python,1,0,LOW,,unreachable_from_entrypoints
ed74aeae0a751f039cc54e45860b41aa11938c23,backend/app/services/jira_field_mapper.py,162,method,get_field_id,"def get_field_id(self, field_type:",prod,Python,4,0,LOW,,unreachable_from_entrypoints
8c9056396b2e996023d885d4926a3e469bd64d9f,backend/app/services/jira_field_mapper.py,166,method,set_field_mapping,"def set_field_mapping(self, field_type:",prod,Python,5,0,LOW,,unreachable_from_entrypoints
65029e8e1bff9ec00eb9d39c2436324281a2255a,backend/app/services/jira_field_mapper.py,171,method,parse_sprint_field,"async def parse_sprint_field(self, field_value:",prod,Python,3,0,LOW,,unreachable_from_entrypoints
04e42a09853485cfec9fef1273a8779164a0983d,backend/app/services/jira_field_mapper.py,203,method,_parse_single_sprint,"def _parse_single_sprint(self, sprint_data:",prod,Python,2,0,LOW,,unreachable_from_entrypoints
df2998b889a4f5cbe33a79e73349b41cacc89b23,backend/app/services/jira_field_mapper.py,224,method,_parse_sprint_string,"def _parse_sprint_string(self, sprint_str:",prod,Python,2,0,LOW,,unreachable_from_entrypoints
96865690ea8c079d31a78996945bc1247ecc6f09,backend/app/services/jira_field_mapper.py,258,method,get_issue_with_mapped_fields,"async def get_issue_with_mapped_fields(self, issue_key:",prod,Python,1,0,LOW,,unreachable_from_entrypoints
61384ad5f2fa723da4b14e1359913dc6044e03be,backend/app/services/jira_field_mapper.py,319,method,_fetch_issue_with_all_fields,"async def _fetch_issue_with_all_fields(self, issue_key:",prod,Python,2,0,LOW,,unreachable_from_entrypoints
7f15e274521d3b31cb2dde4fa72811be2784b4c6,backend/app/services/jira_field_mapper.py,339,method,_get_nested,"def _get_nested(self, data:",prod,Python,3,0,LOW,,unreachable_from_entrypoints
af4634c0babeb7e7b68477caab25439c33bfed67,backend/app/services/jira_field_mapper.py,348,method,_get_user_info,"def _get_user_info(self, user_data:",prod,Python,2,0,LOW,,unreachable_from_entrypoints
54af38ec0e41416711da00f5266dc7f4908621d2,backend/app/services/jira_field_mapper.py,360,method,calibrate,"async def calibrate(self, sample_project_key:",prod,Python,1,0,LOW,,unreachable_from_entrypoints
bcb724ed3ffdf9f71fd968eb22f493b5d6099fd5,backend/app/services/jira_field_mapper.py,454,method,_looks_like_sprint,"def _looks_like_sprint(self, samples:",prod,Python,1,0,LOW,,unreachable_from_entrypoints
80c42b61e9fcd392624c43c48d072c16e2e66c48,backend/app/services/jira_field_mapper.py,469,method,_looks_like_story_points,"def _looks_like_story_points(self, samples:",prod,Python,1,0,LOW,,unreachable_from_entrypoints
8cb54ff922bea836b1da51a2dff411b3af073656,backend/app/services/jira_field_mapper.py,477,method,_looks_like_epic_link,"def _looks_like_epic_link(self, samples:",prod,Python,1,0,LOW,,unreachable_from_entrypoints
3e3cbb967e21152df16cef1a0c470974bf94b2b4,backend/app/services/jira_field_mapper.py,484,method,get_sprints_with_fallback,"async def get_sprints_with_fallback(self, issue_key:",prod,Python,1,0,LOW,,unreachable_from_entrypoints
2263a552e9ae9d5da7dcf736efdf3251c424f144,backend/app/services/jira_field_mapper.py,508,method,_get_sprints_from_custom_field,"async def _get_sprints_from_custom_field(self, issue_key:",prod,Python,0,0,LOW,,unreachable_from_entrypoints
4cf530eac35ca597db8b9abaf019c22a497ba9eb,backend/app/services/jira_field_mapper.py,521,method,_get_sprints_from_agile_api,"async def _get_sprints_from_agile_api(self, issue_key:",prod,Python,0,0,LOW,,unreachable_from_entrypoints
7f532ef53a0a9cc226590274ec83264cbb5c6739,backend/app/services/jira_field_mapper.py,546,method,_get_sprints_from_board_api,"async def _get_sprints_from_board_api(self, issue_key:",prod,Python,0,0,LOW,,unreachable_from_entrypoints
fd310261392cc626c9be6a8ae6ef2182d0dd05eb,backend/app/services/jira_field_mapper.py,552,method,export_configuration,"def export_configuration(self) -> Dict[str, Any]:",prod,Python,0,0,LOW,,unreachable_from_entrypoints
4b92ea617fb408da3db63ad06cca7224ba715163,backend/app/services/jira_field_mapper.py,561,method,import_configuration,"def import_configuration(self, config:",prod,Python,0,0,LOW,,unreachable_from_entrypoints
acdb765496e97020996a3ea2d3a69600fa3035d6,backend/app/services/jira_sync.py,11,function,perform_project_sync,async def perform_project_sync(project_key:,prod,Python,5,0,LOW,,unreachable_from_entrypoints
d2c43865c1860c3a953288511649b0871c92e8f5,backend/app/services/report_generator.py,35,method,__init__,"def __init__(self, report:",prod,Python,0,0,LOW,,unreachable_from_entrypoints
81cbaa2758cb926edb514654fb8e7d85ad2fd074,backend/app/services/report_generator.py,40,method,header,def header(self):,prod,Python,0,0,LOW,,unreachable_from_entrypoints
519a164b338921c726fbde2dfbda012070abd88f,backend/app/services/report_generator.py,54,method,footer,def footer(self):,prod,Python,0,0,LOW,,unreachable_from_entrypoints
8e1d51d7fe9f7a3e2d7d66feef5a10a41ef01663,backend/app/services/report_generator.py,60,method,section_title,"def section_title(self, title:",prod,Python,6,0,LOW,,unreachable_from_entrypoints
578b96950cfd0524e84d10830b87f8b983b10757,backend/app/services/report_generator.py,66,method,subsection_title,"def subsection_title(self, title:",prod,Python,2,0,LOW,,unreachable_from_entrypoints
13fa2a4c499e89cbb8491d5fc57d7cff742ea727,backend/app/services/report_generator.py,71,method,add_metric_row,"def add_metric_row(self, label:",prod,Python,18,0,LOW,,unreachable_from_entrypoints
7b58e46558910dd693a6a0d828fa3c7a14f477ce,backend/app/services/report_generator.py,79,method,add_quality_grade_box,"def add_quality_grade_box(self, grade:",prod,Python,1,0,LOW,,unreachable_from_entrypoints
c0c55e7330eb9c2c5f8b832badaac4f6105ea016,backend/app/services/report_generator.py,99,method,add_highlights_concerns,"def add_highlights_concerns(self, highlights:",prod,Python,1,0,LOW,,unreachable_from_entrypoints
61c6d7bf68950e9a82fc6f88cc1c021fae384af3,backend/app/services/report_generator.py,128,method,__init__,"def __init__(self, reports_dir:",prod,Python,0,0,LOW,,unreachable_from_entrypoints
5feddd346f5fa6f924f7a3074987799139a293b4,backend/app/services/report_generator.py,132,method,generate_report_data,"def generate_report_data( self, project_id:",prod,Python,1,0,LOW,,unreachable_from_entrypoints
b5fd01147568e2d630fe33cca6909b57acd75eb4,backend/app/services/report_generator.py,197,method,_compute_quality_score,"def _compute_quality_score( self, quality_summary:",prod,Python,1,0,LOW,,unreachable_from_entrypoints
b5f0f36b43803b060e8b96d6dc1c4eeccd67915e,backend/app/services/report_generator.py,242,method,_score_to_grade,"def _score_to_grade(self, score:",prod,Python,1,0,LOW,,unreachable_from_entrypoints
cd36b717f68ea7a2ae14801e50931a04f85dcdd3,backend/app/services/report_generator.py,254,method,_generate_highlights_concerns,"def _generate_highlights_concerns( self, quality_summary:",prod,Python,1,0,LOW,,unreachable_from_entrypoints
4aa7ab1ff5607fa1117e75b61450794b8dead09d,backend/app/services/report_generator.py,301,method,_generate_recommendations,"def _generate_recommendations( self, quality_summary:",prod,Python,1,0,LOW,,unreachable_from_entrypoints
cb486204a92bfdc45ec3f24d547630e38a3ddc28,backend/app/services/report_generator.py,362,method,generate_pdf,"def generate_pdf(self, report:",prod,Python,2,0,LOW,,unreachable_from_entrypoints
29b89a690dde70930287daff45401a4487788e41,backend/app/services/report_generator.py,456,method,generate_excel,"def generate_excel(self, report:",prod,Python,2,0,LOW,,unreachable_from_entrypoints
f83a7a0f2e1a381e834590c943b9f99255a6a4fe,backend/app/services/report_generator.py,566,method,save_report,"def save_report( self, report:",prod,Python,1,0,LOW,,unreachable_from_entrypoints
aba75d3a35f77339a129d1afe69b20217a5a5ce5,backend/app/services/repository_resolver.py,13,method,get_primary_repository,async def get_primary_repository( project_id:,prod,Python,0,0,LOW,,unreachable_from_entrypoints
b230bc511f1f7e57c71eeeb8dbebb268517aed5b,backend/app/services/repository_resolver.py,44,method,get_all_repositories,async def get_all_repositories( project_id:,prod,Python,2,0,LOW,,unreachable_from_entrypoints
0f1242c45a3f0c28b856843cb35555bdbc3f6e22,backend/app/services/repository_resolver.py,60,method,get_repository_by_provider,async def get_repository_by_provider( project_id:,prod,Python,0,0,LOW,,unreachable_from_entrypoints
392a484378891f42eb1633004d4c8e6bc82066cf,backend/app/services/repository_resolver.py,82,method,get_project_by_repository,async def get_project_by_repository( repository_id:,prod,Python,2,0,LOW,,unreachable_from_entrypoints
da7828cc10c88b6dd93186705a34ad21f17bec07,backend/app/services/rule_execution_engine.py,38,method,validate_string,def validate_string(value:,prod,Python,21,0,LOW,,unreachable_from_entrypoints
e0a996bd19114b38da74d8641f8a790b1936eb74,backend/app/services/rule_execution_engine.py,52,method,validate_date,def validate_date(value:,prod,Python,9,0,LOW,,unreachable_from_entrypoints
90226e897a17cdf53ae2d8afe376777a0a8425c5,backend/app/services/rule_execution_engine.py,67,method,validate_regex_pattern,def validate_regex_pattern(pattern:,prod,Python,10,0,LOW,,unreachable_from_entrypoints
449ed41786e87a66930f3e21676b2d7d3847cc52,backend/app/services/rule_execution_engine.py,122,method,validate_list_of_strings,def validate_list_of_strings(value:,prod,Python,16,0,LOW,,unreachable_from_entrypoints
f8644921e02ea9ba260473e98e65aecbc21c2e49,backend/app/services/rule_execution_engine.py,144,method,__init__,"def __init__(self, rule_id:",prod,Python,0,0,LOW,,unreachable_from_entrypoints
b5b0e38c61f2090861a0b6c369c1ed86d952a1d8,backend/app/services/rule_execution_engine.py,161,method,set_node_output,"def set_node_output(self, node_id:",prod,Python,17,0,LOW,,unreachable_from_entrypoints
0e2a3bc842fd219887d1be73db43f272e2fb016a,backend/app/services/rule_execution_engine.py,165,method,get_node_output,"def get_node_output(self, node_id:",prod,Python,0,0,LOW,,unreachable_from_entrypoints
ebe96255f41ee53cf620ce12d9bd5844f86f1b4f,backend/app/services/rule_execution_engine.py,169,method,add_link,"def add_link(self, link:",prod,Python,1,0,LOW,,unreachable_from_entrypoints
c23aaf8d54aec5759d1b325651eaa11f4551e56a,backend/app/services/rule_execution_engine.py,173,method,add_error,"def add_error(self, message:",prod,Python,12,0,LOW,,unreachable_from_entrypoints
4014ce3285116ca46a4e309f0c9bdc2ad08bd987,backend/app/services/rule_execution_engine.py,177,method,add_warning,"def add_warning(self, message:",prod,Python,7,0,LOW,,unreachable_from_entrypoints
68abd7f40b2bf210a02f7bc71241641714d1938c,backend/app/services/rule_execution_engine.py,181,method,get_input_artifacts,"def get_input_artifacts(self, node_id:",prod,Python,6,0,LOW,,unreachable_from_entrypoints
216ca1a257991102294442450b8410105974c5e8,backend/app/services/rule_execution_engine.py,199,method,execute,"def execute(self, node:",prod,Python,0,0,LOW,,unreachable_from_entrypoints
01d009f2c14d4288e23329a1e10c2fa50830ce53,backend/app/services/rule_execution_engine.py,207,method,execute,"def execute(self, node:",prod,Python,0,0,LOW,,unreachable_from_entrypoints
ca60ced7edaa36ed86299584335de1bb6325180f,backend/app/services/rule_execution_engine.py,244,method,execute,"def execute(self, node:",prod,Python,0,0,LOW,,unreachable_from_entrypoints
ebfae718031f6253b36511a4bdb85a774b7ac8b0,backend/app/services/rule_execution_engine.py,287,method,execute,"def execute(self, node:",prod,Python,0,0,LOW,,unreachable_from_entrypoints
ec0d110c5262ae63a84ba7add346ce604d415a8c,backend/app/services/rule_execution_engine.py,323,method,execute,"def execute(self, node:",prod,Python,0,0,LOW,,unreachable_from_entrypoints
b599cb6da5d337063e076c3ccbbc2dbf9d6880e3,backend/app/services/rule_execution_engine.py,389,method,execute,"def execute(self, node:",prod,Python,0,0,LOW,,unreachable_from_entrypoints
d15c07052aae51babb31aa82e7d634371bb7891a,backend/app/services/rule_execution_engine.py,466,method,execute,"def execute(self, node:",prod,Python,0,0,LOW,,unreachable_from_entrypoints
1313ec0ac9738fcb5adcb25bdebff1d16c730556,backend/app/services/rule_execution_engine.py,514,method,_get_field_value,"def _get_field_value(self, artifact:",prod,Python,0,0,LOW,,unreachable_from_entrypoints
dedb48c57c4b1b161237d79c944fde5f04dbbb5f,backend/app/services/rule_execution_engine.py,534,method,execute,"def execute(self, node:",prod,Python,0,0,LOW,,unreachable_from_entrypoints
495be70ac03f346741e03510b41369130e7d5a6b,backend/app/services/rule_execution_engine.py,567,method,_get_field_value,"def _get_field_value(self, artifact:",prod,Python,0,0,LOW,,unreachable_from_entrypoints
fa0dc27c90285a16a850cbebf53fb6cff1cf845e,backend/app/services/rule_execution_engine.py,571,method,_apply_operator,"def _apply_operator(self, field_value:",prod,Python,1,0,LOW,,unreachable_from_entrypoints
a34b8d6a491678ca59a0375f71c642c9da7f4e7d,backend/app/services/rule_execution_engine.py,594,method,execute,"def execute(self, node:",prod,Python,0,0,LOW,,unreachable_from_entrypoints
d8d84bb02c6a1457ad8daeb0308a114beeeb7b16,backend/app/services/rule_execution_engine.py,625,method,_evaluate_condition,"def _evaluate_condition(self, artifacts:",prod,Python,1,0,LOW,,unreachable_from_entrypoints
23e77c8edb304595dbaca2954efcfd80cbb1971b,backend/app/services/rule_execution_engine.py,652,method,execute,"def execute(self, node:",prod,Python,0,0,LOW,,unreachable_from_entrypoints
881eb9c9334f3b54c644b544608b21bd357c150e,backend/app/services/rule_execution_engine.py,693,method,execute,"def execute(self, node:",prod,Python,0,0,LOW,,unreachable_from_entrypoints
d1451f15409e787a3c3a6cb31e1c9d90c861b636,backend/app/services/rule_execution_engine.py,723,method,execute,"def execute(self, node:",prod,Python,0,0,LOW,,unreachable_from_entrypoints
9b88a81c3f68250cd91b9dfc941dd160bced9092,backend/app/services/rule_execution_engine.py,766,method,_create_self_links,"def _create_self_links(self, artifacts:",prod,Python,1,0,LOW,,unreachable_from_entrypoints
166fa76fac1222629155fbe68e2cdb069a0291ad,backend/app/services/rule_execution_engine.py,775,method,_create_cross_links,"def _create_cross_links(self, sources:",prod,Python,2,0,LOW,,unreachable_from_entrypoints
1e82fe2d0bdaee9844c293f2667d19bd1af0c176,backend/app/services/rule_execution_engine.py,784,method,_create_link,"def _create_link(self, source:",prod,Python,4,0,LOW,,unreachable_from_entrypoints
5706887388f6f527438dc374274c6958673426c5,backend/app/services/rule_execution_engine.py,811,method,_calculate_confidence,"def _calculate_confidence(self, source:",prod,Python,1,0,LOW,,unreachable_from_entrypoints
6f0914fe1a79c943c8acee4ad3addfcf5b2d8f90,backend/app/services/rule_execution_engine.py,848,method,_get_reverse_link_type,"def _get_reverse_link_type(self, link_type:",prod,Python,2,0,LOW,,unreachable_from_entrypoints
8493f5a65b85abacc7da3dc3d32655c2aa142107,backend/app/services/rule_execution_engine.py,882,method,__init__,"def __init__(self, db:",prod,Python,0,0,LOW,,unreachable_from_entrypoints
be2ddb68c07f1b2ef5508f6f91b80a7c5cef2dc6,backend/app/services/rule_execution_engine.py,885,method,execute_rule,"def execute_rule(self, rule_id:",prod,Python,0,0,LOW,,unreachable_from_entrypoints
de7d3c718e9fdd92e6fdd348fabcc0a5a213f6fa,backend/app/services/rule_execution_engine.py,958,method,_topological_sort,"def _topological_sort(self, nodes:",prod,Python,1,0,LOW,,unreachable_from_entrypoints
e0c322f1b08b10a83db6a65bca045d22c3868a21,backend/app/services/sync/board_sync_service.py,31,method,__post_init__,def __post_init__(self):,prod,Python,0,0,LOW,,unreachable_from_entrypoints
f8847ccd592f376dd618c91bb04b4af874eae383,backend/app/services/sync/board_sync_service.py,47,method,__init__,"def __init__(self, jira_service:",prod,Python,0,0,LOW,,unreachable_from_entrypoints
b6219c53cedd46997160c73f7509bee6a60006f3,backend/app/services/sync/board_sync_service.py,50,method,sync_boards,"async def sync_boards( self, project_key:",prod,Python,1,0,LOW,,unreachable_from_entrypoints
3408d7984666f6142c3277ef83d5e2cec485fbbc,backend/app/services/sync/board_sync_service.py,111,method,_sync_board_sprints,"async def _sync_board_sprints( self, board:",prod,Python,1,0,LOW,,unreachable_from_entrypoints
9d8ef1c0d68731f273be100bda26c42f6e6e3816,backend/app/services/sync/board_sync_service.py,160,method,_sync_sprint,"async def _sync_sprint( self, sprint:",prod,Python,1,0,LOW,,unreachable_from_entrypoints
9ee2f1d03cb037c4bdc17d34f3c7c0c8e1260224,backend/app/services/sync/board_sync_service.py,212,method,_link_sprint_tasks,"async def _link_sprint_tasks( self, sprint_jira_id:",prod,Python,1,0,LOW,,unreachable_from_entrypoints
a3ec848b67bfd011b6bfa7fda5d79cc9648c68f9,backend/app/services/sync/issue_sync_service.py,29,method,__post_init__,def __post_init__(self):,prod,Python,0,0,LOW,,unreachable_from_entrypoints
c702b56937f287f84245ca3a1df8c5f5a7f0faf8,backend/app/services/sync/issue_sync_service.py,47,method,__init__,def __init__(self):,prod,Python,0,0,LOW,,unreachable_from_entrypoints
bcd24a11259a7998c47b304c1862c84a8d455b6d,backend/app/services/sync/issue_sync_service.py,51,method,sync_issues,"async def sync_issues( self, project_key:",prod,Python,1,0,LOW,,unreachable_from_entrypoints
f066b1fa40eada28550d3d827d0e545470819ddc,backend/app/services/sync/issue_sync_service.py,133,method,_build_lookup_cache,"async def _build_lookup_cache(self, project_id:",prod,Python,1,0,LOW,,unreachable_from_entrypoints
f480cda589b3b424cdbd53f47d5c40ac4f2ffe48,backend/app/services/sync/issue_sync_service.py,151,method,_process_batch,"async def _process_batch( self, project_key:",prod,Python,1,0,LOW,,unreachable_from_entrypoints
114afa3ce7d090f19c2b2cf7e336608544f0f65c,backend/app/services/sync/issue_sync_service.py,201,method,_process_single_issue,"async def _process_single_issue( self, project_id:",prod,Python,1,0,LOW,,unreachable_from_entrypoints
10b3b5e326cb2c41131d7f69e71235e98084c0ca,backend/app/services/sync/issue_sync_service.py,243,method,_find_existing_task,"async def _find_existing_task( self, jira_id:",prod,Python,1,0,LOW,,unreachable_from_entrypoints
0e8bba3d51d389e9e1b502b577c576728c8b815f,backend/app/services/sync/issue_sync_service.py,270,method,_update_task_identifiers,"def _update_task_identifiers( self, db_issue:",prod,Python,1,0,LOW,,unreachable_from_entrypoints
05588cf4db4fb72d4167c4aca5cded5081ebfa10,backend/app/services/sync/issue_sync_service.py,297,method,_update_task_fields,"def _update_task_fields( self, db_issue:",prod,Python,1,0,LOW,,unreachable_from_entrypoints
186dfa8ca8772e28cb45e58ab8e3cc11f482fc39,backend/app/services/sync/issue_sync_service.py,347,method,_extract_name,"def _extract_name(self, value:",prod,Python,3,0,LOW,,unreachable_from_entrypoints
5db840bf2d33653442a7d25f62b26a50e4d6e8a2,backend/app/services/sync/issue_sync_service.py,355,method,_update_people_fields,"def _update_people_fields( self, db_issue:",prod,Python,1,0,LOW,,unreachable_from_entrypoints
cea8b643856ef8873596b7d36f7c5d2cf222ddd4,backend/app/services/sync/issue_sync_service.py,385,method,_update_time_fields,"def _update_time_fields( self, db_issue:",prod,Python,1,0,LOW,,unreachable_from_entrypoints
0ee59a4b05d19e81ddc9702d8fdfacfcf6229cbf,backend/app/services/sync/issue_sync_service.py,406,method,_update_date_fields,"def _update_date_fields( self, db_issue:",prod,Python,1,0,LOW,,unreachable_from_entrypoints
4dd0dc4d61527512c040a9777b7d7b0cc56f51fb,backend/app/services/sync/issue_sync_service.py,424,method,_update_components,"def _update_components(self, db_issue:",prod,Python,1,0,LOW,,unreachable_from_entrypoints
abc8bd0c7e7932ba207146636da037e9a9c450dc,backend/app/services/sync/issue_sync_service.py,436,method,_verify_batch,"async def _verify_batch( self, project_id:",prod,Python,1,0,LOW,,unreachable_from_entrypoints
0ee92299a5645b55acebaee14a011a3892f8c06c,backend/app/services/sync/project_sync_orchestrator.py,64,method,__init__,def __init__(self):,prod,Python,0,0,LOW,,unreachable_from_entrypoints
6b56f2bf404b595afd0196fd014f5dff0831f2ae,backend/app/services/sync/project_sync_orchestrator.py,70,method,sync_project,"async def sync_project( self, project_key:",prod,Python,0,0,LOW,,unreachable_from_entrypoints
854366c68cc70219efa63fb2f6b8e7daebd1cf16,backend/app/services/sync/project_sync_orchestrator.py,155,method,_ensure_jira_connection,async def _ensure_jira_connection(self) -> None:,prod,Python,1,0,LOW,,unreachable_from_entrypoints
96305201cb77258c5f12f9058b1b7ca577674515,backend/app/services/sync/project_sync_orchestrator.py,180,method,_fetch_issues,"async def _fetch_issues(self, project_key:",prod,Python,1,0,LOW,,unreachable_from_entrypoints
517c8fcd8ad166d61b6e86617b376ed4b2c7daf0,backend/app/services/sync/project_sync_orchestrator.py,190,method,_sync_issues,"async def _sync_issues( self, project_key:",prod,Python,1,0,LOW,,unreachable_from_entrypoints
fbe419c6efb9e9f44c32bafebe7cfed0ce056293,backend/app/services/sync/project_sync_orchestrator.py,210,method,_sync_worklogs,"async def _sync_worklogs( self, project_key:",prod,Python,1,0,LOW,,unreachable_from_entrypoints
51baf61007cfdc83da0553b9829fe62cd1e596ed,backend/app/services/sync/project_sync_orchestrator.py,230,method,_sync_snapshots,"async def _sync_snapshots(self, project_id:",prod,Python,1,0,LOW,,unreachable_from_entrypoints
f42b89fd85fb03cae892900451b0582c79823bdb,backend/app/services/sync/project_sync_orchestrator.py,243,method,_sync_boards,"async def _sync_boards( self, project_key:",prod,Python,1,0,LOW,,unreachable_from_entrypoints
d1a9ac10b6fcf8d05ebe00568c87dfc48156a364,backend/app/services/sync/project_sync_orchestrator.py,261,method,_update_project_metadata,"async def _update_project_metadata( self, project_id:",prod,Python,1,0,LOW,,unreachable_from_entrypoints
5fd09109797784b60edbedd534999cb34067d598,backend/app/services/sync/project_sync_orchestrator.py,282,method,_update_project_dates,"async def _update_project_dates(self, project_key:",prod,Python,1,0,LOW,,unreachable_from_entrypoints
a83e13da92743ff081be2d57c53db0286b7c6cff,backend/app/services/sync/project_sync_orchestrator.py,323,method,_notify_success,"async def _notify_success(self, project_key:",prod,Python,1,0,LOW,,unreachable_from_entrypoints
3d8c671f79ba36b6d97c1def3a9e07ad68bd383d,backend/app/services/sync/project_sync_orchestrator.py,327,method,_notify_failure,"async def _notify_failure( self, project_key:",prod,Python,4,0,LOW,,unreachable_from_entrypoints
2ba77acc357feaf720cbbe2c55cc08fb606fe51e,backend/app/services/sync/project_sync_orchestrator.py,343,method,_notify,"async def _notify(self, event_type:",prod,Python,2,0,LOW,,unreachable_from_entrypoints
ed8f61ffffde738d18da570b96dc2da3e5557f90,backend/app/services/sync/sprint_snapshot_service.py,28,method,__post_init__,def __post_init__(self):,prod,Python,0,0,LOW,,unreachable_from_entrypoints
125f1548eca7439fa8dce7569036c78abf1f82d9,backend/app/services/sync/sprint_snapshot_service.py,45,method,create_snapshots,"async def create_snapshots( self, project_id:",prod,Python,1,0,LOW,,unreachable_from_entrypoints
4c7fa61fd8db771f2cc7057f7d12fa292f358d72,backend/app/services/sync/sprint_snapshot_service.py,110,method,_create_sprint_snapshots,"async def _create_sprint_snapshots( self, sprint:",prod,Python,1,0,LOW,,unreachable_from_entrypoints
e6d24ca944aa7ccaf8e80321e02da96892dd9335,backend/app/services/sync/sprint_snapshot_service.py,169,method,_calculate_daily_work,"async def _calculate_daily_work( self, sprint_tasks:",prod,Python,1,0,LOW,,unreachable_from_entrypoints
d7513d6ba6a322496b584197ac0cc75a989619c2,backend/app/services/sync/sprint_snapshot_service.py,213,method,_generate_daily_snapshots,"async def _generate_daily_snapshots( self, sprint:",prod,Python,1,0,LOW,,unreachable_from_entrypoints
912955c6c259ee257ac7e65fdf7f63ce35c8c04a,backend/app/services/sync/worklog_sync_service.py,32,method,__post_init__,def __post_init__(self):,prod,Python,0,0,LOW,,unreachable_from_entrypoints
5d8e2cb2488071c1c573c8b4b130b1f82e2c30f8,backend/app/services/sync/worklog_sync_service.py,50,method,__init__,"def __init__(self, jira_service:",prod,Python,0,0,LOW,,unreachable_from_entrypoints
81b56508c4ebd051f76e1bcb60b7c2b273536229,backend/app/services/sync/worklog_sync_service.py,53,method,sync_worklogs,"async def sync_worklogs( self, project_key:",prod,Python,1,0,LOW,,unreachable_from_entrypoints
6569e485801fd9ef2954d35e9b774923089467ee,backend/app/services/sync/worklog_sync_service.py,146,method,_sync_issue_worklogs,"async def _sync_issue_worklogs( self, issue_key:",prod,Python,1,0,LOW,,unreachable_from_entrypoints
f508a8756f44d0699af5b3a45feb59890efe20ef,backend/app/services/sync/worklog_sync_service.py,205,method,_upsert_worklog,"async def _upsert_worklog( self, worklog:",prod,Python,1,0,LOW,,unreachable_from_entrypoints
b20e3a27f55181eca9c3c286228d0b78d8198abe,backend/app/services/sync/worklog_sync_service.py,238,method,_batch_fetch_task_ids,"async def _batch_fetch_task_ids( self, db:",prod,Python,1,0,LOW,,unreachable_from_entrypoints
3132df9c8d932068d71381b9af95fba966d553f5,backend/app/services/task_manager.py,24,method,__init__,"def __init__(self, task_id:",prod,Python,0,0,LOW,,unreachable_from_entrypoints
93fabd96dc66867481b1a1a91a5059dede13e568,backend/app/services/task_manager.py,38,method,to_dict,"def to_dict(self) -> Dict[str, Any]:",prod,Python,0,0,LOW,,unreachable_from_entrypoints
be3b2403f24e6dadb545b5ec3a2f1f32ee16ca27,backend/app/services/task_manager.py,58,method,__init__,def __init__(self):,prod,Python,0,0,LOW,,unreachable_from_entrypoints
e86a27595a4f086aa4edcffd4234c08d5363ab55,backend/app/services/task_manager.py,65,method,_init_redis,def _init_redis(self):,prod,Python,0,0,LOW,,unreachable_from_entrypoints
63cf0f7b9dcc7fba31c1e31998d40cd16784f4b0,backend/app/services/task_manager.py,82,method,create_task,"def create_task(self, name:",prod,Python,0,0,LOW,,unreachable_from_entrypoints
bd9e7ddfc5dde4585781943194287387524df73a,backend/app/services/task_manager.py,105,method,get_task,"def get_task(self, task_id:",prod,Python,0,0,LOW,,unreachable_from_entrypoints
be24f3357486bcafaaf642dfb9f625213d512c14,backend/app/services/task_manager.py,130,method,update_task,"def update_task(self, task_id:",prod,Python,0,0,LOW,,unreachable_from_entrypoints
ffb8e0030055eb38d5d02cabffe42e5f24d0d750,backend/app/services/task_manager.py,159,method,update_progress,"def update_progress(self, task_id:",prod,Python,0,0,LOW,,unreachable_from_entrypoints
318fa8f8ed3661ea2e91b7431f8a60491f4d9e00,backend/app/services/task_manager.py,163,method,complete_task,"def complete_task(self, task_id:",prod,Python,1,0,LOW,,unreachable_from_entrypoints
3590e43a2d17102ed6da4cc508e2cf6b152790a9,backend/app/services/task_manager.py,173,method,fail_task,"def fail_task(self, task_id:",prod,Python,2,0,LOW,,unreachable_from_entrypoints
ddc84fec1dab4c1a30a21e0f5c2e850eac3247ec,backend/app/services/task_manager.py,182,method,cancel_task,"def cancel_task(self, task_id:",prod,Python,0,0,LOW,,unreachable_from_entrypoints
207a25c31c1e587ff7e36601d386daa4257654e4,backend/app/services/task_manager.py,195,method,is_cancelled,"def is_cancelled(self, task_id:",prod,Python,0,0,LOW,,unreachable_from_entrypoints
216328070b9211785273601882bb768b82215240,backend/app/services/task_manager.py,200,method,run_async,"async def run_async( self, task_id:",prod,Python,1,0,LOW,,unreachable_from_entrypoints
12004fe6cc8164f55ecca0cd9a122590ed3fd883,backend/app/services/task_manager.py,248,method,get_user_tasks,"def get_user_tasks(self, user_id:",prod,Python,1,0,LOW,,unreachable_from_entrypoints
4c6521945908ea0827e3cb275de8a70405dc6242,backend/app/services/task_manager.py,260,method,_cleanup_old_tasks,def _cleanup_old_tasks(self):,prod,Python,1,0,LOW,,unreachable_from_entrypoints
94efef99d5651e22d3bae47903fe430fa9fa1f59,backend/app/services/task_manager.py,279,method,_send_progress_notification,"def _send_progress_notification(self, task:",prod,Python,1,0,LOW,,unreachable_from_entrypoints
f988d55cf668fc264dd4f0b6cc0d3ba73a1377bc,backend/app/services/task_manager.py,298,function,background_task,def background_task(name:,prod,Python,0,0,LOW,,unreachable_from_entrypoints
4d7e5ee75584ad25d130ccd2a1123d07ddae54d4,backend/app/services/text_similarity.py,67,method,__init__,"def __init__( self, min_similarity:",prod,Python,0,0,LOW,,unreachable_from_entrypoints
b02a1de031db7933a1b800e60f0a212a72743489,backend/app/services/text_similarity.py,97,method,_preprocess_text,"def _preprocess_text(self, text:",prod,Python,1,0,LOW,,unreachable_from_entrypoints
74fb291dd83adb8303d30c864809115a759b3cca,backend/app/services/text_similarity.py,131,method,_get_artifact_text,"def _get_artifact_text(self, artifact:",prod,Python,0,0,LOW,,unreachable_from_entrypoints
cf9b85985ade11e30d1976ffd689353ab6b82ee2,backend/app/services/text_similarity.py,163,method,build_index,"async def build_index( self, db:",prod,Python,2,0,LOW,,unreachable_from_entrypoints
90cfa5f617ed0d5e916ec09caf22761a0af29b65,backend/app/services/text_similarity.py,224,method,find_similar,"def find_similar( self, artifact_idx:",prod,Python,2,0,LOW,,unreachable_from_entrypoints
4eaa7eb77a0a6e21a9d02e06498da66a85884300,backend/app/services/text_similarity.py,262,method,generate_suggestions,"async def generate_suggestions( self, db:",prod,Python,1,0,LOW,,unreachable_from_entrypoints
679f4fda3a101d9405598ecc50cf9bb8de17459e,backend/app/services/text_similarity.py,370,method,store_suggestions,"async def store_suggestions( self, db:",prod,Python,1,0,LOW,,unreachable_from_entrypoints
25d26c24f09e524575affef28899970c3754f4ce,backend/app/services/text_similarity.py,416,method,find_similar_to_artifact,"async def find_similar_to_artifact( self, db:",prod,Python,0,0,LOW,,unreachable_from_entrypoints
6176f4cb472ebc2ab1e36dc87aa51dacb07b425a,backend/app/services/text_similarity.py,454,function,get_similarity_service,def get_similarity_service() -> TextSimilarityService:,prod,Python,1,0,LOW,,unreachable_from_entrypoints
972cfb43fd6a5fefff975af602838b6131af6a7a,backend/app/tasks/confluence_tasks.py,25,method,__init__,def __init__(self):,prod,Python,0,0,LOW,,unreachable_from_entrypoints
4900f54e907ec922d0a1c6a524acb36f5356d2b4,backend/app/tasks/confluence_tasks.py,33,method,update_progress,"def update_progress(self, message:",prod,Python,0,0,LOW,,unreachable_from_entrypoints
8b50986faf19dcae3fa514d00df2580e7b12b0d5,backend/app/tasks/confluence_tasks.py,80,function,sync_confluence_space,"def sync_confluence_space( self, space_key:",prod,Python,0,0,LOW,,unreachable_from_entrypoints
f18d2646c9574913f792b5d537d33f263931994d,backend/app/tasks/confluence_tasks.py,151,function,_async_sync_space,async def _async_sync_space( task:,prod,Python,1,0,LOW,,unreachable_from_entrypoints
cc32cb0da0a65ae437a513afa4b39e9f6c46a056,backend/app/tasks/confluence_tasks.py,262,function,_process_page,"async def _process_page(db, page_data:",prod,Python,1,0,LOW,,unreachable_from_entrypoints
8b2ea3e5cbd8273c22df574e64475065e4aa0297,backend/app/tasks/confluence_tasks.py,319,function,scheduled_confluence_sync,def scheduled_confluence_sync():,prod,Python,0,0,LOW,,unreachable_from_entrypoints
2af61f90110f5018bf97b3254058af536c174586,backend/app/tasks/jira_sync.py,13,function,sync_project_issues_task,def sync_project_issues_task(project_key:,prod,Python,0,0,LOW,,unreachable_from_entrypoints
291540778dc733e893d39a06cf32884364db8a0e,backend/app/tasks/jira_tasks.py,28,method,__init__,def __init__(self):,prod,Python,0,0,LOW,,unreachable_from_entrypoints
c962f5b26118d8604dd881f09a62e08f9b372f99,backend/app/tasks/jira_tasks.py,36,method,update_progress,"def update_progress(self, message:",prod,Python,0,0,LOW,,unreachable_from_entrypoints
537dcaa67e03002166177a4cdc6f74417eb7e12b,backend/app/tasks/jira_tasks.py,83,function,sync_jira_project,"def sync_jira_project( self, project_key:",prod,Python,0,0,LOW,,unreachable_from_entrypoints
a576fd512b586c09e00d7ef26617dd7246879a0f,backend/app/utils/batch_operations.py,31,function,bulk_delete_by_ids,async def bulk_delete_by_ids( db:,prod,Python,2,0,LOW,,unreachable_from_entrypoints
35912934b598ce50b26816d1d37e650349c7407c,backend/app/utils/batch_operations.py,67,function,bulk_delete_with_cascade_check,async def bulk_delete_with_cascade_check( db:,prod,Python,0,0,LOW,,unreachable_from_entrypoints
e9649efdc563f0c0269f8f8f9f7940a8193ac554,backend/app/utils/batch_operations.py,115,function,batch_fetch_by_ids,async def batch_fetch_by_ids( db:,prod,Python,2,0,LOW,,unreachable_from_entrypoints
0858aafd894c69eccc3aa7a8d91d668e09b058b0,backend/app/utils/batch_operations.py,155,function,batch_fetch_related,async def batch_fetch_related( db:,prod,Python,0,0,LOW,,unreachable_from_entrypoints
12ebf9360df85a36d62de1e7d0461e8b80129ddc,backend/app/utils/batch_operations.py,200,function,detect_cycles_batched,async def detect_cycles_batched( db:,prod,Python,1,0,LOW,,unreachable_from_entrypoints
45e4880b73f61b5565274f185d4ebaee4c6e0e62,backend/app/utils/batch_operations.py,256,function,traverse_graph_batched,async def traverse_graph_batched( db:,prod,Python,1,0,LOW,,unreachable_from_entrypoints
701ba273e39f37ec7366bf09f96c154a02fa8d93,backend/app/utils/batch_operations.py,337,function,bulk_update_by_ids,async def bulk_update_by_ids( db:,prod,Python,1,0,LOW,,unreachable_from_entrypoints
13dc6a782f84eb7b6920a8694694cd1044bce2a6,backend/app/utils/batch_operations.py,372,function,bulk_update_conditional,async def bulk_update_conditional( db:,prod,Python,0,0,LOW,,unreachable_from_entrypoints
7628486abad0b24d35d1e7136bfecb67a387ed69,backend/app/utils/batch_operations.py,417,function,aggregate_by_group,async def aggregate_by_group( db:,prod,Python,0,0,LOW,,unreachable_from_entrypoints
f20165c38fbf5008239367d281a5febdb49bd2fe,backend/app/utils/datetime_utils.py,7,function,parse_datetime,def parse_datetime(value:,prod,Python,14,0,LOW,,unreachable_from_entrypoints
4ef6151abc1b76c7dca954d21df61116dfbfad6b,backend/app/utils/db_operations.py,16,function,transactional_session,async def transactional_session( db:,prod,Python,42,0,LOW,,unreachable_from_entrypoints
5b5ee6a3b99e6eff49530ebb393917809f8dc5c2,backend/app/utils/db_operations.py,106,function,execute_with_lock,async def execute_with_lock( db:,prod,Python,12,0,LOW,,unreachable_from_entrypoints
f25d6f903f35c9c6255a6d8c0a222e1375a3754e,backend/app/utils/entity.py,11,function,get_or_404,async def get_or_404( db:,prod,Python,33,0,LOW,,unreachable_from_entrypoints
ddfddcd52c04f66bf69b9ff36290e55a2e27c64b,backend/app/utils/entity.py,56,function,get_by_id_or_404,async def get_by_id_or_404( db:,prod,Python,1,0,LOW,,unreachable_from_entrypoints
9bb1dc9604390947cd3bfb19c90ab3cfbed2b231,backend/app/utils/error_handling.py,32,function,handle_api_error,"def handle_api_error( *, operation:",prod,Python,40,0,LOW,,unreachable_from_entrypoints
57d5fdb1bad72614f40bd9d03df7118e31b9d941,backend/app/utils/error_handling.py,138,function,async_handle_api_error,"async def async_handle_api_error( *, operation:",prod,Python,7,0,LOW,,unreachable_from_entrypoints
fd05f6fbee6816be3bf8a9160d5515b588be795d,backend/app/utils/error_handling.py,219,function,api_error_handler,def api_error_handler( operation:,prod,Python,0,0,LOW,,unreachable_from_entrypoints
97f93a99c7d5ded3cc7c8b4aed62ca512adc8936,backend/app/utils/pagination.py,11,function,count_with_filters,async def count_with_filters( db:,prod,Python,5,0,LOW,,unreachable_from_entrypoints
7177a4ca4560910bd0e014cdef6f05ea330c2d83,backend/app/utils/pagination.py,47,function,paginate_query,async def paginate_query( db:,prod,Python,7,0,LOW,,unreachable_from_entrypoints
8879a210cd2e8d7cee57df6a782e5a6e17c5f9bd,backend/app_simple.py,15,function,root,def root():,prod,Python,0,0,LOW,,unreachable_from_entrypoints
b6e62e38ed01da11fd934a49bbe82b32d2c36fe7,backend/app_simple.py,23,function,health_check,def health_check():,prod,Python,0,0,LOW,,unreachable_from_entrypoints
76059c4c16be009fd8ee9ef186bdcf052c16ae36,backend/app_simple.py,27,function,connect_to_jira,def connect_to_jira():,prod,Python,0,0,LOW,,unreachable_from_entrypoints
e953840147c5e730774741aabfca8cb59ea845ce,backend/app_simple.py,41,function,get_jira_project,def get_jira_project(project_key):,prod,Python,0,0,LOW,,unreachable_from_entrypoints
753a894961729687c64be4e9de913f8bda10bd48,backend/app_simple.py,52,function,get_project_issues,def get_project_issues(project_key):,prod,Python,0,0,LOW,,unreachable_from_entrypoints
951b24d41258af288f7dd0eb9c0c7203fd6631b2,backend/app_simple.py,136,function,get_projects,def get_projects():,prod,Python,0,0,LOW,,unreachable_from_entrypoints
40d5dcee566a2f6c99c4b09fc0d10e8a43ee3bda,backend/app_simple.py,180,function,get_project_velocity,def get_project_velocity(project_id):,prod,Python,0,0,LOW,,unreachable_from_entrypoints
e36a3246a84f588149b0933a0132f74d0d4671fb,backend/app_simple.py,198,function,identify_project_risks,def identify_project_risks(project_id):,prod,Python,0,0,LOW,,unreachable_from_entrypoints
cd10d9745800976ff63b15fe003df4abe196a031,backend/app_simple.py,238,function,forecast_completion,def forecast_completion(project_id):,prod,Python,0,0,LOW,,unreachable_from_entrypoints
769e181780c2e10ab341914a4751b7c062b21f5e,backend/app_simple.py,252,function,get_demo_analytics,def get_demo_analytics():,prod,Python,0,0,LOW,,unreachable_from_entrypoints
db14826c36760764af4439b19ea51389b9c25346,backend/check_db.py,6,function,check,async def check():,prod,Python,0,0,LOW,,unreachable_from_entrypoints
cfcfab0bceb2174e799225ba574132694bcc7873,backend/check_prim.py,7,function,check,async def check():,prod,Python,0,0,LOW,,unreachable_from_entrypoints
72d32e1a7c3ffcc51533ca5aaa191428487a4f94,backend/create_db.py,10,function,create_tables,async def create_tables():,prod,Python,0,0,LOW,,unreachable_from_entrypoints
33ef8f414b2b1bcb1d0276b6346448d79bbe5b83,backend/debug_sync.py,22,function,test_sync_with_logging,async def test_sync_with_logging():,prod,Python,0,0,LOW,,unreachable_from_entrypoints
fac772c25cf7078ccc8868857e73416518eb65a6,backend/debug_sync.py,103,function,setup_jira,async def setup_jira():,prod,Python,0,0,LOW,,unreachable_from_entrypoints
43025a0f00878e13002f55d4fc56177327a1ec75,backend/fix_orphaned_tasks.py,12,function,fix_orphaned_tasks,async def fix_orphaned_tasks():,prod,Python,0,0,LOW,,unreachable_from_entrypoints
ad9b0f6e2d311ae55f090587ae1d38248e347331,backend/fix_orphaned_tasks.py,58,function,check_current_status,async def check_current_status():,prod,Python,0,0,LOW,,unreachable_from_entrypoints
59a33e2c8e16a53a31a624486450b111e4715d7e,backend/inspect_meta.py,6,function,main,async def main():,prod,Python,0,0,LOW,,unreachable_from_entrypoints
d5beabbec7859a4178ebbda7138de7ed692c3aea,backend/inspect_project_api.py,7,method,has_permission,"def has_permission(self, perm:",prod,Python,0,0,LOW,,unreachable_from_entrypoints
58637bb0a4caecd831414964102d09662783604d,backend/inspect_project_api.py,10,function,override_get_current_user,async def override_get_current_user():,prod,Python,0,0,LOW,,unreachable_from_entrypoints
6e6a47b1efc6ef701556e1ce440111b6021f32f0,backend/inspect_project_schema.py,7,function,main,async def main():,prod,Python,0,0,LOW,,unreachable_from_entrypoints
30e1c2ae982c7b1a5ac6c83ace328d17a68963d2,backend/run_celery_worker.py,16,function,run_worker,def run_worker():,prod,Python,0,0,LOW,,unreachable_from_entrypoints
9491705e559af140b8e62955882f1edced3a258a,backend/scripts/assign_demo_role.py,18,function,main,async def main():,prod,Python,0,0,LOW,,unreachable_from_entrypoints
32106771752ca1c67f30be209abb2352b0df6f88,backend/scripts/encrypt_existing_credentials.py,48,function,is_encrypted,def is_encrypted(value:,prod,Python,1,0,LOW,,unreachable_from_entrypoints
058428b9d63bd7a3139af073f8e1302ad854c914,backend/scripts/encrypt_existing_credentials.py,55,function,encrypt_integration_settings,async def encrypt_integration_settings(session:,prod,Python,1,0,LOW,,unreachable_from_entrypoints
fe0db74c29e5f7430614713c153ab2fdd8fda020,backend/scripts/encrypt_existing_credentials.py,149,function,print_summary,def print_summary(stats:,prod,Python,1,0,LOW,,unreachable_from_entrypoints
f43336ab33531cd1ca84291c7935a544831450d8,backend/scripts/encrypt_existing_credentials.py,173,function,main,async def main():,prod,Python,0,0,LOW,,unreachable_from_entrypoints
d48e1f15cedd1836c0bcf741199c393125e375ec,backend/scripts/profile_performance.py,51,method,__init__,def __init__(self):,prod,Python,0,0,LOW,,unreachable_from_entrypoints
8f124f9a68fe69a68d339b2df2c38ae2229cdab6,backend/scripts/profile_performance.py,55,method,before_execute,"def before_execute(self, conn, clauseelement, multiparams, params, execution_options):",prod,Python,0,0,LOW,,unreachable_from_entrypoints
aacb0c1b5c88c9a34a15a92100df521590be3ccb,backend/scripts/profile_performance.py,58,method,after_execute,"def after_execute(self, conn, clauseelement, multiparams, params, execution_options, result):",prod,Python,0,0,LOW,,unreachable_from_entrypoints
e2ebcec756d7a1f26f0fdfaee2679fb7362ceb4d,backend/scripts/profile_performance.py,68,method,clear,def clear(self):,prod,Python,0,0,LOW,,unreachable_from_entrypoints
c0377bb4a0a21b176af305daf91fdaa10d4d9fe7,backend/scripts/profile_performance.py,71,method,summary,"def summary(self) -> Dict[str, Any]:",prod,Python,0,0,LOW,,unreachable_from_entrypoints
ac7f2ecef6ee6520ccc6d12e83335d92daa90ac6,backend/scripts/profile_performance.py,90,function,profile_endpoint,async def profile_endpoint( session:,prod,Python,1,0,LOW,,unreachable_from_entrypoints
5a6055acfcc42b0d57797f89d4140a1b80cfdbc6,backend/scripts/profile_performance.py,133,function,test_tasks_list,async def test_tasks_list(session:,prod,Python,0,0,LOW,,unreachable_from_entrypoints
90648deed1110548bc753a57099a9d58ea467353,backend/scripts/profile_performance.py,148,function,test_tasks_with_filters,async def test_tasks_with_filters(session:,prod,Python,0,0,LOW,,unreachable_from_entrypoints
d36bed4f22962ae01b406a63fccd5a568e3a60c8,backend/scripts/profile_performance.py,164,function,test_sprint_velocity,async def test_sprint_velocity(session:,prod,Python,0,0,LOW,,unreachable_from_entrypoints
720729ae933ae0276242b1df77630f24247dc5a3,backend/scripts/profile_performance.py,188,function,test_test_results_trend,async def test_test_results_trend(session:,prod,Python,0,0,LOW,,unreachable_from_entrypoints
373e104b591b369d709698e1162131662c9cd794,backend/scripts/profile_performance.py,206,function,test_coverage_history,async def test_coverage_history(session:,prod,Python,0,0,LOW,,unreachable_from_entrypoints
7b81664163f5bc64db55d054fbe88c9735e0b450,backend/scripts/profile_performance.py,220,function,test_n1_simulation,async def test_n1_simulation(session:,prod,Python,0,0,LOW,,unreachable_from_entrypoints
e9dc1e54d1b395436b1a19459b45ac4cad72afda,backend/scripts/profile_performance.py,238,function,test_batch_alternative,async def test_batch_alternative(session:,prod,Python,0,0,LOW,,unreachable_from_entrypoints
4d20c5cd2240ef367a2ba089e170285c2c761b7e,backend/scripts/profile_performance.py,263,function,analyze_indexes,async def analyze_indexes(session:,prod,Python,1,0,LOW,,unreachable_from_entrypoints
952385a8bb40932607ff467af0de3da1e393c609,backend/scripts/profile_performance.py,328,function,run_profiling,async def run_profiling():,prod,Python,0,0,LOW,,unreachable_from_entrypoints
b0a15d0807eabc2136644d90ad781aa1d2d6e617,backend/scripts/seed_roles.py,33,function,seed_roles,async def seed_roles(session:,prod,Python,1,0,LOW,,unreachable_from_entrypoints
516450865201841192bc22d5f40014899930245a,backend/scripts/seed_roles.py,90,function,main,async def main():,prod,Python,0,0,LOW,,unreachable_from_entrypoints
7e0ee7793f13390276cababbe704dbcf2f355194,backend/test_api.py,5,function,test,async def test():,prod,Python,0,0,LOW,,unreachable_from_entrypoints
dc07e9ebb7100646d95c7bdd285f9cd20c6d0105,backend/test_confluence_auth.py,20,function,test_cloud_auth,def test_cloud_auth():,prod,Python,0,0,LOW,,unreachable_from_entrypoints
d8459948f3d16cb6b8488dac04a7825d63490388,backend/test_confluence_auth.py,43,function,test_datacenter_auth,def test_datacenter_auth():,prod,Python,0,0,LOW,,unreachable_from_entrypoints
5e60eec2a2b35cb80c0a7bb5fa5e60d59b56840d,backend/test_confluence_auth.py,65,function,test_auto_detect,def test_auto_detect():,prod,Python,0,0,LOW,,unreachable_from_entrypoints
b6f7483cbad889c4cfb1ca0655bff1ff2720b5c8,backend/test_confluence_pat.py,21,function,test_confluence_pat,def test_confluence_pat():,prod,Python,0,0,LOW,,unreachable_from_entrypoints
5fe6f75a2812f400b946dbac8485bb2213e38e5c,backend/test_db_operations.py,17,function,test_database_operations,async def test_database_operations():,prod,Python,0,0,LOW,,unreachable_from_entrypoints
7fc79c0349a90bea738f33165e66530d10bb6c19,backend/test_frontend.py,5,function,test,async def test():,prod,Python,0,0,LOW,,unreachable_from_entrypoints
111fdbd85cddd480e6722ae688f5c072e2738f0d,backend/test_gitlab_sync.py,37,function,setup_test_database,async def setup_test_database():,prod,Python,1,0,LOW,,unreachable_from_entrypoints
75e6dea1ad245f3057685f7172b49d045df7993b,backend/test_gitlab_sync.py,92,function,test_gitlab_sync,async def test_gitlab_sync():,prod,Python,0,0,LOW,,unreachable_from_entrypoints
0f92baa9a6e49a3dcceed46e801a41dfbabbb3e7,backend/test_jira_api.py,8,function,test_jira,async def test_jira():,prod,Python,0,0,LOW,,unreachable_from_entrypoints
c7b5e0b2d45f325bc37df288b26f3a1da373be0f,backend/test_jira_sync.py,9,function,test_sync,async def test_sync():,prod,Python,0,0,LOW,,unreachable_from_entrypoints
00575bdd94b071206ddf14ab4198967c09e468dd,backend/test_meta_update.py,8,function,test_meta_update,async def test_meta_update():,prod,Python,0,0,LOW,,unreachable_from_entrypoints
16090c704de1266fa0fc10786fdb676e1333faec,backend/test_project_repository.py,8,function,test_project_repository_binding,async def test_project_repository_binding():,prod,Python,0,0,LOW,,unreachable_from_entrypoints
d0e867396cd9e23d5d896558f91bfb0241570ec5,backend/test_tasks_performance.py,9,function,test_tasks_endpoint,def test_tasks_endpoint(limit=500):,prod,Python,0,0,LOW,,unreachable_from_entrypoints
e3fa58984618d3d819053ba726f295c7dc6726f3,backend/tests/test_analytics_api.py,11,function,reset_database,async def reset_database() -> None:,test,Python,0,0,LOW,,unreachable_from_entrypoints
7d473f4398def0eca04bd4297d3f6d7a367702c9,backend/tests/test_analytics_api.py,18,function,test_dora_endpoint_returns_metrics,async def test_dora_endpoint_returns_metrics():,test,Python,0,0,LOW,,unreachable_from_entrypoints
ee7f7c63afe9d381f3ca4e590ef9a5256562c9c7,backend/tests/test_analytics_api.py,78,function,test_velocity_endpoint_aggregates_closed_sprints,async def test_velocity_endpoint_aggregates_closed_sprints():,test,Python,0,0,LOW,,unreachable_from_entrypoints
f1976196b57c99d94c9f6481ef6d3611c082eba4,backend/tests/test_analytics_api.py,145,function,test_project_burndown_returns_curves,async def test_project_burndown_returns_curves():,test,Python,0,0,LOW,,unreachable_from_entrypoints
5d7d45c1da8c8ab8688269764e2bd61054f73162,backend/tests/test_analytics_api.py,204,function,test_test_trend_endpoint_groups_failures,async def test_test_trend_endpoint_groups_failures():,test,Python,0,0,LOW,,unreachable_from_entrypoints
f815b7f826ad923fda6c030a41448f79531bbba2,backend/tests/test_analytics_api.py,238,function,test_coverage_trend_endpoint_returns_daily_averages,async def test_coverage_trend_endpoint_returns_daily_averages():,test,Python,0,0,LOW,,unreachable_from_entrypoints
d3347ffc944aedde70cfa0fe1ac274ecd32c834d,backend/tests/test_analytics_api.py,284,function,test_project_pr_forecast_returns_average_metrics,async def test_project_pr_forecast_returns_average_metrics():,test,Python,0,0,LOW,,unreachable_from_entrypoints
b2da54d02f0bb8fa42d87d0ca547aa00172d9ea0,backend/tests/test_analytics_api.py,336,function,test_identify_project_risks_flags_multiple_categories,async def test_identify_project_risks_flags_multiple_categories():,test,Python,0,0,LOW,,unreachable_from_entrypoints
54a63d849ca4133a5321fdf1b2ddbf91dd881689,backend/tests/test_analytics_api.py,403,function,test_forecast_completion_uses_velocity_and_remaining_hours,async def test_forecast_completion_uses_velocity_and_remaining_hours():,test,Python,0,0,LOW,,unreachable_from_entrypoints
e2eb223cd6f68c67a33b5330752038a2cd04d3c0,backend/tests/test_analytics_dora.py,10,method,__init__,"def __init__(self, lead=None, cycle=None, rework=0, state=""merged""):",test,Python,0,0,LOW,,unreachable_from_entrypoints
d96a084d60b5f2b9f8f631cb6f24f550011d1561,backend/tests/test_analytics_dora.py,18,method,__init__,"def __init__(self, created:",test,Python,0,0,LOW,,unreachable_from_entrypoints
73675c52e52515e0491657682f6603b9a3cbc464,backend/tests/test_analytics_dora.py,30,function,test_calculate_dora_metrics_frequency,"def test_calculate_dora_metrics_frequency(deployments, incidents, window, expected_freq):",test,Python,0,0,LOW,,unreachable_from_entrypoints
1af0f6c2738d94519429a4f8fc6de6d36329b865,backend/tests/test_analytics_dora.py,36,function,test_calculate_dora_metrics_failure_rate_and_percentiles,def test_calculate_dora_metrics_failure_rate_and_percentiles():,test,Python,0,0,LOW,,unreachable_from_entrypoints
d3f8fd71bc5a3fec4eacee502d742871472842b6,backend/tests/test_analytics_dora.py,49,function,test_calculate_dora_metrics_mttr,def test_calculate_dora_metrics_mttr():,test,Python,0,0,LOW,,unreachable_from_entrypoints
70afee9708bb0dd65afe7bb2764ba488991f18cf,backend/tests/test_analytics_more.py,11,function,reset_database,async def reset_database() -> None:,test,Python,0,0,LOW,,unreachable_from_entrypoints
491a2c13b0dfe86a084300c056e2ecce9f0b48f4,backend/tests/test_analytics_more.py,18,function,test_value_metrics_endpoint_calculates_roi_and_sums,async def test_value_metrics_endpoint_calculates_roi_and_sums():,test,Python,0,0,LOW,,unreachable_from_entrypoints
6fa868593e8001b6bf13576b3978506593eae8df,backend/tests/test_analytics_more.py,81,function,test_team_health_endpoint_returns_counts_and_cycles,async def test_team_health_endpoint_returns_counts_and_cycles():,test,Python,0,0,LOW,,unreachable_from_entrypoints
8f9346b9eda9ad21c5cb66c0f726cf5e33b7f4ce,backend/tests/test_analytics_team_health.py,20,function,async_session,async def async_session() -> AsyncSession:,test,Python,0,0,LOW,,unreachable_from_entrypoints
9855a0a5a3d3d3279f3fde34bd686941dffaaea0,backend/tests/test_analytics_team_health.py,31,function,test_team_health_metrics,async def test_team_health_metrics(async_session:,test,Python,0,0,LOW,,unreachable_from_entrypoints
616277552314adb78d75be8a00512ea5a0e3591d,backend/tests/test_analytics_team_health.py,87,function,test_team_health_no_tasks,async def test_team_health_no_tasks(async_session:,test,Python,0,0,LOW,,unreachable_from_entrypoints
a55a30b6b351e98e3e1392022de8bf9fe5f68262,backend/tests/test_bitbucket_integration.py,35,method,test_detect_cloud_from_bitbucket_org,def test_detect_cloud_from_bitbucket_org(self):,test,Python,0,0,LOW,,unreachable_from_entrypoints
5122456d9684e69f82ffc38c87d440758eb2e26c,backend/tests/test_bitbucket_integration.py,41,method,test_detect_server_from_custom_url,def test_detect_server_from_custom_url(self):,test,Python,0,0,LOW,,unreachable_from_entrypoints
849b41e645f263199b67a545fec9670e18c26549,backend/tests/test_bitbucket_integration.py,47,method,test_get_api_base_cloud,def test_get_api_base_cloud(self):,test,Python,0,0,LOW,,unreachable_from_entrypoints
54178507f7dd86a8abeec44378da3a547d59f513,backend/tests/test_bitbucket_integration.py,52,method,test_get_api_base_server,def test_get_api_base_server(self):,test,Python,0,0,LOW,,unreachable_from_entrypoints
33b2de8531186af0fddcac9a630dc28f01444244,backend/tests/test_bitbucket_integration.py,61,method,test_build_headers_cloud_basic_auth,def test_build_headers_cloud_basic_auth(self):,test,Python,0,0,LOW,,unreachable_from_entrypoints
0969703b8fdd65a930037405b2c6dc7ef0cb7c48,backend/tests/test_bitbucket_integration.py,75,method,test_build_headers_cloud_oauth,def test_build_headers_cloud_oauth(self):,test,Python,0,0,LOW,,unreachable_from_entrypoints
4ab2bf1fc1183bc5ee704ad5ce923dadfff41d7b,backend/tests/test_bitbucket_integration.py,86,method,test_build_headers_server_pat,def test_build_headers_server_pat(self):,test,Python,0,0,LOW,,unreachable_from_entrypoints
70f599b17ac76971f7bbf9c4ac3dbfa1db83311a,backend/tests/test_bitbucket_integration.py,102,method,test_test_connection_cloud_success,async def test_test_connection_cloud_success(self):,test,Python,0,0,LOW,,unreachable_from_entrypoints
c017bc76e672a36a5331c42ecd3ecb284163558e,backend/tests/test_bitbucket_integration.py,130,method,test_test_connection_auth_failure,async def test_test_connection_auth_failure(self):,test,Python,0,0,LOW,,unreachable_from_entrypoints
f3a320a0743ece5376e65157a601f0b12a658012,backend/tests/test_bitbucket_integration.py,151,method,test_test_connection_no_credentials,async def test_test_connection_no_credentials(self):,test,Python,0,0,LOW,,unreachable_from_entrypoints
e1f52841a9ac627c63682a8e512b08e73991d21b,backend/tests/test_bitbucket_integration.py,158,method,test_fetch_pull_requests_cloud,async def test_fetch_pull_requests_cloud(self):,test,Python,0,0,LOW,,unreachable_from_entrypoints
0e43c6ffd1558be9d03c2a83d722f6e15d8366c5,backend/tests/test_bitbucket_integration.py,188,method,test_fetch_commits,async def test_fetch_commits(self):,test,Python,0,0,LOW,,unreachable_from_entrypoints
dd25241b0e841860fd2f1c8946462b0da045329d,backend/tests/test_bitbucket_integration.py,221,method,bitbucket_webhook_secret,def bitbucket_webhook_secret(self):,test,Python,0,0,LOW,,unreachable_from_entrypoints
b63497de1dcb6d7ae909bb9dfc90b5ed087291bb,backend/tests/test_bitbucket_integration.py,226,method,bitbucket_webhook_headers,"def bitbucket_webhook_headers(self, bitbucket_webhook_secret:",test,Python,1,0,LOW,,unreachable_from_entrypoints
a232a3995367b29ab9127ab7685a88e34aad1a7b,backend/tests/test_bitbucket_integration.py,240,method,test_bitbucket_push_webhook,"async def test_bitbucket_push_webhook( self, client, db_session, bitbucket_webhook_headers, bitbucket_webhook_secret, monkeypatch ):",test,Python,0,0,LOW,,unreachable_from_entrypoints
da1590cc180cb7e9a0afea9618fdb47d06b12968,backend/tests/test_bitbucket_integration.py,297,method,test_bitbucket_pr_webhook,"async def test_bitbucket_pr_webhook( self, client, db_session, bitbucket_webhook_headers, bitbucket_webhook_secret, monkeypatch ):",test,Python,0,0,LOW,,unreachable_from_entrypoints
8275baca4df4edb40eba4bc24eafb8a79a686634,backend/tests/test_bitbucket_integration.py,354,method,test_get_bitbucket_settings,"async def test_get_bitbucket_settings(self, client, auth_headers):",test,Python,0,0,LOW,,unreachable_from_entrypoints
fae460013ad4a884469ca7277c3ccccd51469df1,backend/tests/test_bitbucket_integration.py,365,method,test_put_bitbucket_settings,"async def test_put_bitbucket_settings(self, client, auth_headers):",test,Python,0,0,LOW,,unreachable_from_entrypoints
52ff8351ae381db61e41d74abebaf04047082f43,backend/tests/test_bitbucket_integration.py,383,method,test_test_bitbucket_connection,"async def test_test_bitbucket_connection(self, client, auth_headers, monkeypatch):",test,Python,0,0,LOW,,unreachable_from_entrypoints
d3fcec7edb1e63aee76b170a41922e1865eb2059,backend/tests/test_crypto.py,10,function,test_encrypt_str_sets_aes_gcm_prefix,def test_encrypt_str_sets_aes_gcm_prefix():,test,Python,0,0,LOW,,unreachable_from_entrypoints
2fc66949b28f396c0c8ff46bdabe0306d15669c8,backend/tests/test_crypto.py,18,function,test_decrypt_str_supports_legacy_tokens,def test_decrypt_str_supports_legacy_tokens():,test,Python,0,0,LOW,,unreachable_from_entrypoints
7b76e82f4a5a66030ea53096e7f51db625ef13eb,backend/tests/test_crypto.py,28,function,test_decrypt_str_returns_none_for_bad_ciphertext,def test_decrypt_str_returns_none_for_bad_ciphertext():,test,Python,0,0,LOW,,unreachable_from_entrypoints
d13c6945872773fc76b5b8386d5897fe71693695,backend/tests/test_git_endpoints.py,18,function,github_webhook_headers,def github_webhook_headers(github_webhook_secret:,test,Python,2,0,LOW,,unreachable_from_entrypoints
25d58bd1f24b164e533bda1bd1f5ec242088560d,backend/tests/test_git_endpoints.py,34,function,github_webhook_secret,def github_webhook_secret():,test,Python,0,0,LOW,,unreachable_from_entrypoints
f5d49ea84e5f4435661339bb22d4a494cc6b285f,backend/tests/test_git_endpoints.py,40,function,gitlab_webhook_headers,def gitlab_webhook_headers(gitlab_webhook_secret:,test,Python,0,0,LOW,,unreachable_from_entrypoints
7f9b9ae84c2e9b226147c2bd1508d5df9382b317,backend/tests/test_git_endpoints.py,49,function,gitlab_webhook_secret,def gitlab_webhook_secret():,test,Python,0,0,LOW,,unreachable_from_entrypoints
30ea896c75d9f5272266f6a90ab91b6912dfdf19,backend/tests/test_git_endpoints.py,57,method,test_github_push_webhook,"async def test_github_push_webhook( self, client:",test,Python,0,0,LOW,,unreachable_from_entrypoints
bcc6e40c621b65305c3f1ca51bfd135934bce479,backend/tests/test_git_endpoints.py,116,method,test_github_pull_request_webhook,"async def test_github_pull_request_webhook( self, client:",test,Python,0,0,LOW,,unreachable_from_entrypoints
40e2703fb810d5c1f82024992a819e27fc858c9b,backend/tests/test_git_endpoints.py,160,method,test_gitlab_push_webhook,"async def test_gitlab_push_webhook( self, client:",test,Python,0,0,LOW,,unreachable_from_entrypoints
13a88e03845b9befebcd2d846a51893f7ad5ae19,backend/tests/test_git_endpoints.py,201,method,test_invalid_github_signature,"async def test_invalid_github_signature( self, client:",test,Python,0,0,LOW,,unreachable_from_entrypoints
1c1b757ccd61610da62a1e90fec39b6aa94aef81,backend/tests/test_git_endpoints.py,228,method,test_pull_request_list,"async def test_pull_request_list( self, client:",test,Python,0,0,LOW,,unreachable_from_entrypoints
2e6ab887da350e96884c4f410f553aacefd453e4,backend/tests/test_git_endpoints.py,266,method,test_pr_metrics_calculation,"async def test_pr_metrics_calculation( self, client:",test,Python,0,0,LOW,,unreachable_from_entrypoints
79082a7c02edf4261a4de3e5ba7ba6fbfba67c27,backend/tests/test_git_endpoints.py,315,method,test_commits_for_issue,"async def test_commits_for_issue( self, client:",test,Python,0,0,LOW,,unreachable_from_entrypoints
60f4a7287baab9debb490f4f7c0789ee627e5246,backend/tests/test_git_endpoints.py,380,method,test_ci_results_with_junit,"async def test_ci_results_with_junit( self, client:",test,Python,0,0,LOW,,unreachable_from_entrypoints
897255a60496d2bb30a2951c5e679fe84e5937e6,backend/tests/test_git_endpoints.py,427,method,test_ci_results_with_cobertura,"async def test_ci_results_with_cobertura( self, client:",test,Python,0,0,LOW,,unreachable_from_entrypoints
1973a99be91814c9c11674a54785e9137e5cdb74,backend/tests/test_git_endpoints.py,472,method,test_list_repositories,"async def test_list_repositories( self, client:",test,Python,0,0,LOW,,unreachable_from_entrypoints
81fa8a07755fb24d16c19f94ce263fdb493f846d,backend/tests/test_git_endpoints.py,505,method,test_git_health_check,"async def test_git_health_check(self, client:",test,Python,0,0,LOW,,unreachable_from_entrypoints
c23ab1bafde92476e9ad6a306f2b18bd57c2e731,backend/tests/test_git_import_service.py,24,function,async_session,async def async_session() -> AsyncSession:,test,Python,0,0,LOW,,unreachable_from_entrypoints
353ed05a02a2a3ee687a58c5044928ec3f111ffa,backend/tests/test_git_import_service.py,35,function,test_sync_project_imports_commits_and_prs,"async def test_sync_project_imports_commits_and_prs(monkeypatch, async_session:",test,Python,0,0,LOW,,unreachable_from_entrypoints
0ca8931ea6a4f50c7e6549eee54425c2ac9034bb,backend/tests/test_git_metrics.py,14,method,__init__,"def __init__(self, rows):",test,Python,0,0,LOW,,unreachable_from_entrypoints
97fe4f979d53d96c3c99dc2d23f720c00f8b518d,backend/tests/test_git_metrics.py,17,method,scalars,def scalars(self):,test,Python,0,0,LOW,,unreachable_from_entrypoints
91a2671b95a733dd0a921df4967794197b58f870,backend/tests/test_git_metrics.py,20,method,all,def all(self):,test,Python,0,0,LOW,,unreachable_from_entrypoints
b5c0f180605e3a85747db6a94fecfe81824a6e0a,backend/tests/test_git_metrics.py,25,method,__init__,"def __init__(self, rows):",test,Python,0,0,LOW,,unreachable_from_entrypoints
d83f660170f59fbd804ce5399e69e7e80548071d,backend/tests/test_git_metrics.py,28,method,execute,"async def execute(self, *_args, **_kwargs):",test,Python,0,0,LOW,,unreachable_from_entrypoints
ddaa424a6454e16e6aea0c425ebc96dccc476de1,backend/tests/test_git_metrics.py,32,function,test_histogram_counts_basic,def test_histogram_counts_basic():,test,Python,0,0,LOW,,unreachable_from_entrypoints
69258bf5a5cede4e48f3c398bc034dea1c18e97f,backend/tests/test_git_metrics.py,40,function,test_pull_request_metrics_aggregation,async def test_pull_request_metrics_aggregation():,test,Python,0,0,LOW,,unreachable_from_entrypoints
6de3e0c8ba11af7316355512ebde24f191530480,backend/tests/test_git_traceability.py,20,function,async_session,async def async_session() -> AsyncSession:,test,Python,0,0,LOW,,unreachable_from_entrypoints
ed32427fbe0876217c454e1bf8a0bf34599d1494,backend/tests/test_git_traceability.py,30,function,_create_project_with_issue,async def _create_project_with_issue(session:,test,Python,2,0,LOW,,unreachable_from_entrypoints
3bed67ed770f92ab9ba989a5f3d8f4459d92036b,backend/tests/test_git_traceability.py,52,function,test_create_commit_artifacts_links_to_issue,async def test_create_commit_artifacts_links_to_issue(async_session:,test,Python,0,0,LOW,,unreachable_from_entrypoints
821579e387450cef2213022dddc4a6520a1d902d,backend/tests/test_git_traceability.py,89,function,test_upsert_pull_request_artifact_creates_links,async def test_upsert_pull_request_artifact_creates_links(async_session:,test,Python,0,0,LOW,,unreachable_from_entrypoints
2674d3856fee723049c325b8d5174327e1b2e8b7,backend/tests/test_github_client.py,9,function,test_fetch_pull_requests_success,async def test_fetch_pull_requests_success(monkeypatch):,test,Python,0,0,LOW,,unreachable_from_entrypoints
a25b6450eea83f0e1829850751fdc39c770a43bf,backend/tests/test_github_client.py,22,function,test_fetch_pull_requests_handles_auth_error,async def test_fetch_pull_requests_handles_auth_error():,test,Python,0,0,LOW,,unreachable_from_entrypoints
25168b82b486844842064777407b2c3cdb6f8bbd,backend/tests/test_jira_api_endpoints.py,8,function,test_jira_status_unconfigured,async def test_jira_status_unconfigured():,test,Python,0,0,LOW,,unreachable_from_entrypoints
08b1a5dca69a0185ecb526be090b20f5e1cd4cde,backend/tests/test_jira_api_endpoints.py,18,function,test_jira_project_check_unconfigured,async def test_jira_project_check_unconfigured():,test,Python,0,0,LOW,,unreachable_from_entrypoints
d41cf88f6212fc80fabaa4202cc5c60f48f46138,backend/tests/test_jira_service.py,10,function,_make_response,def _make_response(status:,test,Python,3,0,LOW,,unreachable_from_entrypoints
fb24c66440448807ed1f8dc5bbe930137c6aed37,backend/tests/test_jira_service.py,21,function,stub_metrics,def stub_metrics(monkeypatch):,test,Python,0,0,LOW,,unreachable_from_entrypoints
11639b305dda1616c4a17086d6a2f974caec8184,backend/tests/test_jira_service.py,35,function,service,def service():,test,Python,0,0,LOW,,unreachable_from_entrypoints
0132931c94ade5b6d7f833ce0f447b4e9a798562,backend/tests/test_jira_service.py,39,function,test_handle_response_success_returns_json,def test_handle_response_success_returns_json(service):,test,Python,0,0,LOW,,unreachable_from_entrypoints
9ffd0f7057a8a16842eb7b11ab2fcbebc6dd4477,backend/tests/test_jira_service.py,45,function,test_handle_response_raises_for_non_json_response,def test_handle_response_raises_for_non_json_response(service):,test,Python,0,0,LOW,,unreachable_from_entrypoints
72c423b5be19c0518f400bb3e43471c4dcba7e2f,backend/tests/test_jira_service.py,51,function,test_handle_response_raises_for_auth_error,def test_handle_response_raises_for_auth_error(service):,test,Python,0,0,LOW,,unreachable_from_entrypoints
44bea725cc0fb8106b2c7656b453ffe03dbc3865,backend/tests/test_oauth_mfa.py,39,method,test_is_not_configured_without_credentials,def test_is_not_configured_without_credentials(self):,test,Python,0,0,LOW,,unreachable_from_entrypoints
40565107c8f38e6efaad5cdf09b78f46226c96bd,backend/tests/test_oauth_mfa.py,44,method,test_is_configured_with_credentials,def test_is_configured_with_credentials(self):,test,Python,0,0,LOW,,unreachable_from_entrypoints
219da8d3bae7430130a64614550f77e0fe5ac68f,backend/tests/test_oauth_mfa.py,52,method,test_get_authorization_url,def test_get_authorization_url(self):,test,Python,0,0,LOW,,unreachable_from_entrypoints
893a0c3189deecd67bab30c2cbc103d6dc75295d,backend/tests/test_oauth_mfa.py,67,method,test_get_authorization_url_not_configured,def test_get_authorization_url_not_configured(self):,test,Python,0,0,LOW,,unreachable_from_entrypoints
240728c3b848807204e4ac6ed56ec6c2a32b03d8,backend/tests/test_oauth_mfa.py,76,method,test_exchange_code_success,async def test_exchange_code_success(self):,test,Python,0,0,LOW,,unreachable_from_entrypoints
ee7346ee9df84f443db6c92f3e1407f2ac997183,backend/tests/test_oauth_mfa.py,106,method,test_get_user_info_success,async def test_get_user_info_success(self):,test,Python,0,0,LOW,,unreachable_from_entrypoints
a548a1dcff96b50587efa7e1ffaef86803d24509,backend/tests/test_oauth_mfa.py,141,method,test_is_not_configured_without_credentials,def test_is_not_configured_without_credentials(self):,test,Python,0,0,LOW,,unreachable_from_entrypoints
81e9e0483415eff98ca7f55b69ef39cfb2f6e864,backend/tests/test_oauth_mfa.py,146,method,test_is_configured_with_credentials,def test_is_configured_with_credentials(self):,test,Python,0,0,LOW,,unreachable_from_entrypoints
21f68354eff91e460e1096f053ec0e26b6b4e301,backend/tests/test_oauth_mfa.py,154,method,test_get_authorization_url,def test_get_authorization_url(self):,test,Python,0,0,LOW,,unreachable_from_entrypoints
2d354b87556915123341194a65d73719d042d706,backend/tests/test_oauth_mfa.py,170,method,test_get_user_info_success,async def test_get_user_info_success(self):,test,Python,0,0,LOW,,unreachable_from_entrypoints
80103a4aedee1195b7c74eff17023e8ad743d90d,backend/tests/test_oauth_mfa.py,203,method,test_is_email_allowed_no_restrictions,"def test_is_email_allowed_no_restrictions(self, monkeypatch):",test,Python,0,0,LOW,,unreachable_from_entrypoints
4a859d78d9ffc6fa47273159632175c68b4c567f,backend/tests/test_oauth_mfa.py,208,method,test_is_email_allowed_with_restrictions,"def test_is_email_allowed_with_restrictions(self, monkeypatch):",test,Python,0,0,LOW,,unreachable_from_entrypoints
7270c1318130190c1480f304112237106668f11c,backend/tests/test_oauth_mfa.py,223,method,test_generate_totp_secret,def test_generate_totp_secret(self):,test,Python,0,0,LOW,,unreachable_from_entrypoints
eed24bdc9b7ecdb3fe0d9c195dad5ce39e387f7f,backend/tests/test_oauth_mfa.py,231,method,test_generate_backup_codes,def test_generate_backup_codes(self):,test,Python,0,0,LOW,,unreachable_from_entrypoints
081280b4b5501c315245763b1d06f4730a07f8d1,backend/tests/test_oauth_mfa.py,246,method,test_get_provisioning_uri,def test_get_provisioning_uri(self):,test,Python,0,0,LOW,,unreachable_from_entrypoints
6e787336174a7b1d09bc1076ddb3cab3161b114d,backend/tests/test_oauth_mfa.py,256,method,test_generate_qr_code_base64,def test_generate_qr_code_base64(self):,test,Python,0,0,LOW,,unreachable_from_entrypoints
06743f91b7ef0c205468c903e9c7968e8678865b,backend/tests/test_oauth_mfa.py,264,method,test_setup_mfa,def test_setup_mfa(self):,test,Python,0,0,LOW,,unreachable_from_entrypoints
7eb1ff64c68130de6045c6590852420e34059c9e,backend/tests/test_oauth_mfa.py,273,method,test_verify_totp_valid,def test_verify_totp_valid(self):,test,Python,0,0,LOW,,unreachable_from_entrypoints
05a87798b87204d859df2da035a517f3874ad3b8,backend/tests/test_oauth_mfa.py,280,method,test_verify_totp_invalid,def test_verify_totp_invalid(self):,test,Python,0,0,LOW,,unreachable_from_entrypoints
fe5b957dddd6c0dad6aa22479dca7e6ff4ab6372,backend/tests/test_oauth_mfa.py,289,method,test_verify_totp_with_formatting,def test_verify_totp_with_formatting(self):,test,Python,0,0,LOW,,unreachable_from_entrypoints
3e5b966e2e8a88023f05d2df57f90f1c79c64829,backend/tests/test_oauth_mfa.py,298,method,test_verify_backup_code_valid,def test_verify_backup_code_valid(self):,test,Python,0,0,LOW,,unreachable_from_entrypoints
114c1746e63bd0bfc2881bfd5fdf3e137b2f856c,backend/tests/test_oauth_mfa.py,308,method,test_verify_backup_code_invalid,def test_verify_backup_code_invalid(self):,test,Python,0,0,LOW,,unreachable_from_entrypoints
37574fa1067136d76e60fd5c2ed794d2dad7a95f,backend/tests/test_oauth_mfa.py,317,method,test_verify_backup_code_case_insensitive,def test_verify_backup_code_case_insensitive(self):,test,Python,0,0,LOW,,unreachable_from_entrypoints
f000b31d66fb5ced1979510c84943db5bad06ad7,backend/tests/test_oauth_mfa.py,325,method,test_remaining_time_in_period,def test_remaining_time_in_period(self):,test,Python,0,0,LOW,,unreachable_from_entrypoints
716314ceaa2e6949581689e3782cf33058674c45,backend/tests/test_oauth_mfa.py,335,method,test_get_oauth_providers,"async def test_get_oauth_providers(self, client, auth_headers):",test,Python,0,0,LOW,,unreachable_from_entrypoints
f19042f02cffc918cff5283fd78114e4a97b1a34,backend/tests/test_oauth_mfa.py,347,method,test_google_oauth_initiate,"async def test_google_oauth_initiate(self, client, monkeypatch):",test,Python,0,0,LOW,,unreachable_from_entrypoints
280b9d3fc1d57d8f5b87c9268ddb6d2c6b106d26,backend/tests/test_oauth_mfa.py,359,method,test_microsoft_oauth_initiate,"async def test_microsoft_oauth_initiate(self, client, monkeypatch):",test,Python,0,0,LOW,,unreachable_from_entrypoints
5888beefe20fc20d75e33378b275f5e288cd7d1f,backend/tests/test_oauth_mfa.py,374,method,test_get_mfa_status,"async def test_get_mfa_status(self, client, auth_headers):",test,Python,0,0,LOW,,unreachable_from_entrypoints
5823e9e7c8dd44bcf14b7336c2d71006df3bf631,backend/tests/test_oauth_mfa.py,386,method,test_mfa_setup,"async def test_mfa_setup(self, client, auth_headers):",test,Python,0,0,LOW,,unreachable_from_entrypoints
68de54a3c975e06e46573005162240709193105a,backend/tests/test_oauth_mfa.py,399,method,test_mfa_verify,"async def test_mfa_verify(self, client, auth_headers, monkeypatch):",test,Python,0,0,LOW,,unreachable_from_entrypoints
87d0f144c8c52d90e066a3df404632be0bb14fbe,backend/tests/test_oauth_mfa.py,422,method,test_mfa_disable,"async def test_mfa_disable(self, client, auth_headers):",test,Python,0,0,LOW,,unreachable_from_entrypoints
3f07136236bcbd41117f69aedcbb9cee0d03951d,backend/tests/test_oauth_mfa.py,433,method,test_regenerate_backup_codes,"async def test_regenerate_backup_codes(self, client, auth_headers):",test,Python,0,0,LOW,,unreachable_from_entrypoints
38902b3be6e56e40e30d22d80e5c36f34ae72d45,backend/tests/test_security_input_validation.py,24,method,test_validate_string_basic,def test_validate_string_basic(self):,test,Python,0,0,LOW,,unreachable_from_entrypoints
c6f4d7a0dab9491b780e1fc79f6e8594dae67abb,backend/tests/test_security_input_validation.py,29,method,test_validate_string_removes_null_bytes,def test_validate_string_removes_null_bytes(self):,test,Python,0,0,LOW,,unreachable_from_entrypoints
a1ad7b51cfd46903dfe04151ff522a7030a0a2be,backend/tests/test_security_input_validation.py,36,method,test_validate_string_strips_whitespace,def test_validate_string_strips_whitespace(self):,test,Python,0,0,LOW,,unreachable_from_entrypoints
2ac0923e7ae361c6222c766071bcb53329d8e546,backend/tests/test_security_input_validation.py,41,method,test_validate_string_rejects_too_long,def test_validate_string_rejects_too_long(self):,test,Python,0,0,LOW,,unreachable_from_entrypoints
402a2e6f14dea12f86007e43a1cc4ded4efbc055,backend/tests/test_security_input_validation.py,47,method,test_validate_string_rejects_non_string,def test_validate_string_rejects_non_string(self):,test,Python,0,0,LOW,,unreachable_from_entrypoints
b99f1a4f32174efac3c23d20b716d1593e339eae,backend/tests/test_security_input_validation.py,59,method,test_validate_date_datetime_object,def test_validate_date_datetime_object(self):,test,Python,0,0,LOW,,unreachable_from_entrypoints
39bf18b3afada182ebd80e867d44bb8ff2b6df9f,backend/tests/test_security_input_validation.py,65,method,test_validate_date_iso_string,def test_validate_date_iso_string(self):,test,Python,0,0,LOW,,unreachable_from_entrypoints
93101c8633c621a010411d7d13a0902254d7b210,backend/tests/test_security_input_validation.py,74,method,test_validate_date_iso_string_with_z,def test_validate_date_iso_string_with_z(self):,test,Python,0,0,LOW,,unreachable_from_entrypoints
e781917637689b3ef8fc5fc8a4bff49e6d6c5021,backend/tests/test_security_input_validation.py,80,method,test_validate_date_rejects_invalid_format,def test_validate_date_rejects_invalid_format(self):,test,Python,0,0,LOW,,unreachable_from_entrypoints
c4632968b53885ecc7bb2431352adf4f81b6b585,backend/tests/test_security_input_validation.py,85,method,test_validate_date_rejects_non_datetime,def test_validate_date_rejects_non_datetime(self):,test,Python,0,0,LOW,,unreachable_from_entrypoints
204f0936750dac56531c980c3b3591e6c3c26e76,backend/tests/test_security_input_validation.py,94,method,test_validate_regex_safe_pattern,def test_validate_regex_safe_pattern(self):,test,Python,0,0,LOW,,unreachable_from_entrypoints
9e33e64f23581e5652c6ebce5c35706737e3a037,backend/tests/test_security_input_validation.py,101,method,test_validate_regex_rejects_custom_without_flag,def test_validate_regex_rejects_custom_without_flag(self):,test,Python,0,0,LOW,,unreachable_from_entrypoints
2182ef2770220839f9242290fd893e998b6bc827,backend/tests/test_security_input_validation.py,107,method,test_validate_regex_detects_nested_quantifiers,def test_validate_regex_detects_nested_quantifiers(self):,test,Python,0,0,LOW,,unreachable_from_entrypoints
eadb04ecbd0f0478d887f9d49c7863e325db4d59,backend/tests/test_security_input_validation.py,121,method,test_validate_regex_rejects_too_long,def test_validate_regex_rejects_too_long(self):,test,Python,0,0,LOW,,unreachable_from_entrypoints
2882fde8f2cee347d485f8c74fa6f53fd70295c0,backend/tests/test_security_input_validation.py,127,method,test_validate_regex_rejects_too_many_quantifiers,def test_validate_regex_rejects_too_many_quantifiers(self):,test,Python,0,0,LOW,,unreachable_from_entrypoints
53840b26240a33ea6a4b05046cb6bfb1f5bc84b4,backend/tests/test_security_input_validation.py,134,method,test_validate_regex_rejects_invalid_syntax,def test_validate_regex_rejects_invalid_syntax(self):,test,Python,0,0,LOW,,unreachable_from_entrypoints
87b9ec2653ab8436bc9570dbec049639db52d65e,backend/tests/test_security_input_validation.py,147,method,test_validate_regex_rejects_non_string,def test_validate_regex_rejects_non_string(self):,test,Python,0,0,LOW,,unreachable_from_entrypoints
757b1eee2316eb68784536367bb22515f0268a7d,backend/tests/test_security_input_validation.py,156,method,test_validate_list_of_strings_basic,def test_validate_list_of_strings_basic(self):,test,Python,0,0,LOW,,unreachable_from_entrypoints
e847c46737f320ec491ca3fef407828bd8c694b6,backend/tests/test_security_input_validation.py,162,method,test_validate_list_of_strings_converts_single_string,def test_validate_list_of_strings_converts_single_string(self):,test,Python,0,0,LOW,,unreachable_from_entrypoints
8d922dcf3bd4cedf15f1793159b684c5112ba5d2,backend/tests/test_security_input_validation.py,167,method,test_validate_list_of_strings_sanitizes_items,def test_validate_list_of_strings_sanitizes_items(self):,test,Python,0,0,LOW,,unreachable_from_entrypoints
feaa6b5f26fd951b54cc0910fe6ae6d86998ace7,backend/tests/test_security_input_validation.py,173,method,test_validate_list_of_strings_rejects_too_many_items,def test_validate_list_of_strings_rejects_too_many_items(self):,test,Python,0,0,LOW,,unreachable_from_entrypoints
61c874fcc2b5e78d473b8f8013bbfcc3304b73f7,backend/tests/test_security_input_validation.py,179,method,test_validate_list_of_strings_rejects_too_long_item,def test_validate_list_of_strings_rejects_too_long_item(self):,test,Python,0,0,LOW,,unreachable_from_entrypoints
97b388cb680e3929fccf4e96fd796a179f575736,backend/tests/test_security_input_validation.py,185,method,test_validate_list_of_strings_rejects_non_list,def test_validate_list_of_strings_rejects_non_list(self):,test,Python,0,0,LOW,,unreachable_from_entrypoints
4dd9ceeae6cecfc2248f2624b0334725e3176643,backend/tests/test_security_input_validation.py,194,method,test_sql_injection_attempt_in_string,def test_sql_injection_attempt_in_string(self):,test,Python,0,0,LOW,,unreachable_from_entrypoints
6417dfb696fe59c2c68f823506ca8cf697db0cfa,backend/tests/test_security_input_validation.py,205,method,test_xss_attempt_in_string,def test_xss_attempt_in_string(self):,test,Python,0,0,LOW,,unreachable_from_entrypoints
51a3f7493b4494589c0388a5d5af3f2ce5d4c650,backend/tests/test_security_input_validation.py,213,method,test_redos_attack_prevented,def test_redos_attack_prevented(self):,test,Python,0,0,LOW,,unreachable_from_entrypoints
f81914b7d734c591b0f8ad0315abe0dd480f60ae,backend/tests/test_security_input_validation.py,221,method,test_path_traversal_in_string,def test_path_traversal_in_string(self):,test,Python,0,0,LOW,,unreachable_from_entrypoints
1dc99640484d39e4aee5088c3a74190d54c1e733,backend/tests/test_security_input_validation.py,230,method,test_buffer_overflow_attempt,def test_buffer_overflow_attempt(self):,test,Python,0,0,LOW,,unreachable_from_entrypoints
0a583cef97ba4f729159cf9d1bba43bb1bdc7163,backend/tests/test_security_input_validation.py,242,method,test_commit_source_executor_sanitizes_filters,def test_commit_source_executor_sanitizes_filters(self):,test,Python,0,0,LOW,,unreachable_from_entrypoints
092a326bbaf16e1eed52c9c264cc012b6fde3006,backend/tests/test_security_input_validation.py,248,method,test_jira_issue_source_executor_sanitizes_filters,def test_jira_issue_source_executor_sanitizes_filters(self):,test,Python,0,0,LOW,,unreachable_from_entrypoints
623018327f35856c729b6f079e5366b50d797db6,backend/tests/test_security_input_validation.py,252,method,test_confluence_source_executor_sanitizes_filters,def test_confluence_source_executor_sanitizes_filters(self):,test,Python,0,0,LOW,,unreachable_from_entrypoints
a9d9c3a236f93195c179ab155e17de61ef48e012,backend/tests/test_security_input_validation.py,256,method,test_jira_key_extractor_prevents_redos,def test_jira_key_extractor_prevents_redos(self):,test,Python,0,0,LOW,,unreachable_from_entrypoints
7f2199c86719eeb2128931f28da0218bf3eecf49,backend/tests/test_security_input_validation.py,260,method,test_filter_node_executor_validates_config,def test_filter_node_executor_validates_config(self):,test,Python,0,0,LOW,,unreachable_from_entrypoints
2ef2f7e2b92cb21ac204df373ef89740da97e2a8,backend/tests/test_security_input_validation.py,272,method,test_string_validation_performance,def test_string_validation_performance(self):,test,Python,0,0,LOW,,unreachable_from_entrypoints
251f44a66aecfc9e6036cdb79a5a034440235170,backend/tests/test_security_input_validation.py,285,method,test_regex_validation_performance,def test_regex_validation_performance(self):,test,Python,0,0,LOW,,unreachable_from_entrypoints
590667fa0ba59c6be3d839b512b042f224968fe7,backend/tests/test_traceability.py,28,method,limit,"def limit(self, *_args, **_kwargs):",test,Python,46,0,LOW,,unreachable_from_entrypoints
739db381767321873cef4c372003708c6c2f255d,backend/tests/test_traceability.py,45,function,_fake_ensure_project_access,"async def _fake_ensure_project_access(project_id, _db, _current_user):",test,Python,0,0,LOW,,unreachable_from_entrypoints
11aa9ba289b9b2ea1570fad8a0290c7110dbddf2,backend/tests/test_traceability.py,59,method,__init__,"def __init__(self, values):",test,Python,0,0,LOW,,unreachable_from_entrypoints
2c7ee82cc8d52cfe5e24f509d6048015d09c237b,backend/tests/test_traceability.py,62,method,scalars,def scalars(self):,test,Python,0,0,LOW,,unreachable_from_entrypoints
ccb37c26b2a77ff894b8dc3073bd85e455d8bf94,backend/tests/test_traceability.py,65,method,all,def all(self):,test,Python,0,0,LOW,,unreachable_from_entrypoints
8fbe3360d7f5f0cbd6b649751e8a4509f18ec2ee,backend/tests/test_traceability.py,70,method,__init__,"def __init__(self, responses):",test,Python,0,0,LOW,,unreachable_from_entrypoints
d21c99b412e80bd5e0ee0252368eac817f35d397,backend/tests/test_traceability.py,73,method,execute,"async def execute(self, *_args, **_kwargs):",test,Python,0,0,LOW,,unreachable_from_entrypoints
bc91d57e364393c282dc70abc848d48bcc63d955,backend/tests/test_traceability.py,80,method,__init__,"def __init__(self, payload, scalar=False):",test,Python,0,0,LOW,,unreachable_from_entrypoints
23813362eab05bc72d9d8a8e80ebd15dee604312,backend/tests/test_traceability.py,84,method,scalars,def scalars(self):,test,Python,0,0,LOW,,unreachable_from_entrypoints
d45f10b67e4d8382a1e258d8850970bc42413639,backend/tests/test_traceability.py,89,method,all,def all(self):,test,Python,0,0,LOW,,unreachable_from_entrypoints
297b33b0c38f23879b9c5f3fd308fbb6435253f8,backend/tests/test_traceability.py,94,method,__init__,"def __init__(self, artifacts, links):",test,Python,0,0,LOW,,unreachable_from_entrypoints
f56332462d3f5e8319d64e2c8ac6e161644c340a,backend/tests/test_traceability.py,99,method,execute,"async def execute(self, *_args, **_kwargs):",test,Python,0,0,LOW,,unreachable_from_entrypoints
fd65e2c5760325a1ae037e046b56a19d3117f53f,backend/tests/test_traceability.py,107,function,test_would_create_cycle_detects_cycle,async def test_would_create_cycle_detects_cycle():,test,Python,0,0,LOW,,unreachable_from_entrypoints
975264916461e1b78c9302dac002088f2e1982a7,backend/tests/test_traceability.py,116,function,test_would_create_cycle_handles_acyclic_graph,async def test_would_create_cycle_handles_acyclic_graph():,test,Python,0,0,LOW,,unreachable_from_entrypoints
0366e77dc62ec0895e2d3bcc768a168a2133c071,backend/tests/test_traceability.py,125,function,test_would_create_cycle_skips_non_dag_types,async def test_would_create_cycle_skips_non_dag_types():,test,Python,0,0,LOW,,unreachable_from_entrypoints
2150a8f32a0b43b5afc0c4bd784e1bd61b497022,backend/tests/test_traceability.py,131,function,test_traceability_matrix_includes_link_type_counts,async def test_traceability_matrix_includes_link_type_counts():,test,Python,0,0,LOW,,unreachable_from_entrypoints
12e3db75c04ff89902d93b55ee8964d316081d54,check_users.py,8,function,get_users,async def get_users():,prod,Python,0,0,LOW,,unreachable_from_entrypoints
c3e38177c807273b9d6b904378bece368698a272,e2e/playwright/tests/analytics.spec.ts,20,function,login,async function login(page: Page),test,TypeScript,0,0,LOW,,unreachable_from_entrypoints
ffdaa69fd12129da5665a5b11f68a043f00c3b9f,e2e/playwright/tests/auth.spec.ts,26,function,login,"async function login(page: Page, email: string, password: string)",test,TypeScript,0,0,LOW,,unreachable_from_entrypoints
4427a5641547ced7c909da15bf6555464502d99e,e2e/playwright/tests/auth.spec.ts,34,function,expectLoggedIn,async function expectLoggedIn(page: Page),test,TypeScript,0,0,LOW,,unreachable_from_entrypoints
9370a7562504f72f586457846666a7344226414a,e2e/playwright/tests/auth.spec.ts,42,function,expectOnLoginPage,async function expectOnLoginPage(page: Page),test,TypeScript,0,0,LOW,,unreachable_from_entrypoints
bfa9892f206b6f38ef29cd6cbb14422e25302095,e2e/playwright/tests/flow-builder.spec.ts,24,function,loginAndNavigate,"async function loginAndNavigate(page: Page, path: string)",test,TypeScript,0,0,LOW,,unreachable_from_entrypoints
1ee7c2e04d7e2026ade7f129022cad2133d9ed71,e2e/playwright/tests/flow-builder.spec.ts,39,function,waitForFlowBuilder,async function waitForFlowBuilder(page: Page),test,TypeScript,0,0,LOW,,unreachable_from_entrypoints
396266086141806cdca101a6c0044260e0a20642,e2e/playwright/tests/projects.spec.ts,21,function,login,async function login(page: Page),test,TypeScript,0,0,LOW,,unreachable_from_entrypoints
033764ea38b0c22364c894dcde039bee41e33f1f,e2e/puppeteer/sequential_puppeteer.test.backup.js,7,function,logStep,"function logStep(n, msg)",test,JavaScript,0,0,LOW,,unreachable_from_entrypoints
5989c033cb9c7f0c00cab2f0e41ab016817f59c4,e2e/puppeteer/sequential_puppeteer.test.backup.js,11,function,ensureDir,async function ensureDir(p),test,JavaScript,0,0,LOW,,unreachable_from_entrypoints
981c50206de39fdb83ced64baa461be259adfcce,e2e/puppeteer/sequential_puppeteer.test.js,7,function,logStep,"function logStep(n, msg)",test,JavaScript,0,0,LOW,,unreachable_from_entrypoints
e6c78f11b540b5a3ae630e2bd099bb75b67bb7af,e2e/puppeteer/sequential_puppeteer.test.js,8,function,ensureDir,async function ensureDir(p),test,JavaScript,0,0,LOW,,unreachable_from_entrypoints
de3a78282e839f72ebeb8cbd4d2a30391c3b61ca,e2e/puppeteer/sequential_puppeteer.test.js,10,function,waitVisibleXPath,"async function waitVisibleXPath(page, xp, timeout = 15000)",test,JavaScript,2,0,LOW,,unreachable_from_entrypoints
957dce3691fd1f6794427e05e9723c9a0144d569,e2e/puppeteer/sequential_puppeteer.test.js,11,function,anonymous_11,(xpInner),test,JavaScript,0,0,LOW,,unreachable_from_entrypoints
bcde0c971c2310053ea4013e2ea31204a39d1c29,e2e/puppeteer/sequential_puppeteer.test.js,17,function,anonymous_17,(xpInner),test,JavaScript,0,0,LOW,,unreachable_from_entrypoints
0ca0eb8dc7d34af6906d5876eb15c3cfc72007ae,e2e/puppeteer/sequential_puppeteer.test.js,24,function,clickXPath,"async function clickXPath(page, xp, timeout = 15000)",test,JavaScript,0,0,LOW,,unreachable_from_entrypoints
82d0ce98929784eae4d4ef8f924473b8fb77eb46,e2e/puppeteer/sequential_puppeteer.test.js,25,function,typeByLabel,"async function typeByLabel(page, labelText, value)",test,JavaScript,0,0,LOW,,unreachable_from_entrypoints
3aefbb709fdd2ff0eb919011e7b1e5cc418b097a,frontend/scripts/check-analytics.js,3,function,main,async function main(),prod,JavaScript,0,0,LOW,,unreachable_from_entrypoints
34ea811593cd8c523b901aa78aaf04493c7c1875,frontend/scripts/check-analytics.js,17,function,anonymous_17,nodes,prod,JavaScript,0,0,LOW,,unreachable_from_entrypoints
69baa67116ae44ca5264b8e6a20f830f100b1dc7,frontend/scripts/check-analytics.js,19,function,anonymous_19,(node),prod,JavaScript,0,0,LOW,,unreachable_from_entrypoints
02b8d2a47a49d259c775f394602d0ead76c3a0fe,frontend/scripts/check-analytics.js,20,function,anonymous_20,(text),prod,JavaScript,0,0,LOW,,unreachable_from_entrypoints
2ba1b36a51a1294552cefe6f2346fe6cb10418f8,frontend/scripts/check-analytics.js,32,function,anonymous_32,resolve,prod,JavaScript,0,0,LOW,,unreachable_from_entrypoints
42db9cae2990fff8426d066e89c5c456c924d987,frontend/scripts/dashboard-smoke.js,9,function,ensureProjectSwitch,async function ensureProjectSwitch(page),prod,JavaScript,0,0,LOW,,unreachable_from_entrypoints
625f8da87f553e891f2da988e60eaa92d280f7ad,frontend/scripts/dashboard-smoke.js,14,function,anonymous_14,nodes,prod,JavaScript,0,0,LOW,,unreachable_from_entrypoints
172ceab323b2984e69e04393c237209bc43743c1,frontend/scripts/dashboard-smoke.js,15,function,anonymous_15,node,prod,JavaScript,0,0,LOW,,unreachable_from_entrypoints
19be71e430f808e6fef86852782c482ded142d96,frontend/scripts/dashboard-smoke.js,24,function,anonymous_24,(label),prod,JavaScript,0,0,LOW,,unreachable_from_entrypoints
9b0d30dc2cdf7eedbba71de60e02c552cfd417d4,frontend/scripts/dashboard-smoke.js,26,function,anonymous_26,item,prod,JavaScript,0,0,LOW,,unreachable_from_entrypoints
a43feccacca248746590c49111d478f959e98657,frontend/scripts/dashboard-smoke.js,36,function,clickByTestId,"async function clickByTestId(page, testId, expectDialog = false)",prod,JavaScript,0,0,LOW,,unreachable_from_entrypoints
56c7e8052fcc9aec0593347688cf149d7e44749b,frontend/src/App.tsx,39,function,LazyFallback,(),prod,TypeScript,0,0,LOW,,unreachable_from_entrypoints
937bcaec4b22131613b3ecede2d14f3c0ac0c370,frontend/src/App.tsx,53,function,App,function App(),prod,TypeScript,0,0,LOW,,unreachable_from_entrypoints
f1c825e47520ef26e27b60fef5ebb3509d05a41d,frontend/src/App.tsx,56,function,anonymous_56,(state: RootState),prod,TypeScript,0,0,LOW,,unreachable_from_entrypoints
6eb2af59a4e1713ef494fec633341fc6b68386f3,frontend/src/App.tsx,59,function,anonymous_59,(),prod,TypeScript,0,0,LOW,,unreachable_from_entrypoints
1e1cc5fa66ac1f86b6c2731ffa30ae506e8630e1,frontend/src/App.tsx,85,function,anonymous_85,(),prod,TypeScript,0,0,LOW,,unreachable_from_entrypoints
02ff86fed81914425b1d33a5bc20c2ad805cf742,frontend/src/App.tsx,95,function,anonymous_95,(),prod,TypeScript,0,0,LOW,,unreachable_from_entrypoints
a14d7a5a1afe17bb8a2126d45e258539c71f42e9,frontend/src/App.tsx,104,function,anonymous_104,(),prod,TypeScript,0,0,LOW,,unreachable_from_entrypoints
2b724a4264f9320fc2ebe12583a7e1bdc23f1c5b,frontend/src/App.tsx,105,function,anonymous_105,(),prod,TypeScript,0,0,LOW,,unreachable_from_entrypoints
c8231392f08795f03128b4cd3f50045e8df12687,frontend/src/App.tsx,110,function,anonymous_110,(),prod,TypeScript,0,0,LOW,,unreachable_from_entrypoints
102460b64615b082d4e4b9476eca9bad226cbcce,frontend/src/App.tsx,113,function,anonymous_113,(),prod,TypeScript,0,0,LOW,,unreachable_from_entrypoints
c2a33aeb41d4bf94d356e6905750dcfe236c0651,frontend/src/App.tsx,118,function,anonymous_118,async (),prod,TypeScript,0,0,LOW,,unreachable_from_entrypoints
2781fd15390d68089e3f2d53c78dec2dc711ad90,frontend/src/App.tsx,132,function,anonymous_132,(),prod,TypeScript,0,0,LOW,,unreachable_from_entrypoints
2705665ed8be94a01d9d2077502a462163015028,frontend/src/components/AdvancedFieldMapping.tsx,47,function,AdvancedFieldMapping,(,prod,TypeScript,0,0,LOW,,unreachable_from_entrypoints
3c7186315bbb2957bbdb77f9c38ef0c22d6e28cd,frontend/src/components/AdvancedFieldMapping.tsx,58,function,anonymous_58,(ft),prod,TypeScript,0,0,LOW,,unreachable_from_entrypoints
5ed18f12dba01c69453a0beddd765e99f04e70e8,frontend/src/components/AdvancedFieldMapping.tsx,58,function,anonymous_58,(m),prod,TypeScript,0,0,LOW,,unreachable_from_entrypoints
59c4726cb59a0673fde6f1e6286ee08a136bd792,frontend/src/components/AdvancedFieldMapping.tsx,61,function,anonymous_61,(confidence?: number),prod,TypeScript,0,0,LOW,,unreachable_from_entrypoints
ca83031437702cda2824d82e232f1e3084c136d1,frontend/src/components/AdvancedFieldMapping.tsx,68,function,anonymous_68,(fieldType: string),prod,TypeScript,0,0,LOW,,unreachable_from_entrypoints
755602aef719f28e041daf889ee5f9e6a488787d,frontend/src/components/AdvancedFieldMapping.tsx,71,function,anonymous_71,"([, field])",prod,TypeScript,0,0,LOW,,unreachable_from_entrypoints
094694299f0aee523357b9cb34192ba0bae74a13,frontend/src/components/AdvancedFieldMapping.tsx,79,function,anonymous_79,async (),prod,TypeScript,0,0,LOW,,unreachable_from_entrypoints
6229b4d625c2d87dca2dc8a68e4e8acb77fa4f5e,frontend/src/components/AdvancedFieldMapping.tsx,87,function,anonymous_87,(),prod,TypeScript,0,0,LOW,,unreachable_from_entrypoints
58fd83921936584d90f3bda76754d9da6bd0210e,frontend/src/components/AdvancedFieldMapping.tsx,104,function,anonymous_104,(),prod,TypeScript,0,0,LOW,,unreachable_from_entrypoints
ad2e99061e53fd33c2d153c8cf852000c4e2fa55,frontend/src/components/AdvancedFieldMapping.tsx,148,function,anonymous_148,(mapping),prod,TypeScript,0,0,LOW,,unreachable_from_entrypoints
b176be397d95ade14ae3d6a149bf6389a522f767,frontend/src/components/AdvancedFieldMapping.tsx,152,function,anonymous_152,(ft),prod,TypeScript,0,0,LOW,,unreachable_from_entrypoints
0c85cc15b12b1e423a50987249b76c9be2b6a0d6,frontend/src/components/AdvancedFieldMapping.tsx,156,function,anonymous_156,(ft),prod,TypeScript,0,0,LOW,,unreachable_from_entrypoints
63270450cb7c1d20fbf12fccef6c9f28f7fe51ac,frontend/src/components/AdvancedFieldMapping.tsx,183,function,anonymous_183,(),prod,TypeScript,0,0,LOW,,unreachable_from_entrypoints
5f73468695a30dc89eba9f73847ffd77c2dc18d2,frontend/src/components/AdvancedFieldMapping.tsx,215,function,anonymous_215,(fieldType),prod,TypeScript,0,0,LOW,,unreachable_from_entrypoints
ad4544c2339ddd124e9233c84981a62adaf01707,frontend/src/components/AdvancedFieldMapping.tsx,231,function,anonymous_231,(e),prod,TypeScript,0,0,LOW,,unreachable_from_entrypoints
31c7bad6639109908f6dd38d0d33ec234cf8454c,frontend/src/components/AdvancedFieldMapping.tsx,237,function,anonymous_237,"([id, field])",prod,TypeScript,0,0,LOW,,unreachable_from_entrypoints
653178c1496d550b7fe313be695b29060b53c2cc,frontend/src/components/AdvancedFieldMapping.tsx,264,function,anonymous_264,(),prod,TypeScript,0,0,LOW,,unreachable_from_entrypoints
52008c60896d1980b29ae664b6ff95fc79b40abe,frontend/src/components/AnalyticsFilters.tsx,39,function,AnalyticsFilters,(,prod,TypeScript,0,0,LOW,,unreachable_from_entrypoints
07148194d65b0b527631bf06910adb0c6db9b05b,frontend/src/components/AnalyticsFilters.tsx,50,function,anonymous_50,(p),prod,TypeScript,0,0,LOW,,unreachable_from_entrypoints
999ff800b680fe530e95abd215e1a2c5955e994d,frontend/src/components/AnalyticsFilters.tsx,68,function,anonymous_68,(e),prod,TypeScript,0,0,LOW,,unreachable_from_entrypoints
a99caf68d97c15e771c6046c755782cae6ee44fe,frontend/src/components/AnalyticsFilters.tsx,72,function,anonymous_72,(p),prod,TypeScript,0,0,LOW,,unreachable_from_entrypoints
54e96f221c666af16663b0124dc9268d992ce1a9,frontend/src/components/AnalyticsFilters.tsx,83,function,anonymous_83,(filter),prod,TypeScript,0,0,LOW,,unreachable_from_entrypoints
4bec91bbcb783006766b509572ab5b644afdfe72,frontend/src/components/AnalyticsFilters.tsx,87,function,anonymous_87,(),prod,TypeScript,0,0,LOW,,unreachable_from_entrypoints
bef0dc788a0b416ca1a1ffbb7dac1cc0beef7e09,frontend/src/components/AnalyticsFilters.tsx,109,function,anonymous_109,(f),prod,TypeScript,0,0,LOW,,unreachable_from_entrypoints
b97165a606fed0ffaafa6d89cfef6f0fb22265b3,frontend/src/components/AnalyticsFilters.tsx,130,function,anonymous_130,(),prod,TypeScript,0,0,LOW,,unreachable_from_entrypoints
268cf2badfaca4d93134a94edfcee0311d020f56,frontend/src/components/AnalyticsFilters.tsx,138,function,anonymous_138,(),prod,TypeScript,0,0,LOW,,unreachable_from_entrypoints
b85b875286fb3f17db679d55219bab779d2c9436,frontend/src/components/AnalyticsFilters.tsx,157,function,anonymous_157,(e),prod,TypeScript,0,0,LOW,,unreachable_from_entrypoints
db76e18cdf209f5726b168f6fd4251b7e728212a,frontend/src/components/AnalyticsFilters.tsx,176,function,anonymous_176,(e),prod,TypeScript,0,0,LOW,,unreachable_from_entrypoints
5487cbf243ed6005b3e19461712d09dfe1fc734e,frontend/src/components/BackendStatusAlert.tsx,5,function,BackendStatusAlert,(),prod,TypeScript,0,0,LOW,,unreachable_from_entrypoints
ce2e3cb7ab6e48ca37c04a293853c0494155cb7d,frontend/src/components/BackendStatusAlert.tsx,10,function,anonymous_10,(),prod,TypeScript,0,0,LOW,,unreachable_from_entrypoints
4e778d76b7c450938933c62d807dac391356467d,frontend/src/components/BackendStatusAlert.tsx,12,function,anonymous_12,(event: CustomEvent),prod,TypeScript,0,0,LOW,,unreachable_from_entrypoints
2eb1b30dfd1001bd354fa68b8c0bb0026ea0e3be,frontend/src/components/BackendStatusAlert.tsx,19,function,anonymous_19,(event: CustomEvent),prod,TypeScript,0,0,LOW,,unreachable_from_entrypoints
4c44c2df6edfe37aa922cbc8c6f87703cd4eed8e,frontend/src/components/BackendStatusAlert.tsx,38,function,anonymous_38,(),prod,TypeScript,0,0,LOW,,unreachable_from_entrypoints
2664ecf307b670137a7ac69eff25cb6c2d081382,frontend/src/components/BackendStatusAlert.tsx,44,function,anonymous_44,async (),prod,TypeScript,0,0,LOW,,unreachable_from_entrypoints
01df50e535966455dd88d53345abc38a31a15719,frontend/src/components/BackendStatusAlert.tsx,57,function,anonymous_57,(),prod,TypeScript,0,0,LOW,,unreachable_from_entrypoints
0227def3ae91d6af816c11de6c4be55b840d23eb,frontend/src/components/BackfillProgressDialog.tsx,38,function,BackfillProgressDialog,(,prod,TypeScript,0,0,LOW,,unreachable_from_entrypoints
fa79f55f790d1e2c53640693ec41a0d219d788f3,frontend/src/components/BackfillProgressDialog.tsx,46,function,anonymous_46,(),prod,TypeScript,0,0,LOW,,unreachable_from_entrypoints
a20d0057b893c222c7d251c1204b3bfcd0cb1992,frontend/src/components/BackfillProgressDialog.tsx,52,function,anonymous_52,(),prod,TypeScript,0,0,LOW,,unreachable_from_entrypoints
0b9f59002e1a21a7fac5c7d3760a30a75fb70189,frontend/src/components/BackfillProgressDialog.tsx,53,function,anonymous_53,(prev),prod,TypeScript,0,0,LOW,,unreachable_from_entrypoints
1315fd21e4178f23075209dbdbca799e78c46454,frontend/src/components/BackfillProgressDialog.tsx,56,function,anonymous_56,(),prod,TypeScript,0,0,LOW,,unreachable_from_entrypoints
7119ff4590743dec38c12e775c809ee1c0e73445,frontend/src/components/BackfillProgressDialog.tsx,60,function,anonymous_60,(s),prod,TypeScript,0,0,LOW,,unreachable_from_entrypoints
9a00c9a2314e1eab51b9ce55c8b7b69dfbdfb93d,frontend/src/components/BackfillProgressDialog.tsx,65,function,anonymous_65,(seconds: number): string,prod,TypeScript,0,0,LOW,,unreachable_from_entrypoints
98b020595d712a864d1b68120cd764cd1823a41b,frontend/src/components/BackfillProgressDialog.tsx,75,function,anonymous_75,(status: BackfillStep['status']),prod,TypeScript,0,0,LOW,,unreachable_from_entrypoints
368fc9ecc2d362e3c5fb095d0128f18782b15275,frontend/src/components/BackfillProgressDialog.tsx,88,function,anonymous_88,(step: BackfillStep): string,prod,TypeScript,0,0,LOW,,unreachable_from_entrypoints
b9920465c56cfcb80db9ebab07d41e31a0ca29ff,frontend/src/components/BackfillProgressDialog.tsx,153,function,anonymous_153,"(step, index)",prod,TypeScript,0,0,LOW,,unreachable_from_entrypoints
0648c25608aff477585d903f94de34862770ba6c,frontend/src/components/CircularProgressWithLabel.tsx,10,function,CircularProgressWithLabel,(,prod,TypeScript,0,0,LOW,,unreachable_from_entrypoints
a8851013e9d53c5635da7aec30349dfa6d317933,frontend/src/components/DashboardFilters.tsx,38,function,DashboardFilters,(,prod,TypeScript,0,0,LOW,,unreachable_from_entrypoints
d730d2ab95a1bb0b24034bbc5e37f11297625661,frontend/src/components/DashboardFilters.tsx,50,function,anonymous_50,(filter: string),prod,TypeScript,0,0,LOW,,unreachable_from_entrypoints
46cb726214a7aff4990f9d89f64a3f98bc16e3e5,frontend/src/components/DashboardFilters.tsx,57,function,anonymous_57,p,prod,TypeScript,0,0,LOW,,unreachable_from_entrypoints
1ec1a1d5fe01dca7f7f92769087b40326370f14c,frontend/src/components/DashboardFilters.tsx,69,function,anonymous_69,(),prod,TypeScript,0,0,LOW,,unreachable_from_entrypoints
6f9733e077385343691d95bf362634584f4de21b,frontend/src/components/DashboardFilters.tsx,116,function,anonymous_116,(),prod,TypeScript,0,0,LOW,,unreachable_from_entrypoints
8a871fc9a44de1956d5efb79788a0d5df1194f26,frontend/src/components/DashboardFilters.tsx,125,function,anonymous_125,(filter),prod,TypeScript,0,0,LOW,,unreachable_from_entrypoints
6ca47add80c4fdd69d31c3ccd48c76356ff14c90,frontend/src/components/DashboardFilters.tsx,129,function,anonymous_129,(),prod,TypeScript,0,0,LOW,,unreachable_from_entrypoints
2e51dba07e68e4119fb6fa449d02e83f1ecaa220,frontend/src/components/DashboardFilters.tsx,141,function,anonymous_141,p,prod,TypeScript,0,0,LOW,,unreachable_from_entrypoints
e643d32fe2ed9fefff4f08b50e789872b0e3d2ad,frontend/src/components/DashboardFilters.tsx,144,function,anonymous_144,(),prod,TypeScript,0,0,LOW,,unreachable_from_entrypoints
a9aecb4c9103375bc9100ed0dc30fac5e7222adc,frontend/src/components/DashboardFilters.tsx,145,function,anonymous_145,p,prod,TypeScript,0,0,LOW,,unreachable_from_entrypoints
373a29e6934d61098379b91dc3537995a78e8218,frontend/src/components/DashboardFilters.tsx,166,function,anonymous_166,(e),prod,TypeScript,0,0,LOW,,unreachable_from_entrypoints
1fcca276997167244555a59dc3499b45e083da5b,frontend/src/components/DashboardFilters.tsx,168,function,anonymous_168,(project),prod,TypeScript,0,0,LOW,,unreachable_from_entrypoints
970daa11b7d3323ee0fe8e266592f3ce3d51829f,frontend/src/components/DashboardFilters.tsx,182,function,anonymous_182,(e),prod,TypeScript,0,0,LOW,,unreachable_from_entrypoints
dbfabc24721fece6b9cfc4093d2336c831520f4a,frontend/src/components/DashboardFilters.tsx,201,function,anonymous_201,(e),prod,TypeScript,0,0,LOW,,unreachable_from_entrypoints
2ba77bd2ee267fe922bef3e02e3248b0af099dfb,frontend/src/components/DashboardSkeleton.tsx,4,function,DashboardSkeleton,(),prod,TypeScript,0,0,LOW,,unreachable_from_entrypoints
bf32e6754c7e50435e6836ab675b043bbcb1754a,frontend/src/components/DashboardSkeleton.tsx,18,function,anonymous_18,(i),prod,TypeScript,0,0,LOW,,unreachable_from_entrypoints
b54b4b43aebc50728f4fbdec3edc4540029fa1ae,frontend/src/components/DashboardSkeleton.tsx,82,function,anonymous_82,(i),prod,TypeScript,0,0,LOW,,unreachable_from_entrypoints
cbea31633889ecccbe575834c1706ed8ab750319,frontend/src/components/DashboardSkeleton.tsx,97,function,anonymous_97,(i),prod,TypeScript,0,0,LOW,,unreachable_from_entrypoints
42024bd855e8faf2f87c8ec4402f369935960eea,frontend/src/components/EmptyState.test.tsx,8,function,renderWithRouter,(component: React.ReactElement),test,TypeScript,0,0,LOW,,unreachable_from_entrypoints
507cc70b681bd0dd8bf6775fe41ca11e2337b950,frontend/src/components/EmptyState.tsx,21,function,EmptyState,(,prod,TypeScript,0,0,LOW,,unreachable_from_entrypoints
13a1bc73123a0c67169484ae51410c1eeb0a3362,frontend/src/components/EmptyState.tsx,74,function,anonymous_74,"(step, index)",prod,TypeScript,0,0,LOW,,unreachable_from_entrypoints
fa0c2301b0be6e7b0ef3b8f86ad979be1a952173,frontend/src/components/EmptyState.tsx,120,function,anonymous_120,"(benefit, index)",prod,TypeScript,0,0,LOW,,unreachable_from_entrypoints
df6f5b26c17ffa1a8e14e31f5d3ecfc62f8dc8ae,frontend/src/components/HelpPanel.tsx,37,function,HelpPanelComponent,(,prod,TypeScript,0,0,LOW,,unreachable_from_entrypoints
e1c580cfbedcbe09bb1cb16dcb2373f53a981675,frontend/src/components/HelpPanel.tsx,48,function,anonymous_48,(),prod,TypeScript,0,0,LOW,,unreachable_from_entrypoints
cd5f854978c8b906c8c675524adcf014bb31911c,frontend/src/components/HelpPanel.tsx,94,function,anonymous_94,(),prod,TypeScript,0,0,LOW,,unreachable_from_entrypoints
77e9202b5f4d3150112156d4d88c3bbfdf1ef730,frontend/src/components/HelpPanel.tsx,117,function,anonymous_117,"(step, idx)",prod,TypeScript,0,0,LOW,,unreachable_from_entrypoints
4c482b63e3ae9193297b63d939ce5da6198994fa,frontend/src/components/HelpTooltip.tsx,14,function,HelpTooltipComponent,(,prod,TypeScript,0,0,LOW,,unreachable_from_entrypoints
2c76c9a70f06778fcd183147306d2af07e077bd9,frontend/src/components/IntegrationCard.tsx,32,function,IntegrationCard,(,prod,TypeScript,0,0,LOW,,unreachable_from_entrypoints
d91d96c583da84c3fe71c65271efaf4f9482aa0b,frontend/src/components/IntegrationCard.tsx,52,function,anonymous_52,"(field, idx)",prod,TypeScript,0,0,LOW,,unreachable_from_entrypoints
4733717f4a2eb1f5e90f1f73dc095875a90326e7,frontend/src/components/IntegrationCard.tsx,59,function,anonymous_59,(e),prod,TypeScript,0,0,LOW,,unreachable_from_entrypoints
3f42220f37b98938cd0c0ca8c5cfb1225d4f643e,frontend/src/components/KPIBar.tsx,26,function,getStatusColor,(status?: string),prod,TypeScript,2,0,LOW,,unreachable_from_entrypoints
757faa6b91cb5cb792e3bee57add921417f1662a,frontend/src/components/KPIBar.tsx,40,function,getTrendIcon,"(trend?: string, change?: number)",prod,TypeScript,0,0,LOW,,unreachable_from_entrypoints
76e9ce05261512ca7c5b29c85f906d36d68aaa2d,frontend/src/components/KPIBar.tsx,53,function,formatChange,(change?: number),prod,TypeScript,0,0,LOW,,unreachable_from_entrypoints
f19bbe496a8cdb2a1a83d59063ea7b64728dd259,frontend/src/components/Layout.tsx,102,function,Layout,export default function Layout(),prod,TypeScript,0,0,LOW,,unreachable_from_entrypoints
76fc53c592d6279356bdf27076413cb00bae5176,frontend/src/components/Layout.tsx,109,function,anonymous_109,(),prod,TypeScript,0,0,LOW,,unreachable_from_entrypoints
1ee09db2ad1abb5b505ee72cc38ccdf0e5b34d93,frontend/src/components/Layout.tsx,117,function,anonymous_117,(label: string),prod,TypeScript,0,0,LOW,,unreachable_from_entrypoints
e615f904daa8e62b61e4cdc77fa36bdace8ef6a9,frontend/src/components/Layout.tsx,126,function,anonymous_126,(itemText: string),prod,TypeScript,0,0,LOW,,unreachable_from_entrypoints
d995948f861315fea5d8bbc80dd6da8be6954417,frontend/src/components/Layout.tsx,133,function,anonymous_133,(),prod,TypeScript,0,0,LOW,,unreachable_from_entrypoints
eaf2c2dee4cc66869b85e9bc68d7576804f726ba,frontend/src/components/Layout.tsx,137,function,anonymous_137,(event: React.MouseEvent<HTMLElement>),prod,TypeScript,0,0,LOW,,unreachable_from_entrypoints
62a2b9a6f5d480a1688953864ff20577fb0f230b,frontend/src/components/Layout.tsx,141,function,anonymous_141,(),prod,TypeScript,0,0,LOW,,unreachable_from_entrypoints
61dcb56a108b6ed41b8304dd1f7edafad38acf9d,frontend/src/components/Layout.tsx,145,function,anonymous_145,(),prod,TypeScript,0,0,LOW,,unreachable_from_entrypoints
e45764366902814c625372854f65ad8cdf272502,frontend/src/components/Layout.tsx,159,function,anonymous_159,"(group, groupIndex)",prod,TypeScript,0,0,LOW,,unreachable_from_entrypoints
7b3a1cdb346a5b577cdc971c90815331d16d66ab,frontend/src/components/Layout.tsx,164,function,anonymous_164,(item),prod,TypeScript,0,0,LOW,,unreachable_from_entrypoints
0afbffca54dc7ed93d40fb6ab6f8c3e63a549b1b,frontend/src/components/Layout.tsx,166,function,anonymous_166,(),prod,TypeScript,0,0,LOW,,unreachable_from_entrypoints
d211f7b3ce9a5f9fc4d063967a504a2ed375a79c,frontend/src/components/Layout.tsx,180,function,anonymous_180,(),prod,TypeScript,0,0,LOW,,unreachable_from_entrypoints
4298f154e74a69fb03e01d134f3362d802e6d135,frontend/src/components/Layout.tsx,196,function,anonymous_196,(item),prod,TypeScript,0,0,LOW,,unreachable_from_entrypoints
a5be10565c23ebcf8108279d206ef518ea0e23a2,frontend/src/components/Layout.tsx,200,function,anonymous_200,(),prod,TypeScript,0,0,LOW,,unreachable_from_entrypoints
23083bf64fbd33a7d9feb08c653d3a23814a138a,frontend/src/components/Layout.tsx,217,function,anonymous_217,(child),prod,TypeScript,0,0,LOW,,unreachable_from_entrypoints
f1a11b4247116c795220dfce1be61898ea87cf53,frontend/src/components/Layout.tsx,219,function,anonymous_219,(),prod,TypeScript,0,0,LOW,,unreachable_from_entrypoints
781b9ec7ea3941818c934f496abcdf5a17fa1c1f,frontend/src/components/Layout.tsx,274,function,anonymous_274,(),prod,TypeScript,0,0,LOW,,unreachable_from_entrypoints
52b3ec47692330f99f973b81310ba621e44e0640,frontend/src/components/OnboardingWizard.tsx,73,function,OnboardingWizard,(,prod,TypeScript,0,0,LOW,,unreachable_from_entrypoints
164c7ec1d9d1f4586fc5d024a135bc50c763f112,frontend/src/components/OnboardingWizard.tsx,96,function,anonymous_96,(),prod,TypeScript,0,0,LOW,,unreachable_from_entrypoints
fede5afd14d7beaacadb74ef731df99c4e1e1f9b,frontend/src/components/OnboardingWizard.tsx,101,function,anonymous_101,prev,prod,TypeScript,0,0,LOW,,unreachable_from_entrypoints
8ecf5cbba4638ad237e1ac09c80dc76490874f05,frontend/src/components/OnboardingWizard.tsx,114,function,anonymous_114,(),prod,TypeScript,0,0,LOW,,unreachable_from_entrypoints
bd9dc0d37f92556df2c9326fd853ef646350cbed,frontend/src/components/OnboardingWizard.tsx,118,function,anonymous_118,(),prod,TypeScript,0,0,LOW,,unreachable_from_entrypoints
28d18bdcba970879a5c73884e94ab04ca6689c52,frontend/src/components/OnboardingWizard.tsx,121,function,anonymous_121,prev,prod,TypeScript,0,0,LOW,,unreachable_from_entrypoints
c1f63df652430e937a5ded4266eb01383260551d,frontend/src/components/OnboardingWizard.tsx,124,function,anonymous_124,(),prod,TypeScript,0,0,LOW,,unreachable_from_entrypoints
af327463560300cd8eedc1c48b3859fa22d60013,frontend/src/components/OnboardingWizard.tsx,125,function,anonymous_125,prev,prod,TypeScript,0,0,LOW,,unreachable_from_entrypoints
df01cef0ad40338fc4872d9a3f1d63a1a6ce5492,frontend/src/components/OnboardingWizard.tsx,128,function,anonymous_128,async (),prod,TypeScript,0,0,LOW,,unreachable_from_entrypoints
8ea8f164cd664cc01b18d43afbda612b2660bfc0,frontend/src/components/OnboardingWizard.tsx,172,function,anonymous_172,prev,prod,TypeScript,0,0,LOW,,unreachable_from_entrypoints
5e72bd9dad35d07be5018da3fb7183a0fcda928a,frontend/src/components/OnboardingWizard.tsx,186,function,anonymous_186,async (),prod,TypeScript,0,0,LOW,,unreachable_from_entrypoints
5d8b85a1f1572242f90772e55b18bd6667adb3f2,frontend/src/components/OnboardingWizard.tsx,187,function,anonymous_187,prev,prod,TypeScript,0,0,LOW,,unreachable_from_entrypoints
b0117a04f4fb8510f3237c3750792dc0e3affda8,frontend/src/components/OnboardingWizard.tsx,191,function,anonymous_191,resolve,prod,TypeScript,0,0,LOW,,unreachable_from_entrypoints
5f3195beb76e2731435d558d8b1d216b734f5519,frontend/src/components/OnboardingWizard.tsx,192,function,anonymous_192,prev,prod,TypeScript,0,0,LOW,,unreachable_from_entrypoints
96424d7a870a689800d78bcb2f2fb9e963b9333d,frontend/src/components/OnboardingWizard.tsx,208,function,anonymous_208,prev,prod,TypeScript,0,0,LOW,,unreachable_from_entrypoints
c47a53d95206c39ecc576dd833e0062874f4df9b,frontend/src/components/OnboardingWizard.tsx,226,function,anonymous_226,(),prod,TypeScript,0,0,LOW,,unreachable_from_entrypoints
0021f5d206b12a69db4741e2f612c0f138a64cbb,frontend/src/components/OnboardingWizard.tsx,229,function,anonymous_229,prev,prod,TypeScript,0,0,LOW,,unreachable_from_entrypoints
2abf58472abbc142c29bca8d3b5bb20624170ccb,frontend/src/components/OnboardingWizard.tsx,233,function,anonymous_233,(),prod,TypeScript,0,0,LOW,,unreachable_from_entrypoints
9c3cf74a932584675bbfa1790bc29c13372ffe17,frontend/src/components/OnboardingWizard.tsx,247,function,anonymous_247,(),prod,TypeScript,0,0,LOW,,unreachable_from_entrypoints
26f22e192bd8f618d3fe59ca5f0e9296b7770ea2,frontend/src/components/OnboardingWizard.tsx,261,function,anonymous_261,prev,prod,TypeScript,0,0,LOW,,unreachable_from_entrypoints
e23f5177cc41856462fc86facb62f0816996a73a,frontend/src/components/OnboardingWizard.tsx,261,function,anonymous_261,(e),prod,TypeScript,0,0,LOW,,unreachable_from_entrypoints
6cde0efa6970fb7d7486e78eb300c59250a2cbdb,frontend/src/components/OnboardingWizard.tsx,263,function,anonymous_263,(),prod,TypeScript,0,0,LOW,,unreachable_from_entrypoints
80a616b64858d0119cd355939f8b388f606d0f0a,frontend/src/components/OnboardingWizard.tsx,263,function,anonymous_263,prev,prod,TypeScript,0,0,LOW,,unreachable_from_entrypoints
63683c16c616f9e74f2fc005223908ea84ce1a03,frontend/src/components/OnboardingWizard.tsx,277,function,anonymous_277,prev,prod,TypeScript,0,0,LOW,,unreachable_from_entrypoints
b420efc425d8c62d33dd4d090444654fa9e4375d,frontend/src/components/OnboardingWizard.tsx,277,function,anonymous_277,(),prod,TypeScript,0,0,LOW,,unreachable_from_entrypoints
a48f96018e2b435ba72c32c3631a04602372679b,frontend/src/components/OnboardingWizard.tsx,291,function,anonymous_291,(),prod,TypeScript,0,0,LOW,,unreachable_from_entrypoints
dae80201ca4a1a3d1ff08f200196ae9b7c22f86d,frontend/src/components/OnboardingWizard.tsx,291,function,anonymous_291,prev,prod,TypeScript,0,0,LOW,,unreachable_from_entrypoints
3959638e8687a31dc9a06031afb1d653b8b6a999,frontend/src/components/OnboardingWizard.tsx,305,function,anonymous_305,prev,prod,TypeScript,0,0,LOW,,unreachable_from_entrypoints
9f9c0e79f6d17b79b912a101c550f04e5bb4eda5,frontend/src/components/OnboardingWizard.tsx,305,function,anonymous_305,(),prod,TypeScript,0,0,LOW,,unreachable_from_entrypoints
9830ddd96dd0b080d3b4f37d902f7b3d27f1e77c,frontend/src/components/OnboardingWizard.tsx,338,function,anonymous_338,(e),prod,TypeScript,0,0,LOW,,unreachable_from_entrypoints
b870aa5aa8825a2ad117e8bb35c5adb4e4edb70b,frontend/src/components/OnboardingWizard.tsx,338,function,anonymous_338,prev,prod,TypeScript,0,0,LOW,,unreachable_from_entrypoints
54849cb6ebdbf02c1cebf69264c8fda9bf60df48,frontend/src/components/OnboardingWizard.tsx,347,function,anonymous_347,prev,prod,TypeScript,0,0,LOW,,unreachable_from_entrypoints
e3b6a75ec15ee1fc6bfd7406ae7327808bee517a,frontend/src/components/OnboardingWizard.tsx,347,function,anonymous_347,(e),prod,TypeScript,0,0,LOW,,unreachable_from_entrypoints
b4190253ff7fc9f5ac6ce62a745153e80ade4854,frontend/src/components/OnboardingWizard.tsx,355,function,anonymous_355,(e),prod,TypeScript,0,0,LOW,,unreachable_from_entrypoints
dce88f6d5f5c2e61e9585edd8d7d35a98716ceab,frontend/src/components/OnboardingWizard.tsx,355,function,anonymous_355,prev,prod,TypeScript,0,0,LOW,,unreachable_from_entrypoints
27a6c0d8439bee8488be72301e5de450eeac70b1,frontend/src/components/OnboardingWizard.tsx,406,function,anonymous_406,prev,prod,TypeScript,0,0,LOW,,unreachable_from_entrypoints
ed9319920ec0d611723ad76a63b778a3a33191c3,frontend/src/components/OnboardingWizard.tsx,406,function,anonymous_406,(e),prod,TypeScript,0,0,LOW,,unreachable_from_entrypoints
fb625716fc2bf116338a08132a51d4519adc2c58,frontend/src/components/OnboardingWizard.tsx,408,function,anonymous_408,(project),prod,TypeScript,0,0,LOW,,unreachable_from_entrypoints
5240a16ed4089a116ec8ff2c34db57b3ceb9a4b1,frontend/src/components/OnboardingWizard.tsx,409,function,anonymous_409,(),prod,TypeScript,0,0,LOW,,unreachable_from_entrypoints
f9fc2b22cd0e2f04a5b6afce1cd085f1a73f7ea0,frontend/src/components/OnboardingWizard.tsx,409,function,anonymous_409,prev,prod,TypeScript,0,0,LOW,,unreachable_from_entrypoints
00831c3a984998ba669b7e56be043f2d9470c50c,frontend/src/components/OnboardingWizard.tsx,449,function,anonymous_449,prev,prod,TypeScript,0,0,LOW,,unreachable_from_entrypoints
e1bbf13bfd529c5b0e3812a5429a081057dbc1cd,frontend/src/components/OnboardingWizard.tsx,449,function,anonymous_449,(e),prod,TypeScript,0,0,LOW,,unreachable_from_entrypoints
1084d7903ff13390180d5732c53b12815036e75c,frontend/src/components/OnboardingWizard.tsx,471,function,anonymous_471,prev,prod,TypeScript,0,0,LOW,,unreachable_from_entrypoints
3fa5b8d3f19592b9cedb87f96d93684474b7fbeb,frontend/src/components/OnboardingWizard.tsx,471,function,anonymous_471,(e),prod,TypeScript,0,0,LOW,,unreachable_from_entrypoints
628ad73dd92f1f9d818c7811b2c43037d8276334,frontend/src/components/OnboardingWizard.tsx,493,function,anonymous_493,prev,prod,TypeScript,0,0,LOW,,unreachable_from_entrypoints
cf46504102a27f3b8f61269a41aa92c047769122,frontend/src/components/OnboardingWizard.tsx,493,function,anonymous_493,(e),prod,TypeScript,0,0,LOW,,unreachable_from_entrypoints
a33ac33b5aa8733d9bda0282126f51289212fb15,frontend/src/components/OnboardingWizard.tsx,515,function,anonymous_515,(e),prod,TypeScript,0,0,LOW,,unreachable_from_entrypoints
fba8a9a7cd5ae17c9885ab47f76e0fe944831b77,frontend/src/components/OnboardingWizard.tsx,515,function,anonymous_515,prev,prod,TypeScript,0,0,LOW,,unreachable_from_entrypoints
b2732e8142714eafd11987b1387288ec8439bdbb,frontend/src/components/OnboardingWizard.tsx,650,function,anonymous_650,(),prod,TypeScript,0,0,LOW,,unreachable_from_entrypoints
e11538674ccda2cf152d8a9760efd6cf8d48dfb0,frontend/src/components/OnboardingWizard.tsx,673,function,anonymous_673,(label),prod,TypeScript,0,0,LOW,,unreachable_from_entrypoints
1fcf5655bec1064c4b37e71eb2e01492fd1598b5,frontend/src/components/OnboardingWizard.tsx,686,function,anonymous_686,(),prod,TypeScript,0,0,LOW,,unreachable_from_entrypoints
d3a89c5e5e5900e756a2183f0252deee569857a2,frontend/src/components/OptionalIntegrations.tsx,25,function,OptionalIntegrations,(,prod,TypeScript,0,0,LOW,,unreachable_from_entrypoints
d03b71ab1b024c987b8b2c2ca35ecd1eb0ddac69,frontend/src/components/OptionalIntegrations.tsx,37,function,anonymous_37,(),prod,TypeScript,0,0,LOW,,unreachable_from_entrypoints
1ad4dd0a96ae932677e6a100ba512bdf9c10cee9,frontend/src/components/OptionalIntegrations.tsx,67,function,anonymous_67,"([name, connected])",prod,TypeScript,0,0,LOW,,unreachable_from_entrypoints
84ab2a9d57329df33a83ec4167b7016d3b737dcd,frontend/src/components/PageViewTracker.tsx,8,function,PageViewTracker,(,prod,TypeScript,0,0,LOW,,unreachable_from_entrypoints
f42984f354f9dc6a9dac5004891ad3975d0fd4aa,frontend/src/components/PageViewTracker.tsx,11,function,anonymous_11,(),prod,TypeScript,0,0,LOW,,unreachable_from_entrypoints
e43769cc5d5aaaa54920b2f72950115ef60bce40,frontend/src/components/QuickSetupPanel.tsx,68,function,QuickSetupPanel,(,prod,TypeScript,0,0,LOW,,unreachable_from_entrypoints
03ce537e0bae9622c8c0c64af6c81809ab0be0e7,frontend/src/components/QuickSetupPanel.tsx,79,function,anonymous_79,(v),prod,TypeScript,0,0,LOW,,unreachable_from_entrypoints
5d954a7f0e5a6cd824e428125b7c246d0194d01d,frontend/src/components/QuickSetupPanel.tsx,81,function,anonymous_81,(v),prod,TypeScript,0,0,LOW,,unreachable_from_entrypoints
f98f8f795a908e97aa93677d284101a0dbf51691,frontend/src/components/QuickSetupPanel.tsx,90,function,anonymous_90,(),prod,TypeScript,0,0,LOW,,unreachable_from_entrypoints
29dba13eb2f82fc25bf5eed9558da5de4ce315b0,frontend/src/components/QuickSetupPanel.tsx,133,function,anonymous_133,(field),prod,TypeScript,0,0,LOW,,unreachable_from_entrypoints
2edab0231723a0c531f95c71927dcef6a809ba9b,frontend/src/components/QuickSetupPanel.tsx,167,function,anonymous_167,(e),prod,TypeScript,0,0,LOW,,unreachable_from_entrypoints
d101734cf7b1bc0c7ade5ee2801ec18500a726fb,frontend/src/components/RepositoryStatus/RepositoryStatusChip.tsx,22,function,RepositoryStatusChip,(,prod,TypeScript,0,0,LOW,,unreachable_from_entrypoints
e8ad72511a2ef1c7f01889437f38b6afadd9a99e,frontend/src/components/RepositoryStatus/RepositoryStatusChip.tsx,27,function,anonymous_27,(),prod,TypeScript,0,0,LOW,,unreachable_from_entrypoints
4718c3ced9c60e05ab114105d5f6449ac7dd1424,frontend/src/components/RepositoryStatus/RepositorySyncButton.tsx,34,function,RepositorySyncButton,(,prod,TypeScript,0,0,LOW,,unreachable_from_entrypoints
886c560946194593c06ff09da155b6345078e124,frontend/src/components/RepositoryStatus/RepositorySyncButton.tsx,44,function,anonymous_44,async (options?: Partial<SyncOptions>),prod,TypeScript,0,0,LOW,,unreachable_from_entrypoints
e40c20bda505b0bc364ff654696037ac814f77d9,frontend/src/components/RepositoryStatus/RepositorySyncButton.tsx,61,function,anonymous_61,(event: React.MouseEvent<HTMLElement>),prod,TypeScript,0,0,LOW,,unreachable_from_entrypoints
adb4d6035c364fb065bccd007012fb2a1f92f61b,frontend/src/components/RepositoryStatus/RepositorySyncButton.tsx,65,function,anonymous_65,(),prod,TypeScript,0,0,LOW,,unreachable_from_entrypoints
19bc08ba43e938d2590060541c461c011aa1c014,frontend/src/components/RepositoryStatus/RepositorySyncButton.tsx,75,function,anonymous_75,(),prod,TypeScript,0,0,LOW,,unreachable_from_entrypoints
5720d2a1ee8fcedcb1d4571dd5d5a02cee6a9563,frontend/src/components/RepositoryStatus/RepositorySyncButton.tsx,110,function,anonymous_110,(),prod,TypeScript,0,0,LOW,,unreachable_from_entrypoints
12e58290744860508d10ae0c8f23794f37ef31ee,frontend/src/components/RepositoryStatus/RepositorySyncButton.tsx,116,function,anonymous_116,(),prod,TypeScript,0,0,LOW,,unreachable_from_entrypoints
d2ee38ba87852e5e8d79c4713627eea3cc94ed01,frontend/src/components/RepositoryStatus/RepositorySyncButton.tsx,122,function,anonymous_122,(),prod,TypeScript,0,0,LOW,,unreachable_from_entrypoints
a84c381289acfc6f5b22b54c937509fe456c7918,frontend/src/components/RepositoryStatus/RepositorySyncButton.tsx,128,function,anonymous_128,(),prod,TypeScript,0,0,LOW,,unreachable_from_entrypoints
20abf97a9f25493bfa4d847c0973a8e4055e5057,frontend/src/components/RepositoryStatus/RepositorySyncButton.tsx,144,function,anonymous_144,(),prod,TypeScript,0,0,LOW,,unreachable_from_entrypoints
41ebdea8c76a567a67ceba45ca892d7ed8f9c420,frontend/src/components/RequireAuth.tsx,10,function,RequireAuth,(,prod,TypeScript,0,0,LOW,,unreachable_from_entrypoints
4571170ebc019078f60c457cc6903cf58340409e,frontend/src/components/RequireAuth.tsx,11,function,anonymous_11,(state: RootState),prod,TypeScript,0,0,LOW,,unreachable_from_entrypoints
d59e04d8718d6148b262d094e3bb82ea0ff00862,frontend/src/components/SuggestedLinksPanel.tsx,68,function,formatArtifactType,(type: string),prod,TypeScript,2,0,LOW,,unreachable_from_entrypoints
e3c71496e5245420190570ba6435879f8f0ef642,frontend/src/components/SuggestedLinksPanel.tsx,71,function,anonymous_71,(w),prod,TypeScript,0,0,LOW,,unreachable_from_entrypoints
552b3ac0a8c98060c1448e4e746cd776929ebcfd,frontend/src/components/SuggestedLinksPanel.tsx,75,function,SimilarityBar,(,prod,TypeScript,0,0,LOW,,unreachable_from_entrypoints
f8e17abbee53b7d150fa07ac7eed678474746f08,frontend/src/components/SuggestedLinksPanel.tsx,94,function,SuggestedLinksPanel,export default function SuggestedLinksPanel(,prod,TypeScript,0,0,LOW,,unreachable_from_entrypoints
36a2b6fed2cbc085ac3e122d4e83bd9611e791e8,frontend/src/components/SuggestedLinksPanel.tsx,110,function,anonymous_110,async (),prod,TypeScript,0,0,LOW,,unreachable_from_entrypoints
b8febbe3da6452cf9334063ce091bf52bc59ddaa,frontend/src/components/SuggestedLinksPanel.tsx,132,function,anonymous_132,(),prod,TypeScript,0,0,LOW,,unreachable_from_entrypoints
4b24bfca09748e2e495e4f0cd8cc94e7d3cc8f9c,frontend/src/components/SuggestedLinksPanel.tsx,136,function,anonymous_136,async (),prod,TypeScript,0,0,LOW,,unreachable_from_entrypoints
60d85873e10cc43b55be9f69d8a55e8cefdcfcad,frontend/src/components/SuggestedLinksPanel.tsx,154,function,anonymous_154,"async (suggestionId: number, note?: string)",prod,TypeScript,0,0,LOW,,unreachable_from_entrypoints
6a771720d56c07352f9f5426af0b09cdfd2e8eda,frontend/src/components/SuggestedLinksPanel.tsx,164,function,anonymous_164,"async (suggestionId: number, note?: string)",prod,TypeScript,0,0,LOW,,unreachable_from_entrypoints
ea0714c7fdc00c706f7dd7e2bf883e811b40c16e,frontend/src/components/SuggestedLinksPanel.tsx,173,function,anonymous_173,async (),prod,TypeScript,0,0,LOW,,unreachable_from_entrypoints
abfc632ce335569e0b2ea3350b3ea6e5123d77c0,frontend/src/components/SuggestedLinksPanel.tsx,185,function,anonymous_185,"(action: 'approve' | 'reject', suggestionId: number)",prod,TypeScript,0,0,LOW,,unreachable_from_entrypoints
f9728c5e36c6c23d68ef22d028fc3595c182fa02,frontend/src/components/SuggestedLinksPanel.tsx,192,function,anonymous_192,async (),prod,TypeScript,0,0,LOW,,unreachable_from_entrypoints
343f7ea37e8fd3f2067ab6993670a25113ac3d01,frontend/src/components/SuggestedLinksPanel.tsx,202,function,anonymous_202,(id: number),prod,TypeScript,0,0,LOW,,unreachable_from_entrypoints
3ac56666610d8b45339bcaf9cd1778f77930168f,frontend/src/components/SuggestedLinksPanel.tsx,212,function,anonymous_212,(),prod,TypeScript,0,0,LOW,,unreachable_from_entrypoints
851e855a8a7f10783331a187cece0a9715b73292,frontend/src/components/SuggestedLinksPanel.tsx,216,function,anonymous_216,(s),prod,TypeScript,0,0,LOW,,unreachable_from_entrypoints
bdd568ab248f0edc064db1931a7b9ce166730f9f,frontend/src/components/SuggestedLinksPanel.tsx,220,function,anonymous_220,(s),prod,TypeScript,0,0,LOW,,unreachable_from_entrypoints
09e7667afe0f93179a2dd5a7cdb86f52cdc8831d,frontend/src/components/SuggestedLinksPanel.tsx,221,function,anonymous_221,(s),prod,TypeScript,0,0,LOW,,unreachable_from_entrypoints
d2c215f1965c766c37cc85d6e7bddcec7a0e6b9f,frontend/src/components/SuggestedLinksPanel.tsx,308,function,anonymous_308,(),prod,TypeScript,0,0,LOW,,unreachable_from_entrypoints
a11fca3d73ad8418badbd99ec4826bf1bd4e5d92,frontend/src/components/SuggestedLinksPanel.tsx,309,function,anonymous_309,(s),prod,TypeScript,0,0,LOW,,unreachable_from_entrypoints
4a8c701674a83ccb6bd3fe40bb9c90f1d62ba864,frontend/src/components/SuggestedLinksPanel.tsx,325,function,anonymous_325,(e),prod,TypeScript,0,0,LOW,,unreachable_from_entrypoints
ef237d0a499163478763296b4b5ac7c66eeb6972,frontend/src/components/SuggestedLinksPanel.tsx,341,function,anonymous_341,"(_, value)",prod,TypeScript,0,0,LOW,,unreachable_from_entrypoints
77643e450dcf56b816c33fa9fe35d2b1ed49fa1e,frontend/src/components/SuggestedLinksPanel.tsx,342,function,anonymous_342,(),prod,TypeScript,0,0,LOW,,unreachable_from_entrypoints
eeab7e487a71f42f811d91a187313c73ff023691,frontend/src/components/SuggestedLinksPanel.tsx,356,function,anonymous_356,(),prod,TypeScript,0,0,LOW,,unreachable_from_entrypoints
a8feca8a39781b1447ebe43f2c9adaaffd71929c,frontend/src/components/SuggestedLinksPanel.tsx,387,function,anonymous_387,"(_, idx)",prod,TypeScript,0,0,LOW,,unreachable_from_entrypoints
c5f4290950fb33eae05e5bedda1695c69f519542,frontend/src/components/SuggestedLinksPanel.tsx,411,function,anonymous_411,(suggestion),prod,TypeScript,0,0,LOW,,unreachable_from_entrypoints
ac71e28d8ad78b0baed7e4d2526200944f956425,frontend/src/components/SuggestedLinksPanel.tsx,421,function,anonymous_421,(),prod,TypeScript,0,0,LOW,,unreachable_from_entrypoints
0d7815d3bb97bfb0095ef8cebae99dd5ad5fc5e2,frontend/src/components/SuggestedLinksPanel.tsx,503,function,anonymous_503,(),prod,TypeScript,0,0,LOW,,unreachable_from_entrypoints
f677724d2a4534a36050b497ea83469161559943,frontend/src/components/SuggestedLinksPanel.tsx,512,function,anonymous_512,(),prod,TypeScript,0,0,LOW,,unreachable_from_entrypoints
3b89dd4c4dd91a0d6e036de74a65f7be8fba99d9,frontend/src/components/SuggestedLinksPanel.tsx,528,function,anonymous_528,(),prod,TypeScript,0,0,LOW,,unreachable_from_entrypoints
7365f5849be08017236de25030d18190aad646e5,frontend/src/components/SuggestedLinksPanel.tsx,541,function,anonymous_541,(e),prod,TypeScript,0,0,LOW,,unreachable_from_entrypoints
96134875800dfec3a35cac3303dd9db5f4280300,frontend/src/components/SuggestedLinksPanel.tsx,546,function,anonymous_546,(),prod,TypeScript,0,0,LOW,,unreachable_from_entrypoints
b2e00d0ac8b106aa20f1051fb89c22ef771d29d7,frontend/src/components/SyncProgressDialog.tsx,38,function,SyncProgressDialogComponent,(,prod,TypeScript,0,0,LOW,,unreachable_from_entrypoints
ae60100844a7e43548bde1f114fe6f248b2368d0,frontend/src/components/SyncProgressDialog.tsx,48,function,anonymous_48,(),prod,TypeScript,0,0,LOW,,unreachable_from_entrypoints
1237ea0a7a1d981fbded4693593497f1eaf7bf22,frontend/src/components/SyncProgressDialog.tsx,54,function,anonymous_54,(),prod,TypeScript,0,0,LOW,,unreachable_from_entrypoints
30e1f40bea89cae7a02cc962885408d041058f2a,frontend/src/components/SyncProgressDialog.tsx,55,function,anonymous_55,(prev),prod,TypeScript,0,0,LOW,,unreachable_from_entrypoints
489f42d1e4e5bfec82f679c7ad3707a9820bd485,frontend/src/components/SyncProgressDialog.tsx,58,function,anonymous_58,(),prod,TypeScript,0,0,LOW,,unreachable_from_entrypoints
5c06cabd258e3948565f91367a3038279a23f65a,frontend/src/components/SyncProgressDialog.tsx,61,function,anonymous_61,(s),prod,TypeScript,0,0,LOW,,unreachable_from_entrypoints
102f62362224013b41b0396d80bd7300aaa50795,frontend/src/components/SyncProgressDialog.tsx,66,function,anonymous_66,(s),prod,TypeScript,0,0,LOW,,unreachable_from_entrypoints
f3af03ee6cb53df935dbd59db319ae5ca10a6bd8,frontend/src/components/SyncProgressDialog.tsx,68,function,anonymous_68,(seconds: number),prod,TypeScript,0,0,LOW,,unreachable_from_entrypoints
fa12a493424be68e7dc3260d3c45f6b35d1f179f,frontend/src/components/SyncProgressDialog.tsx,78,function,anonymous_78,(step: SyncStep),prod,TypeScript,0,0,LOW,,unreachable_from_entrypoints
3855e14a8de6b59f7cde5ee727ab1d12307bbe9c,frontend/src/components/SyncProgressDialog.tsx,91,function,anonymous_91,(step: SyncStep),prod,TypeScript,0,0,LOW,,unreachable_from_entrypoints
1d7b6b375284f99f3afe4a5eca00434219744fbc,frontend/src/components/SyncProgressDialog.tsx,134,function,anonymous_134,(step),prod,TypeScript,0,0,LOW,,unreachable_from_entrypoints
7dd5c5be33aee80875c1b724621f7c9756e264e0,frontend/src/components/TableSkeleton.tsx,20,function,TableSkeletonComponent,(,prod,TypeScript,0,0,LOW,,unreachable_from_entrypoints
27d302a46213ac32972046185885560e172303f0,frontend/src/components/TableSkeleton.tsx,32,function,anonymous_32,"(_, idx)",prod,TypeScript,0,0,LOW,,unreachable_from_entrypoints
65d13d730ed24a67368153827d74d38dd6bb21bb,frontend/src/components/TableSkeleton.tsx,45,function,anonymous_45,"(_, rowIdx)",prod,TypeScript,0,0,LOW,,unreachable_from_entrypoints
fe798deae510f2665146dbd76481e27cce886b4d,frontend/src/components/TableSkeleton.tsx,47,function,anonymous_47,"(_, colIdx)",prod,TypeScript,0,0,LOW,,unreachable_from_entrypoints
51354354a73de759861d7ff4ac73e75f927088d9,frontend/src/components/ToastProvider.tsx,21,function,useToast,(),prod,TypeScript,0,0,LOW,,unreachable_from_entrypoints
dc1cbded15f95574e1eafa916ac4de9ab43ab00a,frontend/src/components/ToastProvider.tsx,33,function,ToastProvider,(,prod,TypeScript,0,0,LOW,,unreachable_from_entrypoints
e9e9957fb98b7a3a36baa04e7574457c7623b284,frontend/src/components/ToastProvider.tsx,36,function,anonymous_36,"(message: string, severity: AlertColor = 'info', duration = 4000)",prod,TypeScript,0,0,LOW,,unreachable_from_entrypoints
df8f54e5580a2e821abc5c1c18fb5ab49a460fc8,frontend/src/components/ToastProvider.tsx,38,function,anonymous_38,(prev),prod,TypeScript,0,0,LOW,,unreachable_from_entrypoints
a8a5782a22222e1b95e3e21f8dc154ca442ecc3a,frontend/src/components/ToastProvider.tsx,41,function,anonymous_41,"(message: string, duration = 4000)",prod,TypeScript,0,0,LOW,,unreachable_from_entrypoints
5f33c246bf9a96a12f2de1460fd827e6724fb469,frontend/src/components/ToastProvider.tsx,45,function,anonymous_45,"(message: string, duration = 6000)",prod,TypeScript,0,0,LOW,,unreachable_from_entrypoints
d2741063fe91693aa32ee33ce660531f247935e3,frontend/src/components/ToastProvider.tsx,49,function,anonymous_49,"(message: string, duration = 5000)",prod,TypeScript,0,0,LOW,,unreachable_from_entrypoints
b95a7f89275860b70fe349c05f9b2295e7d6c9b5,frontend/src/components/ToastProvider.tsx,53,function,anonymous_53,"(message: string, duration = 4000)",prod,TypeScript,0,0,LOW,,unreachable_from_entrypoints
e2f5af430b491f07031832064068b957d3783f4a,frontend/src/components/ToastProvider.tsx,57,function,anonymous_57,(id: string),prod,TypeScript,0,0,LOW,,unreachable_from_entrypoints
3b112152a9d987a74b2932cae9a06b326b574c6e,frontend/src/components/ToastProvider.tsx,58,function,anonymous_58,(toast),prod,TypeScript,0,0,LOW,,unreachable_from_entrypoints
3f2127f39a7bbcf71ef1c2cc86ffbfa071a1d40b,frontend/src/components/ToastProvider.tsx,58,function,anonymous_58,(prev),prod,TypeScript,0,0,LOW,,unreachable_from_entrypoints
0e6875b92ca8c45292c5fd7907e67b5be0b06c5b,frontend/src/components/ToastProvider.tsx,64,function,anonymous_64,"(toast, index)",prod,TypeScript,0,0,LOW,,unreachable_from_entrypoints
3b69c7a34302a7588981e44af932672ef2239a7d,frontend/src/components/ToastProvider.tsx,69,function,anonymous_69,(),prod,TypeScript,0,0,LOW,,unreachable_from_entrypoints
e92ff30089ac92291df3086aa8bd47f45b375b83,frontend/src/components/ToastProvider.tsx,76,function,anonymous_76,(),prod,TypeScript,0,0,LOW,,unreachable_from_entrypoints
ec924d164824e22b66022a61c9b74f6c967ea9c8,frontend/src/components/VelocityChart.tsx,39,function,VelocityChart,(,prod,TypeScript,0,0,LOW,,unreachable_from_entrypoints
ef964d77090ecc41739380551e0a3f731c9ed634,frontend/src/components/VelocityChart.tsx,46,function,anonymous_46,(values: number[]): number[],prod,TypeScript,0,0,LOW,,unreachable_from_entrypoints
df5d4d318fba53be62af25e5d0a1d26460e201fc,frontend/src/components/VelocityChart.tsx,55,function,anonymous_55,"(y, x)",prod,TypeScript,0,0,LOW,,unreachable_from_entrypoints
65f969af11f4efdb209e9376600bbfbb73bb35a3,frontend/src/components/VelocityChart.tsx,65,function,anonymous_65,"(_, x)",prod,TypeScript,0,0,LOW,,unreachable_from_entrypoints
82f4267df151fae8e9996cf60a9f1c3446246d9b,frontend/src/components/VelocityChart.tsx,68,function,anonymous_68,(d),prod,TypeScript,0,0,LOW,,unreachable_from_entrypoints
864ae6bfc9c345cd3e121dc297d17b786f97ff59,frontend/src/components/VelocityChart.tsx,69,function,anonymous_69,(d),prod,TypeScript,0,0,LOW,,unreachable_from_entrypoints
250d9d60d5fc97674acb84844e42d96dadc9687a,frontend/src/components/VelocityChart.tsx,132,function,anonymous_132,"(point, index)",prod,TypeScript,0,0,LOW,,unreachable_from_entrypoints
c9d6251508b3f227805b25604c393460b031bc49,frontend/src/components/VelocityChart.tsx,174,function,anonymous_174,(context),prod,TypeScript,0,0,LOW,,unreachable_from_entrypoints
e6ec6544a8db00c21400ea7cc8211dd2a5ce9606,frontend/src/components/VelocityChart.tsx,204,function,anonymous_204,(value),prod,TypeScript,0,0,LOW,,unreachable_from_entrypoints
4848da5f27aeb83ebb2ea8cc481b02f27e15b894,frontend/src/components/capacity/CFDVisualization.tsx,95,function,MetricCard,(,prod,TypeScript,0,0,LOW,,unreachable_from_entrypoints
929c57813dc5cc67a370e6e9206bd53aaa639215,frontend/src/components/capacity/CFDVisualization.tsx,116,function,WIPTrendIndicator,(,prod,TypeScript,0,0,LOW,,unreachable_from_entrypoints
3ca08d181699c2d96a1ccf729c6cad421975fbdd,frontend/src/components/capacity/CFDVisualization.tsx,138,function,CFDVisualization,(,prod,TypeScript,0,0,LOW,,unreachable_from_entrypoints
7f2cae62dc8ac8bdef737955be3fe8496c6550a4,frontend/src/components/capacity/CFDVisualization.tsx,149,function,anonymous_149,async (),prod,TypeScript,0,0,LOW,,unreachable_from_entrypoints
9106864436b4c687b4db42717b54434a4d01886b,frontend/src/components/capacity/CFDVisualization.tsx,167,function,anonymous_167,(),prod,TypeScript,0,0,LOW,,unreachable_from_entrypoints
f098052c36bf2af41f06274fa8d4cabe012ac82f,frontend/src/components/capacity/CFDVisualization.tsx,171,function,anonymous_171,(snapshots: CFDSnapshot[]),prod,TypeScript,0,0,LOW,,unreachable_from_entrypoints
e7e8d5b113b95092e5482a79e86ce90b8faafd6f,frontend/src/components/capacity/CFDVisualization.tsx,172,function,anonymous_172,(s),prod,TypeScript,0,0,LOW,,unreachable_from_entrypoints
15e6141e53db0e1e8dc47f6af6f69fa4718f279e,frontend/src/components/capacity/CFDVisualization.tsx,184,function,anonymous_184,(s),prod,TypeScript,0,0,LOW,,unreachable_from_entrypoints
7faf3e7208af1de6d1df01e25e33b0d4f6569815,frontend/src/components/capacity/CFDVisualization.tsx,194,function,anonymous_194,(s),prod,TypeScript,0,0,LOW,,unreachable_from_entrypoints
b470816910a5159c717b63a178472d79fbd1733b,frontend/src/components/capacity/CFDVisualization.tsx,204,function,anonymous_204,(s),prod,TypeScript,0,0,LOW,,unreachable_from_entrypoints
5e60cd9c4123da644f4c99ced9f2005c3a51d60b,frontend/src/components/capacity/CFDVisualization.tsx,215,function,anonymous_215,(s),prod,TypeScript,0,0,LOW,,unreachable_from_entrypoints
479478e45395d9c7edeba0fdd2337acede3fc909,frontend/src/components/capacity/CFDVisualization.tsx,227,function,anonymous_227,(s),prod,TypeScript,0,0,LOW,,unreachable_from_entrypoints
31997db74686fcd9d5f537743b50ec10c1d5ec03,frontend/src/components/capacity/CFDVisualization.tsx,243,function,anonymous_243,(s),prod,TypeScript,0,0,LOW,,unreachable_from_entrypoints
f1dd70b51a356c3d5d6327a935dc9ff41c7cca7f,frontend/src/components/capacity/CFDVisualization.tsx,256,function,anonymous_256,(snapshots: CFDSnapshot[]),prod,TypeScript,0,0,LOW,,unreachable_from_entrypoints
69c18e5ec0bbc1d277a3ecc467a17c0ad2105ffd,frontend/src/components/capacity/CFDVisualization.tsx,257,function,anonymous_257,(s),prod,TypeScript,0,0,LOW,,unreachable_from_entrypoints
8acffa3092b4163f81232c4c15ce36e13921523e,frontend/src/components/capacity/CFDVisualization.tsx,269,function,anonymous_269,(s),prod,TypeScript,0,0,LOW,,unreachable_from_entrypoints
055dfcfec95de2b1b09caf7934b6fbd889dec626,frontend/src/components/capacity/CFDVisualization.tsx,280,function,anonymous_280,(s),prod,TypeScript,0,0,LOW,,unreachable_from_entrypoints
b1b9ef5a28d51b9fda26c372bbf76e9da3669511,frontend/src/components/capacity/CFDVisualization.tsx,293,function,anonymous_293,(snapshots: CFDSnapshot[]),prod,TypeScript,0,0,LOW,,unreachable_from_entrypoints
52ccfc71b61d20d9dd8a4f50a193dee739771246,frontend/src/components/capacity/CFDVisualization.tsx,294,function,anonymous_294,(s),prod,TypeScript,0,0,LOW,,unreachable_from_entrypoints
232c8a25dda5eda5cb8241d6a323ab27a5f27d0f,frontend/src/components/capacity/CFDVisualization.tsx,302,function,anonymous_302,"(s, i)",prod,TypeScript,0,0,LOW,,unreachable_from_entrypoints
9f3c1f4f040e70a1c54442e74bc5dc0eb24cb3b0,frontend/src/components/capacity/CFDVisualization.tsx,326,function,anonymous_326,(): ChartOptions<'line'>,prod,TypeScript,0,0,LOW,,unreachable_from_entrypoints
7eca4a19bebc006cd5cac14642c361f29e2bf188,frontend/src/components/capacity/CFDVisualization.tsx,342,function,anonymous_342,(context),prod,TypeScript,0,0,LOW,,unreachable_from_entrypoints
d09825fd702e6cd3da1eef5f0d71db823e3e7570,frontend/src/components/capacity/CFDVisualization.tsx,414,function,anonymous_414,(),prod,TypeScript,0,0,LOW,,unreachable_from_entrypoints
4f2a725b5918c651b57259b8714183e79bbd59cd,frontend/src/components/capacity/CFDVisualization.tsx,433,function,anonymous_433,"(_, v)",prod,TypeScript,0,0,LOW,,unreachable_from_entrypoints
e9bc39e5fd38882fd8a10d494066288feff8f9d3,frontend/src/components/capacity/CapacitySettingsPanel.tsx,68,function,FocusFactorSlider,(,prod,TypeScript,0,0,LOW,,unreachable_from_entrypoints
6c24e22291fe030c16778747d367233b5565bc6a,frontend/src/components/capacity/CapacitySettingsPanel.tsx,89,function,anonymous_89,"(_, v)",prod,TypeScript,0,0,LOW,,unreachable_from_entrypoints
d603241c0f1e8940a1797ad152faa70e44708d48,frontend/src/components/capacity/CapacitySettingsPanel.tsx,98,function,anonymous_98,(v),prod,TypeScript,0,0,LOW,,unreachable_from_entrypoints
76bb43457a85ccd039ff5ec132425c29b4bb574e,frontend/src/components/capacity/CapacitySettingsPanel.tsx,107,function,UtilizationBar,(,prod,TypeScript,0,0,LOW,,unreachable_from_entrypoints
440bb9d1f41362475b736b2406b96cfeb5600ee3,frontend/src/components/capacity/CapacitySettingsPanel.tsx,128,function,CapacitySettingsPanel,(,prod,TypeScript,0,0,LOW,,unreachable_from_entrypoints
78358d7cef9f1385466a9862e0b0af166297b11d,frontend/src/components/capacity/CapacitySettingsPanel.tsx,151,function,anonymous_151,async (),prod,TypeScript,0,0,LOW,,unreachable_from_entrypoints
c4d988d57ad8088c3ada97d001952a36da697c67,frontend/src/components/capacity/CapacitySettingsPanel.tsx,169,function,anonymous_169,(),prod,TypeScript,0,0,LOW,,unreachable_from_entrypoints
3e8bb343d2c5b1c13e8322ff1dd48e617c137f32,frontend/src/components/capacity/CapacitySettingsPanel.tsx,173,function,anonymous_173,(setting?: CapacitySetting),prod,TypeScript,0,0,LOW,,unreachable_from_entrypoints
84c48fff30754c12a40f21cc73288426d7ef07db,frontend/src/components/capacity/CapacitySettingsPanel.tsx,200,function,anonymous_200,(),prod,TypeScript,0,0,LOW,,unreachable_from_entrypoints
00cb3077cee8eb2cdee2c6190dc234845c56efbe,frontend/src/components/capacity/CapacitySettingsPanel.tsx,205,function,anonymous_205,async (),prod,TypeScript,0,0,LOW,,unreachable_from_entrypoints
6a102570f5571a70f08a42220552a0f12a7a17da,frontend/src/components/capacity/CapacitySettingsPanel.tsx,237,function,anonymous_237,async (settingId: number),prod,TypeScript,0,0,LOW,,unreachable_from_entrypoints
7f278ae6f1682f12a2a8ca7ba27a06cb0120b16b,frontend/src/components/capacity/CapacitySettingsPanel.tsx,263,function,anonymous_263,(),prod,TypeScript,0,0,LOW,,unreachable_from_entrypoints
cdccb5d9932f06affe5db900466f3d549a10044e,frontend/src/components/capacity/CapacitySettingsPanel.tsx,355,function,anonymous_355,(),prod,TypeScript,0,0,LOW,,unreachable_from_entrypoints
02d47030bf7bab8217770f994e72ceec8764d793,frontend/src/components/capacity/CapacitySettingsPanel.tsx,382,function,anonymous_382,(setting),prod,TypeScript,0,0,LOW,,unreachable_from_entrypoints
6ac459c59108772ff78fc196b48ff7decaf96cb4,frontend/src/components/capacity/CapacitySettingsPanel.tsx,446,function,anonymous_446,(),prod,TypeScript,0,0,LOW,,unreachable_from_entrypoints
424a51b8694af436481bccc8f9df6c2c8845bc28,frontend/src/components/capacity/CapacitySettingsPanel.tsx,454,function,anonymous_454,(),prod,TypeScript,0,0,LOW,,unreachable_from_entrypoints
323c4523dd0d74ae7024198f896c94e20c114f63,frontend/src/components/capacity/CapacitySettingsPanel.tsx,478,function,anonymous_478,(e),prod,TypeScript,0,0,LOW,,unreachable_from_entrypoints
071d22468165f74b8732a7d2dbef3d21d30acce3,frontend/src/components/capacity/CapacitySettingsPanel.tsx,487,function,anonymous_487,(e),prod,TypeScript,0,0,LOW,,unreachable_from_entrypoints
36e3770908e250e696e8b5c0937f927875ed5e05,frontend/src/components/capacity/CapacitySettingsPanel.tsx,495,function,anonymous_495,(e),prod,TypeScript,0,0,LOW,,unreachable_from_entrypoints
0120dfc6e5a4776d31880b7a6403b0a0481dd627,frontend/src/components/capacity/CapacitySettingsPanel.tsx,504,function,anonymous_504,(v),prod,TypeScript,0,0,LOW,,unreachable_from_entrypoints
cf01baa209ac7d32e79e8204b6d666c72bb2a5c4,frontend/src/components/capacity/CapacitySettingsPanel.tsx,512,function,anonymous_512,(e),prod,TypeScript,0,0,LOW,,unreachable_from_entrypoints
7d91d16bee0536401d4acbb20180370546d381e5,frontend/src/components/capacity/CapacitySettingsPanel.tsx,523,function,anonymous_523,(e),prod,TypeScript,0,0,LOW,,unreachable_from_entrypoints
71e31a4e32e9c0bc10a07403d8b617a0a0773e75,frontend/src/components/capacity/CapacitySettingsPanel.tsx,533,function,anonymous_533,(e),prod,TypeScript,0,0,LOW,,unreachable_from_entrypoints
20c11253078aea55d4ffa7485ca0de5c3d554885,frontend/src/components/capacity/TeamHealthDashboard.tsx,75,function,MetricSlider,(,prod,TypeScript,0,0,LOW,,unreachable_from_entrypoints
0803919d7eee0ce7bb35b0600018c1a2d4518ad3,frontend/src/components/capacity/TeamHealthDashboard.tsx,101,function,anonymous_101,"(_, v)",prod,TypeScript,0,0,LOW,,unreachable_from_entrypoints
86b861ac4663c45f78af3ac2082652c46eecbc0f,frontend/src/components/capacity/TeamHealthDashboard.tsx,114,function,HappinessGauge,(,prod,TypeScript,0,0,LOW,,unreachable_from_entrypoints
bd684bb885d9495897da8a09d4313ac739d0d5d7,frontend/src/components/capacity/TeamHealthDashboard.tsx,139,function,TrendIndicator,(,prod,TypeScript,0,0,LOW,,unreachable_from_entrypoints
8600b4ff81830a6c2be54e867363e0c04fe9456d,frontend/src/components/capacity/TeamHealthDashboard.tsx,161,function,BurnoutRiskIndicator,(,prod,TypeScript,0,0,LOW,,unreachable_from_entrypoints
0aa1cb378c860dce7cd7a2ff2c1064c995294e12,frontend/src/components/capacity/TeamHealthDashboard.tsx,190,function,TeamHealthDashboard,(,prod,TypeScript,0,0,LOW,,unreachable_from_entrypoints
88e5151fff049b662f190e3af5383650a8181657,frontend/src/components/capacity/TeamHealthDashboard.tsx,212,function,anonymous_212,async (),prod,TypeScript,0,0,LOW,,unreachable_from_entrypoints
bd0057070a379ac1bbfc2473473dc035e590c103,frontend/src/components/capacity/TeamHealthDashboard.tsx,230,function,anonymous_230,(),prod,TypeScript,0,0,LOW,,unreachable_from_entrypoints
b0d0185027337bf61c00a53873d6449ba10db0d0,frontend/src/components/capacity/TeamHealthDashboard.tsx,234,function,anonymous_234,async (),prod,TypeScript,0,0,LOW,,unreachable_from_entrypoints
fb2cecda2cbc927a92f3f7bddf7a79b1f50cbf1b,frontend/src/components/capacity/TeamHealthDashboard.tsx,243,function,anonymous_243,"(a, b)",prod,TypeScript,0,0,LOW,,unreachable_from_entrypoints
a2a0993809031492a4d29fa01b443aa8b5d8ec50,frontend/src/components/capacity/TeamHealthDashboard.tsx,280,function,anonymous_280,(),prod,TypeScript,0,0,LOW,,unreachable_from_entrypoints
24ce28d10cd120446de181ad36f36226965dc956,frontend/src/components/capacity/TeamHealthDashboard.tsx,292,function,anonymous_292,(),prod,TypeScript,0,0,LOW,,unreachable_from_entrypoints
9d4410d016918387057b6a434500a9decc531b70,frontend/src/components/capacity/TeamHealthDashboard.tsx,332,function,anonymous_332,"(trend, idx)",prod,TypeScript,0,0,LOW,,unreachable_from_entrypoints
01686fddf8f349f2ed37b86a132471ee8a112698,frontend/src/components/capacity/TeamHealthDashboard.tsx,373,function,anonymous_373,(),prod,TypeScript,0,0,LOW,,unreachable_from_entrypoints
924dd6342be1ea25f8b482d8cdc0f53ce8caa285,frontend/src/components/capacity/TeamHealthDashboard.tsx,381,function,anonymous_381,(e),prod,TypeScript,0,0,LOW,,unreachable_from_entrypoints
dc5406dcb6a01f4726d8e778f6db3b081bba82c8,frontend/src/components/capacity/TeamHealthDashboard.tsx,386,function,anonymous_386,"([key,",prod,TypeScript,0,0,LOW,,unreachable_from_entrypoints
4edc963863b65af4e595b0527445316628e442de,frontend/src/components/capacity/TeamHealthDashboard.tsx,392,function,anonymous_392,(v),prod,TypeScript,0,0,LOW,,unreachable_from_entrypoints
96873c1e3da74edd0617b0361d501611fe87b9d7,frontend/src/components/capacity/TeamHealthDashboard.tsx,401,function,anonymous_401,(e),prod,TypeScript,0,0,LOW,,unreachable_from_entrypoints
69639b2805ede5cab9f15f70854614dd0c4cf7be,frontend/src/components/capacity/TeamHealthDashboard.tsx,412,function,anonymous_412,(e),prod,TypeScript,0,0,LOW,,unreachable_from_entrypoints
9095a473a26e33ba2d357d25139adf35c338d016,frontend/src/components/capacity/TeamHealthDashboard.tsx,438,function,anonymous_438,(),prod,TypeScript,0,0,LOW,,unreachable_from_entrypoints
2025eae6567e7064d43938241e683b3c55fe12a1,frontend/src/components/quality/QualityDashboard.tsx,114,function,MetricCard,(,prod,TypeScript,0,0,LOW,,unreachable_from_entrypoints
88c937715182d55952cac75c34a15837a2021d64,frontend/src/components/quality/QualityDashboard.tsx,148,function,DREGauge,(,prod,TypeScript,0,0,LOW,,unreachable_from_entrypoints
342462b9f83ccedfc9cb30f0368bdcd15516fd9f,frontend/src/components/quality/QualityDashboard.tsx,202,function,SeverityChart,(,prod,TypeScript,0,0,LOW,,unreachable_from_entrypoints
97bc2cbca901cb32a7777d186139ec5a6a6786c9,frontend/src/components/quality/QualityDashboard.tsx,228,function,RootCauseChart,(,prod,TypeScript,0,0,LOW,,unreachable_from_entrypoints
a9edf43634fa456d8e80982761908398d96dd0a3,frontend/src/components/quality/QualityDashboard.tsx,230,function,anonymous_230,d,prod,TypeScript,0,0,LOW,,unreachable_from_entrypoints
c56277a26cc6cdc48f21d123d1fb8df109c74954,frontend/src/components/quality/QualityDashboard.tsx,233,function,anonymous_233,d,prod,TypeScript,0,0,LOW,,unreachable_from_entrypoints
0dd2c6982b449c690694da59e1dbde020005e1e0,frontend/src/components/quality/QualityDashboard.tsx,259,function,TrendChart,(,prod,TypeScript,0,0,LOW,,unreachable_from_entrypoints
ebd1392c433a9e0c4668cc0992ffe665ebc70d23,frontend/src/components/quality/QualityDashboard.tsx,261,function,anonymous_261,t,prod,TypeScript,0,0,LOW,,unreachable_from_entrypoints
917037fed767e96c00afcda0e65b3b89c773c647,frontend/src/components/quality/QualityDashboard.tsx,265,function,anonymous_265,t,prod,TypeScript,0,0,LOW,,unreachable_from_entrypoints
b8bca9568f2623a6392ef71e30326772d5d6765b,frontend/src/components/quality/QualityDashboard.tsx,273,function,anonymous_273,t,prod,TypeScript,0,0,LOW,,unreachable_from_entrypoints
2c0e1c18b93208445c532edc1f5150a532f0b6cb,frontend/src/components/quality/QualityDashboard.tsx,300,function,RecentDefectsList,(,prod,TypeScript,0,0,LOW,,unreachable_from_entrypoints
b85d8d0e6d74284c582a417c88a6ba790fd83cbf,frontend/src/components/quality/QualityDashboard.tsx,305,function,anonymous_305,(defect),prod,TypeScript,0,0,LOW,,unreachable_from_entrypoints
ad842634bb98c0ebde61fe87a63f2c4fdaf15108,frontend/src/components/quality/QualityDashboard.tsx,338,function,ComponentTable,(,prod,TypeScript,0,0,LOW,,unreachable_from_entrypoints
a0d07f0be78361f8aab9aaeac2b06e8caf868200,frontend/src/components/quality/QualityDashboard.tsx,343,function,anonymous_343,(comp),prod,TypeScript,0,0,LOW,,unreachable_from_entrypoints
c02f12c6e794e82af1d20ca44d7ab05b239cea74,frontend/src/components/quality/QualityDashboard.tsx,365,function,AddDefectDialog,(,prod,TypeScript,0,0,LOW,,unreachable_from_entrypoints
31de3aa6670f15f1a3b7be81486db7d6336cc9c0,frontend/src/components/quality/QualityDashboard.tsx,377,function,anonymous_377,async (),prod,TypeScript,0,0,LOW,,unreachable_from_entrypoints
3c2319bd50e9ab74a336faf78d62de97bb6d3bdd,frontend/src/components/quality/QualityDashboard.tsx,400,function,anonymous_400,(e),prod,TypeScript,0,0,LOW,,unreachable_from_entrypoints
2d05df7377fb7ce027ea57ceec3560e55e375fd7,frontend/src/components/quality/QualityDashboard.tsx,407,function,anonymous_407,(e),prod,TypeScript,0,0,LOW,,unreachable_from_entrypoints
6a24ae24a3af03f778cca408962b090f4c148d82,frontend/src/components/quality/QualityDashboard.tsx,413,function,anonymous_413,(e),prod,TypeScript,0,0,LOW,,unreachable_from_entrypoints
56be59198921e0e3cde1284cf00a0760a478ba4b,frontend/src/components/quality/QualityDashboard.tsx,425,function,anonymous_425,(e),prod,TypeScript,0,0,LOW,,unreachable_from_entrypoints
64fa1f13cf017e52f04c82235c255a0008270a78,frontend/src/components/quality/QualityDashboard.tsx,427,function,anonymous_427,(s),prod,TypeScript,0,0,LOW,,unreachable_from_entrypoints
77b7a8a840d64364fb271aeceb8677ff77cd6690,frontend/src/components/quality/QualityDashboard.tsx,439,function,anonymous_439,(e),prod,TypeScript,0,0,LOW,,unreachable_from_entrypoints
e9c97a53aa6678e1b21a70f598dae20cc051fda6,frontend/src/components/quality/QualityDashboard.tsx,441,function,anonymous_441,(s),prod,TypeScript,0,0,LOW,,unreachable_from_entrypoints
4a8fa414586bee54c211a144b33fb7472badc072,frontend/src/components/quality/QualityDashboard.tsx,454,function,anonymous_454,(e),prod,TypeScript,0,0,LOW,,unreachable_from_entrypoints
884b452e750a8eaf3a3456506d0cf4333d0a912d,frontend/src/components/quality/QualityDashboard.tsx,465,function,anonymous_465,(e),prod,TypeScript,0,0,LOW,,unreachable_from_entrypoints
7dddf6cf4f75af8b8d0e648b05ba17e21eecc979,frontend/src/components/quality/QualityDashboard.tsx,468,function,anonymous_468,(rc),prod,TypeScript,0,0,LOW,,unreachable_from_entrypoints
e9fd3ef34671bc7b258e737f821e387a470b587f,frontend/src/components/quality/QualityDashboard.tsx,478,function,anonymous_478,(e),prod,TypeScript,0,0,LOW,,unreachable_from_entrypoints
d0aaa3a58c2db35f252850607e6f78e107369169,frontend/src/components/quality/QualityDashboard.tsx,494,function,QualityDashboardComponent,(,prod,TypeScript,0,0,LOW,,unreachable_from_entrypoints
c4279ebb49301925ffba01b17646168902615daa,frontend/src/components/quality/QualityDashboard.tsx,504,function,anonymous_504,async (),prod,TypeScript,0,0,LOW,,unreachable_from_entrypoints
6eb875df6a3f474516dc076e248d1fac69df0ba1,frontend/src/components/quality/QualityDashboard.tsx,518,function,anonymous_518,(),prod,TypeScript,0,0,LOW,,unreachable_from_entrypoints
83a58a2116f59dc087ac31771fff4313bb30480d,frontend/src/components/quality/QualityDashboard.tsx,522,function,anonymous_522,async (defect: EscapedDefectCreate),prod,TypeScript,0,0,LOW,,unreachable_from_entrypoints
1b654a6c7d0a69f282765fc2565802e216aa0477,frontend/src/components/quality/QualityDashboard.tsx,555,function,anonymous_555,(),prod,TypeScript,0,0,LOW,,unreachable_from_entrypoints
bf9e4ed9a020c42fc8b118e6a123f6872000022e,frontend/src/components/quality/QualityDashboard.tsx,567,function,anonymous_567,(),prod,TypeScript,0,0,LOW,,unreachable_from_entrypoints
8b37a11c7fa82f9f75f4b8f7cfbeba300f53f05e,frontend/src/components/quality/QualityDashboard.tsx,695,function,anonymous_695,(),prod,TypeScript,0,0,LOW,,unreachable_from_entrypoints
b00511744782d7f9e9a8023348b5bf014c763dcb,frontend/src/components/quality/QualityReportPanel.tsx,79,function,QualityReportPanel,(,prod,TypeScript,0,0,LOW,,unreachable_from_entrypoints
baa99307f93caf8e9bb4b8225d66d8a5fa857790,frontend/src/components/quality/QualityReportPanel.tsx,96,function,anonymous_96,(),prod,TypeScript,0,0,LOW,,unreachable_from_entrypoints
125559e1f77811d8c5ae5b87bbe8c7f3ea3ac5f9,frontend/src/components/quality/QualityReportPanel.tsx,102,function,anonymous_102,async (),prod,TypeScript,0,0,LOW,,unreachable_from_entrypoints
39596b309aadeb4d6485c4258e51256511570efd,frontend/src/components/quality/QualityReportPanel.tsx,116,function,anonymous_116,async (),prod,TypeScript,0,0,LOW,,unreachable_from_entrypoints
33604843c4c5e28fa3abb33366dcb70a39b8eb70,frontend/src/components/quality/QualityReportPanel.tsx,141,function,anonymous_141,(),prod,TypeScript,0,0,LOW,,unreachable_from_entrypoints
c48488a92fe3ad223ee24155521eb14ee67e1b16,frontend/src/components/quality/QualityReportPanel.tsx,147,function,anonymous_147,(section: ReportSection),prod,TypeScript,0,0,LOW,,unreachable_from_entrypoints
8cf6151001589e927cafb63195d6ccdfac8e182d,frontend/src/components/quality/QualityReportPanel.tsx,148,function,anonymous_148,prev,prod,TypeScript,0,0,LOW,,unreachable_from_entrypoints
a2590a55cccb6fb2caa09fab5dcc69b202d5dc27,frontend/src/components/quality/QualityReportPanel.tsx,150,function,anonymous_150,s,prod,TypeScript,0,0,LOW,,unreachable_from_entrypoints
aa963e935d2f2f5d238f484a3c55fec40b4ee0e4,frontend/src/components/quality/QualityReportPanel.tsx,220,function,anonymous_220,"(h, i)",prod,TypeScript,0,0,LOW,,unreachable_from_entrypoints
8be25b67ebc989bffca1835898a176efb70b341e,frontend/src/components/quality/QualityReportPanel.tsx,237,function,anonymous_237,"(c, i)",prod,TypeScript,0,0,LOW,,unreachable_from_entrypoints
99f73ec73ad5d152c23c8161903b7e550740ff5e,frontend/src/components/quality/QualityReportPanel.tsx,321,function,anonymous_321,"(rec, i)",prod,TypeScript,0,0,LOW,,unreachable_from_entrypoints
e8dfdc3abe7b72647aa23e39e6556c3a138b7b60,frontend/src/components/quality/QualityReportPanel.tsx,361,function,anonymous_361,(e),prod,TypeScript,0,0,LOW,,unreachable_from_entrypoints
697be9fbf2f619892f4cf757970c3c96feb370a3,frontend/src/components/quality/QualityReportPanel.tsx,391,function,anonymous_391,(section),prod,TypeScript,0,0,LOW,,unreachable_from_entrypoints
9c47515b85856ec5aa6a93f8a51dd105a577f8c0,frontend/src/components/quality/QualityReportPanel.tsx,398,function,anonymous_398,(),prod,TypeScript,0,0,LOW,,unreachable_from_entrypoints
e11274ae6c6a2483c1860b5e705bf5e3e4bef22c,frontend/src/components/security/MFASettings.tsx,59,function,MFASettings,(,prod,TypeScript,0,0,LOW,,unreachable_from_entrypoints
371d3d03f3eb6c62e713a482c850355dcc17c475,frontend/src/components/security/MFASettings.tsx,83,function,anonymous_83,(),prod,TypeScript,0,0,LOW,,unreachable_from_entrypoints
e9ff7b44a2517bf917b5e5e7c1e6017a7fdc82e4,frontend/src/components/security/MFASettings.tsx,87,function,anonymous_87,async (),prod,TypeScript,0,0,LOW,,unreachable_from_entrypoints
75b1d481c1c47ede19eb2c32f423e753d225c4c5,frontend/src/components/security/MFASettings.tsx,99,function,anonymous_99,async (),prod,TypeScript,0,0,LOW,,unreachable_from_entrypoints
84e826010e35be17215443878540fe3d95a25e55,frontend/src/components/security/MFASettings.tsx,114,function,anonymous_114,async (),prod,TypeScript,0,0,LOW,,unreachable_from_entrypoints
2bffaf692a30a1c31f1b320258b896ef7e22da47,frontend/src/components/security/MFASettings.tsx,135,function,anonymous_135,async (),prod,TypeScript,0,0,LOW,,unreachable_from_entrypoints
d864ca00268a74bdabfdfab573f91f856ed9bfc2,frontend/src/components/security/MFASettings.tsx,158,function,anonymous_158,async (),prod,TypeScript,0,0,LOW,,unreachable_from_entrypoints
5f9e2874a04933840cc2a8507eb6b35b776521fe,frontend/src/components/security/MFASettings.tsx,182,function,anonymous_182,(text: string),prod,TypeScript,0,0,LOW,,unreachable_from_entrypoints
f53a48ade5ea0ccec6de67ea5083a251c5199332,frontend/src/components/security/MFASettings.tsx,187,function,anonymous_187,(),prod,TypeScript,0,0,LOW,,unreachable_from_entrypoints
60b7656b3cc64760add25926bd8e95bf3607f898,frontend/src/components/security/MFASettings.tsx,193,function,anonymous_193,(),prod,TypeScript,0,0,LOW,,unreachable_from_entrypoints
38951f3de35f9e81a23ab1089f9c823677256c8c,frontend/src/components/security/MFASettings.tsx,228,function,anonymous_228,(),prod,TypeScript,0,0,LOW,,unreachable_from_entrypoints
1a5c219b52d88740b05f7803a9a1d288ea6d8c1c,frontend/src/components/security/MFASettings.tsx,233,function,anonymous_233,(),prod,TypeScript,0,0,LOW,,unreachable_from_entrypoints
da48ebcc455f91a3639c20f2a046f2dd5507486a,frontend/src/components/security/MFASettings.tsx,302,function,anonymous_302,(),prod,TypeScript,0,0,LOW,,unreachable_from_entrypoints
3c4133d2ad3d2e7319cebf38449bf17283c1e207,frontend/src/components/security/MFASettings.tsx,310,function,anonymous_310,(),prod,TypeScript,0,0,LOW,,unreachable_from_entrypoints
e685ae4d766ab8ce0e69c4ec12cab45cbe8c8bba,frontend/src/components/security/MFASettings.tsx,330,function,anonymous_330,(e),prod,TypeScript,0,0,LOW,,unreachable_from_entrypoints
1b766de7ce542155dbab4c6dbde8edfef4ba4de3,frontend/src/components/security/MFASettings.tsx,338,function,anonymous_338,(),prod,TypeScript,0,0,LOW,,unreachable_from_entrypoints
a177bb649b6d853473a5769f25b6f78434186fb3,frontend/src/components/security/MFASettings.tsx,369,function,anonymous_369,"(code, idx)",prod,TypeScript,0,0,LOW,,unreachable_from_entrypoints
4a46e191b42345de95c2b2f7e307f236df43066e,frontend/src/components/security/MFASettings.tsx,409,function,anonymous_409,(),prod,TypeScript,0,0,LOW,,unreachable_from_entrypoints
209a711e6926b7b7dc2fd04fe945ab9e3e087fae,frontend/src/components/security/MFASettings.tsx,422,function,anonymous_422,"(code, idx)",prod,TypeScript,0,0,LOW,,unreachable_from_entrypoints
ce2afa996d7230eb1846361160478073396d2d5d,frontend/src/components/security/MFASettings.tsx,454,function,anonymous_454,(),prod,TypeScript,0,0,LOW,,unreachable_from_entrypoints
4966d58e2a127aff79e394414bf2e8921083bdab,frontend/src/components/security/MFASettings.tsx,461,function,anonymous_461,(),prod,TypeScript,0,0,LOW,,unreachable_from_entrypoints
30f3cc734674bd00eed9ba883daf203200e8279b,frontend/src/components/security/MFASettings.tsx,470,function,anonymous_470,(),prod,TypeScript,0,0,LOW,,unreachable_from_entrypoints
99263f45191f8349bd7e4aee52930dacf24332f0,frontend/src/components/security/MFASettings.tsx,479,function,anonymous_479,(e),prod,TypeScript,0,0,LOW,,unreachable_from_entrypoints
01f736f2d36a2b2fd2f32f72328a0c4e3872b50e,frontend/src/components/security/MFASettings.tsx,485,function,anonymous_485,(),prod,TypeScript,0,0,LOW,,unreachable_from_entrypoints
1fbb24f58614b8890462aa221ca68b66d69a3d72,frontend/src/components/security/MFASettings.tsx,497,function,anonymous_497,(),prod,TypeScript,0,0,LOW,,unreachable_from_entrypoints
d77546c4a0b725f1773a6b054a552171adb5a3ba,frontend/src/components/security/MFASettings.tsx,509,function,anonymous_509,(e),prod,TypeScript,0,0,LOW,,unreachable_from_entrypoints
4c55dd7ee17c77d3c19c3313d408b04696393b67,frontend/src/components/security/MFASettings.tsx,516,function,anonymous_516,(),prod,TypeScript,0,0,LOW,,unreachable_from_entrypoints
a3dbb4ed22063a76cb7b51bdc79a08ce6a2192b0,frontend/src/components/testing/TestAnalyticsDashboard.tsx,89,function,MetricCard,(,prod,TypeScript,0,0,LOW,,unreachable_from_entrypoints
bb2419348eb02ad1b7a7299b539618b22e5add69,frontend/src/components/testing/TestAnalyticsDashboard.tsx,114,function,CoverageGauge,(,prod,TypeScript,0,0,LOW,,unreachable_from_entrypoints
b6447742f1db4797c590f43eacbf676dd137fc96,frontend/src/components/testing/TestAnalyticsDashboard.tsx,173,function,FlakyTestsPanel,(,prod,TypeScript,0,0,LOW,,unreachable_from_entrypoints
c87cd1bec9593d4ee94a33c21be9c3ea1952c9b8,frontend/src/components/testing/TestAnalyticsDashboard.tsx,187,function,anonymous_187,(test),prod,TypeScript,0,0,LOW,,unreachable_from_entrypoints
bc91bf3014846e3e578b1136012541e7ad7fe2ad,frontend/src/components/testing/TestAnalyticsDashboard.tsx,223,function,anonymous_223,(),prod,TypeScript,0,0,LOW,,unreachable_from_entrypoints
3fc76ed3962cdd3470c074a8854f3bb25cb5dda6,frontend/src/components/testing/TestAnalyticsDashboard.tsx,232,function,anonymous_232,(),prod,TypeScript,0,0,LOW,,unreachable_from_entrypoints
c51cdda28d3ecffadbb795d4ff652924b9ae7151,frontend/src/components/testing/TestAnalyticsDashboard.tsx,256,function,ComponentCoveragePanel,(,prod,TypeScript,0,0,LOW,,unreachable_from_entrypoints
4979eb44cd6b6cb8f87112a8e02db4b8e9608d61,frontend/src/components/testing/TestAnalyticsDashboard.tsx,269,function,anonymous_269,(comp),prod,TypeScript,0,0,LOW,,unreachable_from_entrypoints
0154861ae0d9f9f9d6e6e8f41ea5ad2bb57287bd,frontend/src/components/testing/TestAnalyticsDashboard.tsx,319,function,TestAnalyticsDashboard,(,prod,TypeScript,1,0,LOW,,unreachable_from_entrypoints
0a734bc077d3346c01ac56e7cc92c4dcf19b8749,frontend/src/components/testing/TestAnalyticsDashboard.tsx,327,function,anonymous_327,async (),prod,TypeScript,0,0,LOW,,unreachable_from_entrypoints
568bec593324385a6cc6b0d6eab727420c643217,frontend/src/components/testing/TestAnalyticsDashboard.tsx,341,function,anonymous_341,(),prod,TypeScript,0,0,LOW,,unreachable_from_entrypoints
48c44e840cfd4430fdb34b21178b91c066fda831,frontend/src/components/testing/TestAnalyticsDashboard.tsx,345,function,anonymous_345,async (),prod,TypeScript,0,0,LOW,,unreachable_from_entrypoints
1f41f39bb6652845e5d5cdc8b09ff87520004666,frontend/src/components/testing/TestAnalyticsDashboard.tsx,357,function,anonymous_357,async (),prod,TypeScript,0,0,LOW,,unreachable_from_entrypoints
abd8119cde2922623355bf279c9274669634cf7e,frontend/src/components/testing/TestAnalyticsDashboard.tsx,369,function,anonymous_369,"async (id: number, status: FlakyTestStatus)",prod,TypeScript,0,0,LOW,,unreachable_from_entrypoints
9f32725603ed61d1222e10ccf8fe908de86bd9f2,frontend/src/components/testing/TestAnalyticsDashboard.tsx,397,function,anonymous_397,p,prod,TypeScript,0,0,LOW,,unreachable_from_entrypoints
ec65871ab6f40dd9eb227d14a457f06a916ec69e,frontend/src/components/testing/TestAnalyticsDashboard.tsx,403,function,anonymous_403,p,prod,TypeScript,0,0,LOW,,unreachable_from_entrypoints
c971075feb9a3c69d322ca2d978bdabf612f9836,frontend/src/components/testing/TestAnalyticsDashboard.tsx,411,function,anonymous_411,p,prod,TypeScript,0,0,LOW,,unreachable_from_entrypoints
0e22271ae36d0eb2b3d4dac158e4dcf724479919,frontend/src/components/testing/TestAnalyticsDashboard.tsx,520,function,anonymous_520,"(_, v)",prod,TypeScript,0,0,LOW,,unreachable_from_entrypoints
d9bc9e81f350724052ed227323f87800efc4aadb,frontend/src/components/traceability/DataConsistencyPanel.tsx,85,function,DataConsistencyPanel,(,prod,TypeScript,0,0,LOW,,unreachable_from_entrypoints
113036d441356646c1cc6b5296d22917677f3331,frontend/src/components/traceability/DataConsistencyPanel.tsx,106,function,anonymous_106,async (),prod,TypeScript,0,0,LOW,,unreachable_from_entrypoints
10d2345462cc51f45a17be1e31b91fc035f6559f,frontend/src/components/traceability/DataConsistencyPanel.tsx,129,function,anonymous_129,async (dryRun: boolean),prod,TypeScript,0,0,LOW,,unreachable_from_entrypoints
48eeb6f915e416934d9c8188d201893e2fbac035,frontend/src/components/traceability/DataConsistencyPanel.tsx,151,function,anonymous_151,async (),prod,TypeScript,0,0,LOW,,unreachable_from_entrypoints
f508d439794279e770c84ea52e32bcf7f61568e2,frontend/src/components/traceability/DataConsistencyPanel.tsx,163,function,anonymous_163,(issues: ConsistencyCheckResponse['issues']),prod,TypeScript,0,0,LOW,,unreachable_from_entrypoints
8d3d5ebb2fd12b32e7c8979552dd51f6aad862a3,frontend/src/components/traceability/DataConsistencyPanel.tsx,173,function,anonymous_173,(),prod,TypeScript,0,0,LOW,,unreachable_from_entrypoints
0cdf5e8957323036d77ee0430f7d3a4c5362c771,frontend/src/components/traceability/DataConsistencyPanel.tsx,238,function,anonymous_238,"( title: string, icon: React.ReactNode, count: number | undefined, items: any[] | undefined, renderItem: (item: any, idx: number)",prod,TypeScript,0,0,LOW,,unreachable_from_entrypoints
5e24efeef64e42c6dfb08e48218ab2b29fe966d1,frontend/src/components/traceability/DataConsistencyPanel.tsx,273,function,anonymous_273,"(item, idx)",prod,TypeScript,0,0,LOW,,unreachable_from_entrypoints
ae2043b3ee10c5dabce5f357e1478339cf3e7642,frontend/src/components/traceability/DataConsistencyPanel.tsx,292,function,anonymous_292,"(item: any, idx: number)",prod,TypeScript,0,0,LOW,,unreachable_from_entrypoints
7df08d26c3b49a20f2e8aae4330fc0beaa462e2d,frontend/src/components/traceability/DataConsistencyPanel.tsx,298,function,anonymous_298,(),prod,TypeScript,0,0,LOW,,unreachable_from_entrypoints
f8ff00102508504295a4d98dddfe724542fc0816,frontend/src/components/traceability/DataConsistencyPanel.tsx,313,function,anonymous_313,(),prod,TypeScript,0,0,LOW,,unreachable_from_entrypoints
a81b7e4acfb834ec1f7b2dd68ffac928069ce311,frontend/src/components/traceability/DataConsistencyPanel.tsx,320,function,anonymous_320,"(item: any, idx: number)",prod,TypeScript,0,0,LOW,,unreachable_from_entrypoints
be735d03c0fc02187cf16236d7e55e4bf21ff4ae,frontend/src/components/traceability/DataConsistencyPanel.tsx,328,function,anonymous_328,"(id: number, i: number)",prod,TypeScript,0,0,LOW,,unreachable_from_entrypoints
216861ada773d459168433bac478f19c8c11b792,frontend/src/components/traceability/DataConsistencyPanel.tsx,333,function,anonymous_333,(),prod,TypeScript,0,0,LOW,,unreachable_from_entrypoints
5206e7914ba85dbe353fcfb1800997df352f7a26,frontend/src/components/traceability/DataConsistencyPanel.tsx,348,function,anonymous_348,"(item: any, idx: number)",prod,TypeScript,0,0,LOW,,unreachable_from_entrypoints
49f5512b150dffbd78b02cc60824af2b3b5fcaa9,frontend/src/components/traceability/DataConsistencyPanel.tsx,367,function,anonymous_367,"(item: any, idx: number)",prod,TypeScript,0,0,LOW,,unreachable_from_entrypoints
dac459aa53ff6df84e94b4f24ce553200d05dc8b,frontend/src/components/traceability/DataConsistencyPanel.tsx,382,function,anonymous_382,"(item: any, idx: number)",prod,TypeScript,0,0,LOW,,unreachable_from_entrypoints
98c0a70747733d7ec9ec5974a03f63a2ca652e3a,frontend/src/components/traceability/DataConsistencyPanel.tsx,385,function,anonymous_385,(),prod,TypeScript,0,0,LOW,,unreachable_from_entrypoints
6c5a06a49e5871da2ff9a3c41680da6ec1245b2c,frontend/src/components/traceability/DataConsistencyPanel.tsx,408,function,anonymous_408,(recommendations: ConsistencyCheckRecommendation[]),prod,TypeScript,0,0,LOW,,unreachable_from_entrypoints
63439902464bdb7eeeeba392637309ab6dc725f3,frontend/src/components/traceability/DataConsistencyPanel.tsx,417,function,anonymous_417,"(rec, idx)",prod,TypeScript,0,0,LOW,,unreachable_from_entrypoints
4348b6cfdd4c0414d7018676ae28cfbe6069855f,frontend/src/components/traceability/DataConsistencyPanel.tsx,439,function,anonymous_439,(),prod,TypeScript,0,0,LOW,,unreachable_from_entrypoints
664192af858d5cb010c34d39211a39c21a68a25d,frontend/src/components/traceability/DataConsistencyPanel.tsx,452,function,anonymous_452,"(cycle, idx)",prod,TypeScript,0,0,LOW,,unreachable_from_entrypoints
841a16ec7aab4545d6969fff5498aa17a9a7e78d,frontend/src/components/traceability/DataConsistencyPanel.tsx,471,function,anonymous_471,"(art, i)",prod,TypeScript,0,0,LOW,,unreachable_from_entrypoints
0cca4eb285422e1c24fe06fbc271e24c0c19ee5c,frontend/src/components/traceability/DataConsistencyPanel.tsx,477,function,anonymous_477,(),prod,TypeScript,0,0,LOW,,unreachable_from_entrypoints
ab764f42861ef9b05cde904e38344be44fb12039,frontend/src/components/traceability/DataConsistencyPanel.tsx,509,function,anonymous_509,(),prod,TypeScript,0,0,LOW,,unreachable_from_entrypoints
a5b81ccdefe524393df1f95c88007694a0666d48,frontend/src/components/traceability/DataConsistencyPanel.tsx,518,function,anonymous_518,(),prod,TypeScript,0,0,LOW,,unreachable_from_entrypoints
f9d4af17c020ce0cf9505c7d8bc43d38867c7ae7,frontend/src/components/traceability/DataConsistencyPanel.tsx,541,function,anonymous_541,(e),prod,TypeScript,0,0,LOW,,unreachable_from_entrypoints
1cb743706d2039d93495fad2c649a812b0cd52ee,frontend/src/components/traceability/DataConsistencyPanel.tsx,545,function,anonymous_545,(e),prod,TypeScript,0,0,LOW,,unreachable_from_entrypoints
314c6227d7e19d79fbd4738573a1de59e8810eaf,frontend/src/components/traceability/DataConsistencyPanel.tsx,549,function,anonymous_549,(e),prod,TypeScript,0,0,LOW,,unreachable_from_entrypoints
8de126bc923e62ee04c6a1eef4fe7c2afce7313b,frontend/src/components/traceability/DataConsistencyPanel.tsx,553,function,anonymous_553,(e),prod,TypeScript,0,0,LOW,,unreachable_from_entrypoints
47167712070d5503b1dc2db11f68a6e676140e55,frontend/src/components/traceability/DataConsistencyPanel.tsx,557,function,anonymous_557,(e),prod,TypeScript,0,0,LOW,,unreachable_from_entrypoints
3d53399e7aa51f3580b9d520ba00501dd3e8da64,frontend/src/components/traceability/DataConsistencyPanel.tsx,568,function,anonymous_568,"(_, value)",prod,TypeScript,0,0,LOW,,unreachable_from_entrypoints
51732dacc44b996f97423f86b913647f9885d60a,frontend/src/components/traceability/DataConsistencyPanel.tsx,584,function,anonymous_584,(),prod,TypeScript,0,0,LOW,,unreachable_from_entrypoints
585a8a189f08072c6996019740cb4a6e95cd9a79,frontend/src/components/traceability/DataConsistencyPanel.tsx,594,function,anonymous_594,(),prod,TypeScript,0,0,LOW,,unreachable_from_entrypoints
a35ed0c2632f892e043ce8c81e8bf456b3b16f1f,frontend/src/components/traceability/DataConsistencyPanel.tsx,697,function,anonymous_697,(),prod,TypeScript,0,0,LOW,,unreachable_from_entrypoints
8a4b9b96bd4b9a1e08cf9b9fc318d11620c436e9,frontend/src/components/traceability/DataConsistencyPanel.tsx,706,function,anonymous_706,(),prod,TypeScript,0,0,LOW,,unreachable_from_entrypoints
ec9d41c5990011a539ae4b3a3bb69b2ab1e7fac8,frontend/src/components/traceability/DataConsistencyPanel.tsx,707,function,anonymous_707,(),prod,TypeScript,0,0,LOW,,unreachable_from_entrypoints
b8f537212767237407a17497ec2bfa0cae694927,frontend/src/components/traceability/DataConsistencyPanel.tsx,711,function,anonymous_711,(),prod,TypeScript,0,0,LOW,,unreachable_from_entrypoints
18dad36f070111ce4217c8c99a3c18e557f836dd,frontend/src/components/traceability/ImpactAnalysisPanel.tsx,70,function,ImpactAnalysisPanel,(,prod,TypeScript,0,0,LOW,,unreachable_from_entrypoints
6ca51d3375f42721d793153fbb46e48bdd287afb,frontend/src/components/traceability/ImpactAnalysisPanel.tsx,82,function,anonymous_82,async (),prod,TypeScript,0,0,LOW,,unreachable_from_entrypoints
0d636e6f3f7393add57b4effe4d091e997b4b64b,frontend/src/components/traceability/ImpactAnalysisPanel.tsx,95,function,anonymous_95,(artifact: ImpactedArtifact),prod,TypeScript,0,0,LOW,,unreachable_from_entrypoints
8daff0b3103b85a1b4755f850b78fd395f57ea34,frontend/src/components/traceability/ImpactAnalysisPanel.tsx,99,function,anonymous_99,(),prod,TypeScript,0,0,LOW,,unreachable_from_entrypoints
75a87dd1fc97768b906b104b9b8719c5072e8c35,frontend/src/components/traceability/ImpactAnalysisPanel.tsx,141,function,anonymous_141,(e),prod,TypeScript,0,0,LOW,,unreachable_from_entrypoints
43f468d91bbeeee8aecc0ca5fbd2ef2c347b9689,frontend/src/components/traceability/ImpactAnalysisPanel.tsx,228,function,anonymous_228,"([type, count])",prod,TypeScript,0,0,LOW,,unreachable_from_entrypoints
85b2b0ba6a70322eba1add67d0b0c6f9f2803ea6,frontend/src/components/traceability/ImpactAnalysisPanel.tsx,247,function,anonymous_247,"(rec, idx)",prod,TypeScript,0,0,LOW,,unreachable_from_entrypoints
f5cc12e8949770687ed03f7eb63a96295c8e06e9,frontend/src/components/traceability/ImpactAnalysisPanel.tsx,260,function,anonymous_260,(),prod,TypeScript,0,0,LOW,,unreachable_from_entrypoints
da4ea6f2d69f9cb14a1c62b1ce806eff8041a2b6,frontend/src/components/traceability/ImpactAnalysisPanel.tsx,285,function,anonymous_285,(),prod,TypeScript,0,0,LOW,,unreachable_from_entrypoints
281dafd67cd053c2b292608a5fbf82fbe34d782d,frontend/src/components/traceability/ImportExportDialog.tsx,32,function,TabPanel,(,prod,TypeScript,0,0,LOW,,unreachable_from_entrypoints
254c40961347fe3c6da9e4ab1ba0ef36925b5424,frontend/src/components/traceability/ImportExportDialog.tsx,40,function,ImportExportDialog,(,prod,TypeScript,0,0,LOW,,unreachable_from_entrypoints
6988960543765c595bd7d1c36487102bc4b814d6,frontend/src/components/traceability/ImportExportDialog.tsx,51,function,anonymous_51,(),prod,TypeScript,0,0,LOW,,unreachable_from_entrypoints
8e3f288d2cb24a45f0a9d769560de99922a26316,frontend/src/components/traceability/ImportExportDialog.tsx,68,function,anonymous_68,(),prod,TypeScript,0,0,LOW,,unreachable_from_entrypoints
f22514adc5b6c21b4d4f4bd21c49ab2b4da62095,frontend/src/components/traceability/ImportExportDialog.tsx,90,function,anonymous_90,(),prod,TypeScript,0,0,LOW,,unreachable_from_entrypoints
42412fcf9c289baf0b0e001aa2cb3e10d8bf298d,frontend/src/components/traceability/ImportExportDialog.tsx,100,function,anonymous_100,(event: React.ChangeEvent<HTMLInputElement>),prod,TypeScript,0,0,LOW,,unreachable_from_entrypoints
69b9304b616a7a281db2d07b45f4ea40294ac791,frontend/src/components/traceability/ImportExportDialog.tsx,105,function,anonymous_105,(e),prod,TypeScript,0,0,LOW,,unreachable_from_entrypoints
414c27498d944607857b07fe4562945c4620b33a,frontend/src/components/traceability/ImportExportDialog.tsx,116,function,anonymous_116,"(_, newValue)",prod,TypeScript,0,0,LOW,,unreachable_from_entrypoints
a56ea0cba734e9dfa35ed9bb5e31aa2c1c9955a6,frontend/src/components/traceability/ImportExportDialog.tsx,146,function,anonymous_146,(e),prod,TypeScript,0,0,LOW,,unreachable_from_entrypoints
a6292c2d9020fa6b7262466d3cd1206dcf28a91f,frontend/src/components/traceability/OrphanedArtifactsPanel.tsx,54,function,OrphanedArtifactsPanel,(,prod,TypeScript,0,0,LOW,,unreachable_from_entrypoints
301a2bf94ac5631a5e93400e6b6bd477fb8bf2dc,frontend/src/components/traceability/OrphanedArtifactsPanel.tsx,65,function,anonymous_65,async (),prod,TypeScript,0,0,LOW,,unreachable_from_entrypoints
e04fb598ce90ff9911341f35dbff27d1d59df8ac,frontend/src/components/traceability/OrphanedArtifactsPanel.tsx,83,function,anonymous_83,(),prod,TypeScript,0,0,LOW,,unreachable_from_entrypoints
457889706914b89c72b04042ac0507c89a82651a,frontend/src/components/traceability/OrphanedArtifactsPanel.tsx,87,function,anonymous_87,"(_: unknown, newPage: number)",prod,TypeScript,0,0,LOW,,unreachable_from_entrypoints
59af37a8cec1c35f0f3f700f8a4f3453e3404724,frontend/src/components/traceability/OrphanedArtifactsPanel.tsx,91,function,anonymous_91,(event: React.ChangeEvent<HTMLInputElement>),prod,TypeScript,0,0,LOW,,unreachable_from_entrypoints
cbc72c3737103b27e030a3374bd1b0b3a1f5ce5d,frontend/src/components/traceability/OrphanedArtifactsPanel.tsx,135,function,anonymous_135,"([type, count])",prod,TypeScript,0,0,LOW,,unreachable_from_entrypoints
4673f2766d1bb9b0605cacbd2f68d55050287a1f,frontend/src/components/traceability/OrphanedArtifactsPanel.tsx,145,function,anonymous_145,(),prod,TypeScript,0,0,LOW,,unreachable_from_entrypoints
c2f3d87e932ba4db75ef05fce6ba9e47bb406c25,frontend/src/components/traceability/OrphanedArtifactsPanel.tsx,156,function,anonymous_156,"([source, count])",prod,TypeScript,0,0,LOW,,unreachable_from_entrypoints
c663b20a309b3f7b90747cb280b5c18dcac19ebd,frontend/src/components/traceability/OrphanedArtifactsPanel.tsx,175,function,anonymous_175,(e),prod,TypeScript,0,0,LOW,,unreachable_from_entrypoints
99ba6f8182755d4adb8e61ec61c8bdc71e24eacc,frontend/src/components/traceability/OrphanedArtifactsPanel.tsx,182,function,anonymous_182,(type),prod,TypeScript,0,0,LOW,,unreachable_from_entrypoints
2ef36f986698f55af9db3b9afc42a551b41524e8,frontend/src/components/traceability/OrphanedArtifactsPanel.tsx,223,function,anonymous_223,(artifact),prod,TypeScript,0,0,LOW,,unreachable_from_entrypoints
68d7e92af7267af66ee1d8e5f081f4775b86bbb3,frontend/src/components/traceability/OrphanedArtifactsPanel.tsx,280,function,anonymous_280,(),prod,TypeScript,0,0,LOW,,unreachable_from_entrypoints
9163af86b2bf9a592dce945c42cc7d1a0d689ab4,frontend/src/components/traceability/PropertiesPanel.tsx,21,function,PropertiesPanel,(,prod,TypeScript,0,0,LOW,,unreachable_from_entrypoints
838bb6fea1fbd9067439d8203704fe29c152390b,frontend/src/components/traceability/PropertiesPanel.tsx,24,function,anonymous_24,(),prod,TypeScript,0,0,LOW,,unreachable_from_entrypoints
6bb8cd0d6a4277e86ef457618c4326ab6ee9e392,frontend/src/components/traceability/PropertiesPanel.tsx,63,function,anonymous_63,"([key, value])",prod,TypeScript,0,0,LOW,,unreachable_from_entrypoints
d56f13fc686414204b21e099f49e68333b25a3fb,frontend/src/components/traceability/PropertiesPanel.tsx,91,function,anonymous_91,"([key, value])",prod,TypeScript,0,0,LOW,,unreachable_from_entrypoints
81c75717fb7a5ff7a4510194e8f6a421c6517eb3,frontend/src/components/traceability/PropertiesPanelEditable.tsx,67,function,PropertiesPanelEditable,(,prod,TypeScript,0,0,LOW,,unreachable_from_entrypoints
ee2900c1e374921491dcc14d5fc1b346c6a5f3ff,frontend/src/components/traceability/PropertiesPanelEditable.tsx,74,function,anonymous_74,(),prod,TypeScript,0,0,LOW,,unreachable_from_entrypoints
54a3e7e419c3c637e4f94c1870e379f68d3d4d60,frontend/src/components/traceability/PropertiesPanelEditable.tsx,82,function,anonymous_82,(),prod,TypeScript,0,0,LOW,,unreachable_from_entrypoints
008209b9eb4e02cfec6d5461371b9e31afee1b29,frontend/src/components/traceability/PropertiesPanelEditable.tsx,86,function,anonymous_86,"(key: string, value: unknown)",prod,TypeScript,0,0,LOW,,unreachable_from_entrypoints
f8e976b26f142b101edadc53d903dda52cdcd4e3,frontend/src/components/traceability/PropertiesPanelEditable.tsx,96,function,anonymous_96,"(key: string, value: unknown)",prod,TypeScript,0,0,LOW,,unreachable_from_entrypoints
c24c2772d1c95e643f0cbf06be0010f4ef6c2de0,frontend/src/components/traceability/PropertiesPanelEditable.tsx,106,function,anonymous_106,"(key: string, value: string)",prod,TypeScript,0,0,LOW,,unreachable_from_entrypoints
3ff3edb50781c4a30eadc90af0848d1c6b1a0708,frontend/src/components/traceability/PropertiesPanelEditable.tsx,109,function,anonymous_109,(item: string),prod,TypeScript,0,0,LOW,,unreachable_from_entrypoints
bfb5f4381cd1f4a1a0ac537e547c9478a9c06b73,frontend/src/components/traceability/PropertiesPanelEditable.tsx,114,function,anonymous_114,(),prod,TypeScript,0,0,LOW,,unreachable_from_entrypoints
c9f4ff3471d7052ef2c9c289920fde44fe81acf0,frontend/src/components/traceability/PropertiesPanelEditable.tsx,120,function,anonymous_120,(e),prod,TypeScript,0,0,LOW,,unreachable_from_entrypoints
94b677ea1b23ff80f10935efa63419022618f44f,frontend/src/components/traceability/PropertiesPanelEditable.tsx,128,function,anonymous_128,(e),prod,TypeScript,0,0,LOW,,unreachable_from_entrypoints
e90ad034ce2ff585d39bda5d08d2a51483e6bd64,frontend/src/components/traceability/PropertiesPanelEditable.tsx,137,function,anonymous_137,(e),prod,TypeScript,0,0,LOW,,unreachable_from_entrypoints
2f3494b71f8bd3e0f363cc43184609edf7f1e348,frontend/src/components/traceability/PropertiesPanelEditable.tsx,144,function,anonymous_144,(),prod,TypeScript,0,0,LOW,,unreachable_from_entrypoints
92706c5f8a765f9d589d27611a0e97fbf0e56495,frontend/src/components/traceability/PropertiesPanelEditable.tsx,150,function,anonymous_150,(e),prod,TypeScript,0,0,LOW,,unreachable_from_entrypoints
9f2d0f17f07e353cd12b89494b303889b01deadb,frontend/src/components/traceability/PropertiesPanelEditable.tsx,159,function,anonymous_159,(e),prod,TypeScript,0,0,LOW,,unreachable_from_entrypoints
7b3f556126d544a93c7b7fe593af729f50482cef,frontend/src/components/traceability/PropertiesPanelEditable.tsx,160,function,anonymous_160,(selected),prod,TypeScript,0,0,LOW,,unreachable_from_entrypoints
3f4d80af615f0b5642162f97696e26817b8eaa8a,frontend/src/components/traceability/PropertiesPanelEditable.tsx,162,function,anonymous_162,(value),prod,TypeScript,0,0,LOW,,unreachable_from_entrypoints
0dfff5c641a046db3cc01dac3217fc188b388d58,frontend/src/components/traceability/PropertiesPanelEditable.tsx,180,function,anonymous_180,(e),prod,TypeScript,0,0,LOW,,unreachable_from_entrypoints
b2a6afde2ac876f1976a69c1aec8af9dffdc8d31,frontend/src/components/traceability/PropertiesPanelEditable.tsx,181,function,anonymous_181,(selected),prod,TypeScript,0,0,LOW,,unreachable_from_entrypoints
3c7c5d6fb712f0beef9f6b6317636778853e17d7,frontend/src/components/traceability/PropertiesPanelEditable.tsx,183,function,anonymous_183,(value),prod,TypeScript,0,0,LOW,,unreachable_from_entrypoints
b65e5212a784d19eb94cffc1c3482b6bf2fe6205,frontend/src/components/traceability/PropertiesPanelEditable.tsx,199,function,anonymous_199,(),prod,TypeScript,0,0,LOW,,unreachable_from_entrypoints
51fd97bb2ceedcb05af28f64b031401510a8de41,frontend/src/components/traceability/PropertiesPanelEditable.tsx,205,function,anonymous_205,(e),prod,TypeScript,0,0,LOW,,unreachable_from_entrypoints
096c89ea0af7b958ce4707f34f295f05322ae60c,frontend/src/components/traceability/PropertiesPanelEditable.tsx,213,function,anonymous_213,(e),prod,TypeScript,0,0,LOW,,unreachable_from_entrypoints
a4a84931f78994cbc3937360ba1d0e650e526f7d,frontend/src/components/traceability/PropertiesPanelEditable.tsx,213,function,anonymous_213,(s: string),prod,TypeScript,0,0,LOW,,unreachable_from_entrypoints
862c9bcfa0003b83c66a75dbc9a9d7f99e305ae8,frontend/src/components/traceability/PropertiesPanelEditable.tsx,220,function,anonymous_220,(),prod,TypeScript,0,0,LOW,,unreachable_from_entrypoints
0ce5b74efe5eb633da58fa65882395b7525f5530,frontend/src/components/traceability/PropertiesPanelEditable.tsx,230,function,anonymous_230,(),prod,TypeScript,0,0,LOW,,unreachable_from_entrypoints
eed7655881018d2bac27c4b818d1ed70295c2c82,frontend/src/components/traceability/PropertiesPanelEditable.tsx,239,function,anonymous_239,(),prod,TypeScript,0,0,LOW,,unreachable_from_entrypoints
ef54b5471cdf3beef5bd97412c26bfe692cb1e4c,frontend/src/components/traceability/PropertiesPanelEditable.tsx,248,function,anonymous_248,(),prod,TypeScript,0,0,LOW,,unreachable_from_entrypoints
29a2b5aa8023210818473185d4a621fb66c84af6,frontend/src/components/traceability/PropertiesPanelEditable.tsx,257,function,anonymous_257,(),prod,TypeScript,0,0,LOW,,unreachable_from_entrypoints
a189a0e0cd39b900c1c2d8b5359757fb41c4eed8,frontend/src/components/traceability/PropertiesPanelEditable.tsx,268,function,anonymous_268,(e),prod,TypeScript,0,0,LOW,,unreachable_from_entrypoints
59b818e3c1478c1536daf4771f038cc348d0ca29,frontend/src/components/traceability/PropertiesPanelEditable.tsx,278,function,anonymous_278,(e),prod,TypeScript,0,0,LOW,,unreachable_from_entrypoints
ec3835a330354fe280f12a7ecbb92dcf3e21a2f7,frontend/src/components/traceability/PropertiesPanelEditable.tsx,288,function,anonymous_288,(e),prod,TypeScript,0,0,LOW,,unreachable_from_entrypoints
ed8d01bcad3125229b816deb711c4e3fa985ceb7,frontend/src/components/traceability/PropertiesPanelEditable.tsx,298,function,anonymous_298,(e),prod,TypeScript,0,0,LOW,,unreachable_from_entrypoints
6b2702c51c12964195e1886a87d3be5fe576316e,frontend/src/components/traceability/PropertiesPanelEditable.tsx,306,function,anonymous_306,(),prod,TypeScript,0,0,LOW,,unreachable_from_entrypoints
9e6ba9d99c222926c94490505a460cd173417e42,frontend/src/components/traceability/PropertiesPanelEditable.tsx,312,function,anonymous_312,(e),prod,TypeScript,0,0,LOW,,unreachable_from_entrypoints
99991053b97bc739d22f022738d01db5348d0069,frontend/src/components/traceability/PropertiesPanelEditable.tsx,320,function,anonymous_320,(e),prod,TypeScript,0,0,LOW,,unreachable_from_entrypoints
bfe21b54f6d2b897cc6986b7a2309c659456fcd3,frontend/src/components/traceability/PropertiesPanelEditable.tsx,334,function,anonymous_334,(e),prod,TypeScript,0,0,LOW,,unreachable_from_entrypoints
b6a43ce79f4b6c14c5e87de1e8805206729d514a,frontend/src/components/traceability/PropertiesPanelEditable.tsx,341,function,anonymous_341,(),prod,TypeScript,0,0,LOW,,unreachable_from_entrypoints
2c72857028f02763f5ef0fcac2ca969fef8a211d,frontend/src/components/traceability/PropertiesPanelEditable.tsx,347,function,anonymous_347,(e),prod,TypeScript,0,0,LOW,,unreachable_from_entrypoints
b63d3305740fb414709ab644d928c0c54a28b42d,frontend/src/components/traceability/PropertiesPanelEditable.tsx,362,function,anonymous_362,(e),prod,TypeScript,0,0,LOW,,unreachable_from_entrypoints
cde914c41465da8c2791e2b752e7050a1058f0b4,frontend/src/components/traceability/PropertiesPanelEditable.tsx,371,function,anonymous_371,(),prod,TypeScript,0,0,LOW,,unreachable_from_entrypoints
275738bca3e3fac6265661c71aecd82707fdf740,frontend/src/components/traceability/PropertiesPanelEditable.tsx,377,function,anonymous_377,(e),prod,TypeScript,0,0,LOW,,unreachable_from_entrypoints
a2b2db3931436700423b528c9d37c69d61f79e83,frontend/src/components/traceability/PropertiesPanelEditable.tsx,393,function,anonymous_393,(e),prod,TypeScript,0,0,LOW,,unreachable_from_entrypoints
719170cd22d0d401a3667408e57be34e82ceee61,frontend/src/components/traceability/PropertiesPanelEditable.tsx,405,function,anonymous_405,(e),prod,TypeScript,0,0,LOW,,unreachable_from_entrypoints
f3bc5808738aa50f30bc4a299903619a266394de,frontend/src/components/traceability/PropertiesPanelEditable.tsx,418,function,anonymous_418,(),prod,TypeScript,0,0,LOW,,unreachable_from_entrypoints
b8143fa9a37e4e1077eb4aeab96cb8a58497d96e,frontend/src/components/traceability/PropertiesPanelEditable.tsx,475,function,anonymous_475,(e),prod,TypeScript,0,0,LOW,,unreachable_from_entrypoints
bdaa56732f6a2eef01d0911f28f2164569e057be,frontend/src/components/traceability/SyncHealthDashboard.tsx,85,function,formatRelativeTime,(dateString?: string | null): string,prod,TypeScript,3,0,LOW,,unreachable_from_entrypoints
2ad3b7f6991f44cc60c666f133c6f148bae38ded,frontend/src/components/traceability/SyncHealthDashboard.tsx,101,function,SyncHealthDashboard,(,prod,TypeScript,0,0,LOW,,unreachable_from_entrypoints
8fabf9a93ac4fef4158c79dce4edda17c24ac977,frontend/src/components/traceability/SyncHealthDashboard.tsx,114,function,anonymous_114,async (),prod,TypeScript,0,0,LOW,,unreachable_from_entrypoints
c72fd112b6abba2ebd4df9b16ca52df8b4de70dc,frontend/src/components/traceability/SyncHealthDashboard.tsx,131,function,anonymous_131,(),prod,TypeScript,0,0,LOW,,unreachable_from_entrypoints
61dbef4df870abede7e7357d2f647e9fae463225,frontend/src/components/traceability/SyncHealthDashboard.tsx,135,function,anonymous_135,async (projectId: number),prod,TypeScript,0,0,LOW,,unreachable_from_entrypoints
5617a1fa2fefccf5ec44d537a2fc89c92958b7a9,frontend/src/components/traceability/SyncHealthDashboard.tsx,154,function,anonymous_154,(projectId: number | undefined),prod,TypeScript,0,0,LOW,,unreachable_from_entrypoints
c20a273d6438f24d1ad70b1a7ee18e8117d97fee,frontend/src/components/traceability/SyncHealthDashboard.tsx,161,function,anonymous_161,(source: SyncSourceHealth),prod,TypeScript,0,0,LOW,,unreachable_from_entrypoints
1cf23248cc85835b937f6ab29343e838e6b6769b,frontend/src/components/traceability/SyncHealthDashboard.tsx,199,function,anonymous_199,(project: SyncProjectHealth),prod,TypeScript,0,0,LOW,,unreachable_from_entrypoints
1f0df9ce9dcf83b3b7971591bc4bf1745f656d2a,frontend/src/components/traceability/SyncHealthDashboard.tsx,207,function,anonymous_207,(),prod,TypeScript,0,0,LOW,,unreachable_from_entrypoints
994554f542f263ce2fb8e8819dbb49d6f6c4d85d,frontend/src/components/traceability/SyncHealthDashboard.tsx,267,function,anonymous_267,"([type, count])",prod,TypeScript,0,0,LOW,,unreachable_from_entrypoints
5b0081cd43824c8ee64a1837cc3326c0bf1930a4,frontend/src/components/traceability/SyncHealthDashboard.tsx,290,function,anonymous_290,"([source, count])",prod,TypeScript,0,0,LOW,,unreachable_from_entrypoints
fb8b08c3a9df7853a8fff43bd726c834d1180d51,frontend/src/components/traceability/SyncHealthDashboard.tsx,347,function,anonymous_347,(repo),prod,TypeScript,0,0,LOW,,unreachable_from_entrypoints
adab0889e2ea6d6d1f71c8732aab3ad72bcdba68,frontend/src/components/traceability/SyncHealthDashboard.tsx,411,function,anonymous_411,(e),prod,TypeScript,0,0,LOW,,unreachable_from_entrypoints
ee54f6a7b9d068ef2b80e6b75008c3cb037138bc,frontend/src/components/traceability/SyncHealthDashboard.tsx,414,function,anonymous_414,(p),prod,TypeScript,0,0,LOW,,unreachable_from_entrypoints
14527cdb821a2f9a8898f9bd3e30a1edd9f06dc9,frontend/src/components/traceability/TemplateDialog.tsx,27,function,TemplateDialog,(,prod,TypeScript,0,0,LOW,,unreachable_from_entrypoints
78e034a8a52cc1445eb24a6c1016c64ebd59ee89,frontend/src/components/traceability/TemplateDialog.tsx,32,function,anonymous_32,(t),prod,TypeScript,0,0,LOW,,unreachable_from_entrypoints
75876c4e52bd083ddcfc3b88d5a1867b061d8864,frontend/src/components/traceability/TemplateDialog.tsx,34,function,anonymous_34,(template: RuleTemplate),prod,TypeScript,0,0,LOW,,unreachable_from_entrypoints
24d801f4d3df4dfb22ac93543aa5dc4e7bc0d53d,frontend/src/components/traceability/TemplateDialog.tsx,46,function,anonymous_46,"(_, newValue)",prod,TypeScript,0,0,LOW,,unreachable_from_entrypoints
acfb5c8fa695b9b42a363db20b5049c2d84f23a3,frontend/src/components/traceability/TemplateDialog.tsx,55,function,anonymous_55,(template),prod,TypeScript,0,0,LOW,,unreachable_from_entrypoints
7a0bd5ba3737f3afb593039809288bc6d64a3d4d,frontend/src/components/traceability/TemplateDialog.tsx,71,function,anonymous_71,(tag),prod,TypeScript,0,0,LOW,,unreachable_from_entrypoints
0179b4bccb1ba79d9202bfe2cfc9eeb66f9553b6,frontend/src/components/traceability/TemplateDialog.tsx,80,function,anonymous_80,(),prod,TypeScript,0,0,LOW,,unreachable_from_entrypoints
785227b58ccd1ebc4964a5549d32856f6d514b51,frontend/src/components/traceability/Toolbox.tsx,146,function,Toolbox,(,prod,TypeScript,0,0,LOW,,unreachable_from_entrypoints
4eed47afbb8f498539f1003cfafb3ea8394dedc5,frontend/src/components/traceability/Toolbox.tsx,147,function,anonymous_147,"(event: React.DragEvent, nodeType: string, nodeData: any)",prod,TypeScript,0,0,LOW,,unreachable_from_entrypoints
e9aa1b940feec640571f481313213a5c49542a2c,frontend/src/components/traceability/Toolbox.tsx,153,function,anonymous_153,(category: string),prod,TypeScript,0,0,LOW,,unreachable_from_entrypoints
95c40230ec3e7107338f3327239ea3909fd039c1,frontend/src/components/traceability/Toolbox.tsx,155,function,anonymous_155,(template),prod,TypeScript,0,0,LOW,,unreachable_from_entrypoints
b48c4bee549d4bd61ea264f739fa258b780e8fd2,frontend/src/components/traceability/Toolbox.tsx,156,function,anonymous_156,(template),prod,TypeScript,0,0,LOW,,unreachable_from_entrypoints
e08699b82518a6bd411d4df11e073053778c6213,frontend/src/components/traceability/Toolbox.tsx,160,function,anonymous_160,(e),prod,TypeScript,0,0,LOW,,unreachable_from_entrypoints
39b29bb4347b2ee9c5bb6b8509f418611f610346,frontend/src/components/traceability/TraceabilityGraph.tsx,82,function,TraceabilityGraph,(,prod,TypeScript,0,0,LOW,,unreachable_from_entrypoints
1b82172ff5b62284562b71192d8100c4d7d8715a,frontend/src/components/traceability/TraceabilityGraph.tsx,102,function,anonymous_102,async (),prod,TypeScript,0,0,LOW,,unreachable_from_entrypoints
231a0aa65b3d149913cd1b7c298e903df729a976,frontend/src/components/traceability/TraceabilityGraph.tsx,120,function,anonymous_120,(),prod,TypeScript,0,0,LOW,,unreachable_from_entrypoints
7e2ac2359bffa84dec1047282a075514b8f197a3,frontend/src/components/traceability/TraceabilityGraph.tsx,124,function,anonymous_124,(),prod,TypeScript,0,0,LOW,,unreachable_from_entrypoints
6e27996d74a9d905e3cada57a19e186e53ad5600,frontend/src/components/traceability/TraceabilityGraph.tsx,130,function,anonymous_130,(n),prod,TypeScript,0,0,LOW,,unreachable_from_entrypoints
139063d2adf188a6a7d938e9098a6636ff6f42b9,frontend/src/components/traceability/TraceabilityGraph.tsx,131,function,anonymous_131,(e),prod,TypeScript,0,0,LOW,,unreachable_from_entrypoints
713057a1cae8af77cfe5721b3730ed83e35261ac,frontend/src/components/traceability/TraceabilityGraph.tsx,139,function,anonymous_139,(n),prod,TypeScript,0,0,LOW,,unreachable_from_entrypoints
2167220e4a829fd32fa82f12556c0d6dfd3df524,frontend/src/components/traceability/TraceabilityGraph.tsx,143,function,anonymous_143,(l),prod,TypeScript,0,0,LOW,,unreachable_from_entrypoints
1dcb7d973d5502b1872ce24db2f59815c38c1f91,frontend/src/components/traceability/TraceabilityGraph.tsx,148,function,anonymous_148,(l),prod,TypeScript,0,0,LOW,,unreachable_from_entrypoints
ace55264001e36ab994f94bd26dce7de2656aad7,frontend/src/components/traceability/TraceabilityGraph.tsx,156,function,anonymous_156,(event),prod,TypeScript,0,0,LOW,,unreachable_from_entrypoints
ab4bba4c958478f360318540da87fda38994dfce,frontend/src/components/traceability/TraceabilityGraph.tsx,165,function,anonymous_165,"([type, style])",prod,TypeScript,0,0,LOW,,unreachable_from_entrypoints
1353c71c9f938d8ad03ed70c2078046024b9b703,frontend/src/components/traceability/TraceabilityGraph.tsx,182,function,anonymous_182,(d),prod,TypeScript,0,0,LOW,,unreachable_from_entrypoints
1ec08dfc5736916dee3dc0c41cfa65ee11b936e7,frontend/src/components/traceability/TraceabilityGraph.tsx,188,function,anonymous_188,(d),prod,TypeScript,0,0,LOW,,unreachable_from_entrypoints
73692a49b17fdc44dd9e5b665ceb2da7662a560b,frontend/src/components/traceability/TraceabilityGraph.tsx,199,function,anonymous_199,(d),prod,TypeScript,0,0,LOW,,unreachable_from_entrypoints
407395c9dc223f439631a8507f422c522847fddd,frontend/src/components/traceability/TraceabilityGraph.tsx,203,function,anonymous_203,(d),prod,TypeScript,0,0,LOW,,unreachable_from_entrypoints
be0e028dd981d4204c7f06dc433a46d8c4bde268,frontend/src/components/traceability/TraceabilityGraph.tsx,207,function,anonymous_207,(d),prod,TypeScript,0,0,LOW,,unreachable_from_entrypoints
e09ea3cbb01659c4a56afdf63fca5e2d6e4f2d85,frontend/src/components/traceability/TraceabilityGraph.tsx,211,function,anonymous_211,(d),prod,TypeScript,0,0,LOW,,unreachable_from_entrypoints
7b5943314fea07ca3344611fc8e5e31f06199801,frontend/src/components/traceability/TraceabilityGraph.tsx,212,function,anonymous_212,(d),prod,TypeScript,0,0,LOW,,unreachable_from_entrypoints
cf1c7fda76c9159dac7f4c9fcebeddfd8c0061e8,frontend/src/components/traceability/TraceabilityGraph.tsx,217,function,anonymous_217,(l),prod,TypeScript,0,0,LOW,,unreachable_from_entrypoints
d3027b6774d476de6430f783962772e4ca9e2ae8,frontend/src/components/traceability/TraceabilityGraph.tsx,223,function,anonymous_223,(d),prod,TypeScript,0,0,LOW,,unreachable_from_entrypoints
a00e014d3ea3b01f4d11ab9ded53bffec42155cf,frontend/src/components/traceability/TraceabilityGraph.tsx,234,function,anonymous_234,"(event, d)",prod,TypeScript,0,0,LOW,,unreachable_from_entrypoints
83a2f714237dca6218c9142a94f4c9f85b4bf029,frontend/src/components/traceability/TraceabilityGraph.tsx,239,function,anonymous_239,"(event, d)",prod,TypeScript,0,0,LOW,,unreachable_from_entrypoints
cb831f202106612d71565c1aeb9c7f3f25f616b5,frontend/src/components/traceability/TraceabilityGraph.tsx,243,function,anonymous_243,"(event, d)",prod,TypeScript,0,0,LOW,,unreachable_from_entrypoints
3adcbf0fe175d40700e20978c854641cd4652abd,frontend/src/components/traceability/TraceabilityGraph.tsx,251,function,anonymous_251,(d),prod,TypeScript,0,0,LOW,,unreachable_from_entrypoints
9f6f7c77afd79d47ef3ae40a085a99e5f633f7e0,frontend/src/components/traceability/TraceabilityGraph.tsx,252,function,anonymous_252,(d),prod,TypeScript,0,0,LOW,,unreachable_from_entrypoints
e5706639efeba1491b9ef2c1d5e4728af9b28a65,frontend/src/components/traceability/TraceabilityGraph.tsx,253,function,anonymous_253,(d),prod,TypeScript,0,0,LOW,,unreachable_from_entrypoints
b8f875e3b04aeeee93a3bf36016f87b5f0bc004d,frontend/src/components/traceability/TraceabilityGraph.tsx,254,function,anonymous_254,(d),prod,TypeScript,0,0,LOW,,unreachable_from_entrypoints
25b57dd8006dbe5ebcdbd663fe257e071bcccb56,frontend/src/components/traceability/TraceabilityGraph.tsx,264,function,anonymous_264,(d),prod,TypeScript,0,0,LOW,,unreachable_from_entrypoints
e39296fff1dfa68b2adf08773b1c97c0753c9422,frontend/src/components/traceability/TraceabilityGraph.tsx,272,function,anonymous_272,(d),prod,TypeScript,0,0,LOW,,unreachable_from_entrypoints
8e7513dce8397d32ea8056ca1c0c2ff0a035f52e,frontend/src/components/traceability/TraceabilityGraph.tsx,280,function,anonymous_280,(d),prod,TypeScript,0,0,LOW,,unreachable_from_entrypoints
42dc9673da07ba97f55e6e9ef4e04a7ff35f050b,frontend/src/components/traceability/TraceabilityGraph.tsx,287,function,anonymous_287,"(event, d)",prod,TypeScript,0,0,LOW,,unreachable_from_entrypoints
ad42b565dcb57e5bbff823e0906aab2f447da377,frontend/src/components/traceability/TraceabilityGraph.tsx,294,function,anonymous_294,"(event, d)",prod,TypeScript,0,0,LOW,,unreachable_from_entrypoints
cc12f8a5efc04251bf359235d5949774981f4296,frontend/src/components/traceability/TraceabilityGraph.tsx,301,function,anonymous_301,"(event, d)",prod,TypeScript,0,0,LOW,,unreachable_from_entrypoints
0a624c21f5805663c36dec29644ba1cc399af3dc,frontend/src/components/traceability/TraceabilityGraph.tsx,307,function,anonymous_307,(),prod,TypeScript,0,0,LOW,,unreachable_from_entrypoints
7a457ad501e65d1fa84f07f4591d2371baf5ad5b,frontend/src/components/traceability/TraceabilityGraph.tsx,309,function,anonymous_309,(d),prod,TypeScript,0,0,LOW,,unreachable_from_entrypoints
7e31186e263c5c773cd74b617b3cb9109dab01ab,frontend/src/components/traceability/TraceabilityGraph.tsx,310,function,anonymous_310,(d),prod,TypeScript,0,0,LOW,,unreachable_from_entrypoints
ce48c43518f9bcb7004f1350d31f7374c8161eec,frontend/src/components/traceability/TraceabilityGraph.tsx,311,function,anonymous_311,(d),prod,TypeScript,0,0,LOW,,unreachable_from_entrypoints
8a7102b5ab73bf31732d60391cc70068cd51485e,frontend/src/components/traceability/TraceabilityGraph.tsx,312,function,anonymous_312,(d),prod,TypeScript,0,0,LOW,,unreachable_from_entrypoints
4abfeb04d537d3130b7d3f4bd6cbaa9f733e6382,frontend/src/components/traceability/TraceabilityGraph.tsx,315,function,anonymous_315,(d),prod,TypeScript,0,0,LOW,,unreachable_from_entrypoints
f484495d873b306c3836c8e40424fdfe56cef9bc,frontend/src/components/traceability/TraceabilityGraph.tsx,316,function,anonymous_316,(d),prod,TypeScript,0,0,LOW,,unreachable_from_entrypoints
0c021757340d2170dddc2fed2799e48812d06dd4,frontend/src/components/traceability/TraceabilityGraph.tsx,318,function,anonymous_318,(d),prod,TypeScript,0,0,LOW,,unreachable_from_entrypoints
a9737a5f264629ddaa0d7a8908f0988a310de3b2,frontend/src/components/traceability/TraceabilityGraph.tsx,322,function,anonymous_322,(),prod,TypeScript,0,0,LOW,,unreachable_from_entrypoints
51b80b25c2dea06a8358796490298ea184d378c8,frontend/src/components/traceability/TraceabilityGraph.tsx,342,function,anonymous_342,(),prod,TypeScript,0,0,LOW,,unreachable_from_entrypoints
2f407e3b2b7a743d9ee6896928b8f35e0926a364,frontend/src/components/traceability/TraceabilityGraph.tsx,347,function,anonymous_347,(),prod,TypeScript,0,0,LOW,,unreachable_from_entrypoints
0be06eae69408c00f6d676c46b9a151622354d5f,frontend/src/components/traceability/TraceabilityGraph.tsx,355,function,anonymous_355,(),prod,TypeScript,0,0,LOW,,unreachable_from_entrypoints
7cb867ad05e28d6ea99c76e538aad44ace6c5b0b,frontend/src/components/traceability/TraceabilityGraph.tsx,363,function,anonymous_363,(),prod,TypeScript,0,0,LOW,,unreachable_from_entrypoints
58c56387c29dc38e8781419724665943424101e8,frontend/src/components/traceability/TraceabilityGraph.tsx,397,function,anonymous_397,(e),prod,TypeScript,0,0,LOW,,unreachable_from_entrypoints
b79a0671e341ed30164c2b5709a0495af5d80d1e,frontend/src/components/traceability/TraceabilityGraph.tsx,411,function,anonymous_411,"(_, v)",prod,TypeScript,0,0,LOW,,unreachable_from_entrypoints
473bdcec343816fe4783aa808ad6bdac3f872252,frontend/src/components/traceability/TraceabilityGraph.tsx,425,function,anonymous_425,"(_, v)",prod,TypeScript,0,0,LOW,,unreachable_from_entrypoints
8d4e210369f24903df457ee7e99943b572fd8ab1,frontend/src/components/traceability/TraceabilityGraph.tsx,501,function,anonymous_501,([k]),prod,TypeScript,0,0,LOW,,unreachable_from_entrypoints
7a58180205ca93bae0a3eaad9ac452b1b386e096,frontend/src/components/traceability/TraceabilityGraph.tsx,503,function,anonymous_503,"([type, color])",prod,TypeScript,0,0,LOW,,unreachable_from_entrypoints
ae4d4be09462aa1dcfd1c0f86d40aeb80f8adae6,frontend/src/components/traceability/ValidationPanel.tsx,28,function,ValidationPanel,(,prod,TypeScript,0,0,LOW,,unreachable_from_entrypoints
8a08ae43e5865a87fb3301469f509c5436ed9862,frontend/src/components/traceability/ValidationPanel.tsx,54,function,anonymous_54,(),prod,TypeScript,0,0,LOW,,unreachable_from_entrypoints
76569c07d17d98b6f79456cdb977c1d8d1de4302,frontend/src/components/traceability/ValidationPanel.tsx,67,function,anonymous_67,"(error, index)",prod,TypeScript,0,0,LOW,,unreachable_from_entrypoints
2be7b33fd60d5b737d92198b116bfc12ae71d152,frontend/src/components/traceability/ValidationPanel.tsx,76,function,anonymous_76,(),prod,TypeScript,0,0,LOW,,unreachable_from_entrypoints
1eca40156f835c9a81f525cfca98c9d12336fb89,frontend/src/components/traceability/ValidationPanel.tsx,103,function,anonymous_103,(),prod,TypeScript,0,0,LOW,,unreachable_from_entrypoints
610dd3b87454dda121595052b15befb256860a73,frontend/src/components/traceability/ValidationPanel.tsx,116,function,anonymous_116,"(warning, index)",prod,TypeScript,0,0,LOW,,unreachable_from_entrypoints
a9db026359083855da5c4a8ff354112423869378,frontend/src/components/traceability/ValidationPanel.tsx,125,function,anonymous_125,(),prod,TypeScript,0,0,LOW,,unreachable_from_entrypoints
f24199e3a62ba3c310aa5ae7c6935bf18a367bc9,frontend/src/components/traceability/nodes/BaseNode.tsx,17,function,BaseNode,(,prod,TypeScript,0,0,LOW,,unreachable_from_entrypoints
41f0776ad6e6b3eeaada8a57c79d870f3cf2b7f9,frontend/src/components/traceability/nodes/BaseNode.tsx,93,function,anonymous_93,"(handle, index)",prod,TypeScript,0,0,LOW,,unreachable_from_entrypoints
8750e7a639d84638676a582e77da9d644ce6fc72,frontend/src/components/traceability/nodes/CommitSourceNode.tsx,7,function,CommitSourceNode,(,prod,TypeScript,0,0,LOW,,unreachable_from_entrypoints
aa5434ff144c2b019a42a5aa2b1e593c7164f27b,frontend/src/components/traceability/nodes/ConfluenceSourceNode.tsx,7,function,ConfluenceSourceNode,(,prod,TypeScript,0,0,LOW,,unreachable_from_entrypoints
b272f524729d4f94278f6ba81616f3eb518e3d86,frontend/src/components/traceability/nodes/CreateLinkActionNode.tsx,7,function,CreateLinkActionNode,(,prod,TypeScript,0,0,LOW,,unreachable_from_entrypoints
0e7efb6848a42bca78e73e896928dcbc238f196f,frontend/src/components/traceability/nodes/DecisionNode.tsx,6,function,DecisionNode,(,prod,TypeScript,0,0,LOW,,unreachable_from_entrypoints
b3586028d10b314d2fac59a25cb395628fff4aaf,frontend/src/components/traceability/nodes/FilterNode.tsx,7,function,FilterNode,(,prod,TypeScript,0,0,LOW,,unreachable_from_entrypoints
9bedefeb675b5f1bfcac712f195419460900266c,frontend/src/components/traceability/nodes/JiraIssueSourceNode.tsx,7,function,JiraIssueSourceNode,(,prod,TypeScript,0,0,LOW,,unreachable_from_entrypoints
a871866673612c3a480f1d7dbe257727de14471c,frontend/src/components/traceability/nodes/JiraKeyExtractorNode.tsx,7,function,JiraKeyExtractorNode,(,prod,TypeScript,0,0,LOW,,unreachable_from_entrypoints
9b7382881708ab592281d9c62a1171014275ec03,frontend/src/hooks/useCapacityCalc.ts,38,function,getFocusFactorColor,export function getFocusFactorColor(focusFactor: number): CapacityColor,prod,TypeScript,4,0,LOW,,unreachable_from_entrypoints
d86d3618184c0bb16503fac8cb00551c8cc8b782,frontend/src/hooks/useCapacityCalc.ts,49,function,focusFactorToPercent,export function focusFactorToPercent(focusFactor: number): number,prod,TypeScript,7,0,LOW,,unreachable_from_entrypoints
48f126fc8985369ff57aad94747d465c12267245,frontend/src/hooks/useCapacityCalc.ts,59,function,calculateEffectiveCapacity,"export function calculateEffectiveCapacity( hoursPerWeek: number, focusFactor: number ): number",prod,TypeScript,6,0,LOW,,unreachable_from_entrypoints
f90cdfe918eda6a35146ba326b6c3bb87c84003c,frontend/src/hooks/useCapacityCalc.ts,72,function,calculateUtilization,"export function calculateUtilization(used: number, capacity: number): number",prod,TypeScript,2,0,LOW,,unreachable_from_entrypoints
d9ebc3753292e5b7c9a23b6a5d45b6941b86d063,frontend/src/hooks/useCapacityCalc.ts,82,function,getUtilizationColor,export function getUtilizationColor(percentage: number): CapacityColor,prod,TypeScript,2,0,LOW,,unreachable_from_entrypoints
795651a57e8b9fc65cd1aed88b739fb00911be7c,frontend/src/hooks/useCapacityCalc.ts,93,function,getHoursColor,export function getHoursColor(hoursPerWeek: number): CapacityColor,prod,TypeScript,1,0,LOW,,unreachable_from_entrypoints
e6017ce3c286d99cf552585969afa6fadc8bf6af,frontend/src/hooks/useCapacityCalc.ts,141,function,useCapacityCalc,export function useCapacityCalc(),prod,TypeScript,0,0,LOW,,unreachable_from_entrypoints
77de759814e6f3ad6e3f6d8a0bfeffbcd42b9aac,frontend/src/hooks/useCapacityCalc.ts,146,function,anonymous_146,"(hoursPerWeek: number, focusFactor: number): CapacityCalculation",prod,TypeScript,0,0,LOW,,unreachable_from_entrypoints
fc6a6c4b9a6ddce6fefc2d640fd67ba18076e3cf,frontend/src/hooks/useCapacityCalc.ts,158,function,anonymous_158,"(used: number, capacity: number): UtilizationCalculation",prod,TypeScript,0,0,LOW,,unreachable_from_entrypoints
fffc3c47deea4b3aac9f0b76fb8b7c2b2bbd8c6b,frontend/src/hooks/useCapacityCalc.ts,173,function,anonymous_173,"(members: MemberCapacity[], sprintWeeks: number = 2): TeamCapacityCalculation",prod,TypeScript,0,0,LOW,,unreachable_from_entrypoints
b6cb3da5f713f913c7d4e07314198fc0b71d3475,frontend/src/hooks/useCapacityCalc.ts,184,function,anonymous_184,"(sum, m)",prod,TypeScript,0,0,LOW,,unreachable_from_entrypoints
c962c27dd0020643e36771c77f9980e64147f920,frontend/src/hooks/useCapacityCalc.ts,188,function,anonymous_188,"(sum, m)",prod,TypeScript,0,0,LOW,,unreachable_from_entrypoints
4a483e0337e1ee3d2d39646d008b5889414952f8,frontend/src/hooks/useCapacityCalc.ts,192,function,anonymous_192,"(sum, m)",prod,TypeScript,0,0,LOW,,unreachable_from_entrypoints
6771e3fd51c35e64b91c07b6c575e020aefa60e5,frontend/src/hooks/useCapacityCalc.ts,211,function,anonymous_211,"(hoursPerWeek: number, focusFactor: number): string",prod,TypeScript,0,0,LOW,,unreachable_from_entrypoints
c373acc9e33e25aa5ab3300ad8594032bd85393b,frontend/src/hooks/useCapacityCalc.ts,225,function,anonymous_225,"(hoursPerWeek: number, focusFactor: number): string",prod,TypeScript,0,0,LOW,,unreachable_from_entrypoints
534e2945f7429f3c944d5a2dd6f91a89c67b691a,frontend/src/hooks/useCapacityCalc.ts,265,function,useCapacityValue,"export function useCapacityValue(hoursPerWeek: number, focusFactor: number)",prod,TypeScript,0,0,LOW,,unreachable_from_entrypoints
4aa66a84ab8333a78d8c796267968e515ed40e5a,frontend/src/hooks/useCapacityCalc.ts,267,function,anonymous_267,(),prod,TypeScript,0,0,LOW,,unreachable_from_entrypoints
04fa90d698f570369a7d619d758c916af58ad3ae,frontend/src/hooks/useCapacityCalc.ts,272,function,anonymous_272,(),prod,TypeScript,0,0,LOW,,unreachable_from_entrypoints
a4dfe6d3866c7e3de42eab9a25958414e639deb1,frontend/src/hooks/useCapacityCalc.ts,277,function,anonymous_277,(),prod,TypeScript,0,0,LOW,,unreachable_from_entrypoints
f8c58cf0af586a9d59cb752a82a884e021371bcb,frontend/src/hooks/useCapacityCalc.ts,282,function,anonymous_282,(),prod,TypeScript,0,0,LOW,,unreachable_from_entrypoints
457879e7595a4ffe99690744c790c56a2b8d9101,frontend/src/hooks/useCapacityCalc.ts,287,function,anonymous_287,(),prod,TypeScript,0,0,LOW,,unreachable_from_entrypoints
fc4cda02fc7580f667b65644146aadb1f70d7a0e,frontend/src/hooks/useCapacityCalc.ts,292,function,anonymous_292,(),prod,TypeScript,0,0,LOW,,unreachable_from_entrypoints
6ca917836c59ddd9ddc7857d4d40d1a7145abd92,frontend/src/hooks/useDebounce.ts,33,function,useDebouncedValue,"export function useDebouncedValue<T>(value: T, delayMs: number): T",prod,TypeScript,1,0,LOW,,unreachable_from_entrypoints
e7f064298841f6c1dbd6d8cfc9e638cb6f21659e,frontend/src/hooks/useDebounce.ts,36,function,anonymous_36,(),prod,TypeScript,0,0,LOW,,unreachable_from_entrypoints
014acca7169a1115162b97e3098ba4991dc8f57b,frontend/src/hooks/useDebounce.ts,37,function,anonymous_37,(),prod,TypeScript,0,0,LOW,,unreachable_from_entrypoints
8b939cdfbdff6a94881a5d034fe7070a6d788b4e,frontend/src/hooks/useDebounce.ts,41,function,anonymous_41,(),prod,TypeScript,0,0,LOW,,unreachable_from_entrypoints
b26833301c5c393a873bc777d0532fec52c45fcd,frontend/src/hooks/useDebounce.ts,76,function,useDebouncedCallback,export function useDebouncedCallback<T extends (...args: unknown[]),prod,TypeScript,0,0,LOW,,unreachable_from_entrypoints
e1121f09aa426caa238a2dc7021259f36ad90c0b,frontend/src/hooks/useDebounce.ts,84,function,anonymous_84,(),prod,TypeScript,0,0,LOW,,unreachable_from_entrypoints
c6eed5f53db9b13d4898d6aa449020db1d7e53b4,frontend/src/hooks/useDebounce.ts,89,function,anonymous_89,(),prod,TypeScript,0,0,LOW,,unreachable_from_entrypoints
09d13adc9e449a6d023381126dc98632091867f1,frontend/src/hooks/useDebounce.ts,90,function,anonymous_90,(),prod,TypeScript,0,0,LOW,,unreachable_from_entrypoints
37f2fd71f340b6973ee5021c0c40a3c72abb15be,frontend/src/hooks/useDebounce.ts,98,function,anonymous_98,(...args: Parameters<T>),prod,TypeScript,0,0,LOW,,unreachable_from_entrypoints
4859a6d29173ff95b0f7c30cec88402e41b78084,frontend/src/hooks/useDebounce.ts,103,function,anonymous_103,(),prod,TypeScript,0,0,LOW,,unreachable_from_entrypoints
5893e37f17627e1ae8fe9c436370b1fb7f481f63,frontend/src/hooks/useDebounce.ts,139,function,useThrottledCallback,export function useThrottledCallback<T extends (...args: unknown[]),prod,TypeScript,0,0,LOW,,unreachable_from_entrypoints
af36341090f5d252a980fb6f3459caa2e88c6eb7,frontend/src/hooks/useDebounce.ts,148,function,anonymous_148,(),prod,TypeScript,0,0,LOW,,unreachable_from_entrypoints
722a54a1bbe123ec1acffcdfb5291fb8246bf896,frontend/src/hooks/useDebounce.ts,153,function,anonymous_153,(),prod,TypeScript,0,0,LOW,,unreachable_from_entrypoints
2b1b4e362113674d12872842a6578394040731e5,frontend/src/hooks/useDebounce.ts,154,function,anonymous_154,(),prod,TypeScript,0,0,LOW,,unreachable_from_entrypoints
3b328c58f962c180621473accf9b33df8a11e05d,frontend/src/hooks/useDebounce.ts,162,function,anonymous_162,(...args: Parameters<T>),prod,TypeScript,0,0,LOW,,unreachable_from_entrypoints
6f49eff4cc33f49bac7357109748596cd4650d89,frontend/src/hooks/useDebounce.ts,175,function,anonymous_175,(),prod,TypeScript,0,0,LOW,,unreachable_from_entrypoints
3c9d061abf282fddd41b4fa41a9df4e222faeca9,frontend/src/hooks/useDebounce.ts,226,function,useDebounceState,"export function useDebounceState<T>( initialValue: T, delayMs: number ): DebounceStateResult<T>",prod,TypeScript,0,0,LOW,,unreachable_from_entrypoints
0311d7b10306aaa32f13ba4bf2c4b6ac4bf63904,frontend/src/hooks/useDebounce.ts,234,function,anonymous_234,(),prod,TypeScript,0,0,LOW,,unreachable_from_entrypoints
01c9a8fddd379ff2130f8f0dd47e373412f06daf,frontend/src/hooks/useDebounce.ts,239,function,anonymous_239,(),prod,TypeScript,0,0,LOW,,unreachable_from_entrypoints
ecabce73b21fc6a7fd14cc7a3500d4434b8e1da9,frontend/src/hooks/useDebounce.ts,244,function,anonymous_244,(),prod,TypeScript,0,0,LOW,,unreachable_from_entrypoints
89cce154942d858fe97b0954163e14b23d8e055a,frontend/src/hooks/useDebounce.ts,250,function,anonymous_250,(),prod,TypeScript,0,0,LOW,,unreachable_from_entrypoints
95bd1a713b11477a49d6e7787d112a9266af710f,frontend/src/hooks/useParallelLoading.ts,97,function,useParallelLoading,"export function useParallelLoading<T extends Record<string, unknown>>( options: UseParallelLoadingOptions =",prod,TypeScript,0,0,LOW,,unreachable_from_entrypoints
4673d8b9506c3af9446e225067656f5d23a0db18,frontend/src/hooks/useParallelLoading.ts,114,function,anonymous_114,(),prod,TypeScript,0,0,LOW,,unreachable_from_entrypoints
bf5d89b8f1726bc3498077e963fb32a9e4eece29,frontend/src/hooks/useParallelLoading.ts,116,function,anonymous_116,(),prod,TypeScript,0,0,LOW,,unreachable_from_entrypoints
c07124109d6ea688738cede9e76fc64f0a54198d,frontend/src/hooks/useParallelLoading.ts,128,function,anonymous_128,async (loaders:,prod,TypeScript,0,0,LOW,,unreachable_from_entrypoints
3c4b202a2c29a399a7bc7b48025b1e9c405ceb84,frontend/src/hooks/useParallelLoading.ts,201,function,anonymous_201,(),prod,TypeScript,0,0,LOW,,unreachable_from_entrypoints
7fde8859667e034c4bd83cbd81a1c2af9e598c88,frontend/src/hooks/useParallelLoading.ts,214,function,anonymous_214,"<K extends keyof T>(key: K, value: T[K])",prod,TypeScript,0,0,LOW,,unreachable_from_entrypoints
3660da929c11ab4cdb5046f7cdb144e2a9e1899d,frontend/src/hooks/useParallelLoading.ts,215,function,anonymous_215,(prev),prod,TypeScript,0,0,LOW,,unreachable_from_entrypoints
a139792da386affcf3d64e386d48f62c2196c8f5,frontend/src/hooks/useParallelLoading.ts,236,function,useAsyncData,export function useAsyncData<T>( initialValue: T | null = null ):,prod,TypeScript,0,0,LOW,,unreachable_from_entrypoints
e03c7f7ebd58b2f8452e7e0558f4ed63d01d7f89,frontend/src/hooks/useParallelLoading.ts,251,function,anonymous_251,(),prod,TypeScript,0,0,LOW,,unreachable_from_entrypoints
36b0d2900230c7e352b44267ae8d44adfb4eecc4,frontend/src/hooks/useParallelLoading.ts,253,function,anonymous_253,(),prod,TypeScript,0,0,LOW,,unreachable_from_entrypoints
95d63f8820226d64135b5fcb4a592d29ba6a6884,frontend/src/hooks/useParallelLoading.ts,258,function,anonymous_258,async (fetcher: (),prod,TypeScript,0,0,LOW,,unreachable_from_entrypoints
9224225d3dbbfcf72a6bae561af66a1a83060206,frontend/src/hooks/useParallelLoading.ts,278,function,anonymous_278,(),prod,TypeScript,0,0,LOW,,unreachable_from_entrypoints
d35ddc21fc7ffc0464e688aa38cbdac97503be22,frontend/src/hooks/useTaskStatuses.ts,66,function,normalizeStatus,export function normalizeStatus(status?: string | null): string,prod,TypeScript,1,0,LOW,,unreachable_from_entrypoints
1401bb354684264a01f3dda369be6e1336b5ac64,frontend/src/hooks/useTaskStatuses.ts,76,function,categorizeStatus,export function categorizeStatus(status?: string | null): StatusBucket,prod,TypeScript,14,0,LOW,,unreachable_from_entrypoints
02edc26ed67b6d315eb6871a351e50bb45f31593,frontend/src/hooks/useTaskStatuses.ts,122,function,isDoneStatus,export function isDoneStatus(status?: string | null): boolean,prod,TypeScript,6,0,LOW,,unreachable_from_entrypoints
356d061b068597b142b57e713d7d18a9d979cd19,frontend/src/hooks/useTaskStatuses.ts,132,function,isInProgressStatus,export function isInProgressStatus(status?: string | null): boolean,prod,TypeScript,0,0,LOW,,unreachable_from_entrypoints
ab2fd900da9d2c9edf4cf7cafa56122d1e552b49,frontend/src/hooks/useTaskStatuses.ts,142,function,isBlockedStatus,export function isBlockedStatus(status?: string | null): boolean,prod,TypeScript,0,0,LOW,,unreachable_from_entrypoints
975a710ebdaccb477ecb976087efabf557710a77,frontend/src/hooks/useTaskStatuses.ts,170,function,useTaskStatuses,export function useTaskStatuses(),prod,TypeScript,0,0,LOW,,unreachable_from_entrypoints
9eaa2728aac4c713e0b084be70275b7ebdf189c9,frontend/src/hooks/useTaskStatuses.ts,182,function,anonymous_182,<T extends TaskWithStatus>(tasks: T[]): StatusStats,prod,TypeScript,0,0,LOW,,unreachable_from_entrypoints
549b406d63fcf435e24543dfb6eaca197cfe9cc9,frontend/src/hooks/useTaskStatuses.ts,206,function,anonymous_206,"<T extends TaskWithStatus>(tasks: T[], bucket: StatusBucket): T[]",prod,TypeScript,0,0,LOW,,unreachable_from_entrypoints
452075793dfddcb131a90887c41327fa71a939cf,frontend/src/hooks/useTaskStatuses.ts,207,function,anonymous_207,(task),prod,TypeScript,0,0,LOW,,unreachable_from_entrypoints
9afbb752a196e8c8d73e9afa98aa963cea75f69a,frontend/src/hooks/useTaskStatuses.ts,216,function,anonymous_216,(bucket: StatusBucket): 'success' | 'info' | 'warning' | 'error' | 'default',prod,TypeScript,0,0,LOW,,unreachable_from_entrypoints
23916ff6ec6dfab772293951daa276cf36e0bc7a,frontend/src/pages/Analytics.tsx,52,function,Analytics,(),prod,TypeScript,0,0,LOW,,unreachable_from_entrypoints
07598254293bc5cf26a14b034c09c05d51f03855,frontend/src/pages/Analytics.tsx,74,function,anonymous_74,(),prod,TypeScript,0,0,LOW,,unreachable_from_entrypoints
baaeaf70474a6c48041aa7444dd336dff4ffdbf4,frontend/src/pages/Analytics.tsx,74,function,anonymous_74,async (),prod,TypeScript,0,0,LOW,,unreachable_from_entrypoints
5b7493575d6782898c5c73922c08ea65aa70055d,frontend/src/pages/Analytics.tsx,77,function,anonymous_77,(),prod,TypeScript,0,0,LOW,,unreachable_from_entrypoints
1a0917d997fc9f141dabfbe01608160aed60f388,frontend/src/pages/Analytics.tsx,87,function,anonymous_87,async (),prod,TypeScript,0,0,LOW,,unreachable_from_entrypoints
63c5552a68e8dcec46e216b829ae874346da3caf,frontend/src/pages/Analytics.tsx,87,function,anonymous_87,(),prod,TypeScript,0,0,LOW,,unreachable_from_entrypoints
5b4663a2a891b833a1159628629b502b04ce60cb,frontend/src/pages/Analytics.tsx,99,function,anonymous_99,(),prod,TypeScript,0,0,LOW,,unreachable_from_entrypoints
a2fe290ac3a94a87c6caedd258f3600638bae25b,frontend/src/pages/Analytics.tsx,100,function,anonymous_100,(),prod,TypeScript,0,0,LOW,,unreachable_from_entrypoints
8f990a2d58c3fd82eaeee0e40478578266f2d83c,frontend/src/pages/Analytics.tsx,101,function,anonymous_101,(),prod,TypeScript,0,0,LOW,,unreachable_from_entrypoints
41c289f88f2f1f6b128d89973b8c1a52db53c186,frontend/src/pages/Analytics.tsx,102,function,anonymous_102,(),prod,TypeScript,0,0,LOW,,unreachable_from_entrypoints
2f7183422f9c047de4416019acbda5f51348105b,frontend/src/pages/Analytics.tsx,103,function,anonymous_103,(),prod,TypeScript,0,0,LOW,,unreachable_from_entrypoints
407b19392b15e78323e9c9b4ce72c9fdb5b0ed83,frontend/src/pages/Analytics.tsx,104,function,anonymous_104,(),prod,TypeScript,0,0,LOW,,unreachable_from_entrypoints
764a43360a698da8e681cb1869617964543f3b33,frontend/src/pages/Analytics.tsx,105,function,anonymous_105,(),prod,TypeScript,0,0,LOW,,unreachable_from_entrypoints
03c98e44241833951f542827b7176e6656c7a10d,frontend/src/pages/Analytics.tsx,106,function,anonymous_106,(),prod,TypeScript,0,0,LOW,,unreachable_from_entrypoints
f9a5d31aa53b23679fc1d50cb92f8182d113cb33,frontend/src/pages/Analytics.tsx,108,function,anonymous_108,(),prod,TypeScript,0,0,LOW,,unreachable_from_entrypoints
a4af47f1512f0f5a857024cd4dd02eff09b3a2e1,frontend/src/pages/Analytics.tsx,109,function,anonymous_109,(),prod,TypeScript,0,0,LOW,,unreachable_from_entrypoints
f7b8b324c3c8bc0b48f0155ab33a331121e168d7,frontend/src/pages/Analytics.tsx,109,function,anonymous_109,tt,prod,TypeScript,0,0,LOW,,unreachable_from_entrypoints
b15aa540900a906868fd018ab1c956e620aff30a,frontend/src/pages/Analytics.tsx,110,function,anonymous_110,ct,prod,TypeScript,0,0,LOW,,unreachable_from_entrypoints
c3ec69502cf93ec2360a57bc854edccf0bbce0ef,frontend/src/pages/Analytics.tsx,110,function,anonymous_110,(),prod,TypeScript,0,0,LOW,,unreachable_from_entrypoints
3453f5d2035425ed8dee0ba91451cb84e0081542,frontend/src/pages/Analytics.tsx,111,function,anonymous_111,res,prod,TypeScript,0,0,LOW,,unreachable_from_entrypoints
9a19f5c250e9548d10aea8187a1491e85b7f806c,frontend/src/pages/Analytics.tsx,111,function,anonymous_111,(),prod,TypeScript,0,0,LOW,,unreachable_from_entrypoints
8d1b48f13de5d109e3a2b3cc3965887071ac2c77,frontend/src/pages/Analytics.tsx,140,function,anonymous_140,(),prod,TypeScript,0,0,LOW,,unreachable_from_entrypoints
d9db38cd54db55ddaef140e1a1928c325bb7058c,frontend/src/pages/Analytics.tsx,148,function,anonymous_148,(),prod,TypeScript,0,0,LOW,,unreachable_from_entrypoints
5390fd891fcfc04f92f9ef1bb19319dde17ac5a3,frontend/src/pages/Analytics.tsx,157,function,anonymous_157,async (),prod,TypeScript,0,0,LOW,,unreachable_from_entrypoints
ea5baee1d672856baf1be611c5bc5da601c297c3,frontend/src/pages/Analytics.tsx,175,function,anonymous_175,(),prod,TypeScript,0,0,LOW,,unreachable_from_entrypoints
e93ee67f0952eb7164fbb8b4f84bc7919bb24b90,frontend/src/pages/Analytics.tsx,178,function,anonymous_178,(),prod,TypeScript,0,0,LOW,,unreachable_from_entrypoints
2f0eb4f36f37642d83eff2e0707de828afba5af3,frontend/src/pages/Analytics.tsx,188,function,anonymous_188,(),prod,TypeScript,0,0,LOW,,unreachable_from_entrypoints
34828c60ac0a5f8e62f5fc87bdeee40174e00d60,frontend/src/pages/Analytics.tsx,190,function,anonymous_190,t,prod,TypeScript,0,0,LOW,,unreachable_from_entrypoints
afc4739fc1a8ba148275f98aaed1195fa0ae3ae2,frontend/src/pages/Analytics.tsx,193,function,anonymous_193,(x),prod,TypeScript,0,0,LOW,,unreachable_from_entrypoints
9073aba1db7df54225dd43c48762ddd242acd55a,frontend/src/pages/Analytics.tsx,194,function,anonymous_194,(ts),prod,TypeScript,0,0,LOW,,unreachable_from_entrypoints
b2c4685d62b87d7f3a202cf26ec4af40613f1c00,frontend/src/pages/Analytics.tsx,198,function,anonymous_198,(),prod,TypeScript,0,0,LOW,,unreachable_from_entrypoints
cf772bbec721bab3b707805eb5030c521392208b,frontend/src/pages/Analytics.tsx,210,function,anonymous_210,(t),prod,TypeScript,0,0,LOW,,unreachable_from_entrypoints
ca81e52bf37b9e231506f7fa7c0dfc14e0d25f43,frontend/src/pages/Analytics.tsx,219,function,anonymous_219,w,prod,TypeScript,0,0,LOW,,unreachable_from_entrypoints
cfc14c3eed291b3fa8caaa98312cc5792eb755f9,frontend/src/pages/Analytics.tsx,222,function,anonymous_222,(),prod,TypeScript,0,0,LOW,,unreachable_from_entrypoints
dcc8870de3389775c4908a709cb6b371150dfd28,frontend/src/pages/Analytics.tsx,224,function,anonymous_224,(p),prod,TypeScript,0,0,LOW,,unreachable_from_entrypoints
4c516abec64a7533a24a1dc9dfbea178894ecffa,frontend/src/pages/Analytics.tsx,225,function,anonymous_225,(p),prod,TypeScript,0,0,LOW,,unreachable_from_entrypoints
b6f34463c2a4d7ee467d3d005a927e4992fbfc7b,frontend/src/pages/Analytics.tsx,226,function,anonymous_226,(p),prod,TypeScript,0,0,LOW,,unreachable_from_entrypoints
8f6943088e8b1be8c090f51abbd46e8b928beda3,frontend/src/pages/Analytics.tsx,233,function,anonymous_233,(),prod,TypeScript,0,0,LOW,,unreachable_from_entrypoints
2192e15269ca2679862d081da6c96b56faae2eb3,frontend/src/pages/Analytics.tsx,234,function,anonymous_234,d,prod,TypeScript,0,0,LOW,,unreachable_from_entrypoints
9b797dc6c40eac36ec3672d95c70cb7f4693d843,frontend/src/pages/Analytics.tsx,238,function,anonymous_238,d,prod,TypeScript,0,0,LOW,,unreachable_from_entrypoints
70beffc3e76197d040a4b67007ae0a87da49a389,frontend/src/pages/Analytics.tsx,239,function,anonymous_239,d,prod,TypeScript,0,0,LOW,,unreachable_from_entrypoints
612f9d0a08c66ea8a14a01572ec1349d01f0bafd,frontend/src/pages/Analytics.tsx,244,function,anonymous_244,(),prod,TypeScript,0,0,LOW,,unreachable_from_entrypoints
452ba9cbaaabd4489d962c35871e593ee054142b,frontend/src/pages/Analytics.tsx,245,function,anonymous_245,d,prod,TypeScript,0,0,LOW,,unreachable_from_entrypoints
a8d0836d6801361f98cc952f1754aed8b0a42ff5,frontend/src/pages/Analytics.tsx,249,function,anonymous_249,d,prod,TypeScript,0,0,LOW,,unreachable_from_entrypoints
5a0ca5b38147553a7ef9054bbfaa2c2c4c33d030,frontend/src/pages/Analytics.tsx,250,function,anonymous_250,d,prod,TypeScript,0,0,LOW,,unreachable_from_entrypoints
b38031e333fcc252c23687b5312e49d316eaa19d,frontend/src/pages/Analytics.tsx,255,function,anonymous_255,(),prod,TypeScript,0,0,LOW,,unreachable_from_entrypoints
038b7a7553f69f7682575458f291079db7d3f439,frontend/src/pages/Analytics.tsx,256,function,anonymous_256,(),prod,TypeScript,0,0,LOW,,unreachable_from_entrypoints
29258bc8da15a37561979d9dc6a79206bde5dad2,frontend/src/pages/Analytics.tsx,257,function,anonymous_257,(),prod,TypeScript,0,0,LOW,,unreachable_from_entrypoints
d8af6d61e928413181a882cad69a18135102e456,frontend/src/pages/Analytics.tsx,258,function,anonymous_258,(),prod,TypeScript,0,0,LOW,,unreachable_from_entrypoints
54f40167c3fa4a82d297a0bae2e535741e4b2a0c,frontend/src/pages/Analytics.tsx,259,function,anonymous_259,(),prod,TypeScript,0,0,LOW,,unreachable_from_entrypoints
5dc2e26d6228fe519ebba132971b797be76883ea,frontend/src/pages/Analytics.tsx,260,function,anonymous_260,(),prod,TypeScript,0,0,LOW,,unreachable_from_entrypoints
7966a2d58730b81ede9732e2ea842e473ab1d144,frontend/src/pages/Analytics.tsx,261,function,anonymous_261,t,prod,TypeScript,0,0,LOW,,unreachable_from_entrypoints
e20749af3b83aff87f4bda26c01275a1d7c7e1ea,frontend/src/pages/Analytics.tsx,267,function,anonymous_267,t,prod,TypeScript,0,0,LOW,,unreachable_from_entrypoints
b15c6c2ebadb5c4ec2150cf8746e720172134415,frontend/src/pages/Analytics.tsx,273,function,anonymous_273,"(acc, value)",prod,TypeScript,0,0,LOW,,unreachable_from_entrypoints
2b02510883d4bc7de12333fdcc4bfdeda3a654b7,frontend/src/pages/Analytics.tsx,276,function,anonymous_276,(),prod,TypeScript,0,0,LOW,,unreachable_from_entrypoints
d55b4043744c3fc2faef89a6b0eb610ca99a4e60,frontend/src/pages/Analytics.tsx,278,function,anonymous_278,"(acc, t)",prod,TypeScript,0,0,LOW,,unreachable_from_entrypoints
308a6f1ca42add3d93cc4c788999345bb068604a,frontend/src/pages/Analytics.tsx,279,function,anonymous_279,"(acc, t)",prod,TypeScript,0,0,LOW,,unreachable_from_entrypoints
40bfa131c13dc1627c5b4d2e721e4f3d1bb138dd,frontend/src/pages/Analytics.tsx,284,function,anonymous_284,(),prod,TypeScript,0,0,LOW,,unreachable_from_entrypoints
6bcd0ac9507199afcda84ad97bf3b9f30f0c4e18,frontend/src/pages/Analytics.tsx,287,function,anonymous_287,t,prod,TypeScript,0,0,LOW,,unreachable_from_entrypoints
3875f671d64bcc1fd376b5c2188bbcadc772e137,frontend/src/pages/Analytics.tsx,297,function,anonymous_297,l,prod,TypeScript,0,0,LOW,,unreachable_from_entrypoints
49f70c8b3f0973cadc0563155dc573b769cf2568,frontend/src/pages/Analytics.tsx,298,function,anonymous_298,l,prod,TypeScript,0,0,LOW,,unreachable_from_entrypoints
e53095c7de0d7271fc5335e677cb972a3bc6505c,frontend/src/pages/Analytics.tsx,303,function,anonymous_303,(),prod,TypeScript,0,0,LOW,,unreachable_from_entrypoints
f0440da5cf430fe7247eb5d0dbd972a48aff61a1,frontend/src/pages/Analytics.tsx,306,function,anonymous_306,(r),prod,TypeScript,0,0,LOW,,unreachable_from_entrypoints
5efd22907c210112364453bad8dec3fbb2979fb9,frontend/src/pages/Analytics.tsx,308,function,anonymous_308,l,prod,TypeScript,0,0,LOW,,unreachable_from_entrypoints
3a013dfd71e31bea9506ef637e519629d50bb5e4,frontend/src/pages/Analytics.tsx,309,function,anonymous_309,"(l,i)",prod,TypeScript,0,0,LOW,,unreachable_from_entrypoints
784fbe33b46cd410257f95520c57f04852889a43,frontend/src/pages/Analytics.tsx,322,function,anonymous_322,(),prod,TypeScript,0,0,LOW,,unreachable_from_entrypoints
09ae76d09d524970ce2bd7e9d6deeac51e3f038d,frontend/src/pages/Analytics.tsx,327,function,anonymous_327,(arr: number[]),prod,TypeScript,0,0,LOW,,unreachable_from_entrypoints
d5aa88d8722ec6c34fc835a55c990c8822cb117d,frontend/src/pages/Analytics.tsx,327,function,anonymous_327,"(_, idx)",prod,TypeScript,0,0,LOW,,unreachable_from_entrypoints
d2c6fd45a5243ed7f1737b2e7ac36c085039476a,frontend/src/pages/Analytics.tsx,363,function,anonymous_363,(),prod,TypeScript,0,0,LOW,,unreachable_from_entrypoints
bfc5de053bab89fd6375df504c243d3259578462,frontend/src/pages/Analytics.tsx,366,function,anonymous_366,(n: number | undefined),prod,TypeScript,0,0,LOW,,unreachable_from_entrypoints
13b4eeb1c6ab9012889425441c7b4d51b5872bf4,frontend/src/pages/Analytics.tsx,367,function,anonymous_367,(n: number | undefined),prod,TypeScript,0,0,LOW,,unreachable_from_entrypoints
3bac09e2bbf25cc46fb5b72e951ea0c355c7a4cc,frontend/src/pages/Analytics.tsx,368,function,anonymous_368,"(acc, val)",prod,TypeScript,0,0,LOW,,unreachable_from_entrypoints
234b9850790f067078f7c879f6661b72360231af,frontend/src/pages/Analytics.tsx,369,function,anonymous_369,"(acc, val)",prod,TypeScript,0,0,LOW,,unreachable_from_entrypoints
73b44c52b73d11b6cfa1c27fa8c2115f7796ad99,frontend/src/pages/Analytics.tsx,370,function,anonymous_370,"(arr: number[], total: number)",prod,TypeScript,0,0,LOW,,unreachable_from_entrypoints
7c489eba98d64ca585b59129014b1bcf896d476d,frontend/src/pages/Analytics.tsx,370,function,anonymous_370,"(_, idx)",prod,TypeScript,0,0,LOW,,unreachable_from_entrypoints
25faf30ed974b3f6fe9f8a9baa19647873bc5cb8,frontend/src/pages/Analytics.tsx,375,function,anonymous_375,(arr: number[]),prod,TypeScript,0,0,LOW,,unreachable_from_entrypoints
78b4dddb99f6f81df4d02d7b9d29b5c73292faac,frontend/src/pages/Analytics.tsx,375,function,anonymous_375,"(val, idx, src)",prod,TypeScript,0,0,LOW,,unreachable_from_entrypoints
5ce7467f0d7b200d3e26279020180321db219d36,frontend/src/pages/Analytics.tsx,380,function,anonymous_380,"(sum, current)",prod,TypeScript,0,0,LOW,,unreachable_from_entrypoints
584105731acc3f6d2e196ec52c006da50865d324,frontend/src/pages/Analytics.tsx,412,function,anonymous_412,(ctx: any),prod,TypeScript,0,0,LOW,,unreachable_from_entrypoints
2ceafe3dd708ed86ca0671c4933229f0624480a4,frontend/src/pages/Analytics.tsx,416,function,anonymous_416,(value: number | string),prod,TypeScript,0,0,LOW,,unreachable_from_entrypoints
1210f25cc3c89f1bc006f42107cadb942e440448,frontend/src/pages/Analytics.tsx,727,function,anonymous_727,"(item, idx)",prod,TypeScript,0,0,LOW,,unreachable_from_entrypoints
e7a6c3ff29224a9a8d5dae755816cc9c72d64da4,frontend/src/pages/Analytics.tsx,761,function,anonymous_761,(pr),prod,TypeScript,0,0,LOW,,unreachable_from_entrypoints
74f04b671443d772051e2e45dbfd1d649b2dcc91,frontend/src/pages/Analytics.tsx,812,function,anonymous_812,p,prod,TypeScript,0,0,LOW,,unreachable_from_entrypoints
126e287a0437e27a4e4eb2c96b495d5d51845557,frontend/src/pages/AnalyticsDashboard.tsx,29,function,AnalyticsDashboard,(),prod,TypeScript,0,0,LOW,,unreachable_from_entrypoints
2bc89dc1314b56962c0bdb831ab31b6701134f83,frontend/src/pages/AnalyticsDashboard.tsx,36,function,anonymous_36,(),prod,TypeScript,0,0,LOW,,unreachable_from_entrypoints
efa8e1ecde42aa9a928c2ee8b997577b9b6d9596,frontend/src/pages/AnalyticsDashboard.tsx,40,function,anonymous_40,(),prod,TypeScript,0,0,LOW,,unreachable_from_entrypoints
508075b54665ac728ccebb46e7321ba7a0ebb13b,frontend/src/pages/AnalyticsDashboard.tsx,44,function,anonymous_44,(),prod,TypeScript,0,0,LOW,,unreachable_from_entrypoints
a463026676fcd154ba50c69752279470027154a8,frontend/src/pages/AnalyticsDashboard.tsx,47,function,anonymous_47,(),prod,TypeScript,0,0,LOW,,unreachable_from_entrypoints
52cf317cf47a6266a7aa4b9894a5b24bb6ab4126,frontend/src/pages/AnalyticsDashboard.tsx,55,function,anonymous_55,(minutes: number | null): string,prod,TypeScript,0,0,LOW,,unreachable_from_entrypoints
19afc516d12a51766acdb72f16d308de61571270,frontend/src/pages/AnalyticsDashboard.tsx,63,function,anonymous_63,(timestamp: number | undefined): string,prod,TypeScript,0,0,LOW,,unreachable_from_entrypoints
a129112dc47366b73d37e4b070f23192446a648b,frontend/src/pages/AnalyticsDashboard.tsx,68,function,anonymous_68,(),prod,TypeScript,0,0,LOW,,unreachable_from_entrypoints
394e859875431ec516c700d6840c987ba249a106,frontend/src/pages/AnalyticsDashboard.tsx,79,function,anonymous_79,(),prod,TypeScript,0,0,LOW,,unreachable_from_entrypoints
a3f1aa639fc174961a632d77fd6390edf76d7c71,frontend/src/pages/AnalyticsDashboard.tsx,172,function,anonymous_172,f,prod,TypeScript,0,0,LOW,,unreachable_from_entrypoints
7caf391faaf9081d4f43a94c6a78284ee4b07849,frontend/src/pages/AnalyticsDashboard.tsx,333,function,anonymous_333,"([key, value])",prod,TypeScript,0,0,LOW,,unreachable_from_entrypoints
3f42956b4a1ba10d51767929ad0f251bd93262ec,frontend/src/pages/Dashboard.tsx,95,function,Dashboard,(),prod,TypeScript,0,0,LOW,,unreachable_from_entrypoints
c7225625e09b80e27747965275eca5a26c186e64,frontend/src/pages/Dashboard.tsx,100,function,anonymous_100,(state: RootState),prod,TypeScript,0,0,LOW,,unreachable_from_entrypoints
c8933f7064a5052d0acbe5d933f1b1566ad0b298,frontend/src/pages/Dashboard.tsx,101,function,anonymous_101,(state: RootState),prod,TypeScript,0,0,LOW,,unreachable_from_entrypoints
f3790024d6dc9530658acdffdf1407f0f862c467,frontend/src/pages/Dashboard.tsx,102,function,anonymous_102,(state: RootState),prod,TypeScript,0,0,LOW,,unreachable_from_entrypoints
8b33f0cf48c626ab8d85b0bd765476a75805fdd9,frontend/src/pages/Dashboard.tsx,114,function,anonymous_114,(),prod,TypeScript,0,0,LOW,,unreachable_from_entrypoints
1402fb4f428f1dca3dd210ff4c679f81b0111928,frontend/src/pages/Dashboard.tsx,117,function,anonymous_117,(),prod,TypeScript,0,0,LOW,,unreachable_from_entrypoints
b0d5a81e12fb601771e1e823e03e30b62b6f23bc,frontend/src/pages/Dashboard.tsx,122,function,anonymous_122,(range: string),prod,TypeScript,0,0,LOW,,unreachable_from_entrypoints
e769e6a59ec30d95900308a55928b130c0ac263e,frontend/src/pages/Dashboard.tsx,127,function,anonymous_127,(view: string),prod,TypeScript,0,0,LOW,,unreachable_from_entrypoints
25cb35cd0fb927632a31e2e58fa8b52d0ad43ec0,frontend/src/pages/Dashboard.tsx,136,function,anonymous_136,(),prod,TypeScript,0,0,LOW,,unreachable_from_entrypoints
fcb0640c65cd2d6f7fb52a12e9265ca7365d51ed,frontend/src/pages/Dashboard.tsx,144,function,anonymous_144,"(row: Task, index)",prod,TypeScript,0,0,LOW,,unreachable_from_entrypoints
22b9b2c9a4bad8d3480edc864b520d63689d4ded,frontend/src/pages/Dashboard.tsx,169,function,anonymous_169,"(title: string, filter: (row: Task)",prod,TypeScript,0,0,LOW,,unreachable_from_entrypoints
e5d121337afc7d31cbd02dbb1101039711a8799b,frontend/src/pages/Dashboard.tsx,174,function,anonymous_174,(),prod,TypeScript,0,0,LOW,,unreachable_from_entrypoints
09e2bb058548e19b1a1dce539654eb694c6be181,frontend/src/pages/Dashboard.tsx,179,function,anonymous_179,(),prod,TypeScript,0,0,LOW,,unreachable_from_entrypoints
c3ff54cba5780feca397a3a4ad8658b8a637f96d,frontend/src/pages/Dashboard.tsx,186,function,anonymous_186,(),prod,TypeScript,0,0,LOW,,unreachable_from_entrypoints
ab2e38836fd3756642804c222764590b9940ca4c,frontend/src/pages/Dashboard.tsx,191,function,anonymous_191,async (),prod,TypeScript,0,0,LOW,,unreachable_from_entrypoints
c90dd9006eaf9560113ec16704289f8418af21a5,frontend/src/pages/Dashboard.tsx,218,function,anonymous_218,(),prod,TypeScript,0,0,LOW,,unreachable_from_entrypoints
8428d83771007c4bd271f54d43316d68daceed16,frontend/src/pages/Dashboard.tsx,222,function,anonymous_222,(),prod,TypeScript,0,0,LOW,,unreachable_from_entrypoints
f4b6296824968376bc43ed76ac085737671ab401,frontend/src/pages/Dashboard.tsx,240,function,anonymous_240,async (event),prod,TypeScript,0,0,LOW,,unreachable_from_entrypoints
eef7fecf9c124580ef7226a613aee41676da01a7,frontend/src/pages/Dashboard.tsx,256,function,anonymous_256,(err),prod,TypeScript,0,0,LOW,,unreachable_from_entrypoints
181de22fb41d236a66e61f0a490791cca4b36f57,frontend/src/pages/Dashboard.tsx,260,function,anonymous_260,(),prod,TypeScript,0,0,LOW,,unreachable_from_entrypoints
384f4f30b8e5504381a81a094f2ef97f8c2b9269,frontend/src/pages/Dashboard.tsx,266,function,anonymous_266,(),prod,TypeScript,0,0,LOW,,unreachable_from_entrypoints
151355f21e98c0fe7245b5ac5200585541154c62,frontend/src/pages/Dashboard.tsx,280,function,anonymous_280,(),prod,TypeScript,0,0,LOW,,unreachable_from_entrypoints
b0a498adc179e4c013ae3b5f287aa1b7496f4ef5,frontend/src/pages/Dashboard.tsx,282,function,anonymous_282,async (),prod,TypeScript,0,0,LOW,,unreachable_from_entrypoints
85702ddac02b66558224ae1595e1a19d03806a8b,frontend/src/pages/Dashboard.tsx,290,function,anonymous_290,(),prod,TypeScript,0,0,LOW,,unreachable_from_entrypoints
fea60faf61feb22ceebc9616e4ab095f9d0365c3,frontend/src/pages/Dashboard.tsx,296,function,anonymous_296,(),prod,TypeScript,0,0,LOW,,unreachable_from_entrypoints
cd868af7cf26af32df2779f7dfec9fbb16756d19,frontend/src/pages/Dashboard.tsx,301,function,anonymous_301,(projectId: number),prod,TypeScript,0,0,LOW,,unreachable_from_entrypoints
053ff922e14d33d1576e69e061937e1c2b7cef40,frontend/src/pages/Dashboard.tsx,302,function,anonymous_302,p,prod,TypeScript,0,0,LOW,,unreachable_from_entrypoints
f787c85acd2eeae4bf41ecc2eee45673402d9d73,frontend/src/pages/Dashboard.tsx,309,function,anonymous_309,(),prod,TypeScript,0,0,LOW,,unreachable_from_entrypoints
2ed2d5b06fe3eac828c7864073f4bcbfb9576958,frontend/src/pages/Dashboard.tsx,317,function,anonymous_317,(),prod,TypeScript,0,0,LOW,,unreachable_from_entrypoints
ea434a3f5e9d11159c85174098740c98c2492ca2,frontend/src/pages/Dashboard.tsx,327,function,anonymous_327,(r),prod,TypeScript,0,0,LOW,,unreachable_from_entrypoints
7bff00299e9f93fbf62325df1d0fd9977ed4f57a,frontend/src/pages/Dashboard.tsx,342,function,anonymous_342,(w),prod,TypeScript,0,0,LOW,,unreachable_from_entrypoints
9f1062ccc8124b8b18bc11c0b09012fcd46e809b,frontend/src/pages/Dashboard.tsx,350,function,anonymous_350,(),prod,TypeScript,0,0,LOW,,unreachable_from_entrypoints
8f8f8b0d16950703b2f52a4ea0681f41f2803352,frontend/src/pages/Dashboard.tsx,351,function,anonymous_351,"(acc, r)",prod,TypeScript,0,0,LOW,,unreachable_from_entrypoints
d81aa3c41c56d8ab7cfe5a87c30aa5ecd4854a90,frontend/src/pages/Dashboard.tsx,352,function,anonymous_352,"(_, i)",prod,TypeScript,0,0,LOW,,unreachable_from_entrypoints
b61a08e62bec86e137e81b4334ec5b5bc895f6b6,frontend/src/pages/Dashboard.tsx,354,function,anonymous_354,"(_, i)",prod,TypeScript,0,0,LOW,,unreachable_from_entrypoints
2c69b41009da1739b822fb4a47502d0072aeda6b,frontend/src/pages/Dashboard.tsx,356,function,anonymous_356,(r),prod,TypeScript,0,0,LOW,,unreachable_from_entrypoints
c4bceb16aef0831c7d745e307bab4cc045cfe4c4,frontend/src/pages/Dashboard.tsx,357,function,anonymous_357,"(acc, r)",prod,TypeScript,0,0,LOW,,unreachable_from_entrypoints
b5d4708837b0207ee4bb26de6b80065fcadafcb4,frontend/src/pages/Dashboard.tsx,358,function,anonymous_358,"(_, i)",prod,TypeScript,0,0,LOW,,unreachable_from_entrypoints
b3143168eba256dd2ce2819a21452a12048431df,frontend/src/pages/Dashboard.tsx,368,function,anonymous_368,(),prod,TypeScript,0,0,LOW,,unreachable_from_entrypoints
c9929b46daad3ac742681a50f4729b04157947da,frontend/src/pages/Dashboard.tsx,371,function,anonymous_371,(row),prod,TypeScript,0,0,LOW,,unreachable_from_entrypoints
c1af1074fc3858d15490da327afefed985589386,frontend/src/pages/Dashboard.tsx,382,function,anonymous_382,(label),prod,TypeScript,0,0,LOW,,unreachable_from_entrypoints
f82d5f1390ebd166338845caffa58fce2adf41b0,frontend/src/pages/Dashboard.tsx,394,function,anonymous_394,(),prod,TypeScript,0,0,LOW,,unreachable_from_entrypoints
69798a78c8ee0dcad1ccb7e2281f9c7fdb108888,frontend/src/pages/Dashboard.tsx,396,function,anonymous_396,(row: Task),prod,TypeScript,0,0,LOW,,unreachable_from_entrypoints
f94267c5142641e54a064a277f43e60c42924aac,frontend/src/pages/Dashboard.tsx,403,function,anonymous_403,(),prod,TypeScript,0,0,LOW,,unreachable_from_entrypoints
18c548b74e230b4f3534135f2c324d332411d8e8,frontend/src/pages/Dashboard.tsx,404,function,anonymous_404,(row: Task),prod,TypeScript,0,0,LOW,,unreachable_from_entrypoints
2578b8c6037b85526f103ca139d731eb78ccc060,frontend/src/pages/Dashboard.tsx,407,function,anonymous_407,(),prod,TypeScript,0,0,LOW,,unreachable_from_entrypoints
b05cd1fed37009ab94e0545d957e09d6b131f4cf,frontend/src/pages/Dashboard.tsx,409,function,anonymous_409,(row: Task),prod,TypeScript,0,0,LOW,,unreachable_from_entrypoints
366a7c7fa87ed2114bac2c08250c0c77891cac3a,frontend/src/pages/Dashboard.tsx,418,function,anonymous_418,(),prod,TypeScript,0,0,LOW,,unreachable_from_entrypoints
186aa35f8582f101f6de666eefe299f6c862d424,frontend/src/pages/Dashboard.tsx,420,function,anonymous_420,(value),prod,TypeScript,0,0,LOW,,unreachable_from_entrypoints
81f435bb8eb7a5621f76278c0818be546b574b9d,frontend/src/pages/Dashboard.tsx,423,function,anonymous_423,(),prod,TypeScript,0,0,LOW,,unreachable_from_entrypoints
402efb61c6c5a1c8b06f97974df3da52bb80b3ef,frontend/src/pages/Dashboard.tsx,426,function,anonymous_426,"(acc, value)",prod,TypeScript,0,0,LOW,,unreachable_from_entrypoints
063aeb036b8675fd316bc6ccaafbef1fe3a5da45,frontend/src/pages/Dashboard.tsx,434,function,anonymous_434,(),prod,TypeScript,0,0,LOW,,unreachable_from_entrypoints
4e64b013aa72fa9df1138ce78cd26ea447e505ed,frontend/src/pages/Dashboard.tsx,438,function,anonymous_438,"(label, index)",prod,TypeScript,0,0,LOW,,unreachable_from_entrypoints
a28fca29d78e30b23f121e7b465a4eae1999f7b4,frontend/src/pages/Dashboard.tsx,442,function,anonymous_442,(),prod,TypeScript,0,0,LOW,,unreachable_from_entrypoints
b280694f94273dde881ebfedb7aa7530e296116c,frontend/src/pages/Dashboard.tsx,444,function,anonymous_444,"(acc, v)",prod,TypeScript,0,0,LOW,,unreachable_from_entrypoints
f426864e256cdec37ec39a60f20bf17b489a24a7,frontend/src/pages/Dashboard.tsx,454,function,anonymous_454,(),prod,TypeScript,0,0,LOW,,unreachable_from_entrypoints
fcca6783cf4b3d02c33d9910a97a4ddc385af1a9,frontend/src/pages/Dashboard.tsx,456,function,anonymous_456,"(acc, v)",prod,TypeScript,0,0,LOW,,unreachable_from_entrypoints
056d1b8bfa80ac8513b55bf72955f3d07d7676d4,frontend/src/pages/Dashboard.tsx,460,function,anonymous_460,(),prod,TypeScript,0,0,LOW,,unreachable_from_entrypoints
443bcebe761f852e8a7f99f5f553c7d8bff84583,frontend/src/pages/Dashboard.tsx,468,function,anonymous_468,(item: Task),prod,TypeScript,0,0,LOW,,unreachable_from_entrypoints
54f3e4cc979255bd8544116b4b9718a800552f8e,frontend/src/pages/Dashboard.tsx,468,function,anonymous_468,(),prod,TypeScript,0,0,LOW,,unreachable_from_entrypoints
f274a6edf59294a27c8c4dd29b74e6ed5810f19d,frontend/src/pages/Dashboard.tsx,468,function,anonymous_468,(row: Task),prod,TypeScript,0,0,LOW,,unreachable_from_entrypoints
a3636c5c1af2f630e4c6bf6adc7c85cb897ad6bf,frontend/src/pages/Dashboard.tsx,477,function,anonymous_477,(row: Task),prod,TypeScript,0,0,LOW,,unreachable_from_entrypoints
f7e14999d1e84724900c6fad555fabe20767e225,frontend/src/pages/Dashboard.tsx,477,function,anonymous_477,(),prod,TypeScript,0,0,LOW,,unreachable_from_entrypoints
3f7175c216f5f0f27c1477d9803acb4667992a49,frontend/src/pages/Dashboard.tsx,486,function,anonymous_486,(),prod,TypeScript,0,0,LOW,,unreachable_from_entrypoints
8ffb22cd5290a2403ff058e98a06e572757a819c,frontend/src/pages/Dashboard.tsx,486,function,anonymous_486,(item: Task),prod,TypeScript,0,0,LOW,,unreachable_from_entrypoints
cfe9e5f2a88e7289fb6e04d56559a33ef5e9c25a,frontend/src/pages/Dashboard.tsx,486,function,anonymous_486,(row: Task),prod,TypeScript,0,0,LOW,,unreachable_from_entrypoints
98dc0a6dbb19353d2b831f45eb58dfc18dca05bc,frontend/src/pages/Dashboard.tsx,500,function,anonymous_500,(),prod,TypeScript,0,0,LOW,,unreachable_from_entrypoints
5fcd80bc75b3607a3ee2509f0b366b57de7f9129,frontend/src/pages/Dashboard.tsx,504,function,anonymous_504,(row: Task),prod,TypeScript,0,0,LOW,,unreachable_from_entrypoints
f427d81279cdc64cbc64aea7e927cc1e0ee8a363,frontend/src/pages/Dashboard.tsx,512,function,anonymous_512,(row: Task),prod,TypeScript,0,0,LOW,,unreachable_from_entrypoints
7efbd23b6a61907469913e6f89cea80a80c8dadf,frontend/src/pages/Dashboard.tsx,519,function,anonymous_519,"(a, b)",prod,TypeScript,0,0,LOW,,unreachable_from_entrypoints
e2b5e465deebbfac71c2081f377d5518663bf714,frontend/src/pages/Dashboard.tsx,523,function,anonymous_523,(value?: string | null),prod,TypeScript,0,0,LOW,,unreachable_from_entrypoints
bf49a38e2d822ffae743b2fad97a27f462fd0f5c,frontend/src/pages/Dashboard.tsx,530,function,anonymous_530,(,prod,TypeScript,0,0,LOW,,unreachable_from_entrypoints
2bf1b1e2f69bcc05578f53e4bc4b47747e4decbe,frontend/src/pages/Dashboard.tsx,581,function,anonymous_581,(),prod,TypeScript,0,0,LOW,,unreachable_from_entrypoints
147fa13bdb88a044d9bac3e080e74198c5208558,frontend/src/pages/Dashboard.tsx,609,function,anonymous_609,(),prod,TypeScript,0,0,LOW,,unreachable_from_entrypoints
65a56fad7572c46a7df6a7a3d98e45dc4e338c59,frontend/src/pages/Dashboard.tsx,611,function,anonymous_611,(row: Task),prod,TypeScript,0,0,LOW,,unreachable_from_entrypoints
cc681699d82ec9d59b1ce31dce5dc22d58d2723a,frontend/src/pages/Dashboard.tsx,612,function,anonymous_612,(item: Task),prod,TypeScript,0,0,LOW,,unreachable_from_entrypoints
edb575d18849ce596cc69e9153bfcee2e9e12ea0,frontend/src/pages/Dashboard.tsx,613,function,anonymous_613,(item: Task),prod,TypeScript,0,0,LOW,,unreachable_from_entrypoints
751d685855de40937f36a5fcf88b22d21291bc9e,frontend/src/pages/Dashboard.tsx,644,function,anonymous_644,(),prod,TypeScript,0,0,LOW,,unreachable_from_entrypoints
3bf22e48a6d1bd016dd675aff9caad616a9ebc8b,frontend/src/pages/Dashboard.tsx,761,function,anonymous_761,"(item, idx)",prod,TypeScript,0,0,LOW,,unreachable_from_entrypoints
e23bebc06525448b0f0972b59c859d126642e76d,frontend/src/pages/Dashboard.tsx,814,function,anonymous_814,(,prod,TypeScript,0,0,LOW,,unreachable_from_entrypoints
a325435f7e3489fb068207c385a11c203ec88152,frontend/src/pages/Dashboard.tsx,852,function,anonymous_852,(),prod,TypeScript,0,0,LOW,,unreachable_from_entrypoints
4e68efd173fb38238a9ea1bd2397395b1393499c,frontend/src/pages/Dashboard.tsx,864,function,anonymous_864,(),prod,TypeScript,0,0,LOW,,unreachable_from_entrypoints
b86fee9ab0ed078af8cd6444cfd1811a7ff7d3c5,frontend/src/pages/Dashboard.tsx,864,function,anonymous_864,(row: Task),prod,TypeScript,0,0,LOW,,unreachable_from_entrypoints
79b2a5923d2f1dba29af161e9433ba71cd0d8302,frontend/src/pages/Dashboard.tsx,875,function,anonymous_875,(),prod,TypeScript,0,0,LOW,,unreachable_from_entrypoints
c862c53c838439313f50c5e695d0b75e4a08385d,frontend/src/pages/Dashboard.tsx,875,function,anonymous_875,(row: Task),prod,TypeScript,0,0,LOW,,unreachable_from_entrypoints
267895e4d3d10a23185296431e178a19c88f4550,frontend/src/pages/Dashboard.tsx,886,function,anonymous_886,(),prod,TypeScript,0,0,LOW,,unreachable_from_entrypoints
2f47738dec63d2afbf6405ec8b1a6311c450ec2d,frontend/src/pages/Dashboard.tsx,886,function,anonymous_886,(row: Task),prod,TypeScript,0,0,LOW,,unreachable_from_entrypoints
a1b9f408fd77f418198c6b2d87673171c9c1db00,frontend/src/pages/Dashboard.tsx,918,function,anonymous_918,(a),prod,TypeScript,0,0,LOW,,unreachable_from_entrypoints
553663df21f258a9c68454782e371d0b1b631748,frontend/src/pages/Dashboard.tsx,920,function,anonymous_920,(),prod,TypeScript,0,0,LOW,,unreachable_from_entrypoints
71c879b31764324df341c681c50f93489fdfdb96,frontend/src/pages/Dashboard.tsx,920,function,anonymous_920,(row: Task),prod,TypeScript,0,0,LOW,,unreachable_from_entrypoints
7620dd608c371d2b79017bdd80e5a196228bc874,frontend/src/pages/Dashboard.tsx,1000,function,anonymous_1000,"(risk, index)",prod,TypeScript,0,0,LOW,,unreachable_from_entrypoints
d8869efaccad12c71c47e442ea8458050af6f2f7,frontend/src/pages/Dashboard.tsx,1041,function,anonymous_1041,(,prod,TypeScript,0,0,LOW,,unreachable_from_entrypoints
e2870289f2f37301e545b674e0b8a80850b4b5b4,frontend/src/pages/Dashboard.tsx,1077,function,anonymous_1077,"(task, index: number)",prod,TypeScript,0,0,LOW,,unreachable_from_entrypoints
c6f929647ab020bbeb8e1eee6380d4edd8e42349,frontend/src/pages/JiraFieldsConfig.tsx,74,function,JiraFieldsConfig,(),prod,TypeScript,0,0,LOW,,unreachable_from_entrypoints
7272b9f1399daed4d259f5798a05ce7e75055c8d,frontend/src/pages/JiraFieldsConfig.tsx,91,function,anonymous_91,(),prod,TypeScript,0,0,LOW,,unreachable_from_entrypoints
6ab17a75ce3e2438bc7b49ea69c2acc251dc8d97,frontend/src/pages/JiraFieldsConfig.tsx,95,function,anonymous_95,async (),prod,TypeScript,0,0,LOW,,unreachable_from_entrypoints
8c11f454d387a11973d684dfa9a1588445cf6343,frontend/src/pages/JiraFieldsConfig.tsx,112,function,anonymous_112,async (forceRefresh: boolean = false),prod,TypeScript,0,0,LOW,,unreachable_from_entrypoints
4afcecbc77df32dd98a6fd9086b036b5a94a2cef,frontend/src/pages/JiraFieldsConfig.tsx,126,function,anonymous_126,async (),prod,TypeScript,0,0,LOW,,unreachable_from_entrypoints
5921b4eebb7d3e33491ea152b7450b60d233511b,frontend/src/pages/JiraFieldsConfig.tsx,152,function,anonymous_152,"async (fieldType: string, fieldId: string)",prod,TypeScript,0,0,LOW,,unreachable_from_entrypoints
a6f47543843f257b3c875b298eb455e0463d98d0,frontend/src/pages/JiraFieldsConfig.tsx,164,function,anonymous_164,async (mappingId: number),prod,TypeScript,0,0,LOW,,unreachable_from_entrypoints
fdb4fa03ffb88a08ae784abebfdbcba3679d2b8a,frontend/src/pages/JiraFieldsConfig.tsx,175,function,anonymous_175,async (),prod,TypeScript,0,0,LOW,,unreachable_from_entrypoints
79fa63c710eec7fa135f61427bcbc28ad2de3dee,frontend/src/pages/JiraFieldsConfig.tsx,194,function,anonymous_194,async (),prod,TypeScript,0,0,LOW,,unreachable_from_entrypoints
69335d586b6c3054c392422a4d3a40566adc90c7,frontend/src/pages/JiraFieldsConfig.tsx,211,function,anonymous_211,async (event: React.ChangeEvent<HTMLInputElement>),prod,TypeScript,0,0,LOW,,unreachable_from_entrypoints
01a699b9b8e2032223f9377d3b69e152e2ae7021,frontend/src/pages/JiraFieldsConfig.tsx,227,function,anonymous_227,"(message: string, severity: 'success' | 'error' | 'info')",prod,TypeScript,0,0,LOW,,unreachable_from_entrypoints
0dc7f36eb04714a1160870952e0f46678d72c1cc,frontend/src/pages/JiraFieldsConfig.tsx,231,function,anonymous_231,(confidence?: number),prod,TypeScript,0,0,LOW,,unreachable_from_entrypoints
660d8db4cc476035f8f9542e6f595321483fc69e,frontend/src/pages/JiraFieldsConfig.tsx,239,function,anonymous_239,(),prod,TypeScript,0,0,LOW,,unreachable_from_entrypoints
4aa1fc8dfc6cf1ae3af61c65850ae62f9f8c9237,frontend/src/pages/JiraFieldsConfig.tsx,241,function,anonymous_241,(m),prod,TypeScript,0,0,LOW,,unreachable_from_entrypoints
2bbc7997f9112e285517b862c5d24ea03a023f15,frontend/src/pages/JiraFieldsConfig.tsx,242,function,anonymous_242,(m),prod,TypeScript,0,0,LOW,,unreachable_from_entrypoints
51ba3a0fc58065762a84bcbcaae1b7b453c02fee,frontend/src/pages/JiraFieldsConfig.tsx,243,function,anonymous_243,(m),prod,TypeScript,0,0,LOW,,unreachable_from_entrypoints
c7e172b24fbe92fb234488f67b332cb6572d7990,frontend/src/pages/JiraFieldsConfig.tsx,244,function,anonymous_244,(m),prod,TypeScript,0,0,LOW,,unreachable_from_entrypoints
2081304f7b9d8ce227c5655f5efeaa35ec4fc262,frontend/src/pages/JiraFieldsConfig.tsx,248,function,anonymous_248,async (),prod,TypeScript,0,0,LOW,,unreachable_from_entrypoints
f99db46a0090d4bf7b213e2de000fddb04cace9d,frontend/src/pages/JiraFieldsConfig.tsx,257,function,anonymous_257,(),prod,TypeScript,0,0,LOW,,unreachable_from_entrypoints
6b866e1c0a390a3b2b68427fc8f9db2c9668f5d3,frontend/src/pages/JiraFieldsConfig.tsx,302,function,anonymous_302,(),prod,TypeScript,0,0,LOW,,unreachable_from_entrypoints
e0f0c3d154327c45cefebe4087b1268af2d49a9f,frontend/src/pages/JiraFieldsConfig.tsx,352,function,anonymous_352,(),prod,TypeScript,0,0,LOW,,unreachable_from_entrypoints
bde10dca068bd9e9eff641f4695a2a3e2361dfd1,frontend/src/pages/JiraFieldsConfig.tsx,360,function,anonymous_360,(),prod,TypeScript,0,0,LOW,,unreachable_from_entrypoints
842885a4f608d11bf27c2dcea389ab9178030aa3,frontend/src/pages/JiraFieldsConfig.tsx,393,function,anonymous_393,(f),prod,TypeScript,0,0,LOW,,unreachable_from_entrypoints
9e7677d7ed1a4040e287662f1e0ae6ec7efbbd9d,frontend/src/pages/JiraFieldsConfig.tsx,404,function,anonymous_404,(m),prod,TypeScript,0,0,LOW,,unreachable_from_entrypoints
f3609cf287c427bdccd12578c7373efbbe9eca38,frontend/src/pages/JiraFieldsConfig.tsx,415,function,anonymous_415,(m),prod,TypeScript,0,0,LOW,,unreachable_from_entrypoints
27f1a1e6585ea773d89c21f488cd5eb7a82901c2,frontend/src/pages/JiraFieldsConfig.tsx,449,function,anonymous_449,(fieldType),prod,TypeScript,0,0,LOW,,unreachable_from_entrypoints
47481e126e3b923de483b970260cbed6dcdfcd96,frontend/src/pages/JiraFieldsConfig.tsx,450,function,anonymous_450,(m),prod,TypeScript,0,0,LOW,,unreachable_from_entrypoints
e92df8a952d16769eee15d61e279019f1b370128,frontend/src/pages/JiraFieldsConfig.tsx,465,function,anonymous_465,(e),prod,TypeScript,0,0,LOW,,unreachable_from_entrypoints
b2814851ef57e58fd10a8074f966d035ef96065a,frontend/src/pages/JiraFieldsConfig.tsx,477,function,anonymous_477,"(a:any, b:any)",prod,TypeScript,0,0,LOW,,unreachable_from_entrypoints
3faf416e87325b46d0b1b32a65b46e01768f56ab,frontend/src/pages/JiraFieldsConfig.tsx,485,function,anonymous_485,"([id, field])",prod,TypeScript,0,0,LOW,,unreachable_from_entrypoints
3aba99d4232f6f9b634ebddf554c02fd7b6030d8,frontend/src/pages/JiraFieldsConfig.tsx,542,function,anonymous_542,(),prod,TypeScript,0,0,LOW,,unreachable_from_entrypoints
f6eb74106d1abc06dca15161e19671fbef303d14,frontend/src/pages/JiraFieldsConfig.tsx,548,function,anonymous_548,(),prod,TypeScript,0,0,LOW,,unreachable_from_entrypoints
58e5febc5e4471fd3822c798400b49bb17e1bd73,frontend/src/pages/JiraFieldsConfig.tsx,556,function,anonymous_556,(),prod,TypeScript,0,0,LOW,,unreachable_from_entrypoints
a0df0f3d6b66d7dc516bd736d3206ef8659d3569,frontend/src/pages/JiraFieldsConfig.tsx,570,function,anonymous_570,(),prod,TypeScript,0,0,LOW,,unreachable_from_entrypoints
bb554c466a52bed988e95fd8e7a07b33777e7dbb,frontend/src/pages/JiraFieldsConfig.tsx,589,function,anonymous_589,(),prod,TypeScript,0,0,LOW,,unreachable_from_entrypoints
fd9cdf99d529ad29dccc46adbdf86505d5ec68bc,frontend/src/pages/JiraFieldsConfig.tsx,597,function,anonymous_597,(e),prod,TypeScript,0,0,LOW,,unreachable_from_entrypoints
128bac0395d64b155f1195370c749b5ceecd9260,frontend/src/pages/JiraFieldsConfig.tsx,625,function,anonymous_625,(),prod,TypeScript,0,0,LOW,,unreachable_from_entrypoints
2862bb330c423ca5045adeaf0b7e9ff4c50f89c7,frontend/src/pages/JiraFieldsConfig.tsx,636,function,anonymous_636,(),prod,TypeScript,0,0,LOW,,unreachable_from_entrypoints
96ec1e585874597089f6c37df99e559f95291394,frontend/src/pages/JiraFieldsConfig.tsx,639,function,anonymous_639,(),prod,TypeScript,0,0,LOW,,unreachable_from_entrypoints
b301987b21a3eb59c5bbdeac9fd199d6a75dd0a6,frontend/src/pages/Knowledge.tsx,51,function,Knowledge,(),prod,TypeScript,0,0,LOW,,unreachable_from_entrypoints
16cc890201355c1688fac7f553391ea62ef7932f,frontend/src/pages/Knowledge.tsx,72,function,anonymous_72,(),prod,TypeScript,0,0,LOW,,unreachable_from_entrypoints
9080ff21d3f406f48bb29149709c43509292d204,frontend/src/pages/Knowledge.tsx,99,function,anonymous_99,(),prod,TypeScript,0,0,LOW,,unreachable_from_entrypoints
d40a2f69070ba902da8d35016068a66d2c83f83d,frontend/src/pages/Knowledge.tsx,122,function,anonymous_122,async (),prod,TypeScript,0,0,LOW,,unreachable_from_entrypoints
21a15c3e02db25a336f7bd8f7262cb24831c62ff,frontend/src/pages/Knowledge.tsx,139,function,anonymous_139,async (),prod,TypeScript,0,0,LOW,,unreachable_from_entrypoints
1822cac90ac5b68b66ea2488fd84dbd7904d3b67,frontend/src/pages/Knowledge.tsx,146,function,anonymous_146,(it): ConfluencePage,prod,TypeScript,0,0,LOW,,unreachable_from_entrypoints
f292fff550239540d8d8c1ea5b565332531c0cbd,frontend/src/pages/Knowledge.tsx,155,function,anonymous_155,(it): ConfluencePage,prod,TypeScript,0,0,LOW,,unreachable_from_entrypoints
b063cb5daed1e666c49d9f00224d6462cc89c928,frontend/src/pages/Knowledge.tsx,159,function,anonymous_159,(x),prod,TypeScript,0,0,LOW,,unreachable_from_entrypoints
6d6d55fd546e2a70b60ef38e61268c794c64faaa,frontend/src/pages/Knowledge.tsx,173,function,anonymous_173,async (),prod,TypeScript,0,0,LOW,,unreachable_from_entrypoints
a4e15c8e3cdfd2ac1d0bfb51c996a8a96749b5ed,frontend/src/pages/Knowledge.tsx,189,function,anonymous_189,(),prod,TypeScript,0,0,LOW,,unreachable_from_entrypoints
24ca128dbcf29d2029a396a31b6bd439aa661627,frontend/src/pages/Knowledge.tsx,191,function,anonymous_191,(),prod,TypeScript,0,0,LOW,,unreachable_from_entrypoints
1ea5de7c927de900cc495a2513c14ca6af227a4f,frontend/src/pages/Knowledge.tsx,202,function,anonymous_202,(event),prod,TypeScript,0,0,LOW,,unreachable_from_entrypoints
b365973f78855fc698a4498efc837b4280d55219,frontend/src/pages/Knowledge.tsx,244,function,anonymous_244,(error),prod,TypeScript,0,0,LOW,,unreachable_from_entrypoints
a2a92c8676282873dec526e98bd0fad17c26a5c8,frontend/src/pages/Knowledge.tsx,251,function,anonymous_251,res,prod,TypeScript,0,0,LOW,,unreachable_from_entrypoints
87cbb8634ae785e690e68edb3024654c362aa600,frontend/src/pages/Knowledge.tsx,255,function,anonymous_255,e,prod,TypeScript,0,0,LOW,,unreachable_from_entrypoints
dfe7ca95bdfbd085b672e104b981960093526e92,frontend/src/pages/Knowledge.tsx,259,function,anonymous_259,(),prod,TypeScript,0,0,LOW,,unreachable_from_entrypoints
c29ffb2d1df02c13267f4dc3707aab2a6364c272,frontend/src/pages/Knowledge.tsx,274,function,anonymous_274,async (),prod,TypeScript,0,0,LOW,,unreachable_from_entrypoints
b93f1492cab1116aa74cef207eec4aa4933a14be,frontend/src/pages/Knowledge.tsx,279,function,anonymous_279,(it): ConfluencePage,prod,TypeScript,0,0,LOW,,unreachable_from_entrypoints
8af2d29eb768bf90684347b7fca648e32801ba11,frontend/src/pages/Knowledge.tsx,290,function,anonymous_290,async (pageId: string),prod,TypeScript,0,0,LOW,,unreachable_from_entrypoints
40d2e203e18ff4798a21f2ca701736087bac314b,frontend/src/pages/Knowledge.tsx,307,function,anonymous_307,async (pageId: string),prod,TypeScript,0,0,LOW,,unreachable_from_entrypoints
a04b35d691da5fc60d3fdec1a2ca1b08733a1ad6,frontend/src/pages/Knowledge.tsx,331,function,anonymous_331,async (pageId: string),prod,TypeScript,0,0,LOW,,unreachable_from_entrypoints
5cf73a85e295201ed2a6503d639523c637af1385,frontend/src/pages/Knowledge.tsx,336,function,anonymous_336,(t),prod,TypeScript,0,0,LOW,,unreachable_from_entrypoints
f1812d5fbecb4698cd33e9b323ec41c742a0bcd3,frontend/src/pages/Knowledge.tsx,336,function,anonymous_336,"(label: string, items: string[])",prod,TypeScript,0,0,LOW,,unreachable_from_entrypoints
e9f3b4ab97036e091fe48756387be7d85436cd72,frontend/src/pages/Knowledge.tsx,357,function,anonymous_357,async (),prod,TypeScript,0,0,LOW,,unreachable_from_entrypoints
6a85ada80bdd566fe7f0171713bf67299d4b3beb,frontend/src/pages/Knowledge.tsx,363,function,anonymous_363,(it): ConfluencePage,prod,TypeScript,0,0,LOW,,unreachable_from_entrypoints
d50bbbe20f0b36ef7340f11717ab963f94b17fe4,frontend/src/pages/Knowledge.tsx,367,function,anonymous_367,(it): ConfluencePage,prod,TypeScript,0,0,LOW,,unreachable_from_entrypoints
c86cd9b6d42c1fddff54b89755577497a39cfa22,frontend/src/pages/Knowledge.tsx,369,function,anonymous_369,(p),prod,TypeScript,0,0,LOW,,unreachable_from_entrypoints
141fd4cc616de5ac830b1e7d8227977cc345fdc0,frontend/src/pages/Knowledge.tsx,370,function,anonymous_370,(x),prod,TypeScript,0,0,LOW,,unreachable_from_entrypoints
fc949cf139203fc88e3a922fd11c183a2baade9b,frontend/src/pages/Knowledge.tsx,386,function,anonymous_386,async (),prod,TypeScript,0,0,LOW,,unreachable_from_entrypoints
c07dabf05f7a3c767750d0a405e2660ce6166af9,frontend/src/pages/Knowledge.tsx,398,function,anonymous_398,(n),prod,TypeScript,0,0,LOW,,unreachable_from_entrypoints
de5ad9f8e4c4d7e3fafa2e540aaa8979346c0efe,frontend/src/pages/Knowledge.tsx,409,function,anonymous_409,async (pageId: string),prod,TypeScript,0,0,LOW,,unreachable_from_entrypoints
9c6ded404571c58e315287bed37f8d72f7be5828,frontend/src/pages/Knowledge.tsx,423,function,anonymous_423,(nodes: SpaceTreeNode[]): string[],prod,TypeScript,0,0,LOW,,unreachable_from_entrypoints
120b11e8aba04bdbc5434afe5deb5d8c86a74b40,frontend/src/pages/Knowledge.tsx,425,function,anonymous_425,(arr: SpaceTreeNode[]),prod,TypeScript,0,0,LOW,,unreachable_from_entrypoints
c983dbceb380623cd214ee0424e3bbeef171b878,frontend/src/pages/Knowledge.tsx,435,function,anonymous_435,(id: string),prod,TypeScript,0,0,LOW,,unreachable_from_entrypoints
180a286177f5212efd291a2ff4eb59d4c6fe825a,frontend/src/pages/Knowledge.tsx,436,function,anonymous_436,(prev),prod,TypeScript,0,0,LOW,,unreachable_from_entrypoints
6f394f1e89ca8af19f48a795195630f345458fcd,frontend/src/pages/Knowledge.tsx,436,function,anonymous_436,(x),prod,TypeScript,0,0,LOW,,unreachable_from_entrypoints
1d275ddc101f5d689d8997c3830f13c4eafe1e3a,frontend/src/pages/Knowledge.tsx,439,function,anonymous_439,"(nodes: SpaceTreeNode[], depth = 0): React.ReactNode",prod,TypeScript,0,0,LOW,,unreachable_from_entrypoints
387c86840a00fb34337d0c2be37932aba081c464,frontend/src/pages/Knowledge.tsx,441,function,anonymous_441,(n),prod,TypeScript,0,0,LOW,,unreachable_from_entrypoints
07801d3a862071f2ede366e90baa52f8fc291e6d,frontend/src/pages/Knowledge.tsx,449,function,anonymous_449,(),prod,TypeScript,0,0,LOW,,unreachable_from_entrypoints
e9850424db6cd0cb50861912963d333abdcc1cdf,frontend/src/pages/Knowledge.tsx,456,function,anonymous_456,(),prod,TypeScript,0,0,LOW,,unreachable_from_entrypoints
a05d214ddb17a267f1f05329bd2d0487cd4f52ec,frontend/src/pages/Knowledge.tsx,469,function,anonymous_469,(nodes: SpaceTreeNode[]): React.ReactNode,prod,TypeScript,0,0,LOW,,unreachable_from_entrypoints
becb0b67b9763bba105aca9392289feb3419fa82,frontend/src/pages/Knowledge.tsx,471,function,anonymous_471,(n),prod,TypeScript,0,0,LOW,,unreachable_from_entrypoints
904b707014ae3af056859acbbcc69cd3d4c90cc5,frontend/src/pages/Knowledge.tsx,488,function,anonymous_488,(params),prod,TypeScript,0,0,LOW,,unreachable_from_entrypoints
4d631186e935de12bf1fd9ce643effe5204b2b24,frontend/src/pages/Knowledge.tsx,493,function,anonymous_493,(params),prod,TypeScript,0,0,LOW,,unreachable_from_entrypoints
68ada284dc866e7e5cd9909c773bd1b61537209e,frontend/src/pages/Knowledge.tsx,495,function,anonymous_495,(),prod,TypeScript,0,0,LOW,,unreachable_from_entrypoints
71655af176388cbe90358f792fce15049fb8a252,frontend/src/pages/Knowledge.tsx,496,function,anonymous_496,(),prod,TypeScript,0,0,LOW,,unreachable_from_entrypoints
bddd2f7e223662808d803c48fc53cc20bbcd3997,frontend/src/pages/Knowledge.tsx,497,function,anonymous_497,(),prod,TypeScript,0,0,LOW,,unreachable_from_entrypoints
17d49162f46af27882abde5609f4dbf225acc545,frontend/src/pages/Knowledge.tsx,519,function,anonymous_519,(),prod,TypeScript,0,0,LOW,,unreachable_from_entrypoints
d9b7572f13e219c34a18428d180422c41558ab75,frontend/src/pages/Knowledge.tsx,541,function,anonymous_541,(e),prod,TypeScript,0,0,LOW,,unreachable_from_entrypoints
ab122862e66375cde6748462d5dfdcd60939269b,frontend/src/pages/Knowledge.tsx,551,function,anonymous_551,s,prod,TypeScript,0,0,LOW,,unreachable_from_entrypoints
a4985ecb41d836d827b6e9ba042d867938459516,frontend/src/pages/Knowledge.tsx,563,function,anonymous_563,(e),prod,TypeScript,0,0,LOW,,unreachable_from_entrypoints
6b77917c456fadf6a00ed5c61a8974f3fba57ab0,frontend/src/pages/Knowledge.tsx,572,function,anonymous_572,(e),prod,TypeScript,0,0,LOW,,unreachable_from_entrypoints
34016913f2f7a23438b8f47773855cd183c8a964,frontend/src/pages/Knowledge.tsx,587,function,anonymous_587,"(_, v)",prod,TypeScript,0,0,LOW,,unreachable_from_entrypoints
493e418e3670df3864108e8ec5ec31c7bf4aac7d,frontend/src/pages/Knowledge.tsx,596,function,anonymous_596,"(_, val)",prod,TypeScript,0,0,LOW,,unreachable_from_entrypoints
1450b2c2d07a55e941248db607762569aa4499a3,frontend/src/pages/Knowledge.tsx,622,function,anonymous_622,(r),prod,TypeScript,0,0,LOW,,unreachable_from_entrypoints
951b9c394e8c8767bad7359102859cac65cfe2a2,frontend/src/pages/Knowledge.tsx,635,function,anonymous_635,(),prod,TypeScript,0,0,LOW,,unreachable_from_entrypoints
d8696162e12bfde4c9c7671140150d50567e9d24,frontend/src/pages/Knowledge.tsx,636,function,anonymous_636,(),prod,TypeScript,0,0,LOW,,unreachable_from_entrypoints
7e14f2dc0850b77ab97a231f5d12fd6a07d75aa5,frontend/src/pages/Knowledge.tsx,637,function,anonymous_637,(v),prod,TypeScript,0,0,LOW,,unreachable_from_entrypoints
9512966a88797c1dfcf723ece7293477bd5e34b5,frontend/src/pages/Knowledge.tsx,637,function,anonymous_637,(),prod,TypeScript,0,0,LOW,,unreachable_from_entrypoints
b494169651d32d867285ad618282074b347e61da,frontend/src/pages/Knowledge.tsx,672,function,anonymous_672,"(r, idx)",prod,TypeScript,0,0,LOW,,unreachable_from_entrypoints
90bf586746159bcd3096364afe8274e3cd5f4aa5,frontend/src/pages/Login.tsx,35,function,MicrosoftIcon,(),prod,TypeScript,0,0,LOW,,unreachable_from_entrypoints
df9146c14d73f9a18666c70f57749c59206724a3,frontend/src/pages/Login.tsx,44,function,Login,(),prod,TypeScript,0,0,LOW,,unreachable_from_entrypoints
351c5816b6c3706710c295804e68f8a90e72dde6,frontend/src/pages/Login.tsx,68,function,anonymous_68,(),prod,TypeScript,0,0,LOW,,unreachable_from_entrypoints
35ee545328633e449b7ad9ea25771f526cdde59d,frontend/src/pages/Login.tsx,69,function,anonymous_69,async (),prod,TypeScript,0,0,LOW,,unreachable_from_entrypoints
cca3da370fa171bd8b25cb9c3517fda9dd66e0c0,frontend/src/pages/Login.tsx,82,function,anonymous_82,(),prod,TypeScript,0,0,LOW,,unreachable_from_entrypoints
ff973fc951116f2aa791e1b847ad90dd4e04d6b1,frontend/src/pages/Login.tsx,83,function,anonymous_83,async (),prod,TypeScript,0,0,LOW,,unreachable_from_entrypoints
4ea290d275895dbcb423e39cc44dd0f8da10d900,frontend/src/pages/Login.tsx,129,function,anonymous_129,async (provider: 'google' | 'microsoft'),prod,TypeScript,0,0,LOW,,unreachable_from_entrypoints
aaaef16163011f525fda8455ded27b235c26be07,frontend/src/pages/Login.tsx,157,function,anonymous_157,async (e: React.FormEvent),prod,TypeScript,0,0,LOW,,unreachable_from_entrypoints
ec6f65695b3ea7a84853a19ebe547795ac930302,frontend/src/pages/Login.tsx,202,function,anonymous_202,async (),prod,TypeScript,0,0,LOW,,unreachable_from_entrypoints
fc4764829a947f398fc8e72765fb2d285537600c,frontend/src/pages/Login.tsx,236,function,anonymous_236,(),prod,TypeScript,0,0,LOW,,unreachable_from_entrypoints
27fe52594f1a9996a246eb9ae9d1a9a5ae32be2d,frontend/src/pages/Login.tsx,243,function,anonymous_243,async (),prod,TypeScript,0,0,LOW,,unreachable_from_entrypoints
0dd9b8adb273fab5ba9c11c77cfdfb6f4d0cd469,frontend/src/pages/Login.tsx,274,function,anonymous_274,(e),prod,TypeScript,0,0,LOW,,unreachable_from_entrypoints
128235108a1090275083290fd667d79fb9f5790d,frontend/src/pages/Login.tsx,282,function,anonymous_282,(e),prod,TypeScript,0,0,LOW,,unreachable_from_entrypoints
165788fec2626c3d3376b387713b2dc29c3d386d,frontend/src/pages/Login.tsx,291,function,anonymous_291,(e),prod,TypeScript,0,0,LOW,,unreachable_from_entrypoints
45c9b333e1b1148087e916f71b24a4ca003eff8b,frontend/src/pages/Login.tsx,300,function,anonymous_300,(e),prod,TypeScript,0,0,LOW,,unreachable_from_entrypoints
45c5b72b986ceaee94daf14ab45472b907aea0bf,frontend/src/pages/Login.tsx,318,function,anonymous_318,(),prod,TypeScript,0,0,LOW,,unreachable_from_entrypoints
c35aab9db6a3c11e6ad0568df453e0ab9a5223bd,frontend/src/pages/Login.tsx,356,function,anonymous_356,(e),prod,TypeScript,0,0,LOW,,unreachable_from_entrypoints
c15603ce46fbc29ab7ac09c095c0bbb0595909ec,frontend/src/pages/Login.tsx,366,function,anonymous_366,(e),prod,TypeScript,0,0,LOW,,unreachable_from_entrypoints
3fd84fcd2a7aea6e5e56dc010e757636aff88841,frontend/src/pages/Login.tsx,389,function,anonymous_389,(),prod,TypeScript,0,0,LOW,,unreachable_from_entrypoints
f6d94c01b96b2ebd1a447f66f1a516bcba2e686d,frontend/src/pages/Login.tsx,402,function,anonymous_402,(),prod,TypeScript,0,0,LOW,,unreachable_from_entrypoints
a8dd4346249f2a1b10d09b170001e2d5c36829b6,frontend/src/pages/Login.tsx,417,function,anonymous_417,(),prod,TypeScript,0,0,LOW,,unreachable_from_entrypoints
31bf7dbb1dfcdb536a984565a887aef9cb783964,frontend/src/pages/Login.tsx,448,function,anonymous_448,(e),prod,TypeScript,0,0,LOW,,unreachable_from_entrypoints
b040531d5d52904e61e74699a617e074c10f4636,frontend/src/pages/Profile.tsx,23,function,TabPanel,function TabPanel(props:,prod,TypeScript,0,0,LOW,,unreachable_from_entrypoints
459f84f85db35e8907e5b49ce66ab57477fe61c5,frontend/src/pages/Profile.tsx,32,function,initials,"(name?: string, email?: string)",prod,TypeScript,1,0,LOW,,unreachable_from_entrypoints
860f1e2ac96715978d9c6056ec50e3cec237ad5b,frontend/src/pages/Profile.tsx,38,function,anonymous_38,(s),prod,TypeScript,0,0,LOW,,unreachable_from_entrypoints
358eb10f20ab13bf76e66a3bdb98188ac69b2ddc,frontend/src/pages/Profile.tsx,42,function,Profile,(),prod,TypeScript,0,0,LOW,,unreachable_from_entrypoints
f0d362f79fb79dde3f5a434c45121b43d59bf526,frontend/src/pages/Profile.tsx,44,function,anonymous_44,(s: RootState),prod,TypeScript,0,0,LOW,,unreachable_from_entrypoints
9bd9c6197c6589528c6823dd9fa7b61493a2794b,frontend/src/pages/Profile.tsx,50,function,anonymous_50,(),prod,TypeScript,0,0,LOW,,unreachable_from_entrypoints
1501f172dbdb50a6908629a1005c4b1b8985ab0c,frontend/src/pages/Profile.tsx,51,function,anonymous_51,async (),prod,TypeScript,0,0,LOW,,unreachable_from_entrypoints
30d1d506ed750302c4460aacf68df5bf1e746567,frontend/src/pages/Profile.tsx,62,function,anonymous_62,async (),prod,TypeScript,0,0,LOW,,unreachable_from_entrypoints
0c733397f97e5798ffb0d760e850069acad55264,frontend/src/pages/Profile.tsx,72,function,anonymous_72,async (),prod,TypeScript,0,0,LOW,,unreachable_from_entrypoints
7c282de035353d66a5b3387e23d49b8630472727,frontend/src/pages/Profile.tsx,99,function,anonymous_99,"(_, v)",prod,TypeScript,0,0,LOW,,unreachable_from_entrypoints
6249786ce3e8fd7204447efc47d255df91297b28,frontend/src/pages/Profile.tsx,112,function,anonymous_112,(e),prod,TypeScript,0,0,LOW,,unreachable_from_entrypoints
2baf366e5095b6903c7a1ea2fdd5dd5b3a89a57d,frontend/src/pages/Profile.tsx,120,function,anonymous_120,(e),prod,TypeScript,0,0,LOW,,unreachable_from_entrypoints
2b6e365c73cafb7b0303f34af6263e3c1fb4b585,frontend/src/pages/Profile.tsx,154,function,anonymous_154,(e),prod,TypeScript,0,0,LOW,,unreachable_from_entrypoints
3774b98fe900dc1cd8c1df71b475eb979fbe8dfe,frontend/src/pages/Profile.tsx,163,function,anonymous_163,(e),prod,TypeScript,0,0,LOW,,unreachable_from_entrypoints
2b6bc08d8ed81fa7b9ff0d9b182c8a3ba688c33c,frontend/src/pages/Profile.tsx,172,function,anonymous_172,(e),prod,TypeScript,0,0,LOW,,unreachable_from_entrypoints
cac4d5681a778d545056efc8ce43be221e3763bf,frontend/src/pages/Profile.tsx,188,function,anonymous_188,(),prod,TypeScript,0,0,LOW,,unreachable_from_entrypoints
6a1f4e2b5971daeda98154c8edcb605f90d33ea1,frontend/src/pages/ProjectDetail.tsx,117,function,getErrorMessage,"(error: unknown, fallback: string): string",prod,TypeScript,0,0,LOW,,unreachable_from_entrypoints
f0d7de86c93c6f600daef6e26c7acdb92448b7ce,frontend/src/pages/ProjectDetail.tsx,128,function,TabPanel,function TabPanel(props: TabPanelProps),prod,TypeScript,0,0,LOW,,unreachable_from_entrypoints
a26ae986ea5c0c71657d6937a09bf4caf4bcf597,frontend/src/pages/ProjectDetail.tsx,144,function,cacheKeyForTasks,(projectId: number),prod,TypeScript,2,0,LOW,,unreachable_from_entrypoints
905454b16299389059fb587ce96c56a2658fd534,frontend/src/pages/ProjectDetail.tsx,147,function,ProjectDetail,(),prod,TypeScript,0,0,LOW,,unreachable_from_entrypoints
dfa7e141c39fbbbbe447305ff8c3376ce5b83ae9,frontend/src/pages/ProjectDetail.tsx,150,function,anonymous_150,(...args: unknown[]),prod,TypeScript,0,0,LOW,,unreachable_from_entrypoints
5c74505a8e5b03919d9b982a2491f556d5597005,frontend/src/pages/ProjectDetail.tsx,205,function,anonymous_205,(data: Project | null),prod,TypeScript,0,0,LOW,,unreachable_from_entrypoints
5b9ed39b0a3dc0da38862626c025eea01cef8bf9,frontend/src/pages/ProjectDetail.tsx,225,function,anonymous_225,async (forceRefresh = false),prod,TypeScript,0,0,LOW,,unreachable_from_entrypoints
3d1dc853d455e2068c28b94f57554a44b787d0a2,frontend/src/pages/ProjectDetail.tsx,235,function,anonymous_235,async (),prod,TypeScript,0,0,LOW,,unreachable_from_entrypoints
05bff2980c08858349926b6965d009ca702bcf4f,frontend/src/pages/ProjectDetail.tsx,287,function,anonymous_287,async (showError = true),prod,TypeScript,0,0,LOW,,unreachable_from_entrypoints
8d46c5311e4c7fc9fcefa92dd4a00e6461c935c4,frontend/src/pages/ProjectDetail.tsx,306,function,anonymous_306,"async (page: number, options:",prod,TypeScript,0,0,LOW,,unreachable_from_entrypoints
50de437fc7b1661cdf58e46794b0f993bf38053b,frontend/src/pages/ProjectDetail.tsx,327,function,anonymous_327,prev,prod,TypeScript,0,0,LOW,,unreachable_from_entrypoints
89bcc0e290741812950b0a675c331b43cc15df2b,frontend/src/pages/ProjectDetail.tsx,342,function,anonymous_342,(),prod,TypeScript,0,0,LOW,,unreachable_from_entrypoints
6b408f512bbcd1927d85298f83e22993a37b87f6,frontend/src/pages/ProjectDetail.tsx,354,function,anonymous_354,(),prod,TypeScript,0,0,LOW,,unreachable_from_entrypoints
79f8c8d2535a75964bb2ad7be84eececc4c46e11,frontend/src/pages/ProjectDetail.tsx,366,function,anonymous_366,(e: unknown),prod,TypeScript,0,0,LOW,,unreachable_from_entrypoints
6cd6bf1bbe30880a4371e6778dc07d244dacafb4,frontend/src/pages/ProjectDetail.tsx,371,function,anonymous_371,async (),prod,TypeScript,0,0,LOW,,unreachable_from_entrypoints
1eee815f8739fe4ddd5ea8433bdb331d178f59a1,frontend/src/pages/ProjectDetail.tsx,399,function,anonymous_399,(),prod,TypeScript,0,0,LOW,,unreachable_from_entrypoints
5a77e2103fa46bd3424ce713609c4c7812dd1d98,frontend/src/pages/ProjectDetail.tsx,400,function,anonymous_400,(p),prod,TypeScript,0,0,LOW,,unreachable_from_entrypoints
ad451c54d864e06d96435cedee74210ab7cabc1f,frontend/src/pages/ProjectDetail.tsx,409,function,anonymous_409,(token),prod,TypeScript,0,0,LOW,,unreachable_from_entrypoints
079fa515150c3ce14207a96f8bc53a4285711a25,frontend/src/pages/ProjectDetail.tsx,425,function,anonymous_425,(),prod,TypeScript,0,0,LOW,,unreachable_from_entrypoints
8c434dbd2445b8283a47d895538c105a4bcaaad7,frontend/src/pages/ProjectDetail.tsx,429,function,anonymous_429,(),prod,TypeScript,0,0,LOW,,unreachable_from_entrypoints
cd5488623650904f4d30603dadf5a379eefce3f6,frontend/src/pages/ProjectDetail.tsx,435,function,anonymous_435,(),prod,TypeScript,0,0,LOW,,unreachable_from_entrypoints
5b1149b82b28d08f0cd4d33bb62708bbeaaf3aea,frontend/src/pages/ProjectDetail.tsx,436,function,anonymous_436,(token),prod,TypeScript,0,0,LOW,,unreachable_from_entrypoints
2ba7cfe4a388674d0e790cdd1683adaa70ff1c0a,frontend/src/pages/ProjectDetail.tsx,439,function,anonymous_439,async (),prod,TypeScript,0,0,LOW,,unreachable_from_entrypoints
38fbb0b9e83256bc543ee9b2a7360a37163fe62e,frontend/src/pages/ProjectDetail.tsx,483,function,anonymous_483,async (binding: ProjectRepositoryLink),prod,TypeScript,0,0,LOW,,unreachable_from_entrypoints
4a6e341e444511e1b50bce83f098a7da180e83f6,frontend/src/pages/ProjectDetail.tsx,505,function,anonymous_505,async (binding: ProjectRepositoryLink),prod,TypeScript,0,0,LOW,,unreachable_from_entrypoints
95a74fa33c3552ddb80375e33de177ae7e0407f0,frontend/src/pages/ProjectDetail.tsx,528,function,anonymous_528,(list: TaskItem[]),prod,TypeScript,0,0,LOW,,unreachable_from_entrypoints
3764c6193fa4903cdd70065581a3349fb651bd5c,frontend/src/pages/ProjectDetail.tsx,545,function,anonymous_545,"(event: React.SyntheticEvent, newValue: number)",prod,TypeScript,0,0,LOW,,unreachable_from_entrypoints
490df02b6e5ffd8844267d5ac20adebf7d6300b7,frontend/src/pages/ProjectDetail.tsx,549,function,anonymous_549,(),prod,TypeScript,0,0,LOW,,unreachable_from_entrypoints
30bf85590b3388145ae63c2e600263598de86a4d,frontend/src/pages/ProjectDetail.tsx,552,function,anonymous_552,async (),prod,TypeScript,0,0,LOW,,unreachable_from_entrypoints
cda5833205b180f315e596db008cde98338a2bf2,frontend/src/pages/ProjectDetail.tsx,567,function,anonymous_567,(),prod,TypeScript,0,0,LOW,,unreachable_from_entrypoints
2e3e3ec025f53a5612ef51b722fb353e59a4fac1,frontend/src/pages/ProjectDetail.tsx,572,function,anonymous_572,(),prod,TypeScript,0,0,LOW,,unreachable_from_entrypoints
95ce67a506f4d7638ee1295d65573a0a2eea5d8b,frontend/src/pages/ProjectDetail.tsx,576,function,anonymous_576,async (),prod,TypeScript,0,0,LOW,,unreachable_from_entrypoints
8e91786fa62dfc53c73c7bd8c4fac00da74ac23b,frontend/src/pages/ProjectDetail.tsx,600,function,anonymous_600,(),prod,TypeScript,0,0,LOW,,unreachable_from_entrypoints
563b6fc2e1c91b4321ad05c83906c7496f6f9fa8,frontend/src/pages/ProjectDetail.tsx,605,function,anonymous_605,(),prod,TypeScript,0,0,LOW,,unreachable_from_entrypoints
ac8c87a592414e74fb2cde23cfaebcd53ad11ad8,frontend/src/pages/ProjectDetail.tsx,609,function,anonymous_609,async (),prod,TypeScript,0,0,LOW,,unreachable_from_entrypoints
33037e16ed014d51a46b91c3a02c03f913b0083f,frontend/src/pages/ProjectDetail.tsx,637,function,anonymous_637,(),prod,TypeScript,0,0,LOW,,unreachable_from_entrypoints
31a86170c2b226a3a54211fc98c90c4727ef2418,frontend/src/pages/ProjectDetail.tsx,642,function,anonymous_642,(),prod,TypeScript,0,0,LOW,,unreachable_from_entrypoints
183e5200b54266c8bad51d798c7641691dcfddc0,frontend/src/pages/ProjectDetail.tsx,663,function,anonymous_663,(),prod,TypeScript,0,0,LOW,,unreachable_from_entrypoints
c48859a5ab12578b4a2ed40e256e53c5af5a9db4,frontend/src/pages/ProjectDetail.tsx,671,function,anonymous_671,(),prod,TypeScript,0,0,LOW,,unreachable_from_entrypoints
99afe9fa947f7538f837d5ed5cf67a931a2a3f44,frontend/src/pages/ProjectDetail.tsx,678,function,anonymous_678,async (),prod,TypeScript,0,0,LOW,,unreachable_from_entrypoints
c5d76d9275e0010866b3138a153ff2bd25616759,frontend/src/pages/ProjectDetail.tsx,806,function,anonymous_806,(s),prod,TypeScript,0,0,LOW,,unreachable_from_entrypoints
cdfdcd1761368a639d120f6efed9c66c43646d30,frontend/src/pages/ProjectDetail.tsx,852,function,anonymous_852,async (),prod,TypeScript,0,0,LOW,,unreachable_from_entrypoints
d4e2b260ea3bfaf0091559076562d86527b23791,frontend/src/pages/ProjectDetail.tsx,877,function,anonymous_877,(),prod,TypeScript,0,0,LOW,,unreachable_from_entrypoints
b35f3804f79152258dab521e04126154381dd0c7,frontend/src/pages/ProjectDetail.tsx,878,function,anonymous_878,(p),prod,TypeScript,0,0,LOW,,unreachable_from_entrypoints
0b113ac2bf357dbf7afda7987066a2f66bd3646a,frontend/src/pages/ProjectDetail.tsx,890,function,anonymous_890,(p),prod,TypeScript,0,0,LOW,,unreachable_from_entrypoints
ed5a49999c817eb3a67106434848618c51fc9bf1,frontend/src/pages/ProjectDetail.tsx,911,function,anonymous_911,(resolve),prod,TypeScript,0,0,LOW,,unreachable_from_entrypoints
908731d44d3992ba3839063d70b2dc60621b081e,frontend/src/pages/ProjectDetail.tsx,912,function,anonymous_912,async (),prod,TypeScript,0,0,LOW,,unreachable_from_entrypoints
00bf51b843c889e0b7e8fca4bf21938e539c30b9,frontend/src/pages/ProjectDetail.tsx,985,function,anonymous_985,(),prod,TypeScript,0,0,LOW,,unreachable_from_entrypoints
31c408806a53f3dc720d74eaed827b6facd74973,frontend/src/pages/ProjectDetail.tsx,986,function,anonymous_986,(err),prod,TypeScript,0,0,LOW,,unreachable_from_entrypoints
5d81469edd8912e2425e49784e12d6b847afc5e6,frontend/src/pages/ProjectDetail.tsx,1016,function,anonymous_1016,(),prod,TypeScript,0,0,LOW,,unreachable_from_entrypoints
028eb5c2942ccc03c49c989ec7cc95215749b3b9,frontend/src/pages/ProjectDetail.tsx,1032,function,anonymous_1032,(),prod,TypeScript,0,0,LOW,,unreachable_from_entrypoints
d77c5c89d7e46051b89ab845bb47e39e1245f61c,frontend/src/pages/ProjectDetail.tsx,1034,function,anonymous_1034,async (),prod,TypeScript,0,0,LOW,,unreachable_from_entrypoints
dcd58a5af20ab3304a66e1232beda7120399ba2c,frontend/src/pages/ProjectDetail.tsx,1044,function,anonymous_1044,async (ev),prod,TypeScript,0,0,LOW,,unreachable_from_entrypoints
7fbc34f1b08b56a6389031233de3d3c9e7bc9154,frontend/src/pages/ProjectDetail.tsx,1083,function,anonymous_1083,(),prod,TypeScript,0,0,LOW,,unreachable_from_entrypoints
822fbf88d868b77852c45ad5665fe2c5c08c2791,frontend/src/pages/ProjectDetail.tsx,1088,function,anonymous_1088,(),prod,TypeScript,0,0,LOW,,unreachable_from_entrypoints
15e5efa1a5310a92b4c43aed000bac806ec896d7,frontend/src/pages/ProjectDetail.tsx,1130,function,anonymous_1130,(params),prod,TypeScript,0,0,LOW,,unreachable_from_entrypoints
f834723cb91be85e11738182bc7a3648737958ff,frontend/src/pages/ProjectDetail.tsx,1155,function,anonymous_1155,(),prod,TypeScript,0,0,LOW,,unreachable_from_entrypoints
3eb2ddb35dfe0447d30106c1331f249dcad85ad1,frontend/src/pages/ProjectDetail.tsx,1169,function,anonymous_1169,(),prod,TypeScript,0,0,LOW,,unreachable_from_entrypoints
f89790e5303ab9d8563818b051e858d2fb7d6f9c,frontend/src/pages/ProjectDetail.tsx,1193,function,anonymous_1193,(),prod,TypeScript,0,0,LOW,,unreachable_from_entrypoints
3029b09ce6b491d037da3b52911eaa29ab22ea80,frontend/src/pages/ProjectDetail.tsx,1218,function,anonymous_1218,(),prod,TypeScript,0,0,LOW,,unreachable_from_entrypoints
9a29fdd081636f1d124b4b67b4a9eaa2c9fd6132,frontend/src/pages/ProjectDetail.tsx,1385,function,anonymous_1385,(p: BurndownPoint),prod,TypeScript,0,0,LOW,,unreachable_from_entrypoints
a0a5c39795f49955db4a89babef3867a7029f946,frontend/src/pages/ProjectDetail.tsx,1391,function,anonymous_1391,(p: BurndownPoint),prod,TypeScript,0,0,LOW,,unreachable_from_entrypoints
5d1f784c23454234e2a083cd7af277b4707b7b93,frontend/src/pages/ProjectDetail.tsx,1403,function,anonymous_1403,(p: BurndownPoint),prod,TypeScript,0,0,LOW,,unreachable_from_entrypoints
09bbce5b6a5398ef28c9edb10e082fbe556c6d09,frontend/src/pages/ProjectDetail.tsx,1424,function,anonymous_1424,(m): TeamMemberDisplay,prod,TypeScript,0,0,LOW,,unreachable_from_entrypoints
ddae9a24edeb3d1f0227409a220d2698e1a975cf,frontend/src/pages/ProjectDetail.tsx,1434,function,anonymous_1434,(r),prod,TypeScript,0,0,LOW,,unreachable_from_entrypoints
c1b04c4084477b41fe193733ee90fc661d95a327,frontend/src/pages/ProjectDetail.tsx,1435,function,anonymous_1435,(r),prod,TypeScript,0,0,LOW,,unreachable_from_entrypoints
8173f9336c533592fa008857743c140f47781c2e,frontend/src/pages/ProjectDetail.tsx,1437,function,anonymous_1437,(r): TeamMemberDisplay,prod,TypeScript,0,0,LOW,,unreachable_from_entrypoints
72d36e8214ea4412c447d5de7552ae2acb173ea9,frontend/src/pages/ProjectDetail.tsx,1439,function,anonymous_1439,(x),prod,TypeScript,0,0,LOW,,unreachable_from_entrypoints
195ef5e8ece02acdc56f1f62c165fe8b599053eb,frontend/src/pages/ProjectDetail.tsx,1443,function,anonymous_1443,(member),prod,TypeScript,0,0,LOW,,unreachable_from_entrypoints
fcf9e8e7aad8db93d6a56d42aada0802624bb82f,frontend/src/pages/ProjectDetail.tsx,1487,function,anonymous_1487,"(risk: RiskItem, index: number)",prod,TypeScript,0,0,LOW,,unreachable_from_entrypoints
38c3b3a8f3e820ad9574e41c16df5ff1e776ed80,frontend/src/pages/ProjectDetail.tsx,1517,function,anonymous_1517,async (e),prod,TypeScript,0,0,LOW,,unreachable_from_entrypoints
2da2e7f644cf9a2cdb86916ad9f54e6674e191c1,frontend/src/pages/ProjectDetail.tsx,1526,function,anonymous_1526,(b),prod,TypeScript,0,0,LOW,,unreachable_from_entrypoints
42a2711931640984f3d6d52d20d0fdbc59ac37fa,frontend/src/pages/ProjectDetail.tsx,1538,function,anonymous_1538,async (e),prod,TypeScript,0,0,LOW,,unreachable_from_entrypoints
a4533ca2398a036f30ffeff916543b391d90bb27,frontend/src/pages/ProjectDetail.tsx,1552,function,anonymous_1552,(s),prod,TypeScript,0,0,LOW,,unreachable_from_entrypoints
eb61eee443298fe3fa7b19cbd7d160a871e6c967,frontend/src/pages/ProjectDetail.tsx,1567,function,anonymous_1567,(),prod,TypeScript,0,0,LOW,,unreachable_from_entrypoints
de0b7ed45692ed9ae1c2f6fdd9c0555bc260549a,frontend/src/pages/ProjectDetail.tsx,1569,function,anonymous_1569,(s),prod,TypeScript,0,0,LOW,,unreachable_from_entrypoints
d4156f8d3d16bdca434983772525c63cede3324c,frontend/src/pages/ProjectDetail.tsx,1638,function,anonymous_1638,"(c, idx)",prod,TypeScript,0,0,LOW,,unreachable_from_entrypoints
6b9088fcc3ac21cf34f96613d77423fd27c676c2,frontend/src/pages/ProjectDetail.tsx,1662,function,anonymous_1662,(p: BurndownPoint),prod,TypeScript,0,0,LOW,,unreachable_from_entrypoints
f26fd939ee3c29d53b013dd87eecfcb124a5115f,frontend/src/pages/ProjectDetail.tsx,1668,function,anonymous_1668,(p: BurndownPoint),prod,TypeScript,0,0,LOW,,unreachable_from_entrypoints
88853b96a31df6442d40f8cf65e157289530307f,frontend/src/pages/ProjectDetail.tsx,1680,function,anonymous_1680,(p: BurndownPoint),prod,TypeScript,0,0,LOW,,unreachable_from_entrypoints
c1f6dc961aaaada7f82deb331e0b1d4ec6e66a8e,frontend/src/pages/ProjectDetail.tsx,1725,function,anonymous_1725,(r),prod,TypeScript,0,0,LOW,,unreachable_from_entrypoints
a0c16b54060447dc29cd621687327bd8bfe2cb26,frontend/src/pages/ProjectDetail.tsx,1795,function,anonymous_1795,"([k, v])",prod,TypeScript,0,0,LOW,,unreachable_from_entrypoints
fc642b5f7d1c1ea7e894cf41b5c5803cc60ebfac,frontend/src/pages/ProjectDetail.tsx,1825,function,anonymous_1825,(e),prod,TypeScript,0,0,LOW,,unreachable_from_entrypoints
1a5f2fd7e7acaa7988fff7ba9c63828a5568c7ce,frontend/src/pages/ProjectDetail.tsx,1826,function,anonymous_1826,(t),prod,TypeScript,0,0,LOW,,unreachable_from_entrypoints
70fd88bec46080f5ec919c39bab746f4319b386a,frontend/src/pages/ProjectDetail.tsx,1839,function,anonymous_1839,(e),prod,TypeScript,0,0,LOW,,unreachable_from_entrypoints
f84682acf634db9033e94827f65fe430b39a9a01,frontend/src/pages/ProjectDetail.tsx,1840,function,anonymous_1840,(t),prod,TypeScript,0,0,LOW,,unreachable_from_entrypoints
2dd9fe7e919395baf0142b55aff42cdfe9d9af0a,frontend/src/pages/ProjectDetail.tsx,1851,function,anonymous_1851,async (),prod,TypeScript,0,0,LOW,,unreachable_from_entrypoints
f31945d635094a520cfe252086dc1fc6557d1fa2,frontend/src/pages/ProjectDetail.tsx,1886,function,anonymous_1886,(),prod,TypeScript,0,0,LOW,,unreachable_from_entrypoints
fa6022ba7d468615f7405c8b6407398be83279fa,frontend/src/pages/ProjectDetail.tsx,1894,function,anonymous_1894,(),prod,TypeScript,0,0,LOW,,unreachable_from_entrypoints
72f7d8140253a47a61924cb913092984c348842f,frontend/src/pages/ProjectDetail.tsx,1902,function,anonymous_1902,(),prod,TypeScript,0,0,LOW,,unreachable_from_entrypoints
0efb19214c8da5e01c2397dd6768aa1f11e497ea,frontend/src/pages/ProjectDetail.tsx,1917,function,anonymous_1917,(h),prod,TypeScript,0,0,LOW,,unreachable_from_entrypoints
93bd81f6bb71e915d4591018516980f42d6d7bb1,frontend/src/pages/ProjectDetail.tsx,1923,function,anonymous_1923,(h),prod,TypeScript,0,0,LOW,,unreachable_from_entrypoints
45cb195c593e0d5c19de204d8273c580e6059846,frontend/src/pages/ProjectDetail.tsx,1936,function,anonymous_1936,(v),prod,TypeScript,0,0,LOW,,unreachable_from_entrypoints
7cabacfb59089be1b279ffac852daf31279d92c8,frontend/src/pages/ProjectDetail.tsx,1951,function,anonymous_1951,(),prod,TypeScript,0,0,LOW,,unreachable_from_entrypoints
1caf6240c5c48d4acf648af9b45faeae09ce4679,frontend/src/pages/ProjectDetail.tsx,1955,function,anonymous_1955,"(a, h)",prod,TypeScript,0,0,LOW,,unreachable_from_entrypoints
17204fba9362a4b8e8e4332077d1c77cbba1e1d6,frontend/src/pages/ProjectDetail.tsx,1958,function,anonymous_1958,(h),prod,TypeScript,0,0,LOW,,unreachable_from_entrypoints
35a187058f73f03c61bb5c70273129b969ad8587,frontend/src/pages/ProjectDetail.tsx,1959,function,anonymous_1959,"(a, b)",prod,TypeScript,0,0,LOW,,unreachable_from_entrypoints
16a9e5c787716ea4fb96e58acfeeb36fce273ce5,frontend/src/pages/ProjectDetail.tsx,1972,function,anonymous_1972,(),prod,TypeScript,0,0,LOW,,unreachable_from_entrypoints
90b3b5caffdc8d0757dec24fed5e86412625bd82,frontend/src/pages/ProjectDetail.tsx,1981,function,anonymous_1981,async (),prod,TypeScript,0,0,LOW,,unreachable_from_entrypoints
7fac1cdcdfbc2feaf7fde9411cdf2fbc2fea8d53,frontend/src/pages/ProjectDetail.tsx,2089,function,anonymous_2089,(binding),prod,TypeScript,0,0,LOW,,unreachable_from_entrypoints
360ba0e27b2c3d92ce1f5202913ff74b1ff8be12,frontend/src/pages/ProjectDetail.tsx,2114,function,anonymous_2114,(),prod,TypeScript,0,0,LOW,,unreachable_from_entrypoints
4402d2e2e26c6b0fa7cf6e9b4caa6b705caed8fe,frontend/src/pages/ProjectDetail.tsx,2127,function,anonymous_2127,(),prod,TypeScript,0,0,LOW,,unreachable_from_entrypoints
a9e8db35de4af018a73772400b2d2272b00b8a10,frontend/src/pages/ProjectDetail.tsx,2155,function,anonymous_2155,(),prod,TypeScript,0,0,LOW,,unreachable_from_entrypoints
57e6d0adc033f3e93b33dde7773aaa4a8ca57f25,frontend/src/pages/ProjectDetail.tsx,2180,function,anonymous_2180,(e),prod,TypeScript,0,0,LOW,,unreachable_from_entrypoints
8446499de54a70a5ba66a0a8b6b44c98d1a10b24,frontend/src/pages/ProjectDetail.tsx,2181,function,anonymous_2181,(form),prod,TypeScript,0,0,LOW,,unreachable_from_entrypoints
1f139cee26323611a4b1198814d69b0ae8582008,frontend/src/pages/ProjectDetail.tsx,2196,function,anonymous_2196,(e),prod,TypeScript,0,0,LOW,,unreachable_from_entrypoints
7c4424bca2b9a84263e9567087d2163aab349646,frontend/src/pages/ProjectDetail.tsx,2197,function,anonymous_2197,(form),prod,TypeScript,0,0,LOW,,unreachable_from_entrypoints
3ae5893161050ca7edd8c7b9fee740aed3ba01c9,frontend/src/pages/ProjectDetail.tsx,2212,function,anonymous_2212,(e),prod,TypeScript,0,0,LOW,,unreachable_from_entrypoints
4df90e79e06204520a8852e7629887b56dc53633,frontend/src/pages/ProjectDetail.tsx,2213,function,anonymous_2213,(form),prod,TypeScript,0,0,LOW,,unreachable_from_entrypoints
47a1395719a2ef0603a0174bd745448d99271243,frontend/src/pages/ProjectDetail.tsx,2242,function,anonymous_2242,(event),prod,TypeScript,0,0,LOW,,unreachable_from_entrypoints
f34855d4e500d72c70a46b1c4044e7d5abb23e97,frontend/src/pages/ProjectDetail.tsx,2262,function,anonymous_2262,(event),prod,TypeScript,0,0,LOW,,unreachable_from_entrypoints
698d80c655d8ef16322e488421060e5e29ff9046,frontend/src/pages/ProjectDetail.tsx,2282,function,anonymous_2282,(),prod,TypeScript,0,0,LOW,,unreachable_from_entrypoints
c0832afb995cae5fe6d9a1c86d57ecb2a96727fd,frontend/src/pages/ProjectDetail.tsx,2296,function,anonymous_2296,(),prod,TypeScript,0,0,LOW,,unreachable_from_entrypoints
259256b3e08830cd3b026f125e3e961b8f87967a,frontend/src/pages/ProjectDetail.tsx,2356,function,anonymous_2356,(project),prod,TypeScript,0,0,LOW,,unreachable_from_entrypoints
b773e4308cb1b29c4a3f1b281646c9282dfcd554,frontend/src/pages/ProjectDetail.tsx,2384,function,anonymous_2384,(),prod,TypeScript,0,0,LOW,,unreachable_from_entrypoints
5d63402c45645f7ef03f4bbb57f6e0975ba41829,frontend/src/pages/ProjectDetail.tsx,2386,function,anonymous_2386,(form),prod,TypeScript,0,0,LOW,,unreachable_from_entrypoints
745f639342fc69d1e733b970d40b6db792ea27d8,frontend/src/pages/ProjectDetail.tsx,2442,function,anonymous_2442,(),prod,TypeScript,0,0,LOW,,unreachable_from_entrypoints
8dc591dcb605192d21c3ca77ce4feacce009026b,frontend/src/pages/ProjectDetail.tsx,2466,function,anonymous_2466,(e),prod,TypeScript,0,0,LOW,,unreachable_from_entrypoints
09ddea5b835c1be9fc532ede82c2d9eb23c993c6,frontend/src/pages/ProjectDetail.tsx,2467,function,anonymous_2467,(form),prod,TypeScript,0,0,LOW,,unreachable_from_entrypoints
4f294629cfce350553687e4426ee2e04a59eab46,frontend/src/pages/ProjectDetail.tsx,2502,function,anonymous_2502,(),prod,TypeScript,0,0,LOW,,unreachable_from_entrypoints
362db27739c4b4d39ade4f550decf0fdd8a55096,frontend/src/pages/ProjectDetail.tsx,2509,function,anonymous_2509,(),prod,TypeScript,0,0,LOW,,unreachable_from_entrypoints
b9f6deebd0978abc8cd442a500cd9aecec83c45f,frontend/src/pages/ProjectDetail.tsx,2512,function,anonymous_2512,async (),prod,TypeScript,0,0,LOW,,unreachable_from_entrypoints
df95a17c1e5646752928c68d8101e744ba88a682,frontend/src/pages/ProjectDetail.tsx,2546,function,anonymous_2546,async (),prod,TypeScript,0,0,LOW,,unreachable_from_entrypoints
2bf24748f399ef5c412d3630886cff5798f86b8b,frontend/src/pages/Projects.tsx,50,function,Projects,(),prod,TypeScript,0,0,LOW,,unreachable_from_entrypoints
d72298042c31416b50414fc86ce9119761807579,frontend/src/pages/Projects.tsx,53,function,anonymous_53,(s: RootState),prod,TypeScript,0,0,LOW,,unreachable_from_entrypoints
3985e4cf5a4bc6312538f4c7b54472ff3ccd3902,frontend/src/pages/Projects.tsx,56,function,anonymous_56,(s: RootState),prod,TypeScript,0,0,LOW,,unreachable_from_entrypoints
3b941b4a16d566b52ca5bf412d5fe938c082d243,frontend/src/pages/Projects.tsx,81,function,anonymous_81,async (force: boolean = false),prod,TypeScript,0,0,LOW,,unreachable_from_entrypoints
4a0042e4f2034894e9647437278014eeb1338789,frontend/src/pages/Projects.tsx,104,function,anonymous_104,(),prod,TypeScript,0,0,LOW,,unreachable_from_entrypoints
a18844bf6924e4410df7abede6ebadae7ebf7f1c,frontend/src/pages/Projects.tsx,125,function,anonymous_125,(p: any),prod,TypeScript,0,0,LOW,,unreachable_from_entrypoints
435a801acf701f0e571775b1fa8d039d8a199e6e,frontend/src/pages/Projects.tsx,126,function,anonymous_126,(),prod,TypeScript,0,0,LOW,,unreachable_from_entrypoints
a930566b143d8826405d013805a110732627aa57,frontend/src/pages/Projects.tsx,133,function,anonymous_133,"(p: any, idx: number)",prod,TypeScript,0,0,LOW,,unreachable_from_entrypoints
5a9455b02b104019242f7fb0adadcb9666556c3c,frontend/src/pages/Projects.tsx,153,function,anonymous_153,(),prod,TypeScript,0,0,LOW,,unreachable_from_entrypoints
2c4dca356852da031c040d0c2dd18fc402b50a45,frontend/src/pages/Projects.tsx,156,function,anonymous_156,async (),prod,TypeScript,0,0,LOW,,unreachable_from_entrypoints
2a0442b0dadcbe0ca8478d2bb8203aead91c4b83,frontend/src/pages/Projects.tsx,164,function,anonymous_164,(err),prod,TypeScript,0,0,LOW,,unreachable_from_entrypoints
a4c22da78319b905df523d53c4cd0d963d4ac48b,frontend/src/pages/Projects.tsx,181,function,anonymous_181,(p: any),prod,TypeScript,0,0,LOW,,unreachable_from_entrypoints
34b6b3cbc3b752dea4f2c5ad0079c1ea381bf319,frontend/src/pages/Projects.tsx,183,function,anonymous_183,(),prod,TypeScript,0,0,LOW,,unreachable_from_entrypoints
d2adfb8036afe636720b6f9f4f92328a2f5e434e,frontend/src/pages/Projects.tsx,190,function,anonymous_190,"(p: any, idx: number)",prod,TypeScript,0,0,LOW,,unreachable_from_entrypoints
c6336e7d18dd523b2dd48bbeca106c5032b3aeb7,frontend/src/pages/Projects.tsx,213,function,anonymous_213,(),prod,TypeScript,0,0,LOW,,unreachable_from_entrypoints
3b5ea9b4891b77fcb946d7af5d0425f540a7e456,frontend/src/pages/Projects.tsx,226,function,anonymous_226,(),prod,TypeScript,0,0,LOW,,unreachable_from_entrypoints
7dab459c4467a3e25c5dfa9d350b4ec769e85b05,frontend/src/pages/Projects.tsx,229,function,anonymous_229,async (),prod,TypeScript,0,0,LOW,,unreachable_from_entrypoints
373b23d55a3866ebbf3ab79d56963c299b80df9a,frontend/src/pages/Projects.tsx,240,function,anonymous_240,(),prod,TypeScript,0,0,LOW,,unreachable_from_entrypoints
7c07b8d8af5b5ca5a89a22d5b65a65a9ae6990ed,frontend/src/pages/Projects.tsx,243,function,anonymous_243,"( event: React.MouseEvent<HTMLElement>, project: any, )",prod,TypeScript,0,0,LOW,,unreachable_from_entrypoints
7a78de7eed0bce0e9781a7f0c8942af89c4f1985,frontend/src/pages/Projects.tsx,251,function,anonymous_251,(),prod,TypeScript,0,0,LOW,,unreachable_from_entrypoints
6d73dde4faa4b158e81caf6e78658a514efd6cbf,frontend/src/pages/Projects.tsx,256,function,anonymous_256,async (): Promise<number>,prod,TypeScript,0,0,LOW,,unreachable_from_entrypoints
8ee9b166e29273b77f9551ca8a18096bf68bdf5f,frontend/src/pages/Projects.tsx,262,function,anonymous_262,async (),prod,TypeScript,0,0,LOW,,unreachable_from_entrypoints
93a5ad5b895bb69d619df7eabe9b75b300e6d57b,frontend/src/pages/Projects.tsx,274,function,anonymous_274,async (),prod,TypeScript,0,0,LOW,,unreachable_from_entrypoints
95b0f7292774de87697b0ec4c78339c165f52f0b,frontend/src/pages/Projects.tsx,300,function,anonymous_300,(status: string),prod,TypeScript,0,0,LOW,,unreachable_from_entrypoints
2a907bd99534a1113cb2c336db907dfd2524df41,frontend/src/pages/Projects.tsx,325,function,anonymous_325,(),prod,TypeScript,0,0,LOW,,unreachable_from_entrypoints
289be426bf9900093cd3021b7febd92d12a618a8,frontend/src/pages/Projects.tsx,349,function,anonymous_349,(project),prod,TypeScript,0,0,LOW,,unreachable_from_entrypoints
6ff199d5fa6b6967ec37aea5581bade8b3ffca97,frontend/src/pages/Projects.tsx,366,function,anonymous_366,(),prod,TypeScript,0,0,LOW,,unreachable_from_entrypoints
db63d6388e914b93410b916bd02bf948bbdf85dd,frontend/src/pages/Projects.tsx,382,function,anonymous_382,(e),prod,TypeScript,0,0,LOW,,unreachable_from_entrypoints
97978fe05762a67fdc1dd1057df77ab5fc6eedb8,frontend/src/pages/Projects.tsx,484,function,anonymous_484,(),prod,TypeScript,0,0,LOW,,unreachable_from_entrypoints
126d26282ee17532ef377c54c93c1aa24430ae73,frontend/src/pages/Projects.tsx,488,function,anonymous_488,(),prod,TypeScript,0,0,LOW,,unreachable_from_entrypoints
a45c349584db614c8b44cc96bdd3fa90b5bbf43f,frontend/src/pages/Projects.tsx,501,function,anonymous_501,(),prod,TypeScript,0,0,LOW,,unreachable_from_entrypoints
8f06ce3812559bdf04649f7404e68cd3d948f561,frontend/src/pages/Projects.tsx,511,function,anonymous_511,async (),prod,TypeScript,0,0,LOW,,unreachable_from_entrypoints
49c1d336efcc187d2016418ab94f29049d310165,frontend/src/pages/Projects.tsx,527,function,anonymous_527,(),prod,TypeScript,0,0,LOW,,unreachable_from_entrypoints
b644adab818fc3c399b779db9602452cbcaff612,frontend/src/pages/Projects.tsx,542,function,anonymous_542,(e),prod,TypeScript,0,0,LOW,,unreachable_from_entrypoints
a74625d265c4050b9dd6de467fdce02e27293e2e,frontend/src/pages/Projects.tsx,553,function,anonymous_553,(e),prod,TypeScript,0,0,LOW,,unreachable_from_entrypoints
7bd668d2ad01adcc455b2ac309945277d71a262b,frontend/src/pages/Projects.tsx,563,function,anonymous_563,(e),prod,TypeScript,0,0,LOW,,unreachable_from_entrypoints
34e8b10788edae6c75ac94b1b0c21e23f6b7c3ae,frontend/src/pages/Projects.tsx,570,function,anonymous_570,(jp),prod,TypeScript,0,0,LOW,,unreachable_from_entrypoints
6ed9b804a54e8354474237317edaab2abb4f6276,frontend/src/pages/Projects.tsx,585,function,anonymous_585,(e),prod,TypeScript,0,0,LOW,,unreachable_from_entrypoints
131f184d82a0a04fb1c30e8f0c64a2ba67157bd9,frontend/src/pages/Projects.tsx,591,function,anonymous_591,(),prod,TypeScript,0,0,LOW,,unreachable_from_entrypoints
dc68d7bf821aabea9c74b2b54fa8bb114c0fea96,frontend/src/pages/Projects.tsx,594,function,anonymous_594,async (),prod,TypeScript,0,0,LOW,,unreachable_from_entrypoints
e71446109142e81c23bed4018930f9288d1cd30f,frontend/src/pages/Quality.tsx,30,function,TabPanel,(,prod,TypeScript,0,0,LOW,,unreachable_from_entrypoints
d47399dc8845857041a467ae7d186b36a6fa3f9e,frontend/src/pages/Quality.tsx,36,function,Quality,(),prod,TypeScript,0,0,LOW,,unreachable_from_entrypoints
d51abfd66a9282fa04100a4653e5186392b73007,frontend/src/pages/Quality.tsx,50,function,anonymous_50,(),prod,TypeScript,0,0,LOW,,unreachable_from_entrypoints
79ea26850b5893dbd216c3f1c0dda10a23b9fb48,frontend/src/pages/Quality.tsx,51,function,anonymous_51,async (),prod,TypeScript,0,0,LOW,,unreachable_from_entrypoints
865d5edac57f2d511a14cb35b0c0823ebad2c863,frontend/src/pages/Quality.tsx,58,function,anonymous_58,(),prod,TypeScript,0,0,LOW,,unreachable_from_entrypoints
a8fd93df7527f0938336563728ac2884a56fe48a,frontend/src/pages/Quality.tsx,59,function,anonymous_59,async (),prod,TypeScript,0,0,LOW,,unreachable_from_entrypoints
4b42080f181aa5baee66d4de3f500365176cc99b,frontend/src/pages/Quality.tsx,92,function,anonymous_92,(),prod,TypeScript,0,0,LOW,,unreachable_from_entrypoints
c575f87827228ae4d26e27fc091216e88dabda85,frontend/src/pages/Quality.tsx,93,function,anonymous_93,async (),prod,TypeScript,0,0,LOW,,unreachable_from_entrypoints
487b022ec0a0978bb121deb026fad43b0a51dc17,frontend/src/pages/Quality.tsx,108,function,anonymous_108,async (),prod,TypeScript,0,0,LOW,,unreachable_from_entrypoints
30684b58c875a01051a8603590d017a67eed1ed9,frontend/src/pages/Quality.tsx,117,function,anonymous_117,"async (number: number, provider?: string)",prod,TypeScript,0,0,LOW,,unreachable_from_entrypoints
910aa800e86eb030813abe6ca915e2d3b798a846,frontend/src/pages/Quality.tsx,119,function,anonymous_119,(m),prod,TypeScript,0,0,LOW,,unreachable_from_entrypoints
e783f1f4de647d2463674984109f5f024b53dd5f,frontend/src/pages/Quality.tsx,123,function,anonymous_123,(m),prod,TypeScript,0,0,LOW,,unreachable_from_entrypoints
837bb6d179a656da8f9ff2e5047b09c85208228e,frontend/src/pages/Quality.tsx,126,function,anonymous_126,(m),prod,TypeScript,0,0,LOW,,unreachable_from_entrypoints
44acd40581f7c3acbefd6d129d2e650e5e087f34,frontend/src/pages/Quality.tsx,130,function,anonymous_130,(,prod,TypeScript,0,0,LOW,,unreachable_from_entrypoints
46967105ead015b8af464a494508d84a280908bb,frontend/src/pages/Quality.tsx,137,function,anonymous_137,(),prod,TypeScript,0,0,LOW,,unreachable_from_entrypoints
f7aa01547098a9ccf86f7ad6fc07b2e7d417112a,frontend/src/pages/Quality.tsx,139,function,anonymous_139,(p),prod,TypeScript,0,0,LOW,,unreachable_from_entrypoints
ba629b6e9b02ecc318b3376cdff42b21a5e6c58a,frontend/src/pages/Quality.tsx,142,function,anonymous_142,(p),prod,TypeScript,0,0,LOW,,unreachable_from_entrypoints
e04d7d87d0acc1174932ba0855a7d295a2a47cb3,frontend/src/pages/Quality.tsx,148,function,anonymous_148,(p),prod,TypeScript,0,0,LOW,,unreachable_from_entrypoints
5eaa5dcaa87fef035346fc9bd22d25a7c8cba920,frontend/src/pages/Quality.tsx,160,function,anonymous_160,(p),prod,TypeScript,0,0,LOW,,unreachable_from_entrypoints
527892f0e3bf50b9835dfe614d90f55fa21c1381,frontend/src/pages/Quality.tsx,162,function,anonymous_162,(params),prod,TypeScript,0,0,LOW,,unreachable_from_entrypoints
f3c0245b47afd850ceb493bcd47c7de6612c5c7a,frontend/src/pages/Quality.tsx,163,function,anonymous_163,(p),prod,TypeScript,0,0,LOW,,unreachable_from_entrypoints
2c14995bd83bd74bfa974486ab6fa530f7ca26ac,frontend/src/pages/Quality.tsx,164,function,anonymous_164,(p),prod,TypeScript,0,0,LOW,,unreachable_from_entrypoints
01a73a65599690fed89baa7ae09698755aee4b44,frontend/src/pages/Quality.tsx,165,function,anonymous_165,(p),prod,TypeScript,0,0,LOW,,unreachable_from_entrypoints
1ca3c1f6495739bbc66c2a84e82c6f4564abb201,frontend/src/pages/Quality.tsx,166,function,anonymous_166,(params),prod,TypeScript,0,0,LOW,,unreachable_from_entrypoints
04eb07f3407522d3a38a72561cbc02416c8fa434,frontend/src/pages/Quality.tsx,172,function,anonymous_172,(p),prod,TypeScript,0,0,LOW,,unreachable_from_entrypoints
01344573990938e10f019985c4fb243e1ff0c7ea,frontend/src/pages/Quality.tsx,173,function,anonymous_173,(params),prod,TypeScript,0,0,LOW,,unreachable_from_entrypoints
9d56423f1430805f5f18ed502cc22edb509abaa3,frontend/src/pages/Quality.tsx,177,function,anonymous_177,(),prod,TypeScript,0,0,LOW,,unreachable_from_entrypoints
e05e5cccfa306dadd3604f87d869947a2ca78021,frontend/src/pages/Quality.tsx,194,function,anonymous_194,(e),prod,TypeScript,0,0,LOW,,unreachable_from_entrypoints
d4c686ff56d0508eefb8b6eac420b92c7e519679,frontend/src/pages/Quality.tsx,195,function,anonymous_195,(p),prod,TypeScript,0,0,LOW,,unreachable_from_entrypoints
898d710e4bc072c74141fe730634c9dcd07361a5,frontend/src/pages/Quality.tsx,203,function,anonymous_203,"(_, v)",prod,TypeScript,0,0,LOW,,unreachable_from_entrypoints
4fef7a61d1eb817f2f41595ec347cd7d07699320,frontend/src/pages/Quality.tsx,220,function,anonymous_220,(),prod,TypeScript,0,0,LOW,,unreachable_from_entrypoints
a75aab7df8fc84eaa1666926c6958469a4e3289c,frontend/src/pages/Quality.tsx,224,function,anonymous_224,(),prod,TypeScript,0,0,LOW,,unreachable_from_entrypoints
285b6567f253f424e900cdf297271bdfdc4cacd2,frontend/src/pages/Quality.tsx,250,function,anonymous_250,(t),prod,TypeScript,0,0,LOW,,unreachable_from_entrypoints
b11a66444519043bc6868632675837b674b6d98e,frontend/src/pages/Quality.tsx,250,function,anonymous_250,(e),prod,TypeScript,0,0,LOW,,unreachable_from_entrypoints
3bc4608d48401fc3ea6252ac12805e26aea79bf7,frontend/src/pages/Quality.tsx,251,function,anonymous_251,(e),prod,TypeScript,0,0,LOW,,unreachable_from_entrypoints
993b279436178ab5dbba376ab044c410268919f7,frontend/src/pages/Quality.tsx,251,function,anonymous_251,(t),prod,TypeScript,0,0,LOW,,unreachable_from_entrypoints
ae52ec9a0d349a7b9db5603439e49caee1723687,frontend/src/pages/Quality.tsx,254,function,anonymous_254,(),prod,TypeScript,0,0,LOW,,unreachable_from_entrypoints
1e136cf0c24255f8bba26f3d666131da10f95607,frontend/src/pages/Quality.tsx,255,function,anonymous_255,(),prod,TypeScript,0,0,LOW,,unreachable_from_entrypoints
1ea26f364a61f506895778362495316932196572,frontend/src/pages/Quality.tsx,256,function,anonymous_256,(),prod,TypeScript,0,0,LOW,,unreachable_from_entrypoints
9e6401b9aa9413e3d329be4dc40f36142968baf0,frontend/src/pages/Quality.tsx,266,function,anonymous_266,(e),prod,TypeScript,0,0,LOW,,unreachable_from_entrypoints
628470be5fbd0ede65d67a64d8f26652abc2d256,frontend/src/pages/Quality.tsx,272,function,anonymous_272,"(_, v)",prod,TypeScript,0,0,LOW,,unreachable_from_entrypoints
edff2c538789bbc91ab9e107f94b76f4fb86b73d,frontend/src/pages/Quality.tsx,280,function,anonymous_280,(e),prod,TypeScript,0,0,LOW,,unreachable_from_entrypoints
a9eaaae6b8492cb836f59fcf7f77c2a73ff312e1,frontend/src/pages/Quality.tsx,285,function,anonymous_285,async(),prod,TypeScript,0,0,LOW,,unreachable_from_entrypoints
36673dac2232b0733c2a4db4b6d1ce367e6d5c47,frontend/src/pages/Quality.tsx,295,function,anonymous_295,(r),prod,TypeScript,0,0,LOW,,unreachable_from_entrypoints
6d5e1e4f555da6b0ca6a7b780eb20639a6006b88,frontend/src/pages/Settings.tsx,32,function,TabPanel,function TabPanel(props: TabPanelProps),prod,TypeScript,0,0,LOW,,unreachable_from_entrypoints
35c8b519ac2f6784ebf2d07cc1690d428e637cb2,frontend/src/pages/Settings.tsx,46,function,Settings,(),prod,TypeScript,0,0,LOW,,unreachable_from_entrypoints
869e02feefc1b70525a7546bd2cfe613f4a6a294,frontend/src/pages/Settings.tsx,85,function,anonymous_85,"(event: React.SyntheticEvent, newValue: number)",prod,TypeScript,0,0,LOW,,unreachable_from_entrypoints
9e5a0f19f4a40baa09d7cacbae2055804e6d10c0,frontend/src/pages/Settings.tsx,89,function,anonymous_89,(),prod,TypeScript,0,0,LOW,,unreachable_from_entrypoints
267e32d6a5e4770e5349e5a0b570cfd17164406e,frontend/src/pages/Settings.tsx,102,function,anonymous_102,prev,prod,TypeScript,0,0,LOW,,unreachable_from_entrypoints
3b78d177df13407d2a366d2e9921543ef6c4a974,frontend/src/pages/Settings.tsx,109,function,anonymous_109,async (),prod,TypeScript,0,0,LOW,,unreachable_from_entrypoints
5b0ec520e7a5b5693f27f6a9c9b68250d61fa7c8,frontend/src/pages/Settings.tsx,148,function,anonymous_148,"(field: string, value: string)",prod,TypeScript,0,0,LOW,,unreachable_from_entrypoints
fbd6c7ffa719fa368f0ce4003322dd20288b1f29,frontend/src/pages/Settings.tsx,152,function,anonymous_152,"(field: string, value: string)",prod,TypeScript,0,0,LOW,,unreachable_from_entrypoints
3f2243148691f9fab0fa9fa25fec3f5f6f56e875,frontend/src/pages/Settings.tsx,156,function,anonymous_156,"(field: string, value: boolean)",prod,TypeScript,0,0,LOW,,unreachable_from_entrypoints
47460b259f3d23faf426da3b7f0bfc309ded96b6,frontend/src/pages/Settings.tsx,160,function,anonymous_160,async (),prod,TypeScript,0,0,LOW,,unreachable_from_entrypoints
46678f6575bc2d58f41a6a5fc0bb42b694cbc83f,frontend/src/pages/Settings.tsx,176,function,anonymous_176,async (),prod,TypeScript,0,0,LOW,,unreachable_from_entrypoints
4bcedff46a6b2cce51dc3cb7298ff45e8f32059b,frontend/src/pages/Settings.tsx,188,function,anonymous_188,async (),prod,TypeScript,0,0,LOW,,unreachable_from_entrypoints
2a0816a291e996d84983c7067f6bcd36df9cc8dd,frontend/src/pages/Settings.tsx,204,function,anonymous_204,async (),prod,TypeScript,0,0,LOW,,unreachable_from_entrypoints
49a63032a7129e0fe9c2f9b532363a3b6bf5b96d,frontend/src/pages/Settings.tsx,221,function,anonymous_221,async (),prod,TypeScript,0,0,LOW,,unreachable_from_entrypoints
ae076448ea7cb4d721cb56f608715f14c55f8816,frontend/src/pages/Settings.tsx,237,function,anonymous_237,async (),prod,TypeScript,0,0,LOW,,unreachable_from_entrypoints
0153ecf69f8216ade0ad3b956b153b8338a67810,frontend/src/pages/Settings.tsx,254,function,anonymous_254,async (),prod,TypeScript,0,0,LOW,,unreachable_from_entrypoints
4be08dd73dafd155ac0f9ccfb8a432ab85c78450,frontend/src/pages/Settings.tsx,265,function,anonymous_265,async (),prod,TypeScript,0,0,LOW,,unreachable_from_entrypoints
b4a6fed73323e5594055d1fe69ede1837c624645,frontend/src/pages/Settings.tsx,269,function,anonymous_269,async (),prod,TypeScript,0,0,LOW,,unreachable_from_entrypoints
5d7e4946166d4e9866d841db6dfcae9e61897b37,frontend/src/pages/Settings.tsx,282,function,anonymous_282,(),prod,TypeScript,0,0,LOW,,unreachable_from_entrypoints
4d427d483b7ebca71cf1baa666852ca111c43450,frontend/src/pages/Settings.tsx,316,function,anonymous_316,(),prod,TypeScript,0,0,LOW,,unreachable_from_entrypoints
670434d4417d4931d4d3809c4e5fc02c3d53d0e5,frontend/src/pages/Settings.tsx,317,function,anonymous_317,(),prod,TypeScript,0,0,LOW,,unreachable_from_entrypoints
bc3212658b0a5d70ae75d0105ab4ca190f0a4a66,frontend/src/pages/Settings.tsx,326,function,anonymous_326,(e),prod,TypeScript,0,0,LOW,,unreachable_from_entrypoints
f930f1fc0b7ba87a901925703b948602f904e6a4,frontend/src/pages/Settings.tsx,336,function,anonymous_336,(e),prod,TypeScript,0,0,LOW,,unreachable_from_entrypoints
3e48ae6096bfcea83a2ea2b3765ba01e8368eb8d,frontend/src/pages/Settings.tsx,347,function,anonymous_347,(e),prod,TypeScript,0,0,LOW,,unreachable_from_entrypoints
0adaa5fcfbaccdc28827c73d85e2188e8dfa2621,frontend/src/pages/Settings.tsx,389,function,anonymous_389,(val),prod,TypeScript,0,0,LOW,,unreachable_from_entrypoints
9cc38bd8f669102e00c36c69c5a7bff4876fe6e6,frontend/src/pages/Settings.tsx,398,function,anonymous_398,(val),prod,TypeScript,0,0,LOW,,unreachable_from_entrypoints
41df06127aafd3f2d5070e68b3c868839512fc1a,frontend/src/pages/Settings.tsx,406,function,anonymous_406,(val),prod,TypeScript,0,0,LOW,,unreachable_from_entrypoints
691ee0e6d99a443fa44fc29617777ac6ae82fe46,frontend/src/pages/Settings.tsx,426,function,anonymous_426,(val),prod,TypeScript,0,0,LOW,,unreachable_from_entrypoints
21b98555e72a92861e31434d2b59808df80125bc,frontend/src/pages/Settings.tsx,434,function,anonymous_434,(val),prod,TypeScript,0,0,LOW,,unreachable_from_entrypoints
9a5c7aa6dd26685c9f72fe211b2e010dc45e3f5b,frontend/src/pages/Settings.tsx,445,function,anonymous_445,(val),prod,TypeScript,0,0,LOW,,unreachable_from_entrypoints
842abaf18d3694cc736d2b808b29697056ae5b1b,frontend/src/pages/Settings.tsx,451,function,anonymous_451,async (),prod,TypeScript,0,0,LOW,,unreachable_from_entrypoints
ac43b5b7474260498f38e0e958fbfe1b327c04ba,frontend/src/pages/Settings.tsx,471,function,anonymous_471,(val),prod,TypeScript,0,0,LOW,,unreachable_from_entrypoints
0fdd29a195790c0cb328b5f9d5c67d74977e6d4e,frontend/src/pages/Settings.tsx,479,function,anonymous_479,(val),prod,TypeScript,0,0,LOW,,unreachable_from_entrypoints
ad62ccd47a28e60b67cacb25a71e7628a63498cf,frontend/src/pages/Settings.tsx,490,function,anonymous_490,(val),prod,TypeScript,0,0,LOW,,unreachable_from_entrypoints
b2be0c265398b0c2c67730f4501e74a436eece64,frontend/src/pages/Settings.tsx,496,function,anonymous_496,async (),prod,TypeScript,0,0,LOW,,unreachable_from_entrypoints
9d8f2514779d4ed4fbbd2d6ebfccdcdb44c6faa2,frontend/src/pages/Settings.tsx,516,function,anonymous_516,(val),prod,TypeScript,0,0,LOW,,unreachable_from_entrypoints
759b6ad5a05a7fc5f490356bd2306a9e074c7807,frontend/src/pages/Settings.tsx,523,function,anonymous_523,(val),prod,TypeScript,0,0,LOW,,unreachable_from_entrypoints
2d3cf01a4a44cea3b6c460fe667963c7a8697246,frontend/src/pages/Settings.tsx,530,function,anonymous_530,(val),prod,TypeScript,0,0,LOW,,unreachable_from_entrypoints
f3f0c36cca03be6933fcb5e59375c0e8087544e8,frontend/src/pages/Settings.tsx,538,function,anonymous_538,async (),prod,TypeScript,0,0,LOW,,unreachable_from_entrypoints
74494df30d030611b92e2eddc03c7653462c6050,frontend/src/pages/Settings.tsx,567,function,anonymous_567,(e),prod,TypeScript,0,0,LOW,,unreachable_from_entrypoints
5d9cafbc316034fd0bfe94df6391bfef36c59180,frontend/src/pages/Settings.tsx,581,function,anonymous_581,(e),prod,TypeScript,0,0,LOW,,unreachable_from_entrypoints
f30d230a828afa0a12db03c6429b13eb22df8ffe,frontend/src/pages/Settings.tsx,595,function,anonymous_595,(e),prod,TypeScript,0,0,LOW,,unreachable_from_entrypoints
16cff4adf91336666665916c1702027e45b92ada,frontend/src/pages/Settings.tsx,609,function,anonymous_609,(e),prod,TypeScript,0,0,LOW,,unreachable_from_entrypoints
50922014a23b6dd23ac8d30f2563e0027f5cfdbe,frontend/src/pages/Settings.tsx,655,function,anonymous_655,(e),prod,TypeScript,0,0,LOW,,unreachable_from_entrypoints
e4829caca51a2ba9bbfd7b2f7f9e4c699fd78ed3,frontend/src/pages/Settings.tsx,655,function,anonymous_655,prev,prod,TypeScript,0,0,LOW,,unreachable_from_entrypoints
6e9c46caf8ae081dda53e67352d9ee7428295d31,frontend/src/pages/Settings.tsx,674,function,anonymous_674,(e),prod,TypeScript,0,0,LOW,,unreachable_from_entrypoints
a1d9abea31695434b0649751f158dcf4dedf840d,frontend/src/pages/Settings.tsx,674,function,anonymous_674,prev,prod,TypeScript,0,0,LOW,,unreachable_from_entrypoints
5b766dda513bd09507eb4ab603016cf7ffda1392,frontend/src/pages/Settings.tsx,683,function,anonymous_683,(e),prod,TypeScript,0,0,LOW,,unreachable_from_entrypoints
bc1ec79142a370661b4d7aea24facaa59ba69f64,frontend/src/pages/Settings.tsx,683,function,anonymous_683,prev,prod,TypeScript,0,0,LOW,,unreachable_from_entrypoints
9277eade5ca8f8be268b2bebe87c98d65e063e94,frontend/src/pages/Settings.tsx,701,function,anonymous_701,prev,prod,TypeScript,0,0,LOW,,unreachable_from_entrypoints
c323446cb89e5ec476fcffba8646f571df97ea1e,frontend/src/pages/Settings.tsx,701,function,anonymous_701,(e),prod,TypeScript,0,0,LOW,,unreachable_from_entrypoints
3c2c817e3a1b839663c58e26342a5cedbb01361c,frontend/src/pages/Settings.tsx,725,function,anonymous_725,(),prod,TypeScript,0,0,LOW,,unreachable_from_entrypoints
4f43bcf9a0f10f3e38a6a86a40da51270ecc7186,frontend/src/pages/SprintCapacity.tsx,33,function,TabPanel,(,prod,TypeScript,0,0,LOW,,unreachable_from_entrypoints
82e3f3c27910d0efa18ec3918036af1b5c6d9157,frontend/src/pages/SprintCapacity.tsx,39,function,SprintCapacity,(),prod,TypeScript,0,0,LOW,,unreachable_from_entrypoints
7b0ba6b05bb053e7aeef5de90e20d59566dfc091,frontend/src/pages/SprintCapacity.tsx,48,function,anonymous_48,(),prod,TypeScript,0,0,LOW,,unreachable_from_entrypoints
98f1a3e985b8bfb2ae9b105082f26cf875c294a4,frontend/src/pages/SprintCapacity.tsx,49,function,anonymous_49,async (),prod,TypeScript,0,0,LOW,,unreachable_from_entrypoints
52979ff4d783f1b9cd4d9dd23e71f46db88b268f,frontend/src/pages/SprintCapacity.tsx,65,function,anonymous_65,(),prod,TypeScript,0,0,LOW,,unreachable_from_entrypoints
1c21d4077b51032e99f1b14125ef331a1650cb07,frontend/src/pages/SprintCapacity.tsx,71,function,anonymous_71,async (),prod,TypeScript,0,0,LOW,,unreachable_from_entrypoints
755a3657a8bae914ffc4ff87647a656240e1ff31,frontend/src/pages/SprintCapacity.tsx,76,function,anonymous_76,(s),prod,TypeScript,0,0,LOW,,unreachable_from_entrypoints
b8ecae2eaa88b703bc2e5f649a20686849256ff0,frontend/src/pages/SprintCapacity.tsx,111,function,anonymous_111,(e),prod,TypeScript,0,0,LOW,,unreachable_from_entrypoints
e903c16db7bbadbc545e86df1c58e21ea4f7eea5,frontend/src/pages/SprintCapacity.tsx,113,function,anonymous_113,(p),prod,TypeScript,0,0,LOW,,unreachable_from_entrypoints
259e617396bc3c3865da54cb9405461cb3292517,frontend/src/pages/SprintCapacity.tsx,127,function,anonymous_127,(e),prod,TypeScript,0,0,LOW,,unreachable_from_entrypoints
fe7dc8be30ad5d8b440685c42ce83299bec0228e,frontend/src/pages/SprintCapacity.tsx,130,function,anonymous_130,(s),prod,TypeScript,0,0,LOW,,unreachable_from_entrypoints
cc963853b51736d0059a9e853684e6ba1900ae59,frontend/src/pages/SprintCapacity.tsx,153,function,anonymous_153,"(_, v)",prod,TypeScript,0,0,LOW,,unreachable_from_entrypoints
241bbff2fd2ab1d6a48275c0e9153869a004fce8,frontend/src/pages/Tasks.tsx,36,function,getStatusChipColor,(status: string): 'default' | 'primary' | 'secondary' | 'error' | 'info' | 'success' | 'warning',prod,TypeScript,1,0,LOW,,unreachable_from_entrypoints
5b4a0a7cd7e7ee630400699e7008b3c0f7b832e5,frontend/src/pages/Tasks.tsx,53,function,getPriorityChipColor,(priority?: string | null): 'default' | 'primary' | 'secondary' | 'error' | 'info' | 'success' | 'warning',prod,TypeScript,1,0,LOW,,unreachable_from_entrypoints
901edd0798c0400549fa31c519226e527b669432,frontend/src/pages/Tasks.tsx,68,function,Tasks,(),prod,TypeScript,0,0,LOW,,unreachable_from_entrypoints
40193370ffcc3e490521d745f2e1402f7d8fb32f,frontend/src/pages/Tasks.tsx,84,function,anonymous_84,(),prod,TypeScript,0,0,LOW,,unreachable_from_entrypoints
62d364facd02c49171852daa7d5b1174fe1773c0,frontend/src/pages/Tasks.tsx,84,function,anonymous_84,(p),prod,TypeScript,0,0,LOW,,unreachable_from_entrypoints
68ca76e97f1f4da3e76635db2d38303b253a0fc5,frontend/src/pages/Tasks.tsx,86,function,anonymous_86,async (),prod,TypeScript,0,0,LOW,,unreachable_from_entrypoints
411e6462b5c89656ec0d487ee1a1be2edc624c4c,frontend/src/pages/Tasks.tsx,89,function,anonymous_89,(p),prod,TypeScript,0,0,LOW,,unreachable_from_entrypoints
719e552b8ee355285aaca454e276f5c7029714e0,frontend/src/pages/Tasks.tsx,90,function,anonymous_90,(p),prod,TypeScript,0,0,LOW,,unreachable_from_entrypoints
12e77be853ba53b8a4d603f3445776f8261a350c,frontend/src/pages/Tasks.tsx,92,function,anonymous_92,(),prod,TypeScript,0,0,LOW,,unreachable_from_entrypoints
2139f404230d843d07e327460166d755f8c190ec,frontend/src/pages/Tasks.tsx,102,function,anonymous_102,(task): TaskRow,prod,TypeScript,0,0,LOW,,unreachable_from_entrypoints
1bfa0a755e8b7888a025a54ec8406cc122acac40,frontend/src/pages/Tasks.tsx,120,function,anonymous_120,(),prod,TypeScript,0,0,LOW,,unreachable_from_entrypoints
a4781338c0d570580b60b531b6955977cacc94ed,frontend/src/pages/Tasks.tsx,121,function,anonymous_121,async (),prod,TypeScript,0,0,LOW,,unreachable_from_entrypoints
62689f235591e561af874f4fe4afab9f6e5b5aa0,frontend/src/pages/Tasks.tsx,124,function,anonymous_124,(),prod,TypeScript,0,0,LOW,,unreachable_from_entrypoints
a725fb5ff9675b857044fc6e7b77204bfcfbd15b,frontend/src/pages/Tasks.tsx,135,function,anonymous_135,(),prod,TypeScript,0,0,LOW,,unreachable_from_entrypoints
0cf170960fec86cc6f6e3e06db07c5afa1a052da,frontend/src/pages/Tasks.tsx,139,function,anonymous_139,(task: TaskRow),prod,TypeScript,0,0,LOW,,unreachable_from_entrypoints
1ee4186646195ce389aa01d396f2669d4dca6bc3,frontend/src/pages/Tasks.tsx,144,function,anonymous_144,(),prod,TypeScript,0,0,LOW,,unreachable_from_entrypoints
e197ab4c56be87b99bc3e0ed249db1247273f7fc,frontend/src/pages/Tasks.tsx,149,function,anonymous_149,async (),prod,TypeScript,0,0,LOW,,unreachable_from_entrypoints
07082fc48c4db457227c739c3eea65dd6e23aad6,frontend/src/pages/Tasks.tsx,173,function,anonymous_173,(),prod,TypeScript,0,0,LOW,,unreachable_from_entrypoints
69933c570be9b2149f2acf8390bce21ddb0c1d49,frontend/src/pages/Tasks.tsx,180,function,anonymous_180,(params),prod,TypeScript,0,0,LOW,,unreachable_from_entrypoints
07a444175c4b06d6cdc1eb0271ff211400afbd21,frontend/src/pages/Tasks.tsx,188,function,anonymous_188,(params),prod,TypeScript,0,0,LOW,,unreachable_from_entrypoints
b3a08bb3a0df6be5f59d5b609f0175433c16f1ae,frontend/src/pages/Tasks.tsx,202,function,anonymous_202,(params),prod,TypeScript,0,0,LOW,,unreachable_from_entrypoints
9a5d0b4a4ba22d55882ae04fecbbf4891eae0101,frontend/src/pages/Tasks.tsx,209,function,anonymous_209,(params),prod,TypeScript,0,0,LOW,,unreachable_from_entrypoints
05405472deb5ca0b906c3831825849c97d93f133,frontend/src/pages/Tasks.tsx,215,function,anonymous_215,(params),prod,TypeScript,0,0,LOW,,unreachable_from_entrypoints
7dbd14579aa9c331d1ae82efdaee7b37877ea0fc,frontend/src/pages/Tasks.tsx,220,function,anonymous_220,(params),prod,TypeScript,0,0,LOW,,unreachable_from_entrypoints
b0df6a3d2ab66506476a61933aba5f1df06904ac,frontend/src/pages/Tasks.tsx,234,function,anonymous_234,(params),prod,TypeScript,0,0,LOW,,unreachable_from_entrypoints
fdcf673d4f073dfe00656bfb221a705ae8336dec,frontend/src/pages/Tasks.tsx,235,function,anonymous_235,(params),prod,TypeScript,0,0,LOW,,unreachable_from_entrypoints
86a5d2580ad67784f64d08aceb3239f64dc1417b,frontend/src/pages/Tasks.tsx,243,function,anonymous_243,(params),prod,TypeScript,0,0,LOW,,unreachable_from_entrypoints
8d33b580d1bb937c5fbadeb94c301c57210fc81d,frontend/src/pages/Tasks.tsx,244,function,anonymous_244,(),prod,TypeScript,0,0,LOW,,unreachable_from_entrypoints
70fc5e235ca5985d4ee5dc914816fc4e30407a1a,frontend/src/pages/Tasks.tsx,249,function,anonymous_249,"(field: keyof typeof defaultFilters, value: string)",prod,TypeScript,0,0,LOW,,unreachable_from_entrypoints
b742fd9fae6c0025aabcc8fa57ce12ef91a19fcd,frontend/src/pages/Tasks.tsx,250,function,anonymous_250,(prev),prod,TypeScript,0,0,LOW,,unreachable_from_entrypoints
af2bbc60c71530320c80f263bd6a9650553aa6eb,frontend/src/pages/Tasks.tsx,252,function,anonymous_252,(prev),prod,TypeScript,0,0,LOW,,unreachable_from_entrypoints
001a9c09a9246f7a13a98708a58e2a39fa4b9644,frontend/src/pages/Tasks.tsx,255,function,anonymous_255,(),prod,TypeScript,0,0,LOW,,unreachable_from_entrypoints
780b713fca8f1dbb3c469ee498e41fcfeda3fcbe,frontend/src/pages/Tasks.tsx,278,function,anonymous_278,(e),prod,TypeScript,0,0,LOW,,unreachable_from_entrypoints
35655d96e632a067adf1827d89d8b1769d2c98fd,frontend/src/pages/Tasks.tsx,290,function,anonymous_290,(e),prod,TypeScript,0,0,LOW,,unreachable_from_entrypoints
816efa0d8292ed91a0eb1a6cac0689309c6c4ab2,frontend/src/pages/Tasks.tsx,295,function,anonymous_295,(e),prod,TypeScript,0,0,LOW,,unreachable_from_entrypoints
b2affad791f24a231877e5ddcc6502c827a1c477,frontend/src/pages/Tasks.tsx,297,function,anonymous_297,(p),prod,TypeScript,0,0,LOW,,unreachable_from_entrypoints
a7668455c215f62b6473e40751d85eff200386c9,frontend/src/pages/Tasks.tsx,304,function,anonymous_304,(),prod,TypeScript,0,0,LOW,,unreachable_from_entrypoints
124aebb97856c364ec0447cd706abe58e360fe18,frontend/src/pages/Tasks.tsx,306,function,anonymous_306,(prev),prod,TypeScript,0,0,LOW,,unreachable_from_entrypoints
14ca563775a4260af98f0283ec6d37000f6e91db,frontend/src/pages/Tasks.tsx,345,function,anonymous_345,(e),prod,TypeScript,0,0,LOW,,unreachable_from_entrypoints
08b3b1888e7327c6b73596e467e041d731883543,frontend/src/pages/Tasks.tsx,346,function,anonymous_346,(prev),prod,TypeScript,0,0,LOW,,unreachable_from_entrypoints
064edde5d28be1322328e5a063eb4fda07153355,frontend/src/pages/Tasks.tsx,364,function,anonymous_364,(),prod,TypeScript,0,0,LOW,,unreachable_from_entrypoints
9c75e3eab76d92b1c6b6951da6e32ba367aece0f,frontend/src/pages/Tasks.tsx,364,function,anonymous_364,(prev),prod,TypeScript,0,0,LOW,,unreachable_from_entrypoints
9e6a5961cd01b01ec64df008d952d1baf329e03b,frontend/src/pages/Tasks.tsx,369,function,anonymous_369,(),prod,TypeScript,0,0,LOW,,unreachable_from_entrypoints
ee7bf8f8cdfe80d13dec9c298b4acf379566a7a6,frontend/src/pages/Tasks.tsx,369,function,anonymous_369,(prev),prod,TypeScript,0,0,LOW,,unreachable_from_entrypoints
e2a308fa7f2c9253f9ad59bdca44e9650e2dc9e6,frontend/src/pages/Testing.tsx,27,function,TabPanel,function TabPanel(,prod,TypeScript,0,0,LOW,,unreachable_from_entrypoints
886e047fbd3cecf45f00bdc57efdde0dd4f9d62e,frontend/src/pages/Testing.tsx,44,function,Testing,(),prod,TypeScript,0,0,LOW,,unreachable_from_entrypoints
00fc022b5c64f1ecef1740bdafaa627915330d48,frontend/src/pages/Testing.tsx,67,function,anonymous_67,async (),prod,TypeScript,0,0,LOW,,unreachable_from_entrypoints
60163030090ed7c6da343fdfdb315d82cdd51760,frontend/src/pages/Testing.tsx,67,function,anonymous_67,(),prod,TypeScript,0,0,LOW,,unreachable_from_entrypoints
90c5073ff1b0a372392ebc4f816e3cd54e3811bb,frontend/src/pages/Testing.tsx,68,function,anonymous_68,(),prod,TypeScript,0,0,LOW,,unreachable_from_entrypoints
b786f99ee4e7e44e359048d7d2d792a0b031525f,frontend/src/pages/Testing.tsx,68,function,anonymous_68,async (),prod,TypeScript,0,0,LOW,,unreachable_from_entrypoints
2ae9defa5e81123aedeaf89b9e452353769c9645,frontend/src/pages/Testing.tsx,94,function,anonymous_94,(r: TestResult),prod,TypeScript,0,0,LOW,,unreachable_from_entrypoints
7538a1152a8c954f2a77b7908b85ceda81920e01,frontend/src/pages/Testing.tsx,103,function,anonymous_103,"([day, v])",prod,TypeScript,0,0,LOW,,unreachable_from_entrypoints
adc8e7b6d756b8b790e57cdff6808e7ad1d773d5,frontend/src/pages/Testing.tsx,103,function,anonymous_103,"(a,b)",prod,TypeScript,0,0,LOW,,unreachable_from_entrypoints
63729fefa02c2894aa551044b9e0c8a22610e22a,frontend/src/pages/Testing.tsx,107,function,anonymous_107,(r: TestResult),prod,TypeScript,0,0,LOW,,unreachable_from_entrypoints
93519976d2590d1c7f29d8578c91cbf797a44971,frontend/src/pages/Testing.tsx,115,function,anonymous_115,"([_, t])",prod,TypeScript,0,0,LOW,,unreachable_from_entrypoints
0647b4fbbe77bf15164c284eedee863ba3e4581c,frontend/src/pages/Testing.tsx,116,function,anonymous_116,"([id, t])",prod,TypeScript,0,0,LOW,,unreachable_from_entrypoints
d4d0f53c690af46277d26a76b6bafa24ebfad51e,frontend/src/pages/Testing.tsx,123,function,anonymous_123,t,prod,TypeScript,0,0,LOW,,unreachable_from_entrypoints
02b7c69b57e910e255ce94f089129144f6dc8196,frontend/src/pages/Testing.tsx,124,function,anonymous_124,"(a,b)",prod,TypeScript,0,0,LOW,,unreachable_from_entrypoints
0f50ed0d7721a60b4097b458abf322e416838bb9,frontend/src/pages/Testing.tsx,132,function,anonymous_132,(p),prod,TypeScript,0,0,LOW,,unreachable_from_entrypoints
f16af80e45b6ca874ec13098164ac5d1869e47a5,frontend/src/pages/Testing.tsx,133,function,anonymous_133,(p),prod,TypeScript,0,0,LOW,,unreachable_from_entrypoints
5a2062b79eb57e8222bfe1e98b36a50a5cf4114d,frontend/src/pages/Testing.tsx,140,function,anonymous_140,(p),prod,TypeScript,0,0,LOW,,unreachable_from_entrypoints
7097dd1864e5501fc2d32742470d9f3c28b2907f,frontend/src/pages/Testing.tsx,141,function,anonymous_141,async (),prod,TypeScript,0,0,LOW,,unreachable_from_entrypoints
b762433112a63cebf7c0ce50663e777ce93c9c5d,frontend/src/pages/Testing.tsx,146,function,anonymous_146,(r: TestResult),prod,TypeScript,0,0,LOW,,unreachable_from_entrypoints
23fce292c170ecd849a1d77475afdb62327c7acd,frontend/src/pages/Testing.tsx,155,function,anonymous_155,(),prod,TypeScript,0,0,LOW,,unreachable_from_entrypoints
94542538f8964fbc3ae54b966d163f91d3955749,frontend/src/pages/Testing.tsx,156,function,anonymous_156,(d),prod,TypeScript,0,0,LOW,,unreachable_from_entrypoints
ade09cb196ced35448f4cbdf2ba8a32b3b8cc8fb,frontend/src/pages/Testing.tsx,158,function,anonymous_158,(d),prod,TypeScript,0,0,LOW,,unreachable_from_entrypoints
6f4413a1e66c55071d7d55205d9d4e57866a7a97,frontend/src/pages/Testing.tsx,159,function,anonymous_159,(d),prod,TypeScript,0,0,LOW,,unreachable_from_entrypoints
9e72aed0487326f6a0b415a928bc325b2bd26355,frontend/src/pages/Testing.tsx,163,function,anonymous_163,(),prod,TypeScript,0,0,LOW,,unreachable_from_entrypoints
57ee5af9bd1b8fb3e8e150fba0ad1106d85a4ea7,frontend/src/pages/Testing.tsx,164,function,anonymous_164,(d),prod,TypeScript,0,0,LOW,,unreachable_from_entrypoints
069c3a39ac80c5d89d53c496acd659a6cc7053a7,frontend/src/pages/Testing.tsx,166,function,anonymous_166,(d),prod,TypeScript,0,0,LOW,,unreachable_from_entrypoints
96f35ddf289b28b7ef15b73cbaae8443da6fdcf5,frontend/src/pages/Testing.tsx,167,function,anonymous_167,(d),prod,TypeScript,0,0,LOW,,unreachable_from_entrypoints
209910b012b39dfe9a4cd51d4fa2c4246c5f6715,frontend/src/pages/Testing.tsx,171,function,anonymous_171,(),prod,TypeScript,0,0,LOW,,unreachable_from_entrypoints
9b06428f6794a0de9a179b6e4084f45f84c7d5dc,frontend/src/pages/Testing.tsx,172,function,anonymous_172,d,prod,TypeScript,0,0,LOW,,unreachable_from_entrypoints
7eceb7b553735ba360db8c157fc44b9d5b38e5a4,frontend/src/pages/Testing.tsx,174,function,anonymous_174,d,prod,TypeScript,0,0,LOW,,unreachable_from_entrypoints
ae9c80d0036be7f2795c327a76d8f64f49bf75b4,frontend/src/pages/Testing.tsx,178,function,anonymous_178,(),prod,TypeScript,0,0,LOW,,unreachable_from_entrypoints
a6a6113a4d1e04fc482ba5674a8d8f9eb980a7da,frontend/src/pages/Testing.tsx,180,function,anonymous_180,(c),prod,TypeScript,0,0,LOW,,unreachable_from_entrypoints
79a819de4a0ca71320b6289987fc95a5960a1c32,frontend/src/pages/Testing.tsx,181,function,anonymous_181,(c),prod,TypeScript,0,0,LOW,,unreachable_from_entrypoints
49e11ff81d92af596084275960a8303f0f7e129f,frontend/src/pages/Testing.tsx,196,function,anonymous_196,(e),prod,TypeScript,0,0,LOW,,unreachable_from_entrypoints
6e6b39e521728a9f9d8b86b55807f469cf95dfff,frontend/src/pages/Testing.tsx,197,function,anonymous_197,(p),prod,TypeScript,0,0,LOW,,unreachable_from_entrypoints
03d3370804621643155614b077771bc00ede16ba,frontend/src/pages/Testing.tsx,203,function,anonymous_203,"(_, v)",prod,TypeScript,0,0,LOW,,unreachable_from_entrypoints
f4aa81cc2bae13e22b3f3fc616cf05783168435c,frontend/src/pages/Testing.tsx,211,function,anonymous_211,"(_, v)",prod,TypeScript,0,0,LOW,,unreachable_from_entrypoints
fb7e4056fb540a0ef24f71b8b42111a7979f2a82,frontend/src/pages/Testing.tsx,219,function,anonymous_219,(e),prod,TypeScript,0,0,LOW,,unreachable_from_entrypoints
9ec43f877cab1cf2a67b0f8ef628bd30fd25cea0,frontend/src/pages/Testing.tsx,240,function,anonymous_240,(),prod,TypeScript,0,0,LOW,,unreachable_from_entrypoints
8d10796df5cffc787a1baf82c5363dfa27e01f5d,frontend/src/pages/Testing.tsx,244,function,anonymous_244,(),prod,TypeScript,0,0,LOW,,unreachable_from_entrypoints
43d1500abe20f51f56ee42cde40b73536cad0a35,frontend/src/pages/Testing.tsx,266,function,anonymous_266,(r),prod,TypeScript,0,0,LOW,,unreachable_from_entrypoints
ff3f93356425c1d41823f7a4d32f7648e2d0707d,frontend/src/pages/Testing.tsx,274,function,anonymous_274,(),prod,TypeScript,0,0,LOW,,unreachable_from_entrypoints
431a1807f01d8cacc2d38b8032a5bd6ce2f48009,frontend/src/pages/Testing.tsx,278,function,anonymous_278,h,prod,TypeScript,0,0,LOW,,unreachable_from_entrypoints
6e14d8105e4cd66dbb157e3058e109ddad9d2622,frontend/src/pages/Testing.tsx,278,function,anonymous_278,(r),prod,TypeScript,0,0,LOW,,unreachable_from_entrypoints
9b976f179c0e271619ea3c27a7bd966d7af02400,frontend/src/pages/Testing.tsx,283,function,anonymous_283,(),prod,TypeScript,0,0,LOW,,unreachable_from_entrypoints
1360703f6847d03831c73a5290bdc92af1f153e1,frontend/src/pages/Testing.tsx,286,function,anonymous_286,h,prod,TypeScript,0,0,LOW,,unreachable_from_entrypoints
1b679b34bf7d57dc7ab8cfc1a6c28dc462814f33,frontend/src/pages/Testing.tsx,286,function,anonymous_286,(f),prod,TypeScript,0,0,LOW,,unreachable_from_entrypoints
f551594331ceb7e07b2ecaa31d6e046247fc44fb,frontend/src/pages/Testing.tsx,329,function,anonymous_329,(t),prod,TypeScript,0,0,LOW,,unreachable_from_entrypoints
1e49a73d9b34d6737de0e090bc6e789a83599d63,frontend/src/pages/Testing.tsx,350,function,anonymous_350,(c),prod,TypeScript,0,0,LOW,,unreachable_from_entrypoints
f1d74a9da897567229046983f3cbeb7e942c2b6e,frontend/src/pages/Testing.tsx,375,function,anonymous_375,async(),prod,TypeScript,0,0,LOW,,unreachable_from_entrypoints
52212506ba450b6cf6260e5bab1b9afff3af7fc9,frontend/src/pages/Testing.tsx,379,function,anonymous_379,(m),prod,TypeScript,0,0,LOW,,unreachable_from_entrypoints
cab7e85c371225fd6845395bf43515e88b911192,frontend/src/pages/Testing.tsx,385,function,anonymous_385,(f),prod,TypeScript,0,0,LOW,,unreachable_from_entrypoints
a7e943ce92c0b9451b988cc4dad10f3e0f615d32,frontend/src/pages/Testing.tsx,411,function,anonymous_411,(e),prod,TypeScript,0,0,LOW,,unreachable_from_entrypoints
d04e903b70b13a562c45f4d883d510818d159deb,frontend/src/pages/Testing.tsx,412,function,anonymous_412,(c),prod,TypeScript,0,0,LOW,,unreachable_from_entrypoints
ef0aded6fa81a10b2051507f767c5dd7c5960011,frontend/src/pages/Testing.tsx,419,function,anonymous_419,(e),prod,TypeScript,0,0,LOW,,unreachable_from_entrypoints
e67d66f0a8f22649c55b496d69d6c4f8a3d39aa6,frontend/src/pages/Testing.tsx,420,function,anonymous_420,(c),prod,TypeScript,0,0,LOW,,unreachable_from_entrypoints
bb3b77fcbf2ba07aaf88fcdc42587a88c827d15e,frontend/src/pages/Testing.tsx,455,function,anonymous_455,(),prod,TypeScript,0,0,LOW,,unreachable_from_entrypoints
b182ba1117c693ddd09ec7ea594327228e9ebc8e,frontend/src/pages/Testing.tsx,461,function,anonymous_461,"(r, idx)",prod,TypeScript,0,0,LOW,,unreachable_from_entrypoints
fdcb3058b2a8db5a18cf52d60fbbaf8349cbf034,frontend/src/pages/Testing.tsx,473,function,anonymous_473,(),prod,TypeScript,0,0,LOW,,unreachable_from_entrypoints
5ed727c7a90ec12f34eb61b9bb6fd085e72a681e,frontend/src/pages/Traceability.tsx,94,function,Traceability,(),prod,TypeScript,0,0,LOW,,unreachable_from_entrypoints
2737379e95f088c7a24b28d2ccb04e552ce86b88,frontend/src/pages/Traceability.tsx,118,function,anonymous_118,(),prod,TypeScript,0,0,LOW,,unreachable_from_entrypoints
dc921fd2e2adc7ba17c47d087294ea24fa783e47,frontend/src/pages/Traceability.tsx,120,function,anonymous_120,async (),prod,TypeScript,0,0,LOW,,unreachable_from_entrypoints
b7c0e37e3a309c7d98aca5fa9a09a11d535ced6d,frontend/src/pages/Traceability.tsx,127,function,anonymous_127,prev,prod,TypeScript,0,0,LOW,,unreachable_from_entrypoints
adb1c1b1042c8897b8cfa60257d5c72ec2be256b,frontend/src/pages/Traceability.tsx,131,function,anonymous_131,p,prod,TypeScript,0,0,LOW,,unreachable_from_entrypoints
76f28c85bcf9d7755e56ca46503a14e425982722,frontend/src/pages/Traceability.tsx,148,function,anonymous_148,(),prod,TypeScript,0,0,LOW,,unreachable_from_entrypoints
9642ae380fd37bb7c1b2c2f89f329ba115463c17,frontend/src/pages/Traceability.tsx,153,function,anonymous_153,async (opts?:,prod,TypeScript,0,0,LOW,,unreachable_from_entrypoints
3a88c8399e85be202e0ef20cf5bdbec86dd3381e,frontend/src/pages/Traceability.tsx,172,function,anonymous_172,(),prod,TypeScript,0,0,LOW,,unreachable_from_entrypoints
5e5bfa7bee659609aa76d87b6b9395f874fb7297,frontend/src/pages/Traceability.tsx,177,function,anonymous_177,p,prod,TypeScript,0,0,LOW,,unreachable_from_entrypoints
7c84c56d75bb59afd990faa9ebbafd5ea443f8c8,frontend/src/pages/Traceability.tsx,177,function,anonymous_177,(),prod,TypeScript,0,0,LOW,,unreachable_from_entrypoints
972360b1afdb53f5a7031fbf4aebbe2a2dc39ca4,frontend/src/pages/Traceability.tsx,181,function,anonymous_181,(),prod,TypeScript,0,0,LOW,,unreachable_from_entrypoints
fde80fb15e0e7d7f00b3acd25fbb4217d871edb7,frontend/src/pages/Traceability.tsx,184,function,anonymous_184,key,prod,TypeScript,0,0,LOW,,unreachable_from_entrypoints
5d42ec4a439bfc91056b8ccef34b564104768e8f,frontend/src/pages/Traceability.tsx,185,function,anonymous_185,key,prod,TypeScript,0,0,LOW,,unreachable_from_entrypoints
c3811d95c29f8eddf6d8c7da677d4df64d758f35,frontend/src/pages/Traceability.tsx,187,function,anonymous_187,type,prod,TypeScript,0,0,LOW,,unreachable_from_entrypoints
cd15c3dd146aded7c303cacaf2588cb7233ae088,frontend/src/pages/Traceability.tsx,199,function,anonymous_199,linkType,prod,TypeScript,0,0,LOW,,unreachable_from_entrypoints
70671a8bf685776b89f56308af52a0f2ff73b5ea,frontend/src/pages/Traceability.tsx,202,function,anonymous_202,"(acc, linkType)",prod,TypeScript,0,0,LOW,,unreachable_from_entrypoints
d856eda096c1aeab8cfb06bf947ff9302a63ce4a,frontend/src/pages/Traceability.tsx,224,function,anonymous_224,item,prod,TypeScript,0,0,LOW,,unreachable_from_entrypoints
5a0f98a2ee8c62a3b905d505139b47cf587483bd,frontend/src/pages/Traceability.tsx,241,function,anonymous_241,"(a, b)",prod,TypeScript,0,0,LOW,,unreachable_from_entrypoints
764c54852d5e019faa0aa3febe79d9cc54d0d7c3,frontend/src/pages/Traceability.tsx,246,function,anonymous_246,(),prod,TypeScript,0,0,LOW,,unreachable_from_entrypoints
102b2122cb5c1ac3eeaeb39e919f6cf36600facb,frontend/src/pages/Traceability.tsx,255,function,anonymous_255,(),prod,TypeScript,0,0,LOW,,unreachable_from_entrypoints
7acc1cd4bab1c32d798cda817a6ef8bc0d5ac1dd,frontend/src/pages/Traceability.tsx,259,function,anonymous_259,async (),prod,TypeScript,0,0,LOW,,unreachable_from_entrypoints
6a2e87f468f5841ba4928239c9e5e6cb026d3c3f,frontend/src/pages/Traceability.tsx,276,function,anonymous_276,(step),prod,TypeScript,0,0,LOW,,unreachable_from_entrypoints
b255bec17c4f44b915408db0d55f9c9587eb04f9,frontend/src/pages/Traceability.tsx,285,function,anonymous_285,async (),prod,TypeScript,0,0,LOW,,unreachable_from_entrypoints
e0ea757d194cb65dddeaf8881b6b9b94317f2a1b,frontend/src/pages/Traceability.tsx,288,function,anonymous_288,(resolve),prod,TypeScript,0,0,LOW,,unreachable_from_entrypoints
afb6ed56b2c19a0e654fb0dc8fe1cc263c69710e,frontend/src/pages/Traceability.tsx,289,function,anonymous_289,(prev),prod,TypeScript,0,0,LOW,,unreachable_from_entrypoints
61c7325c799c494efff3dfcc618a60736f06bc75,frontend/src/pages/Traceability.tsx,290,function,anonymous_290,"(step, idx)",prod,TypeScript,0,0,LOW,,unreachable_from_entrypoints
c0de83df6f65e356804a440d027259c222738625,frontend/src/pages/Traceability.tsx,311,function,anonymous_311,(prev),prod,TypeScript,0,0,LOW,,unreachable_from_entrypoints
694f2a93e699529dac4d6fdabcdbbb5c86460297,frontend/src/pages/Traceability.tsx,312,function,anonymous_312,(step),prod,TypeScript,0,0,LOW,,unreachable_from_entrypoints
8b27fe421fa8b1a5922cdbf3289319f3441dded5,frontend/src/pages/Traceability.tsx,324,function,anonymous_324,"(sum, repo)",prod,TypeScript,0,0,LOW,,unreachable_from_entrypoints
3ed032beaa61c378ed71b050ff4fbf906a57c52a,frontend/src/pages/Traceability.tsx,325,function,anonymous_325,"(sum, repo)",prod,TypeScript,0,0,LOW,,unreachable_from_entrypoints
b46badc4b02200d615ad9503ad72f5c85a780686,frontend/src/pages/Traceability.tsx,335,function,anonymous_335,(resolve),prod,TypeScript,0,0,LOW,,unreachable_from_entrypoints
c893742d4abc192242c69750622880266759c818,frontend/src/pages/Traceability.tsx,354,function,anonymous_354,(),prod,TypeScript,0,0,LOW,,unreachable_from_entrypoints
498bbd2f1aecbf450166f7333a8673e8b9045189,frontend/src/pages/Traceability.tsx,356,function,anonymous_356,node,prod,TypeScript,0,0,LOW,,unreachable_from_entrypoints
052df31f0ef6d5138fbe15fbb11d9db7f1ce5fe5,frontend/src/pages/Traceability.tsx,362,function,anonymous_362,(),prod,TypeScript,0,0,LOW,,unreachable_from_entrypoints
fa3c2d283bd565c7929e78b960bde04ec95bd4dd,frontend/src/pages/Traceability.tsx,364,function,anonymous_364,edge,prod,TypeScript,0,0,LOW,,unreachable_from_entrypoints
b4fc9dd6104f5be9656a01f1b4c8fc245ce4831a,frontend/src/pages/Traceability.tsx,372,function,anonymous_372,(),prod,TypeScript,0,0,LOW,,unreachable_from_entrypoints
61bac4d9bff8d817358317946e4f9b3f3b61feb5,frontend/src/pages/Traceability.tsx,374,function,anonymous_374,edge,prod,TypeScript,0,0,LOW,,unreachable_from_entrypoints
6c09600de41b796a6e9c346152009d73bc2d2d4f,frontend/src/pages/Traceability.tsx,382,function,anonymous_382,(),prod,TypeScript,0,0,LOW,,unreachable_from_entrypoints
c37d36e3178238dda1ee3707678ab47d44fc3615,frontend/src/pages/Traceability.tsx,392,function,anonymous_392,edge,prod,TypeScript,0,0,LOW,,unreachable_from_entrypoints
b108f6ae0db0506c6f1a02a441111eb2a7afafd4,frontend/src/pages/Traceability.tsx,399,function,anonymous_399,node,prod,TypeScript,0,0,LOW,,unreachable_from_entrypoints
9638ee2944f4efe30a79f0f85d606afc9ed44e9c,frontend/src/pages/Traceability.tsx,405,function,anonymous_405,"(depth, nodeId)",prod,TypeScript,0,0,LOW,,unreachable_from_entrypoints
9fdcb5cd942f7aab69228ad4e1727fae0f582812,frontend/src/pages/Traceability.tsx,413,function,anonymous_413,"(a, b)",prod,TypeScript,0,0,LOW,,unreachable_from_entrypoints
cab443f1fdcb0f3d26ca7a8a3cbe14f7e43f14b7,frontend/src/pages/Traceability.tsx,414,function,anonymous_414,"([depth, nodes])",prod,TypeScript,0,0,LOW,,unreachable_from_entrypoints
a8a567dab2139dcc3fd4d4a9a141f0ef0b618286,frontend/src/pages/Traceability.tsx,416,function,anonymous_416,"(a, b)",prod,TypeScript,0,0,LOW,,unreachable_from_entrypoints
b2e36aabd024fd3740d11755702823968936e44e,frontend/src/pages/Traceability.tsx,421,function,anonymous_421,(node?: TraceabilityFlowNode | null),prod,TypeScript,0,0,LOW,,unreachable_from_entrypoints
6e05558a70a760a3d06a32cd7fc08d5693424df6,frontend/src/pages/Traceability.tsx,429,function,anonymous_429,async (artifactId: number),prod,TypeScript,0,0,LOW,,unreachable_from_entrypoints
42730582b1a26b462a93210502826a13abc109ac,frontend/src/pages/Traceability.tsx,453,function,anonymous_453,(),prod,TypeScript,0,0,LOW,,unreachable_from_entrypoints
9a34e160da5eeedbec3eff0d4e21c90c43587e18,frontend/src/pages/Traceability.tsx,462,function,anonymous_462,async (),prod,TypeScript,0,0,LOW,,unreachable_from_entrypoints
c8dc7836ccbb5ca973a6b9c518b9c7b6dc6bd44b,frontend/src/pages/Traceability.tsx,493,function,anonymous_493,(),prod,TypeScript,0,0,LOW,,unreachable_from_entrypoints
e7fb0b366e50e8be9c081372b49ceb5938c17905,frontend/src/pages/Traceability.tsx,499,function,anonymous_499,(),prod,TypeScript,0,0,LOW,,unreachable_from_entrypoints
ed5c9b283028f3429321adc4e4ffbdd3d0601309,frontend/src/pages/Traceability.tsx,501,function,anonymous_501,node,prod,TypeScript,0,0,LOW,,unreachable_from_entrypoints
f5b88f35268fcb852fdc62b4475772e16ef44f4b,frontend/src/pages/Traceability.tsx,504,function,anonymous_504,(),prod,TypeScript,0,0,LOW,,unreachable_from_entrypoints
6390d3a04a0b91574d5eb27461495f234872841b,frontend/src/pages/Traceability.tsx,506,function,anonymous_506,edge,prod,TypeScript,0,0,LOW,,unreachable_from_entrypoints
b9c80f344b6df9de7c7dfe1a0c53ceb234b71228,frontend/src/pages/Traceability.tsx,509,function,anonymous_509,(),prod,TypeScript,0,0,LOW,,unreachable_from_entrypoints
adbda4b85935351e5dcb01bee641e747a70ad732,frontend/src/pages/Traceability.tsx,511,function,anonymous_511,edge,prod,TypeScript,0,0,LOW,,unreachable_from_entrypoints
ed74fc5d546f7a85210113e12aa34bebc05f52c3,frontend/src/pages/Traceability.tsx,514,function,anonymous_514,(value?: number | null),prod,TypeScript,0,0,LOW,,unreachable_from_entrypoints
463bc443d4fa76844f6193a8187e9242ea023db7,frontend/src/pages/Traceability.tsx,520,function,anonymous_520,(pct: number): 'success' | 'warning' | 'error',prod,TypeScript,0,0,LOW,,unreachable_from_entrypoints
ab87a8ecbcefa6696559237a7c695d47ec2c56b4,frontend/src/pages/Traceability.tsx,609,function,anonymous_609,event,prod,TypeScript,0,0,LOW,,unreachable_from_entrypoints
bcf111b5e7da167db097a835b14e3175b15bff3d,frontend/src/pages/Traceability.tsx,612,function,anonymous_612,project,prod,TypeScript,0,0,LOW,,unreachable_from_entrypoints
50976fdb8912c31ed7222c4adec05eb647f00c2b,frontend/src/pages/Traceability.tsx,627,function,anonymous_627,event,prod,TypeScript,0,0,LOW,,unreachable_from_entrypoints
d687f2573befe9fbce1706f7d1071c1796863119,frontend/src/pages/Traceability.tsx,638,function,anonymous_638,event,prod,TypeScript,0,0,LOW,,unreachable_from_entrypoints
795cd32d91e5ff98f09d4a4c70e0d503696e910a,frontend/src/pages/Traceability.tsx,779,function,anonymous_779,row,prod,TypeScript,0,0,LOW,,unreachable_from_entrypoints
e0e71f5bcafdaea2473c0d6e5fb32d342579c17c,frontend/src/pages/Traceability.tsx,830,function,anonymous_830,linkType,prod,TypeScript,0,0,LOW,,unreachable_from_entrypoints
fd0b67d266b707144257591e079b74e996aff7a0,frontend/src/pages/Traceability.tsx,882,function,anonymous_882,event,prod,TypeScript,0,0,LOW,,unreachable_from_entrypoints
430015a3fa0e7d1e8c3735f3b761e65c0f0170ac,frontend/src/pages/Traceability.tsx,902,function,anonymous_902,event,prod,TypeScript,0,0,LOW,,unreachable_from_entrypoints
2a8c893f2d7d63dc1c05bf85f61f329b48587f5b,frontend/src/pages/Traceability.tsx,921,function,anonymous_921,event,prod,TypeScript,0,0,LOW,,unreachable_from_entrypoints
1e8b0f352b21f5f5e772a1476bf9a7072f602fdb,frontend/src/pages/Traceability.tsx,950,function,anonymous_950,column,prod,TypeScript,0,0,LOW,,unreachable_from_entrypoints
c2a9584d7eae85c26e48e69067b2ce1e452ab33f,frontend/src/pages/Traceability.tsx,958,function,anonymous_958,node,prod,TypeScript,0,0,LOW,,unreachable_from_entrypoints
0a05335908a86ce335959d528b1bc43979b22a3d,frontend/src/pages/Traceability.tsx,965,function,anonymous_965,(),prod,TypeScript,0,0,LOW,,unreachable_from_entrypoints
d83cae7ba3af0718e15881ddcac4eddaaa01cbf9,frontend/src/pages/Traceability.tsx,981,function,anonymous_981,edge,prod,TypeScript,0,0,LOW,,unreachable_from_entrypoints
540de2203ae29a25ca2088134419b2a3ef5dbbcc,frontend/src/pages/Traceability.tsx,1024,function,anonymous_1024,(),prod,TypeScript,0,0,LOW,,unreachable_from_entrypoints
48624735c2f5083b8e068a1ea0c8156f33c9f82c,frontend/src/pages/Traceability.tsx,1039,function,anonymous_1039,edge,prod,TypeScript,0,0,LOW,,unreachable_from_entrypoints
624b58ab4f3a3ce1d29eb93167bf1986e30f9b30,frontend/src/pages/Traceability.tsx,1066,function,anonymous_1066,edge,prod,TypeScript,0,0,LOW,,unreachable_from_entrypoints
7f55a78c2069a097e67d5a7f4a59032532a9b3dd,frontend/src/pages/TraceabilityExecutionHistory.tsx,42,function,TraceabilityExecutionHistory,(),prod,TypeScript,0,0,LOW,,unreachable_from_entrypoints
5c4a2494f7ab83b09798fc1c0e98eea8917f888e,frontend/src/pages/TraceabilityExecutionHistory.tsx,49,function,anonymous_49,(),prod,TypeScript,0,0,LOW,,unreachable_from_entrypoints
94565cd38cf45244784fa1493320811788022f95,frontend/src/pages/TraceabilityExecutionHistory.tsx,53,function,anonymous_53,async (),prod,TypeScript,0,0,LOW,,unreachable_from_entrypoints
1d93aca3440dc949a79c2235bddc06feaa108fa0,frontend/src/pages/TraceabilityExecutionHistory.tsx,59,function,anonymous_59,(item),prod,TypeScript,0,0,LOW,,unreachable_from_entrypoints
9d12a5486faa41d6829a799fb5eeb92ec30928c9,frontend/src/pages/TraceabilityExecutionHistory.tsx,77,function,anonymous_77,(status: string),prod,TypeScript,0,0,LOW,,unreachable_from_entrypoints
08a6bb5286a90202c54369af45edc8fd1d30f74e,frontend/src/pages/TraceabilityExecutionHistory.tsx,84,function,anonymous_84,(status: string),prod,TypeScript,0,0,LOW,,unreachable_from_entrypoints
cbe89ce4e9b3dc8964f179044e6798c5f065c45c,frontend/src/pages/TraceabilityExecutionHistory.tsx,88,function,anonymous_88,(exec),prod,TypeScript,0,0,LOW,,unreachable_from_entrypoints
aaf3446cf4586fdaa23bf61631395f4b7e59fa73,frontend/src/pages/TraceabilityExecutionHistory.tsx,117,function,anonymous_117,(e),prod,TypeScript,0,0,LOW,,unreachable_from_entrypoints
3b518607d4be1858d7b32e7fa54d8de139c9c3c2,frontend/src/pages/TraceabilityExecutionHistory.tsx,150,function,anonymous_150,(execution),prod,TypeScript,0,0,LOW,,unreachable_from_entrypoints
0c9057a0c0e5b3d1ab5428f7626bfdaed7aa6cd3,frontend/src/pages/TraceabilityExecutionHistory.tsx,156,function,anonymous_156,(),prod,TypeScript,0,0,LOW,,unreachable_from_entrypoints
c53ab406797a93a850e2ba5da1e88e762e84babf,frontend/src/pages/TraceabilityExecutionHistory.tsx,224,function,anonymous_224,"(error, idx)",prod,TypeScript,0,0,LOW,,unreachable_from_entrypoints
33c4f374b811f17701bdca0887e4c55c7d08225a,frontend/src/pages/TraceabilityExecutionHistory.tsx,237,function,anonymous_237,"(warning, idx)",prod,TypeScript,0,0,LOW,,unreachable_from_entrypoints
d9ddfff5ffc1e2b3c032c91416345e12a4daed78,frontend/src/pages/TraceabilityFlowBuilder.tsx,47,function,TraceabilityFlowBuilder,(),prod,TypeScript,0,0,LOW,,unreachable_from_entrypoints
0c5158dc55671945fcb79331296c9e753d27f5de,frontend/src/pages/TraceabilityFlowBuilder.tsx,61,function,anonymous_61,(),prod,TypeScript,0,0,LOW,,unreachable_from_entrypoints
a88384bfca1591e7a46e35d46c678848a128df84,frontend/src/pages/TraceabilityFlowBuilder.tsx,68,function,anonymous_68,(params: Connection),prod,TypeScript,0,0,LOW,,unreachable_from_entrypoints
dd4c7afa3ab4138fe25f41b58dddc1eefde87174,frontend/src/pages/TraceabilityFlowBuilder.tsx,68,function,anonymous_68,(eds),prod,TypeScript,0,0,LOW,,unreachable_from_entrypoints
e00b68008077611b3a2f5383ae25b394a1a3c9ca,frontend/src/pages/TraceabilityFlowBuilder.tsx,73,function,anonymous_73,"(_event: React.MouseEvent, node: Node)",prod,TypeScript,0,0,LOW,,unreachable_from_entrypoints
04d4c932718dc01386ebf9c5974c9a82a319c2f1,frontend/src/pages/TraceabilityFlowBuilder.tsx,78,function,anonymous_78,"(nodeId: string, newData: any)",prod,TypeScript,0,0,LOW,,unreachable_from_entrypoints
76ee0edec893dc2bc326dfbf098ffbbbc50b6d9c,frontend/src/pages/TraceabilityFlowBuilder.tsx,79,function,anonymous_79,(nds),prod,TypeScript,0,0,LOW,,unreachable_from_entrypoints
401226f7c15926ffcb6395244311f05b8b018e64,frontend/src/pages/TraceabilityFlowBuilder.tsx,80,function,anonymous_80,(node),prod,TypeScript,0,0,LOW,,unreachable_from_entrypoints
bbb3d4c48231d88ad43842f8e5d9488d2af31ebf,frontend/src/pages/TraceabilityFlowBuilder.tsx,89,function,anonymous_89,async (),prod,TypeScript,0,0,LOW,,unreachable_from_entrypoints
fe78a4d4fc9eeafa33db788376ad5c8885d2331f,frontend/src/pages/TraceabilityFlowBuilder.tsx,91,function,anonymous_91,(n),prod,TypeScript,0,0,LOW,,unreachable_from_entrypoints
5e2686e608f9582f46c6347f0e485ef16abe0088,frontend/src/pages/TraceabilityFlowBuilder.tsx,97,function,anonymous_97,(e),prod,TypeScript,0,0,LOW,,unreachable_from_entrypoints
d56fef5ec0a55be6b4a3e4179c7da0120c59899b,frontend/src/pages/TraceabilityFlowBuilder.tsx,139,function,anonymous_139,async (),prod,TypeScript,0,0,LOW,,unreachable_from_entrypoints
cac698e6013dc5b8d1fa157fdca7af59c7c9903f,frontend/src/pages/TraceabilityFlowBuilder.tsx,169,function,anonymous_169,(event: React.DragEvent),prod,TypeScript,0,0,LOW,,unreachable_from_entrypoints
b730bf2c81da971b92e7582f3ae3903c13489a40,frontend/src/pages/TraceabilityFlowBuilder.tsx,176,function,anonymous_176,(event: React.DragEvent),prod,TypeScript,0,0,LOW,,unreachable_from_entrypoints
11bd6e1fb46026a71fcd05106d8c12c3e3e2940f,frontend/src/pages/TraceabilityFlowBuilder.tsx,196,function,anonymous_196,(nds),prod,TypeScript,0,0,LOW,,unreachable_from_entrypoints
f6209d4a56edd5942eab103a81374686ac345314,frontend/src/pages/TraceabilityFlowBuilder.tsx,210,function,anonymous_210,(e),prod,TypeScript,0,0,LOW,,unreachable_from_entrypoints
278a2912c5d3714886a20e452e089f2e5aa7320d,frontend/src/pages/TraceabilityFlowBuilder.tsx,218,function,anonymous_218,(),prod,TypeScript,0,0,LOW,,unreachable_from_entrypoints
582a4d243a3bd78aa4a542199c0a78c8459e9a32,frontend/src/pages/TraceabilityFlowBuilder.tsx,245,function,anonymous_245,(),prod,TypeScript,0,0,LOW,,unreachable_from_entrypoints
5fd8df6b966eb73892b69ade9a2e1f89329296ec,frontend/src/pages/TraceabilityFlowBuilder.tsx,246,function,anonymous_246,(),prod,TypeScript,0,0,LOW,,unreachable_from_entrypoints
700d996e71791b5372bee7d9838b6a9062421c1f,frontend/src/pages/TraceabilityFlowBuilder.tsx,255,function,anonymous_255,(nodeId),prod,TypeScript,0,0,LOW,,unreachable_from_entrypoints
12f727e89707b5ffdccc9342fa439d960924dd32,frontend/src/pages/TraceabilityFlowBuilder.tsx,256,function,anonymous_256,(n),prod,TypeScript,0,0,LOW,,unreachable_from_entrypoints
4df05310e1fef63b9a5e73f4128be160210f1a19,frontend/src/pages/TraceabilityFlowBuilder.tsx,287,function,anonymous_287,(),prod,TypeScript,0,0,LOW,,unreachable_from_entrypoints
8ca127456870e6bfee7040a6979cb65d429885f6,frontend/src/pages/TraceabilityFlowBuilder.tsx,295,function,anonymous_295,(),prod,TypeScript,0,0,LOW,,unreachable_from_entrypoints
51c33b8c09dea4e6bd483d357931f6af9761cc9e,frontend/src/pages/TraceabilityFlowBuilder.tsx,298,function,anonymous_298,"(importedNodes, importedEdges)",prod,TypeScript,0,0,LOW,,unreachable_from_entrypoints
58da9ce3e67e9bac34b6a84b05fb2412f59bf0d6,frontend/src/pages/TraceabilityFlowBuilder.tsx,307,function,anonymous_307,(),prod,TypeScript,0,0,LOW,,unreachable_from_entrypoints
0b9165dee7ab6f36615b8ece2e18b72271f6481a,frontend/src/pages/TraceabilityFlowBuilder.tsx,308,function,anonymous_308,"(templateNodes, templateEdges)",prod,TypeScript,0,0,LOW,,unreachable_from_entrypoints
22c020e90f51b1d2b9531b1a7051c44cd0559b5e,frontend/src/pages/TraceabilityFlowBuilder.tsx,318,function,anonymous_318,(),prod,TypeScript,0,0,LOW,,unreachable_from_entrypoints
33ea6c0ff9180844de30049852c867a02d1c248d,frontend/src/pages/TraceabilityFlowBuilder.tsx,322,function,anonymous_322,(),prod,TypeScript,0,0,LOW,,unreachable_from_entrypoints
f755dae2dea8a309e28f5f05ca8b8e33a6705241,frontend/src/pages/TraceabilityVisualization.tsx,53,function,TabPanel,function TabPanel(props: TabPanelProps),prod,TypeScript,0,0,LOW,,unreachable_from_entrypoints
e68ea50fd36c4b7bc6d91f3a1a58df6b621fadf4,frontend/src/pages/TraceabilityVisualization.tsx,68,function,TraceabilityVisualization,(),prod,TypeScript,0,0,LOW,,unreachable_from_entrypoints
2f45545b017778dd5b21a20230b396c74f3fb306,frontend/src/pages/TraceabilityVisualization.tsx,80,function,anonymous_80,(),prod,TypeScript,0,0,LOW,,unreachable_from_entrypoints
be8d3affb98c63269f2cf2b2df9209f8cd56171f,frontend/src/pages/TraceabilityVisualization.tsx,85,function,anonymous_85,(),prod,TypeScript,0,0,LOW,,unreachable_from_entrypoints
eee9935a8da1a1b4a708328b582fe5f3c1c6fc10,frontend/src/pages/TraceabilityVisualization.tsx,104,function,anonymous_104,(),prod,TypeScript,0,0,LOW,,unreachable_from_entrypoints
597cba10f254de6043e18a875878d7385443ec25,frontend/src/pages/TraceabilityVisualization.tsx,105,function,anonymous_105,async (),prod,TypeScript,0,0,LOW,,unreachable_from_entrypoints
9ec8b1338e05d959976cc921f536903830d09137,frontend/src/pages/TraceabilityVisualization.tsx,121,function,anonymous_121,"(_: React.SyntheticEvent, newValue: number)",prod,TypeScript,0,0,LOW,,unreachable_from_entrypoints
ff1b87a851446162432e530444a460d082c4fd5f,frontend/src/pages/TraceabilityVisualization.tsx,128,function,anonymous_128,(),prod,TypeScript,0,0,LOW,,unreachable_from_entrypoints
1ecca0301b600ad5f9dfce1affaacc3423450235,frontend/src/pages/TraceabilityVisualization.tsx,138,function,anonymous_138,(node: FullChainNode),prod,TypeScript,0,0,LOW,,unreachable_from_entrypoints
cc4dbc550f61af9e0c1620a181afe4ee199b5ce8,frontend/src/pages/TraceabilityVisualization.tsx,147,function,anonymous_147,(artifactId: number),prod,TypeScript,0,0,LOW,,unreachable_from_entrypoints
bd8d43dc1af20f635be17caacf15f780a618b4cf,frontend/src/pages/TraceabilityVisualization.tsx,157,function,anonymous_157,(),prod,TypeScript,0,0,LOW,,unreachable_from_entrypoints
4477750b6b651da5515728e289b48232661d544e,frontend/src/pages/TraceabilityVisualization.tsx,179,function,anonymous_179,(e),prod,TypeScript,0,0,LOW,,unreachable_from_entrypoints
2751a69c1e61059b157bf16064ebc2e578d4e9f7,frontend/src/pages/TraceabilityVisualization.tsx,182,function,anonymous_182,(p),prod,TypeScript,0,0,LOW,,unreachable_from_entrypoints
2d3972e0718f3f77838d57348d769b424dca1ead,frontend/src/pages/TraceabilityVisualization.tsx,194,function,anonymous_194,(e),prod,TypeScript,0,0,LOW,,unreachable_from_entrypoints
1046ac85e147f779abbda5458971bc802bb53d8d,frontend/src/pages/TraceabilityVisualization.tsx,197,function,anonymous_197,(e),prod,TypeScript,0,0,LOW,,unreachable_from_entrypoints
b578ab4d48f2660b12f31c6ef22413e0eb63ea76,frontend/src/pages/TraceabilityVisualization.tsx,212,function,anonymous_212,(),prod,TypeScript,0,0,LOW,,unreachable_from_entrypoints
f913c6dcaa829dc432b19debc822575647894008,frontend/src/pages/TraceabilityVisualization.tsx,268,function,anonymous_268,(id),prod,TypeScript,0,0,LOW,,unreachable_from_entrypoints
723c512426307b4c1c17d60648fb7742488e749f,frontend/src/pages/TraceabilityVisualization.tsx,346,function,anonymous_346,"(bucket, idx)",prod,TypeScript,0,0,LOW,,unreachable_from_entrypoints
3e83830d663d696b886be99c9d3cb4c3291157a0,frontend/src/pages/TraceabilityVisualization.tsx,347,function,anonymous_347,(b),prod,TypeScript,0,0,LOW,,unreachable_from_entrypoints
e3bbc94a2dc9da44dee4a772ccf39d39123ac69a,frontend/src/pages/TraceabilityVisualization.tsx,390,function,anonymous_390,"([type, data])",prod,TypeScript,0,0,LOW,,unreachable_from_entrypoints
35a5c36e07c057c9d81b7bf83535854184313a7c,frontend/src/pages/TraceabilityVisualization.tsx,413,function,anonymous_413,(),prod,TypeScript,0,0,LOW,,unreachable_from_entrypoints
07b8dc82f03782f6bc5cee6f4a109e5f2b83a8df,frontend/src/pages/TraceabilityVisualization.tsx,425,function,anonymous_425,(id),prod,TypeScript,0,0,LOW,,unreachable_from_entrypoints
022b3c45b5cbcd142c12438e0436af9b769eac17,frontend/src/pages/TraceabilityVisualization.tsx,432,function,anonymous_432,(id),prod,TypeScript,0,0,LOW,,unreachable_from_entrypoints
88959510ed665e270b017d144dace899c3d7beaa,frontend/src/pages/__tests__/Dashboard.test.tsx,154,constructor,constructor,constructor(url: string),test,TypeScript,0,0,LOW,,unreachable_from_entrypoints
b5a5b4a9dc29d4c2d19289c12bbbfd6f52557929,frontend/src/pages/__tests__/Dashboard.test.tsx,157,function,anonymous_157,(),test,TypeScript,0,0,LOW,,unreachable_from_entrypoints
f8c5c3184a542394963b926eb8b9ece24447cf94,frontend/src/pages/__tests__/Dashboard.test.tsx,160,method,close,close(),test,TypeScript,0,0,LOW,,unreachable_from_entrypoints
1a9434580dc095cd401dc4581a5ec9fc6f87957d,frontend/src/pages/__tests__/Dashboard.test.tsx,165,method,send,send(),test,TypeScript,1,0,LOW,,unreachable_from_entrypoints
cd8f5df3b1b39fba188cffa14f935fd4a57874d6,frontend/src/pages/__tests__/Dashboard.test.tsx,167,method,triggerMessage,triggerMessage(payload: any),test,TypeScript,0,0,LOW,,unreachable_from_entrypoints
d4ae5aacb5b7866a59d24641ffd7ba21f4215be8,frontend/src/pages/__tests__/Dashboard.test.tsx,171,method,last,static last(),test,TypeScript,0,0,LOW,,unreachable_from_entrypoints
69cae8552a23c869b1b34823abb943e542d811c7,frontend/src/pages/__tests__/Dashboard.test.tsx,175,method,reset,static reset(),test,TypeScript,0,0,LOW,,unreachable_from_entrypoints
8fa9f8ff1b8d57ac97f56b2a3031f6c94028aed1,frontend/src/pages/__tests__/Dashboard.test.tsx,218,function,renderDashboard,(),test,TypeScript,0,0,LOW,,unreachable_from_entrypoints
6ccbebf353c0260164fcb16eddbc7fc9f841dc75,frontend/src/services/analytics.ts,54,constructor,constructor,constructor(),prod,TypeScript,0,0,LOW,,unreachable_from_entrypoints
6c22e181e9645318f51c75646dad57cc5a69f355,frontend/src/services/analytics.ts,59,method,generateSessionId,private generateSessionId(): string,prod,TypeScript,1,0,LOW,,unreachable_from_entrypoints
49f65fcc2a9e67faa546d75efd047ef75ab55419,frontend/src/services/analytics.ts,63,method,loadEvents,private loadEvents(): void,prod,TypeScript,1,0,LOW,,unreachable_from_entrypoints
068c166403b57ee27f563e4ff8f6be7823aa696a,frontend/src/services/analytics.ts,75,method,saveEvents,private saveEvents(): void,prod,TypeScript,1,0,LOW,,unreachable_from_entrypoints
81bbb46bd7c82e1bc5489703903e7e0d136730f8,frontend/src/services/analytics.ts,88,method,track,"track(eventName: string, eventData?: Record<string, any>): void",prod,TypeScript,9,0,LOW,,unreachable_from_entrypoints
f5d6f6fbfb08aabce48c2d27df5e66f27d7a5623,frontend/src/services/analytics.ts,108,method,pageView,pageView(pageName: string): void,prod,TypeScript,1,0,LOW,,unreachable_from_entrypoints
4d2c70b0d75f276e666c9f977044e79aa379c553,frontend/src/services/analytics.ts,119,method,trackOnboarding,"trackOnboarding(action: 'started' | 'step_completed' | 'completed' | 'skipped', data?: any): void",prod,TypeScript,4,0,LOW,,unreachable_from_entrypoints
bcb5e83d11d2e0695f612eaa852672a3163d38d9,frontend/src/services/analytics.ts,161,method,getOnboardingMetrics,getOnboardingMetrics(): OnboardingMetrics,prod,TypeScript,4,0,LOW,,unreachable_from_entrypoints
d30604ee7b50401a85ce09968798b241ebee48e2,frontend/src/services/analytics.ts,183,method,trackTimeToValue,trackTimeToValue(milestone: keyof TimeToValueMetrics): void,prod,TypeScript,6,0,LOW,,unreachable_from_entrypoints
65e47593dab5a58952996ef4942aba2c6ff1c00c,frontend/src/services/analytics.ts,195,method,getTimeToValueMetrics,getTimeToValueMetrics(): TimeToValueMetrics,prod,TypeScript,4,0,LOW,,unreachable_from_entrypoints
256852ddd64064f49d572ab33adb113c6c3bc53f,frontend/src/services/analytics.ts,211,method,getTimeToFirstValue,getTimeToFirstValue(): number | null,prod,TypeScript,1,0,LOW,,unreachable_from_entrypoints
74d033d0a761463241b9b70e8c5f60fcd427e7b4,frontend/src/services/analytics.ts,223,method,getFeatureAdoptionMetrics,getFeatureAdoptionMetrics(): FeatureAdoptionMetrics,prod,TypeScript,2,0,LOW,,unreachable_from_entrypoints
57e5a03f3adec977a8e1ebf11d5ca0a811a73ce2,frontend/src/services/analytics.ts,236,function,anonymous_236,f,prod,TypeScript,0,0,LOW,,unreachable_from_entrypoints
dfd8e84d52621f3dc126d59dafb307f0466a0e47,frontend/src/services/analytics.ts,242,method,getFeatureVisit,private getFeatureVisit(feature: string):,prod,TypeScript,9,0,LOW,,unreachable_from_entrypoints
7c316d777a31697067fd20a2d1e0054fd416f698,frontend/src/services/analytics.ts,256,method,getOnboardingCompletionRate,getOnboardingCompletionRate(): number,prod,TypeScript,0,0,LOW,,unreachable_from_entrypoints
582c7c8aaefee3861fb419d11172a5a43aeebed4,frontend/src/services/analytics.ts,268,method,getSessionDuration,getSessionDuration(): number,prod,TypeScript,3,0,LOW,,unreachable_from_entrypoints
bb9970660420443d76828c358b8f80ba68b60f24,frontend/src/services/analytics.ts,269,function,anonymous_269,e,prod,TypeScript,0,0,LOW,,unreachable_from_entrypoints
bc58117c846c26a746ee680f27596240736895af,frontend/src/services/analytics.ts,280,method,exportData,exportData():,prod,TypeScript,1,0,LOW,,unreachable_from_entrypoints
f934fcc8070e923dd3db57e37f279633bb4ec42c,frontend/src/services/analytics.ts,299,method,clear,clear(): void,prod,TypeScript,0,0,LOW,,unreachable_from_entrypoints
e8fbe9836dce0c6562831e3964994d59672daa9d,frontend/src/services/analytics.ts,306,function,anonymous_306,key,prod,TypeScript,0,0,LOW,,unreachable_from_entrypoints
c01a18abec84cbed0b7b7190b72bf4bcd3bf68cb,frontend/src/services/analytics.ts,318,method,sendToBackend,private async sendToBackend(event: AnalyticsEvent): Promise<void>,prod,TypeScript,1,0,LOW,,unreachable_from_entrypoints
541660d16de3b74541e3bab3194d27a69becd297,frontend/src/services/api/analytics.ts,25,function,makeCacheKey,"(prefix: string, params?: Record<string, unknown>): string",prod,TypeScript,0,0,LOW,,unreachable_from_entrypoints
7a67a88eaf7bbb93ef61f755b2a84dadce10041d,frontend/src/services/api/analytics.ts,28,function,anonymous_28,"([, v])",prod,TypeScript,0,0,LOW,,unreachable_from_entrypoints
d9d77b2700e557dfb913753824d7a4132fc341b5,frontend/src/services/api/analytics.ts,29,function,anonymous_29,"([a], [b])",prod,TypeScript,0,0,LOW,,unreachable_from_entrypoints
704f7ca2fba7ede0cc67f299d502daf69efe1099,frontend/src/services/api/analytics.ts,30,function,anonymous_30,"([k, v])",prod,TypeScript,0,0,LOW,,unreachable_from_entrypoints
deddab4f2982bfddcf89d81983a4cbe5162164a8,frontend/src/services/api/analytics.ts,39,function,getVelocity,async (projectId: number): Promise<VelocityResponse>,prod,TypeScript,3,0,LOW,,unreachable_from_entrypoints
b3129bf7e80384d952652b226f4c409b36a92782,frontend/src/services/api/analytics.ts,44,function,anonymous_44,async (),prod,TypeScript,0,0,LOW,,unreachable_from_entrypoints
55f46eaefa4a0e3d92965290e9bc863c91893a85,frontend/src/services/api/analytics.ts,51,function,getBurndown,"async ( projectId: number, sprintId?: number ): Promise<BurndownResponse>",prod,TypeScript,2,0,LOW,,unreachable_from_entrypoints
aca4adffb1124a95280944aec216f2cd05249385,frontend/src/services/api/analytics.ts,59,function,anonymous_59,async (),prod,TypeScript,0,0,LOW,,unreachable_from_entrypoints
708985470225c2460d27228a1d857b3825419a77,frontend/src/services/api/analytics.ts,68,function,getRisks,async (projectId: number): Promise<RisksResponse>,prod,TypeScript,3,0,LOW,,unreachable_from_entrypoints
c81806cd17a11ac3f42c71d764ec9d7b47749d9d,frontend/src/services/api/analytics.ts,73,function,anonymous_73,async (),prod,TypeScript,0,0,LOW,,unreachable_from_entrypoints
da8c00841a096ec9a9599f2c9dba7a1f1218b926,frontend/src/services/api/analytics.ts,80,function,getForecast,async (projectId: number): Promise<ForecastResponse>,prod,TypeScript,1,0,LOW,,unreachable_from_entrypoints
49dccc732456a8cd3ae9605e36c4686747e2a2a6,frontend/src/services/api/analytics.ts,85,function,anonymous_85,async (),prod,TypeScript,0,0,LOW,,unreachable_from_entrypoints
442c5211aeb2d0283da2947c9230c03f677322ea,frontend/src/services/api/analytics.ts,96,function,getDoraMetrics,"async ( projectId: number, windowDays = 30 ): Promise<unknown>",prod,TypeScript,0,0,LOW,,unreachable_from_entrypoints
64d3aaed1036fe86c19b91b6fa28efa752fbb97a,frontend/src/services/api/analytics.ts,104,function,anonymous_104,async (),prod,TypeScript,0,0,LOW,,unreachable_from_entrypoints
77cc84081893812a4e2a51580872e0c6d47bbc65,frontend/src/services/api/analytics.ts,117,function,getTeamMembersActivity,async ( projectId: number ): Promise<TeamMemberActivity[]>,prod,TypeScript,0,0,LOW,,unreachable_from_entrypoints
975a737f9b92c6003da91f5c7e17f8caf1c0f0dc,frontend/src/services/api/analytics.ts,124,function,getProjectTeamHealth,async (projectId: number): Promise<TeamHealthMetrics>,prod,TypeScript,1,0,LOW,,unreachable_from_entrypoints
5d3310fa413f346ca283bf509c832bb02ccf79e8,frontend/src/services/api/analytics.ts,133,function,anonymous_133,async (),prod,TypeScript,0,0,LOW,,unreachable_from_entrypoints
c136ff6e6f00f91adbfc206dc02a1ebb6f4eae0f,frontend/src/services/api/analytics.ts,135,function,anonymous_135,(),prod,TypeScript,0,0,LOW,,unreachable_from_entrypoints
2028e2671276030b46bf1d30a165c0a0801e2047,frontend/src/services/api/analytics.ts,157,function,getProjectBudgetHours,async (projectId: number): Promise<BudgetHoursResponse>,prod,TypeScript,2,0,LOW,,unreachable_from_entrypoints
3f890a3bb3fe8fbd9901d2eac0f85b5f55a2a0e3,frontend/src/services/api/analytics.ts,166,function,anonymous_166,async (),prod,TypeScript,0,0,LOW,,unreachable_from_entrypoints
add23b5fd8a13308a24399da7c013d73c3f94e1b,frontend/src/services/api/analytics.ts,181,function,getProjectValueMetrics,async (projectId: number): Promise<ValueMetricsResponse>,prod,TypeScript,3,0,LOW,,unreachable_from_entrypoints
44be131c5a31a2966e422e41d1975a6cbd52000d,frontend/src/services/api/analytics.ts,190,function,anonymous_190,async (),prod,TypeScript,0,0,LOW,,unreachable_from_entrypoints
494faa8bcafd06ab87ce7b707c35a83cc275e2c3,frontend/src/services/api/analytics.ts,209,function,getTestTrend,"async ( projectId?: number, days = 30 ): Promise<TestTrendResponse>",prod,TypeScript,0,0,LOW,,unreachable_from_entrypoints
dd5b4647b70403701f7e0f7ac9f8c40bc60e2fd6,frontend/src/services/api/analytics.ts,231,function,getCoverageTrend,"async ( projectId?: number, days = 30 ): Promise<CoverageTrendResponse>",prod,TypeScript,0,0,LOW,,unreachable_from_entrypoints
06e82fc46b50247fa1f80370874c43c98eb440cf,frontend/src/services/api/analytics.ts,254,function,getPRMetrics,async (opts?: GetPRMetricsOptions): Promise<PRMetricsSummary>,prod,TypeScript,0,0,LOW,,unreachable_from_entrypoints
07cd6f632964ecedada8f69726716959b643b81a,frontend/src/services/api/analytics.ts,266,function,listPullRequests,async (opts?:,prod,TypeScript,0,0,LOW,,unreachable_from_entrypoints
f668f75b99393d2732ff2bfb7a1490727dc1e106,frontend/src/services/api/analytics.ts,284,function,getQualityGateStatus,"async ( prNumber: number, opts?:",prod,TypeScript,1,0,LOW,,unreachable_from_entrypoints
5f6c2d9c8c3176d00ee4adc98b18441ae89485bb,frontend/src/services/api/analytics.ts,308,function,evaluateQualityGate,async ( payload: QualityGateEvaluatePayload ): Promise<unknown>,prod,TypeScript,0,0,LOW,,unreachable_from_entrypoints
354af34334979126a1c71647ffdcc0435e6b646e,frontend/src/services/api/analytics.ts,315,function,evaluateQualityGateAndCheck,async ( payload: QualityGateEvaluatePayload ): Promise<unknown>,prod,TypeScript,2,0,LOW,,unreachable_from_entrypoints
6dbeb96772f6c98c03e2f404c8292d3a8f0ff5df,frontend/src/services/api/analytics.ts,331,function,getQualityHistory,async (opts?:,prod,TypeScript,2,0,LOW,,unreachable_from_entrypoints
80823b615ff9f58e403c9385d81b7e35a3152364,frontend/src/services/api/analytics.ts,349,function,getIntegrationsHealth,async (): Promise<IntegrationStatusResponse>,prod,TypeScript,1,0,LOW,,unreachable_from_entrypoints
e4d3e1bf2cb86ba62a3cc72df5d73a0b9e17a370,frontend/src/services/api/analytics.ts,354,function,getMetricsText,async (): Promise<string>,prod,TypeScript,1,0,LOW,,unreachable_from_entrypoints
0f7b144925aacab0da5a71fcd8e44013d241a740,frontend/src/services/api/capacity.ts,19,function,listCapacitySettings,async (opts?:,prod,TypeScript,1,0,LOW,,unreachable_from_entrypoints
1a4a87fc984e58281141cd3c78db2605a384c675,frontend/src/services/api/capacity.ts,37,function,getCapacitySetting,async (settingId: number): Promise<CapacitySetting>,prod,TypeScript,0,0,LOW,,unreachable_from_entrypoints
4e1c06015e713dec73a5233e6c219ad5a327d0c2,frontend/src/services/api/capacity.ts,42,function,createCapacitySetting,async (setting:,prod,TypeScript,1,0,LOW,,unreachable_from_entrypoints
3978588437b8d0f4caf2d3247b24cc4a926f7574,frontend/src/services/api/capacity.ts,56,function,updateCapacitySetting,"async ( settingId: number, update: Partial<Omit<CapacitySetting, 'id' | 'created_at' | 'updated_at'>> ): Promise<CapacitySetting>",prod,TypeScript,1,0,LOW,,unreachable_from_entrypoints
4fcf98fc306a0fdadfdad2971fbcc83b11c9b3cd,frontend/src/services/api/capacity.ts,64,function,deleteCapacitySetting,async (settingId: number): Promise<void>,prod,TypeScript,1,0,LOW,,unreachable_from_entrypoints
886b4ccfb694bf85bb478625e3adb79324adee30,frontend/src/services/api/capacity.ts,72,function,getTeamCapacitySummary,"async ( projectId: number, opts?:",prod,TypeScript,1,0,LOW,,unreachable_from_entrypoints
026ab399a3cbb960c5e77f5359098f214d80ce9e,frontend/src/services/api/capacity.ts,88,function,listTeamHealthChecks,"async ( projectId: number, opts?:",prod,TypeScript,0,0,LOW,,unreachable_from_entrypoints
8bd11121dba57a8349f646d9543da505f79ec337,frontend/src/services/api/capacity.ts,101,function,createTeamHealthCheck,async (check:,prod,TypeScript,0,0,LOW,,unreachable_from_entrypoints
1ba062c2fcbbf0bb405ad7529072c0468a421222,frontend/src/services/api/capacity.ts,119,function,getTeamHealthSummary,"async ( projectId: number, periodDaysOrOpts?: number |",prod,TypeScript,0,0,LOW,,unreachable_from_entrypoints
ab4c363ed49c5e74367d5514e6540b057b7c2ba8,frontend/src/services/api/capacity.ts,139,function,getCFDData,"async ( projectId: number, opts?:",prod,TypeScript,1,0,LOW,,unreachable_from_entrypoints
47e8f58a88e9dbf813bf808f3651e04a9ba59315,frontend/src/services/api/capacity.ts,153,function,getFlowMetrics,"async ( projectId: number, opts?:",prod,TypeScript,1,0,LOW,,unreachable_from_entrypoints
dae1b212e57cad788649c8a9836ff979eecb3e6a,frontend/src/services/api/capacity.ts,165,function,takeCFDSnapshot,"async ( projectId: number, sprintId?: number ): Promise<",prod,TypeScript,0,0,LOW,,unreachable_from_entrypoints
302fb7c632cf48fb73bd02b8b1de13879cc09652,frontend/src/services/api/client.ts,114,function,withRetry,export async function withRetry<T>( fn: (),prod,TypeScript,18,0,LOW,,unreachable_from_entrypoints
7b89a620fc46107e2108a99e85c6063c1b3c556f,frontend/src/services/api/client.ts,147,function,anonymous_147,(res),prod,TypeScript,0,0,LOW,,unreachable_from_entrypoints
0d4d2d5a2293a86912689666ea4a271811c8643e,frontend/src/services/api/integrations.ts,15,function,getJiraSettings,async (): Promise<IntegrationSettings>,prod,TypeScript,1,0,LOW,,unreachable_from_entrypoints
174506d1acd1ba0a75ca95807b39b9ed93778d8c,frontend/src/services/api/integrations.ts,20,function,putJiraSettings,async (payload:,prod,TypeScript,1,0,LOW,,unreachable_from_entrypoints
c44a5ccec5989f712fee6882c41e64100aad39f9,frontend/src/services/api/integrations.ts,36,function,testJiraConnection,async (payload:,prod,TypeScript,1,0,LOW,,unreachable_from_entrypoints
15f24a1f76d2b63ff47ab0a087b8abb1b095e559,frontend/src/services/api/integrations.ts,50,function,getConfluenceSettings,async (): Promise<IntegrationSettings>,prod,TypeScript,1,0,LOW,,unreachable_from_entrypoints
c073df69967560b217196885993ac52595ab3826,frontend/src/services/api/integrations.ts,55,function,putConfluenceSettings,async (payload:,prod,TypeScript,1,0,LOW,,unreachable_from_entrypoints
8bfae86e0547e8b7341962d0c7c089eea07e8c2b,frontend/src/services/api/integrations.ts,69,function,testConfluenceConnection,async (payload:,prod,TypeScript,1,0,LOW,,unreachable_from_entrypoints
3bab43f3543c143c73aa88684b238b011c3af0cd,frontend/src/services/api/integrations.ts,82,function,getGithubSettings,async (): Promise<,prod,TypeScript,1,0,LOW,,unreachable_from_entrypoints
ec9521e81a4b6980901611a635143754e13bd012,frontend/src/services/api/integrations.ts,91,function,putGithubSettings,async (payload:,prod,TypeScript,1,0,LOW,,unreachable_from_entrypoints
c9363beb0da9acb51a6458c07267283ae2f792b6,frontend/src/services/api/integrations.ts,100,function,testGithubConnection,async (payload:,prod,TypeScript,1,0,LOW,,unreachable_from_entrypoints
20d61bcd706705742b247ef208049c56397dce70,frontend/src/services/api/integrations.ts,112,function,getGitlabSettings,async (): Promise<,prod,TypeScript,1,0,LOW,,unreachable_from_entrypoints
1aba12cb27f31c4951211af15d655f3ef97d4e1b,frontend/src/services/api/integrations.ts,121,function,putGitlabSettings,async (payload:,prod,TypeScript,1,0,LOW,,unreachable_from_entrypoints
55d3345d539cb22a6c64b1dc47356878a4e911c6,frontend/src/services/api/integrations.ts,130,function,testGitlabConnection,async (payload:,prod,TypeScript,1,0,LOW,,unreachable_from_entrypoints
d9dfd125c8ae8be21f33e0f39208446b55727a3c,frontend/src/services/api/integrations.ts,148,function,listGitlabProjects,async ( opts?:,prod,TypeScript,1,0,LOW,,unreachable_from_entrypoints
c4f11b9f9ef50ea4ca34e0e5dcc46114b7ce9a9b,frontend/src/services/api/integrations.ts,190,function,getBitbucketSettings,async (): Promise<BitbucketSettings>,prod,TypeScript,0,0,LOW,,unreachable_from_entrypoints
235bf146a737f5abcfc2524fcee1f11c3df63eba,frontend/src/services/api/integrations.ts,195,function,putBitbucketSettings,async (payload:,prod,TypeScript,0,0,LOW,,unreachable_from_entrypoints
b6abf44529ddab40260621c9b4af0aa7c1118094,frontend/src/services/api/integrations.ts,205,function,testBitbucketConnection,async (payload:,prod,TypeScript,0,0,LOW,,unreachable_from_entrypoints
4e763d5fa1fe73aa47f90333fc93d177deb94f5f,frontend/src/services/api/integrations.ts,218,function,getTestrailSettings,async (): Promise<,prod,TypeScript,1,0,LOW,,unreachable_from_entrypoints
a28439644eb2ce16f858ef2e6c4a17e193401d08,frontend/src/services/api/integrations.ts,227,function,putTestrailSettings,async (payload:,prod,TypeScript,1,0,LOW,,unreachable_from_entrypoints
ae0556a1850acd2b4db7051f27249d9df6994389,frontend/src/services/api/integrations.ts,236,function,testTestrailConnection,async (payload:,prod,TypeScript,1,0,LOW,,unreachable_from_entrypoints
e2e29d5ae4153e8e3614e5c1d727944d94745188,frontend/src/services/api/integrations.ts,253,function,clearIntegrationStatusCache,(),prod,TypeScript,3,0,LOW,,unreachable_from_entrypoints
87e476796738fac0e7e4510f9c386daafba5285b,frontend/src/services/api/integrations.ts,300,function,getIntegrationsStatus,async (): Promise<IntegrationStatusResponse>,prod,TypeScript,7,0,LOW,,unreachable_from_entrypoints
2d42ba49ea14301bab772883aa4949a4ac3cad4e,frontend/src/services/api/knowledge.ts,22,function,listConfluenceSpaces,"async ( q?: string, limit = 50 ): Promise<ConfluenceSpacesResponse>",prod,TypeScript,1,0,LOW,,unreachable_from_entrypoints
347cdd18a23ef9549a388b6ae01b69ff86c2fa5b,frontend/src/services/api/knowledge.ts,51,function,listConfluencePages,async (opts?:,prod,TypeScript,2,0,LOW,,unreachable_from_entrypoints
8c7c86005db1bd4e1219aa78689496680d0410d1,frontend/src/services/api/knowledge.ts,67,function,listConfluencePagesLocal,async (opts?:,prod,TypeScript,3,0,LOW,,unreachable_from_entrypoints
d335ce0beb0cf85edc7b311cd50a8c47652a8edb,frontend/src/services/api/knowledge.ts,96,function,getConfluencePage,async (pageId: string): Promise<ConfluencePageDetail>,prod,TypeScript,0,0,LOW,,unreachable_from_entrypoints
8ffc0bded3de4d8768c7101b80a671a1ec20afe7,frontend/src/services/api/knowledge.ts,116,function,getPrdRequirements,async (pageId: string): Promise<PrdRequirementsResponse>,prod,TypeScript,1,0,LOW,,unreachable_from_entrypoints
a03e0606822f59459e823ee00c8d6bc1f3fb357f,frontend/src/services/api/knowledge.ts,131,function,syncConfluence,async (opts?:,prod,TypeScript,3,0,LOW,,unreachable_from_entrypoints
6961bdaca5f0c37417075985e9c1602a4cdaa5a8,frontend/src/services/api/knowledge.ts,167,function,getSpaceTree,"async ( spaceKey: string, limit = 100, maxPages?: number ): Promise<SpaceTreeResponse>",prod,TypeScript,1,0,LOW,,unreachable_from_entrypoints
4404a49f2c6e3319e3e0a2c950463b8dbc3122fa,frontend/src/services/api/knowledge.ts,181,function,syncSubtree,"async ( pageId: string, limit = 50 ): Promise<ConfluenceSyncResult>",prod,TypeScript,1,0,LOW,,unreachable_from_entrypoints
7058ccb94eb6edc899091eb76d79cbc1e1f81234,frontend/src/services/api/knowledge.ts,209,function,getADR,async (pageId: string): Promise<ADRResponse>,prod,TypeScript,1,0,LOW,,unreachable_from_entrypoints
78d5c80bda97ad9e8b550feb647aeaec82ae3bfe,frontend/src/services/api/knowledge.ts,224,function,getResearch,async (pageId: string): Promise<ResearchResponse>,prod,TypeScript,1,0,LOW,,unreachable_from_entrypoints
311ddf95643d77c8a7083b7e63a9f04805f08dc5,frontend/src/services/api/projects.ts,26,function,projectCacheKey,(id: number),prod,TypeScript,2,0,LOW,,unreachable_from_entrypoints
2addafecf96f0976f90b92c421f973a7e8b48097,frontend/src/services/api/projects.ts,28,function,invalidateProjectCache,(projectId?: number),prod,TypeScript,0,0,LOW,,unreachable_from_entrypoints
2fcdde1172eca1ecc3b50ebe6dc6fdfd04bdc7a3,frontend/src/services/api/projects.ts,39,function,listProjects,async (pagination?: PaginationParams): Promise<Project[]>,prod,TypeScript,10,0,LOW,,unreachable_from_entrypoints
72cdefbeb87c7b1749eff582bbeb02f575ee7a5c,frontend/src/services/api/projects.ts,50,function,anonymous_50,async (),prod,TypeScript,0,0,LOW,,unreachable_from_entrypoints
df65c62afeac30c8a1b052f4c7b96f1754284500,frontend/src/services/api/projects.ts,61,function,isValidProjectDetail,(value: unknown): value is Project,prod,TypeScript,2,0,LOW,,unreachable_from_entrypoints
dca11659632b2b687238863857a209d66c0ca79e,frontend/src/services/api/projects.ts,71,function,normalizeProjectDetail,(payload: unknown): Project,prod,TypeScript,2,0,LOW,,unreachable_from_entrypoints
52aa08a46f268255f50deb74f7459e1edf8d1185,frontend/src/services/api/projects.ts,76,function,anonymous_76,(item),prod,TypeScript,0,0,LOW,,unreachable_from_entrypoints
0f5cf3698b8e3340fc134252646b8f987d50fecd,frontend/src/services/api/projects.ts,95,function,getProject,"async ( id: number, config?: AxiosRequestConfig, opts?:",prod,TypeScript,0,0,LOW,,unreachable_from_entrypoints
0e85dd5d85cfabe923a697a3290ff764c8c16eda,frontend/src/services/api/projects.ts,108,function,anonymous_108,async (),prod,TypeScript,0,0,LOW,,unreachable_from_entrypoints
331a1f9262b0dd503139310102ea6d12959b3dde,frontend/src/services/api/projects.ts,116,function,createProject,async (payload:,prod,TypeScript,0,0,LOW,,unreachable_from_entrypoints
138e9b1f2f2c3400892d576b2f50a36ed8aa6cc0,frontend/src/services/api/projects.ts,130,function,updateProject,"async ( id: number, payload: Partial<Omit<Project, 'id' | 'created_at' | 'updated_at'>> ): Promise<Project>",prod,TypeScript,2,0,LOW,,unreachable_from_entrypoints
d0392fc8c76f57eb29ad2392519b7dcd71085de5,frontend/src/services/api/projects.ts,139,function,deleteProject,async (id: number): Promise<,prod,TypeScript,0,0,LOW,,unreachable_from_entrypoints
27bb9aa62bd896a3991c62420988dfc0c592f9b5,frontend/src/services/api/projects.ts,145,function,purgeProject,async (id: number): Promise<,prod,TypeScript,1,0,LOW,,unreachable_from_entrypoints
0105e0be628e02072bd87ddb5c74aab27f433f38,frontend/src/services/api/projects.ts,155,function,getProjectRepositories,async (projectId: number): Promise<ProjectRepositoryLink[]>,prod,TypeScript,2,0,LOW,,unreachable_from_entrypoints
c39d4d966eccf3f10bcd13ca67de35ea6f9d4922,frontend/src/services/api/projects.ts,160,function,bindRepositoryToProject,"async ( projectId: number, payload: BindRepositoryPayload, ): Promise<ProjectRepositoryLink>",prod,TypeScript,1,0,LOW,,unreachable_from_entrypoints
fae95698e464d378ac4966e1fbd92f9d43278105,frontend/src/services/api/projects.ts,192,function,unbindRepositoryFromProject,"async (projectId: number, repositoryId: number): Promise<void>",prod,TypeScript,1,0,LOW,,unreachable_from_entrypoints
8e59ece2e65c12198c7ebab6d510058833c1c055,frontend/src/services/api/projects.ts,196,function,setPrimaryRepository,"async (projectId: number, repositoryId: number): Promise<void>",prod,TypeScript,1,0,LOW,,unreachable_from_entrypoints
4f9ca8e98d6cac0dc0de204148868c6034f2946a,frontend/src/services/api/projects.ts,204,function,syncJiraProject,"async ( projectKey: string, config?: AxiosRequestConfig ): Promise<",prod,TypeScript,4,0,LOW,,unreachable_from_entrypoints
cb7ba761efacb970d028103d81d4e49882354a84,frontend/src/services/api/projects.ts,218,function,getTeamMembersActivity,async ( projectId: number ): Promise<TeamMemberActivity[]>,prod,TypeScript,0,0,LOW,,unreachable_from_entrypoints
5c5fdf4469a6fd291d6ed0973c593e421258b7c8,frontend/src/services/api/projects.ts,225,function,getTestTrend,"async (project_id?: number, days = 30)",prod,TypeScript,0,0,LOW,,unreachable_from_entrypoints
2e7e547b0d38d1a3f6afd5d86faa76748cbda3d4,frontend/src/services/api/projects.ts,237,function,getCoverageTrend,"async (project_id?: number, days = 30)",prod,TypeScript,0,0,LOW,,unreachable_from_entrypoints
bba16a5a42c9123167319ff1e006a1eedb87b9d8,frontend/src/services/api/projects.ts,254,function,getPRMetrics,async (opts?: GetPRMetricsOptions): Promise<PRMetricsSummary>,prod,TypeScript,0,0,LOW,,unreachable_from_entrypoints
a271de0679460f61476f8d61ec324730de3b696c,frontend/src/services/api/projects.ts,266,function,listPullRequests,async (opts?:,prod,TypeScript,0,0,LOW,,unreachable_from_entrypoints
587ba9bac20c81302379415877af22eeeee155a2,frontend/src/services/api/projects.ts,280,function,getTeamHealth,async (projectId: number): Promise<TeamHealthMetrics>,prod,TypeScript,1,0,LOW,,unreachable_from_entrypoints
64a103319ddf074ce80cdefce1c3012e505f7ae6,frontend/src/services/api/projects.ts,282,function,anonymous_282,(),prod,TypeScript,0,0,LOW,,unreachable_from_entrypoints
3c1085cdb06d4c559893e0226a47ba3dd48f4e75,frontend/src/services/api/quality.ts,26,function,createEscapedDefect,async (defect: EscapedDefectCreate): Promise<EscapedDefect>,prod,TypeScript,1,0,LOW,,unreachable_from_entrypoints
281ae6b2d4971686024b39fb576f4229ba64de5d,frontend/src/services/api/quality.ts,31,function,listEscapedDefects,async (opts:,prod,TypeScript,0,0,LOW,,unreachable_from_entrypoints
e79990a234e60a61dd9809f7e19c166906f1afdb,frontend/src/services/api/quality.ts,48,function,getEscapedDefect,async (defectId: number): Promise<EscapedDefect>,prod,TypeScript,0,0,LOW,,unreachable_from_entrypoints
757d95db9954806a0387ad75f9c03d69944823c0,frontend/src/services/api/quality.ts,53,function,updateEscapedDefect,"async ( defectId: number, update: EscapedDefectUpdate ): Promise<EscapedDefect>",prod,TypeScript,0,0,LOW,,unreachable_from_entrypoints
098b63175ea59e1c7ca16eed51d89f9c1518e873,frontend/src/services/api/quality.ts,61,function,deleteEscapedDefect,async (defectId: number): Promise<void>,prod,TypeScript,0,0,LOW,,unreachable_from_entrypoints
a16a90bc4ad127159d3434241ac00cd56ad09dd9,frontend/src/services/api/quality.ts,69,function,getQualitySummary,"async ( projectId: number, sprintId?: number ): Promise<QualitySummary>",prod,TypeScript,0,0,LOW,,unreachable_from_entrypoints
c9fef2f9537abd998a314c0449e66c60f837d54b,frontend/src/services/api/quality.ts,79,function,getQualityDashboard,"async ( projectId: number, sprintId?: number ): Promise<QualityDashboard>",prod,TypeScript,1,0,LOW,,unreachable_from_entrypoints
49dbccd12ada544d5b1e41165db1261d8a8ed6e6,frontend/src/services/api/quality.ts,93,function,getQualityMetrics,"async ( projectId: number, opts?:",prod,TypeScript,0,0,LOW,,unreachable_from_entrypoints
8188b3880d7bfbc968c4fb05cbb30dbd5865c1e3,frontend/src/services/api/quality.ts,104,function,listDefectMetrics,"async ( projectId: number, sprintId?: number, limit?: number ): Promise<DefectMetrics[]>",prod,TypeScript,0,0,LOW,,unreachable_from_entrypoints
4bdfa126ae5be5ee0d4b572b3aadf921689c449c,frontend/src/services/api/quality.ts,116,function,calculateDefectMetrics,async (opts:,prod,TypeScript,0,0,LOW,,unreachable_from_entrypoints
3d587d0058867a74b2dbfa1eab592da35244a2b8,frontend/src/services/api/quality.ts,133,function,getRootCauseAnalysis,"async ( projectId: number, sprintId?: number ): Promise<unknown[]>",prod,TypeScript,0,0,LOW,,unreachable_from_entrypoints
29344dcbb2fb2062a9c4b0bca506ad230b02e0c6,frontend/src/services/api/quality.ts,143,function,getComponentAnalysis,"async ( projectId: number, sprintId?: number ): Promise<unknown[]>",prod,TypeScript,0,0,LOW,,unreachable_from_entrypoints
da22881848c85b30945bb12893bd3be5fb7c7e5f,frontend/src/services/api/quality.ts,153,function,getQualityTrend,"async ( projectId: number, days?: number ): Promise<unknown>",prod,TypeScript,0,0,LOW,,unreachable_from_entrypoints
14f334a34635b012402f9bbd73e777962e28b046,frontend/src/services/api/quality.ts,167,function,getQualityReportData,"async ( projectId: number, sprintId?: number ): Promise<SprintQualityReport>",prod,TypeScript,1,0,LOW,,unreachable_from_entrypoints
72094ae29eeeb616671b6cd5b42c73ed1cc82764,frontend/src/services/api/quality.ts,177,function,generateQualityReport,async ( request: ReportGenerationRequest ): Promise<ReportGenerationResponse>,prod,TypeScript,1,0,LOW,,unreachable_from_entrypoints
a5ea0982cc88b95f6f54a32f2bc2061e771c052d,frontend/src/services/api/quality.ts,184,function,getQualityReportPreviewUrl,"( projectId: number, format: ReportFormat = 'pdf', sprintId?: number ): string",prod,TypeScript,1,0,LOW,,unreachable_from_entrypoints
48f510bdb8b342bbe0ee75fb5a7334e090c2ed00,frontend/src/services/api/quality.ts,194,function,downloadQualityReport,"async ( projectId: number, format: ReportFormat = 'pdf', sprintId?: number, sections?: ReportSection[] ): Promise<",prod,TypeScript,1,0,LOW,,unreachable_from_entrypoints
4382666ccab8f4b9a3c9f1acb227d2568cb00262,frontend/src/services/api/sprints.ts,85,function,listSprints,async ( filtersOrProjectId?:,prod,TypeScript,1,0,LOW,,unreachable_from_entrypoints
55e7cba8e7f61eedaf22083c0c13f91b8efc2bb8,frontend/src/services/api/sprints.ts,107,function,anonymous_107,async (),prod,TypeScript,0,0,LOW,,unreachable_from_entrypoints
03e6868bfd83fb1a688c731c005bbe5d2f274bab,frontend/src/services/api/sprints.ts,130,function,getProjectSprints,"async ( projectId: number, limit = 10, boardId?: number ): Promise<SprintsResponse>",prod,TypeScript,2,0,LOW,,unreachable_from_entrypoints
fee84147e49c5eb173c0f0c485264856b8a80d9c,frontend/src/services/api/sprints.ts,159,function,getSprintBurndown,async (sprintId: number): Promise<BurndownResponse>,prod,TypeScript,2,0,LOW,,unreachable_from_entrypoints
8c5cf537d94a14a6ebb77188a96f32c62b551261,frontend/src/services/api/sprints.ts,164,function,getSprintQuality,async (sprintId: number): Promise<SprintQuality>,prod,TypeScript,2,0,LOW,,unreachable_from_entrypoints
b3ccd7ba5eff01bca58da04ff54965d6af40a375,frontend/src/services/api/sprints.ts,173,function,getSprintWipStatus,async (sprintId: number): Promise<SprintWipStatus>,prod,TypeScript,1,0,LOW,,unreachable_from_entrypoints
f4fceaad45d26614fa858a4ca44798439b3460f3,frontend/src/services/api/sprints.ts,194,function,getSprintCapacity,async (sprintId: number): Promise<SprintCapacity>,prod,TypeScript,2,0,LOW,,unreachable_from_entrypoints
8e8cbf6624d8c2d3fc337e445e249ebbbac4bef5,frontend/src/services/api/sprints.ts,215,function,getBoardsForProject,async (jiraKey: string): Promise<BoardsResponse>,prod,TypeScript,1,0,LOW,,unreachable_from_entrypoints
3ac801183f1b8966c9fed0ffc7773a93d906cf8f,frontend/src/services/api/tasks.ts,15,function,extractTasksArray,function extractTasksArray(response: unknown): TaskItem[],prod,TypeScript,3,0,LOW,,unreachable_from_entrypoints
b27b1375a61b85ea9ecdab5bd3f2c651ba7749bd,frontend/src/services/api/tasks.ts,31,function,extractPaginationMeta,"function extractPaginationMeta(response: unknown, skip: number, limit: number): PaginationMeta",prod,TypeScript,2,0,LOW,,unreachable_from_entrypoints
01ef7140aa14fdded5fd7fd0f195cbdc30299972,frontend/src/services/api/tasks.ts,57,function,listTasksByProjectPaginated,"async ( projectId: number, pagination?: PaginationParams, config?: AxiosRequestConfig, ): Promise<PaginatedResponse<TaskItem>>",prod,TypeScript,6,0,LOW,,unreachable_from_entrypoints
03bd1c2dccdf6750d888849466825fe633f8a8c0,frontend/src/services/api/tasks.ts,84,function,listTasksByProject,"async ( projectId: number, pagination?: PaginationParams, config?: AxiosRequestConfig, ): Promise<TaskItem[]>",prod,TypeScript,0,0,LOW,,unreachable_from_entrypoints
4d032a5dd1d40956f121c0da16b0f809319412d8,frontend/src/services/api/tasks.ts,97,function,listTasksPaginated,async ( filters?:,prod,TypeScript,2,0,LOW,,unreachable_from_entrypoints
6453a6573c708864f0c360fda84706c4ad17f583,frontend/src/services/api/tasks.ts,118,function,anonymous_118,async (),prod,TypeScript,0,0,LOW,,unreachable_from_entrypoints
e35a88dbcd8cfae62b3c0c988174c82f800bbeb2,frontend/src/services/api/tasks.ts,127,function,anonymous_127,(),prod,TypeScript,0,0,LOW,,unreachable_from_entrypoints
77ca1ce4b8d59a96893e1d9f754fd2fce1bddaf2,frontend/src/services/api/tasks.ts,149,function,listTasks,async ( filters?:,prod,TypeScript,1,0,LOW,,unreachable_from_entrypoints
6eea8924124e1a6c2a7feb42a6b651ad4f155787,frontend/src/services/api/tasks.ts,163,function,getTask,async (taskId: number): Promise<TaskItem>,prod,TypeScript,0,0,LOW,,unreachable_from_entrypoints
83cc89dbb168255e88be7ea6e0fee1dc894cc218,frontend/src/services/api/tasks.ts,168,function,clearTasksCache,(),prod,TypeScript,0,0,LOW,,unreachable_from_entrypoints
5a5b8759e3483d77d3b8d02d8f608aeba3203e63,frontend/src/services/api/tasks.ts,177,function,setTaskBusinessValue,"async ( taskId: number, opts:",prod,TypeScript,1,0,LOW,,unreachable_from_entrypoints
7c3c3b2297d8a3919617a27477c773d7d8a69d62,frontend/src/services/api/testing.ts,23,function,listFlakyTests,"async ( projectId: number, opts?:",prod,TypeScript,0,0,LOW,,unreachable_from_entrypoints
b221399f048936b71177bdb40de1c36348c9360b,frontend/src/services/api/testing.ts,36,function,getFlakyTest,async (flakyId: number): Promise<FlakyTest>,prod,TypeScript,0,0,LOW,,unreachable_from_entrypoints
23785fc5490649cee5b61831192d2267b03190f6,frontend/src/services/api/testing.ts,41,function,createFlakyTest,async (flaky: FlakyTestCreate): Promise<FlakyTest>,prod,TypeScript,0,0,LOW,,unreachable_from_entrypoints
3fbc567b4253fe2ef08a87bfdce0fcc1bd3ee11a,frontend/src/services/api/testing.ts,46,function,updateFlakyTest,"async (flakyId: number, updates: FlakyTestUpdate): Promise<FlakyTest>",prod,TypeScript,1,0,LOW,,unreachable_from_entrypoints
f89f72d04b5c42c2c4af05f1e2db007fb20fbc47,frontend/src/services/api/testing.ts,51,function,deleteFlakyTest,async (flakyId: number): Promise<void>,prod,TypeScript,0,0,LOW,,unreachable_from_entrypoints
ffc97d87f7e9a2214e0dcdb812ba3a1e671e2317,frontend/src/services/api/testing.ts,55,function,detectFlakyTests,"async ( projectId: number, opts?:",prod,TypeScript,1,0,LOW,,unreachable_from_entrypoints
d414dd4d49bd536f3be000d8fd678159e9415ed9,frontend/src/services/api/testing.ts,79,function,getFlakyTestsSummary,async (projectId: number): Promise<FlakyTestSummary>,prod,TypeScript,0,0,LOW,,unreachable_from_entrypoints
d2f1267ea4a782bfe65826a8f8961cf2bbfe1d5b,frontend/src/services/api/testing.ts,88,function,getCoverageFiles,async (commit_sha: string),prod,TypeScript,1,0,LOW,,unreachable_from_entrypoints
59d8f2685e8d70a0aed6c6cb8c5d26b685ac5c41,frontend/src/services/api/testing.ts,106,function,getDeltaCoverage,"async ( projectId: number, opts?:",prod,TypeScript,0,0,LOW,,unreachable_from_entrypoints
7546be0864758615a5900f51d7bee38323ae6a5e,frontend/src/services/api/testing.ts,118,function,getPRDeltaCoverage,"async ( projectId: number, prNumber: number ): Promise<DeltaCoverage>",prod,TypeScript,0,0,LOW,,unreachable_from_entrypoints
5990e42f8245b5632667bfde84bc55658ddb964f,frontend/src/services/api/testing.ts,131,function,calculateComponentCoverage,"async ( projectId: number, opts?:",prod,TypeScript,1,0,LOW,,unreachable_from_entrypoints
7e1f59222aedf16f03082e4b136dde80d6e19595,frontend/src/services/api/testing.ts,154,function,listComponentCoverage,"async ( projectId: number, opts?:",prod,TypeScript,0,0,LOW,,unreachable_from_entrypoints
0448f3f77417edab32fb871cf314214cce7faac2,frontend/src/services/api/testing.ts,167,function,getComponentCoverageSummary,"async ( projectId: number, threshold?: number ): Promise<ComponentCoverageSummary>",prod,TypeScript,0,0,LOW,,unreachable_from_entrypoints
a0ee5d9e300497ac2d28517e44ef7319141bfecc,frontend/src/services/api/testing.ts,182,function,getCoverageTrendAnalytics,"async ( projectId: number, period?: string ): Promise<CoverageTrendData>",prod,TypeScript,0,0,LOW,,unreachable_from_entrypoints
64a09fd6094fcf430b23432cab2abe1602c8645c,frontend/src/services/api/testing.ts,197,function,getTestAnalyticsDashboard,"async ( projectId: number, opts?:",prod,TypeScript,1,0,LOW,,unreachable_from_entrypoints
5865127e30b6b3f710f015fd2daf6070c0057658,frontend/src/services/api/traceability.ts,40,function,getTraceabilityMatrix,async ( projectIdOrOpts?: number |,prod,TypeScript,1,0,LOW,,unreachable_from_entrypoints
038b1b8d312c8b8e50ccd409a94bfbaed6a002c9,frontend/src/services/api/traceability.ts,50,function,anonymous_50,(),prod,TypeScript,0,0,LOW,,unreachable_from_entrypoints
fad2d759288b76afac3ec8073c7f6a1abb686145,frontend/src/services/api/traceability.ts,56,function,backfillTraceability,"async ( projectId: number, opts?:",prod,TypeScript,0,0,LOW,,unreachable_from_entrypoints
b3f5616395d6e0238965c3062595129d251bda8b,frontend/src/services/api/traceability.ts,79,function,getTraceabilityRequirementFlow,"async ( artifactId: number, opts?:",prod,TypeScript,2,0,LOW,,unreachable_from_entrypoints
c4de75f92135943a5f654fb74c05fc966e17aaa5,frontend/src/services/api/traceability.ts,91,function,anonymous_91,(),prod,TypeScript,0,0,LOW,,unreachable_from_entrypoints
7dcfd6eef14d2daf5813f34caa705b3402df39cf,frontend/src/services/api/traceability.ts,102,function,getTraceabilityTaskArtifacts,"async ( jiraKey: string, config?: AxiosRequestConfig ): Promise<TraceabilityTaskArtifacts>",prod,TypeScript,1,0,LOW,,unreachable_from_entrypoints
41c3140db1302e6c4b0d378e77ccd20865b899bb,frontend/src/services/api/traceability.ts,107,function,anonymous_107,(),prod,TypeScript,0,0,LOW,,unreachable_from_entrypoints
f28abdf2facaaa7f46f9c31276ea1683ceceafb1,frontend/src/services/api/traceability.ts,121,function,getGitHubProjectPulls,"async ( projectId: number, opts?:",prod,TypeScript,1,0,LOW,,unreachable_from_entrypoints
f65b018890df0c2b4f2a06f52aed1bb11ea5380b,frontend/src/services/api/traceability.ts,136,function,getFullTraceabilityChain,"async ( artifactId: number, opts?:",prod,TypeScript,1,0,LOW,,unreachable_from_entrypoints
48cc10e00148365159797244ee19b2594abe78ea,frontend/src/services/api/traceability.ts,162,function,getImpactAnalysis,"async ( artifactId: number, opts?:",prod,TypeScript,1,0,LOW,,unreachable_from_entrypoints
0dbd71afc77c3600f41f259e2d609d95e1421ef4,frontend/src/services/api/traceability.ts,181,function,getOrphanedArtifacts,async ( opts?:,prod,TypeScript,1,0,LOW,,unreachable_from_entrypoints
f8568427dd3a7808daf702da57b6d4c4dd1ed808,frontend/src/services/api/traceability.ts,201,function,getConfidenceDistribution,async ( opts?:,prod,TypeScript,2,0,LOW,,unreachable_from_entrypoints
3b0fb48169520db18883e8de60c171afcfdf5ae1,frontend/src/services/api/traceability.ts,215,function,recalculateLinkConfidence,async ( opts?:,prod,TypeScript,0,0,LOW,,unreachable_from_entrypoints
7fd4d842f840809642b6b440dd5630c2097df303,frontend/src/services/api/traceability.ts,233,function,generateSuggestedLinks,async ( opts?:,prod,TypeScript,1,0,LOW,,unreachable_from_entrypoints
d448d37b420d33bcf97fc62c27cb9108172dfc8b,frontend/src/services/api/traceability.ts,248,function,getSuggestedLinks,async ( opts?:,prod,TypeScript,1,0,LOW,,unreachable_from_entrypoints
e5e204dbb3a088b7f93d0c185d563a9b1b358118,frontend/src/services/api/traceability.ts,265,function,getSuggestedLinksStats,async ( opts?:,prod,TypeScript,1,0,LOW,,unreachable_from_entrypoints
08b7cb1d0f302fe796507494eb308e863875ad1d,frontend/src/services/api/traceability.ts,276,function,approveSuggestedLink,"async ( suggestionId: number, note?: string ): Promise<void>",prod,TypeScript,1,0,LOW,,unreachable_from_entrypoints
82fce854bcef6a2ab01564ee9ae0dbacf83188b5,frontend/src/services/api/traceability.ts,287,function,rejectSuggestedLink,"async ( suggestionId: number, note?: string ): Promise<void>",prod,TypeScript,1,0,LOW,,unreachable_from_entrypoints
9951da6f34070a129f238672a659b5af5af45a45,frontend/src/services/api/traceability.ts,298,function,bulkApproveSuggestedLinks,async ( suggestionIds: number[] ): Promise<,prod,TypeScript,1,0,LOW,,unreachable_from_entrypoints
ca0b1e0f19da700bed0e0fea0731aa31370b8540,frontend/src/services/api/traceability.ts,311,function,getSyncHealth,async ( opts?:,prod,TypeScript,1,0,LOW,,unreachable_from_entrypoints
a9b47f947480d4f47990eee4a78d79a5d96cf754,frontend/src/services/api/traceability.ts,324,function,getDetailedSyncHealth,async ( projectId: number ): Promise<DetailedSyncHealthResponse>,prod,TypeScript,1,0,LOW,,unreachable_from_entrypoints
5914e6c5aca0bf7eae4b7d3d8392f4f4219ea5a4,frontend/src/services/api/traceability.ts,338,function,runConsistencyCheck,async ( opts?:,prod,TypeScript,1,0,LOW,,unreachable_from_entrypoints
644fbcfff64f0c0ff0518c2ba5ebeb8a3d1553c1,frontend/src/services/api/traceability.ts,365,function,fixConsistencyIssues,async ( opts?:,prod,TypeScript,1,0,LOW,,unreachable_from_entrypoints
2244038cbbb63fd2ef841e0b0c39ef99976407e6,frontend/src/services/api/traceability.ts,386,function,getDetailedCycles,async ( opts?:,prod,TypeScript,1,0,LOW,,unreachable_from_entrypoints
d83ddace21074e3c7c4b2d3fbe68c32d34363f26,frontend/src/services/api/traceability.ts,407,function,getRules,async ( opts?: ListRulesOptions ): Promise<TraceabilityRuleListResponse>,prod,TypeScript,0,0,LOW,,unreachable_from_entrypoints
6de47d78834a16e3d3c362cb79522ae259009c28,frontend/src/services/api/traceability.ts,418,function,anonymous_418,(),prod,TypeScript,0,0,LOW,,unreachable_from_entrypoints
83f14772bcaff9bbf2e9a0d96c783cd6e4ca20de,frontend/src/services/api/traceability.ts,427,function,getRule,async (ruleId: number): Promise<TraceabilityRule>,prod,TypeScript,0,0,LOW,,unreachable_from_entrypoints
033c70a4260acb7de90229e4466e166c46372f79,frontend/src/services/api/traceability.ts,429,function,anonymous_429,(),prod,TypeScript,0,0,LOW,,unreachable_from_entrypoints
bd6d8c61b2af71924341551df9dd1e8e81819432,frontend/src/services/api/traceability.ts,438,function,createRule,async ( ruleData: TraceabilityRuleCreate ): Promise<TraceabilityRule>,prod,TypeScript,1,0,LOW,,unreachable_from_entrypoints
24e577c2efff25ab6d808183c5e7ff52f8142dba,frontend/src/services/api/traceability.ts,450,function,updateRule,"async ( ruleId: number, ruleData: TraceabilityRuleUpdate ): Promise<TraceabilityRule>",prod,TypeScript,1,0,LOW,,unreachable_from_entrypoints
29d33ad95e44a61c5fa3dc6eb7a35aad73a3011b,frontend/src/services/api/traceability.ts,463,function,deleteRule,async (ruleId: number): Promise<void>,prod,TypeScript,0,0,LOW,,unreachable_from_entrypoints
345b25e563775a772ee834fe2f9a44f20d40492f,frontend/src/services/api/traceability.ts,470,function,executeRule,"async ( ruleId: number, opts?:",prod,TypeScript,1,0,LOW,,unreachable_from_entrypoints
bb2fecd8097d13049c3eb03decf2521bd5b26439,frontend/src/services/api/traceability.ts,484,function,getRuleExecutions,"async ( ruleId: number, opts?:",prod,TypeScript,0,0,LOW,,unreachable_from_entrypoints
6194235aef55654ddca503c20c79ed89c555b9d1,frontend/src/services/api/traceability.ts,493,function,anonymous_493,(),prod,TypeScript,0,0,LOW,,unreachable_from_entrypoints
b28ca7fd01f53e35c78e7c79c2b401b00e3ef366,frontend/src/services/api/traceability.ts,502,function,getAllRuleExecutions,async ( opts?: ListRuleExecutionsOptions ): Promise<TraceabilityRuleExecutionListResponse>,prod,TypeScript,1,0,LOW,,unreachable_from_entrypoints
097bb851fc042337fdaa7074afea91c982687a2a,frontend/src/services/api/traceability.ts,512,function,anonymous_512,(),prod,TypeScript,0,0,LOW,,unreachable_from_entrypoints
546a3bf63b8e3a2be9d30cc7294cb7809852ba28,frontend/src/services/api/users.ts,9,function,getCurrentUser,async (): Promise<User>,prod,TypeScript,5,0,LOW,,unreachable_from_entrypoints
f054711b59795bfc1001af5c98f1f84670d3b28c,frontend/src/services/api/users.ts,17,function,anonymous_17,async (),prod,TypeScript,0,0,LOW,,unreachable_from_entrypoints
e2e7540beb6ed09b95b0fb57aa6c56089d49521e,frontend/src/services/api/users.ts,24,function,updateCurrentUser,"async ( payload: Partial<Pick<User, ""username"" | ""full_name"">>, ): Promise<User>",prod,TypeScript,1,0,LOW,,unreachable_from_entrypoints
8b68f25aaf098e09fdf0fed63c8e10f0b741cbdc,frontend/src/services/api/users.ts,33,function,changePassword,async (payload:,prod,TypeScript,1,0,LOW,,unreachable_from_entrypoints
795ecd9c46f14f74b0f8f8c75debec528bdcee9c,frontend/src/services/api/users.ts,63,function,getOAuth2Providers,async (): Promise<OAuth2Providers>,prod,TypeScript,1,0,LOW,,unreachable_from_entrypoints
94d22c7ceda549161f16a9436603a0b4d09c8bc4,frontend/src/services/api/users.ts,72,function,startGoogleOAuth,async (redirectUri?: string): Promise<OAuth2AuthURL>,prod,TypeScript,1,0,LOW,,unreachable_from_entrypoints
74f51486a8407b368bb8dd9da1da64a76a3b9e8a,frontend/src/services/api/users.ts,82,function,startMicrosoftOAuth,async (redirectUri?: string): Promise<OAuth2AuthURL>,prod,TypeScript,1,0,LOW,,unreachable_from_entrypoints
0a2b3c283d0b2ea671522ce575556cf7eb201ed9,frontend/src/services/api/users.ts,91,function,googleOAuthCallback,"async (code: string, state: string): Promise<OAuth2Token>",prod,TypeScript,1,0,LOW,,unreachable_from_entrypoints
976eb594bacead1dc7160400ae109c2c743fc90e,frontend/src/services/api/users.ts,101,function,microsoftOAuthCallback,"async (code: string, state: string): Promise<OAuth2Token>",prod,TypeScript,1,0,LOW,,unreachable_from_entrypoints
398f1d42236e3bd5ee2a8493bb84455a99f12679,frontend/src/services/api/users.ts,141,function,getMFAStatus,async (): Promise<MFAStatus>,prod,TypeScript,1,0,LOW,,unreachable_from_entrypoints
3033182a08539ac09f306d9ce232604995210dbd,frontend/src/services/api/users.ts,150,function,initiateMFASetup,async (): Promise<MFASetupResponse>,prod,TypeScript,1,0,LOW,,unreachable_from_entrypoints
f1b98a674885fd2a33879ffa901ddf9b2fee6cf5,frontend/src/services/api/users.ts,159,function,verifyMFASetup,async (code: string): Promise<MFAVerifyResponse>,prod,TypeScript,1,0,LOW,,unreachable_from_entrypoints
a98feb3d50bce13d015525ebe68b8e3b8b8cf6d4,frontend/src/services/api/users.ts,168,function,disableMFA,async (code: string): Promise<MFAVerifyResponse>,prod,TypeScript,1,0,LOW,,unreachable_from_entrypoints
b016f68aeb83303481e6c92b28aadc50470c8f46,frontend/src/services/api/users.ts,177,function,regenerateBackupCodes,async (code: string): Promise<,prod,TypeScript,1,0,LOW,,unreachable_from_entrypoints
1a72358c2477b4add623179a0e5cf4e136808e26,frontend/src/services/api/users.ts,186,function,verifyMFALogin,"async (code: string, tempToken: string): Promise<OAuth2Token>",prod,TypeScript,1,0,LOW,,unreachable_from_entrypoints
b7659dcdd78be247515fe32c3a35774960a01bce,frontend/src/services/jiraFieldsApi.ts,84,function,discoverJiraFields,export async function discoverJiraFields(forceRefresh: boolean = false): Promise<FieldDiscoveryResult>,prod,TypeScript,2,0,LOW,,unreachable_from_entrypoints
340c902665dd45152434bf516e64eb742dd53072,frontend/src/services/jiraFieldsApi.ts,93,function,calibrateFields,"export async function calibrateFields(projectKey: string, sampleSize: number = 10): Promise<CalibrationResult>",prod,TypeScript,1,0,LOW,,unreachable_from_entrypoints
6b2df8a1e41356cf544e157f1b27ae53de4b0881,frontend/src/services/jiraFieldsApi.ts,104,function,getFieldMappings,"export async function getFieldMappings(projectKey?: string, activeOnly: boolean = true): Promise<FieldMapping[]>",prod,TypeScript,1,0,LOW,,unreachable_from_entrypoints
57743dae9d55652f2b8c49a5ea8731c5395506bf,frontend/src/services/jiraFieldsApi.ts,117,function,saveFieldMapping,"export async function saveFieldMapping( fieldType: string, fieldId: string, projectKey?: string ): Promise<",prod,TypeScript,1,0,LOW,,unreachable_from_entrypoints
f0f1603d8309694ec6d1bef0d2b1a1e2152fbbfe,frontend/src/services/jiraFieldsApi.ts,137,function,deleteFieldMapping,export async function deleteFieldMapping(mappingId: number): Promise<,prod,TypeScript,1,0,LOW,,unreachable_from_entrypoints
c18da2c541f0e6f56201a86c87d7d56830840d49,frontend/src/services/jiraFieldsApi.ts,148,function,testFieldMapping,"export async function testFieldMapping(issueKey: string, fieldType?: string): Promise<TestMappingResult>",prod,TypeScript,1,0,LOW,,unreachable_from_entrypoints
3d93593adf507d5f900a60afa841a76cf9e76fd7,frontend/src/services/jiraFieldsApi.ts,164,function,exportConfiguration,export async function exportConfiguration(): Promise<JiraFieldConfiguration>,prod,TypeScript,1,0,LOW,,unreachable_from_entrypoints
a4b4697b87191b2d546ba8c472cc46e5e616cea2,frontend/src/services/jiraFieldsApi.ts,173,function,importConfiguration,export async function importConfiguration(config: JiraFieldConfiguration): Promise<,prod,TypeScript,1,0,LOW,,unreachable_from_entrypoints
9dd2a2ddcd4543eb95d2a7b3f5b2f455a2ac91d3,frontend/src/services/jiraFieldsApi.ts,188,function,getIssueSprints,export async function getIssueSprints(issueKey: string): Promise<,prod,TypeScript,0,0,LOW,,unreachable_from_entrypoints
19c06cec89ac4ab2584d3a31da021b50a6cd5d40,frontend/src/store/dataThunks.ts,37,function,loadProjects,async (),prod,TypeScript,6,0,LOW,,unreachable_from_entrypoints
b25900ce8cab4b59cb2b0a5af8411781d88ab867,frontend/src/store/dataThunks.ts,46,function,anonymous_46,p,prod,TypeScript,0,0,LOW,,unreachable_from_entrypoints
063ddbb71c55e48aaf3f6afdbe1c57822812d931,frontend/src/store/dataThunks.ts,50,function,anonymous_50,"(p, idx)",prod,TypeScript,0,0,LOW,,unreachable_from_entrypoints
06833bad9a5be345a34d4ce96c6b464db29e68ea,frontend/src/store/projectSlice.ts,26,function,createInitialState,(): ProjectState,prod,TypeScript,0,0,LOW,,unreachable_from_entrypoints
3b837424ea44dee19c84cf994c1aee97ff957b93,frontend/src/store/sprintSlice.ts,29,function,createInitialState,(): SprintState,prod,TypeScript,0,0,LOW,,unreachable_from_entrypoints
3d6e7b4e3ead8055c976f9445d65c4fafa7de3c0,frontend/src/store/taskSlice.ts,31,function,createInitialState,(): TaskState,prod,TypeScript,0,0,LOW,,unreachable_from_entrypoints
359e831007f8ed7ee427b17a926f718c602ecacf,frontend/src/test/setup-env.ts,9,getter,length,get length(),test,TypeScript,0,0,LOW,,unreachable_from_entrypoints
ac51b479afb36047df5a7fce1862ce9aa671b543,frontend/src/test/setup.ts,27,constructor,constructor,constructor(),test,TypeScript,0,0,LOW,,unreachable_from_entrypoints
7a3abbb5ab546bf01689142f5468ba1d420c5773,frontend/src/test/setup.ts,28,method,disconnect,disconnect(),test,TypeScript,0,0,LOW,,unreachable_from_entrypoints
d56d51f876c6a27becef0046bef582cbc704ae11,frontend/src/test/setup.ts,29,method,observe,observe(),test,TypeScript,0,0,LOW,,unreachable_from_entrypoints
f2fc86ac616a38c94340e632c14c849aefecc410,frontend/src/test/setup.ts,30,method,takeRecords,takeRecords(),test,TypeScript,0,0,LOW,,unreachable_from_entrypoints
1a820bbafa13613081edbb93c9f56a2e48fdd526,frontend/src/test/setup.ts,33,method,unobserve,unobserve(),test,TypeScript,0,0,LOW,,unreachable_from_entrypoints
cd30a03673cba6c83e1ace0f1eb9c654a62a35f0,frontend/src/test/setup.ts,38,constructor,constructor,constructor(),test,TypeScript,0,0,LOW,,unreachable_from_entrypoints
7e6333912c30e0387b38a039004301d9fd92e63e,frontend/src/test/setup.ts,39,method,disconnect,disconnect(),test,TypeScript,0,0,LOW,,unreachable_from_entrypoints
8ee5eab60659308c83ff9fef6f85f23c6c9e52e7,frontend/src/test/setup.ts,40,method,observe,observe(),test,TypeScript,0,0,LOW,,unreachable_from_entrypoints
0845b7a3ec0523c696c4ce125d9bd9188578efc8,frontend/src/test/setup.ts,41,method,unobserve,unobserve(),test,TypeScript,0,0,LOW,,unreachable_from_entrypoints
1a91bddfb12bf81de8d86e55e52193c910bb613d,frontend/src/utils/apiOptimization.ts,33,function,deduplicateRequest,"export async function deduplicateRequest<T>( key: string, requestFn: ()",prod,TypeScript,14,0,LOW,,unreachable_from_entrypoints
8190b2c2fc6315651079b5a5c73d837b75f72e26,frontend/src/utils/apiOptimization.ts,46,function,anonymous_46,(),prod,TypeScript,0,0,LOW,,unreachable_from_entrypoints
1ecb0c147a7eeafa95f0ca2976c67bef491102b6,frontend/src/utils/apiOptimization.ts,58,function,makeCacheKey,"export function makeCacheKey( endpoint: string, params?: Record<string, unknown> ): string",prod,TypeScript,0,0,LOW,,unreachable_from_entrypoints
18756a53164fbb276b3d1c344524c759ed12a17c,frontend/src/utils/apiOptimization.ts,67,function,anonymous_67,"([, v])",prod,TypeScript,0,0,LOW,,unreachable_from_entrypoints
f4b136cae9db14bea9e638fc1c1bd8916e6db2c1,frontend/src/utils/apiOptimization.ts,68,function,anonymous_68,"([a], [b])",prod,TypeScript,0,0,LOW,,unreachable_from_entrypoints
d945ce3b2e7890a8c9af090d7106734ef3c02fc2,frontend/src/utils/apiOptimization.ts,69,function,anonymous_69,"([k, v])",prod,TypeScript,0,0,LOW,,unreachable_from_entrypoints
20a3383a810453983e342798c75b0ab3fc9bcbc2,frontend/src/utils/apiOptimization.ts,102,function,debounce,export function debounce<T extends (...args: unknown[]),prod,TypeScript,0,0,LOW,,unreachable_from_entrypoints
76218f3a7ea9429ba12e3086187f70a559f1b9ec,frontend/src/utils/apiOptimization.ts,109,function,anonymous_109,(...args: Parameters<T>),prod,TypeScript,0,0,LOW,,unreachable_from_entrypoints
5e0943add0228b997b3df523b7dc8858e3011fa7,frontend/src/utils/apiOptimization.ts,116,function,anonymous_116,(),prod,TypeScript,0,0,LOW,,unreachable_from_entrypoints
cdaee899bdf4e849be629142af412b58ccfb110f,frontend/src/utils/apiOptimization.ts,122,function,anonymous_122,(),prod,TypeScript,0,0,LOW,,unreachable_from_entrypoints
839ce3480783557e9b56900e4b351bffd986a64a,frontend/src/utils/apiOptimization.ts,130,function,anonymous_130,(),prod,TypeScript,0,0,LOW,,unreachable_from_entrypoints
79b34890fe5bf2583581ccfde9623a8b7f590b17,frontend/src/utils/apiOptimization.ts,180,function,createBatchLoader,"export function createBatchLoader<TKey, TResult>( config: BatchConfig<TKey, TResult> ): BatchedLoader<TKey, TResult>",prod,TypeScript,0,0,LOW,,unreachable_from_entrypoints
3928bac11253d23f210bf3c04a1d0d142741304f,frontend/src/utils/apiOptimization.ts,190,function,anonymous_190,async (),prod,TypeScript,0,0,LOW,,unreachable_from_entrypoints
cf096bad786b124b51e62b31e1001fdff8be57be,frontend/src/utils/apiOptimization.ts,206,function,anonymous_206,"(callbacks, key)",prod,TypeScript,0,0,LOW,,unreachable_from_entrypoints
7ffc4e42b1abc42b0963be463bb152defbe68d59,frontend/src/utils/apiOptimization.ts,209,function,anonymous_209,(cb),prod,TypeScript,0,0,LOW,,unreachable_from_entrypoints
91c2fe96f47907b5ccb13b6748c59c900c200aa4,frontend/src/utils/apiOptimization.ts,211,function,anonymous_211,(cb),prod,TypeScript,0,0,LOW,,unreachable_from_entrypoints
64bac82854bb937ff1c3315e2b179e0c2fab7c42,frontend/src/utils/apiOptimization.ts,217,function,anonymous_217,(callbacks),prod,TypeScript,0,0,LOW,,unreachable_from_entrypoints
f942a563b5922f575018f309f81222cf83a5f7ee,frontend/src/utils/apiOptimization.ts,218,function,anonymous_218,(cb),prod,TypeScript,0,0,LOW,,unreachable_from_entrypoints
49b30d0be1ef085621fd18961d1302e6bad87e3d,frontend/src/utils/apiOptimization.ts,223,function,anonymous_223,(),prod,TypeScript,0,0,LOW,,unreachable_from_entrypoints
690842101716893dfb40c7ff72354f19ff731861,frontend/src/utils/apiOptimization.ts,229,function,anonymous_229,(key: TKey): Promise<TResult>,prod,TypeScript,0,0,LOW,,unreachable_from_entrypoints
16a9ed912fb12a459eb36313606ff136f7c5f8a7,frontend/src/utils/apiOptimization.ts,230,function,anonymous_230,"(resolve, reject)",prod,TypeScript,0,0,LOW,,unreachable_from_entrypoints
3734ddf1c3a43b9ecd828e25189f08d7aaafe070,frontend/src/utils/apiOptimization.ts,243,function,anonymous_243,async (keys: TKey[]): Promise<TResult[]>,prod,TypeScript,0,0,LOW,,unreachable_from_entrypoints
a591e86a0264f4a759e8eeed54d732dac2d746be,frontend/src/utils/apiOptimization.ts,283,function,loadParallel,"export async function loadParallel<T extends Record<string, ()",prod,TypeScript,3,0,LOW,,unreachable_from_entrypoints
9f46807b1640221c0005b4894c1925353f474e6a,frontend/src/utils/apiOptimization.ts,291,function,anonymous_291,key,prod,TypeScript,0,0,LOW,,unreachable_from_entrypoints
6c9a939fe58cbe552dbcc751fae2bb38cf377580,frontend/src/utils/apiOptimization.ts,297,function,anonymous_297,"(key, index)",prod,TypeScript,0,0,LOW,,unreachable_from_entrypoints
c034c9f5dde145c4faf58886960c917f5d67706a,frontend/src/utils/apiOptimization.ts,338,method,get,get<T>(key: string):,prod,TypeScript,0,0,LOW,,unreachable_from_entrypoints
cdf55b4b722cba0d7df3c3e45c69d63e8ef1acfe,frontend/src/utils/apiOptimization.ts,361,method,set,"set<T>(key: string, value: T, options: CacheOptions): void",prod,TypeScript,0,0,LOW,,unreachable_from_entrypoints
20f204900b4ff6a053390c7d17baf4efcd403a84,frontend/src/utils/apiOptimization.ts,379,method,delete,delete(key: string): boolean,prod,TypeScript,0,0,LOW,,unreachable_from_entrypoints
8b9f0e353956f17f19134fb97686fc76e9bb1528,frontend/src/utils/apiOptimization.ts,383,method,deletePattern,deletePattern(pattern: string): number,prod,TypeScript,2,0,LOW,,unreachable_from_entrypoints
b37ac336738ebd9e2cd742d6ce753bb97f383dc0,frontend/src/utils/apiOptimization.ts,385,function,anonymous_385,(key),prod,TypeScript,0,0,LOW,,unreachable_from_entrypoints
c1aac0d713098b17b9ad4c69a4d836fae0ca8a5b,frontend/src/utils/apiOptimization.ts,394,method,clear,clear(): void,prod,TypeScript,0,0,LOW,,unreachable_from_entrypoints
81ddac30ab2ee25f7b228a760a5c3cc8cd41dcd0,frontend/src/utils/apiOptimization.ts,423,function,fetchWithCache,"export async function fetchWithCache<T>( key: string, fetchFn: ()",prod,TypeScript,1,0,LOW,,unreachable_from_entrypoints
642ac616e1c14c7eb7429c2ba6aba489cc494dd4,frontend/src/utils/apiOptimization.ts,440,function,anonymous_440,err,prod,TypeScript,0,0,LOW,,unreachable_from_entrypoints
3475aa942ca94e7af8c9246c4436edf30f5dac69,frontend/src/utils/apiOptimization.ts,470,function,invalidateProjectCache,export function invalidateProjectCache(projectId: number): void,prod,TypeScript,0,0,LOW,,unreachable_from_entrypoints
f3db53f84ad1e8c8c98d199955e723c0815f5869,frontend/src/utils/apiOptimization.ts,482,function,anonymous_482,pattern,prod,TypeScript,0,0,LOW,,unreachable_from_entrypoints
6f8169580140d4b4d393ff49dc973df6bd090a58,frontend/src/utils/apiOptimization.ts,489,function,invalidateSprintCache,export function invalidateSprintCache(sprintId: number): void,prod,TypeScript,0,0,LOW,,unreachable_from_entrypoints
4caa3de7c741a6df35ca22e19d9e642a8a98aaef,frontend/src/utils/apiOptimization.ts,497,function,anonymous_497,pattern,prod,TypeScript,0,0,LOW,,unreachable_from_entrypoints
4ef5888f8a8189aca4859eb319d0a68ba300291c,frontend/src/utils/apiOptimization.ts,506,function,clearAllCache,export function clearAllCache(): void,prod,TypeScript,0,0,LOW,,unreachable_from_entrypoints
dbb8414d5781a06b153e6eec8db773627fa83016,frontend/src/utils/apiOptimization.ts,540,function,loadProjectAnalytics,"export async function loadProjectAnalytics( projectId: number, api:",prod,TypeScript,0,0,LOW,,unreachable_from_entrypoints
c643ddfc0f0a6615e15ba9a59c193e6a465fe698,frontend/src/utils/apiOptimization.ts,552,function,anonymous_552,(),prod,TypeScript,0,0,LOW,,unreachable_from_entrypoints
c9c89dccece8de3352ac7a607f976384257337a8,frontend/src/utils/apiOptimization.ts,553,function,anonymous_553,(),prod,TypeScript,0,0,LOW,,unreachable_from_entrypoints
020e5c0c77e9dc373ceed0b3b4c2ff9fadb5ce5e,frontend/src/utils/apiOptimization.ts,554,function,anonymous_554,(),prod,TypeScript,0,0,LOW,,unreachable_from_entrypoints
4f2c5e10be8b64f3f22cda80c597680ef77eb06b,frontend/src/utils/apiOptimization.ts,555,function,anonymous_555,(),prod,TypeScript,0,0,LOW,,unreachable_from_entrypoints
da27cc04dcc6b8838086adc59cf5539af7cc463b,frontend/src/utils/apiOptimization.ts,556,function,anonymous_556,(),prod,TypeScript,0,0,LOW,,unreachable_from_entrypoints
654b4dd7b0495d756f5ef08d7b34c790ae28b879,frontend/src/utils/apiOptimization.ts,557,function,anonymous_557,(),prod,TypeScript,0,0,LOW,,unreachable_from_entrypoints
da29a30af931258122fcfb2eda5532d19ca54dfe,frontend/src/utils/backendHealth.ts,24,method,startMonitoring,startMonitoring(),prod,TypeScript,0,0,LOW,,unreachable_from_entrypoints
295d22fc9560f1aa0087e3260997a7f549c6fd9b,frontend/src/utils/backendHealth.ts,33,function,anonymous_33,(),prod,TypeScript,0,0,LOW,,unreachable_from_entrypoints
604f557e9c0e2c86a475d814044b2da77e479255,frontend/src/utils/backendHealth.ts,41,method,stopMonitoring,stopMonitoring(),prod,TypeScript,0,0,LOW,,unreachable_from_entrypoints
60c8d6eddc3a8a20f96b7d322c7d3c7b48d815f0,frontend/src/utils/backendHealth.ts,51,method,checkHealth,async checkHealth(): Promise<BackendHealthStatus>,prod,TypeScript,3,0,LOW,,unreachable_from_entrypoints
1e0d15ea9497a24b05fd00ffdbf8e9c07ca04632,frontend/src/utils/backendHealth.ts,92,method,getStatus,getStatus(): BackendHealthStatus,prod,TypeScript,1,0,LOW,,unreachable_from_entrypoints
5d055c7bdf5f9cf795f235f6dd42195a7780d8a7,frontend/src/utils/backendHealth.ts,99,method,notifyHealthChange,private notifyHealthChange(isHealthy: boolean),prod,TypeScript,3,0,LOW,,unreachable_from_entrypoints
cd28b153102d63cdb8408ff31b4d5e275cbf49ef,frontend/src/utils/backendHealth.ts,108,method,markUnhealthy,markUnhealthy(error?: string),prod,TypeScript,0,0,LOW,,unreachable_from_entrypoints
a45347659a99f51b181fc81e493ff4de9c9b28a4,frontend/src/utils/errorUtils.ts,21,function,getErrorMessage,"export function getErrorMessage(error: unknown, fallback: string): string",prod,TypeScript,0,0,LOW,,unreachable_from_entrypoints
af637b069f1297080832d7ed6b7530652844f6bb,frontend/src/utils/errorUtils.ts,48,function,isErrorWithMessage,function isErrorWithMessage(error: unknown): error is,prod,TypeScript,1,0,LOW,,unreachable_from_entrypoints
264154e747ccf977a720aba9907b1c5bf8082cf4,frontend/src/utils/errorUtils.ts,60,function,isAxiosError,function isAxiosError( error: unknown ): error is,prod,TypeScript,1,0,LOW,,unreachable_from_entrypoints
10327d2188e3bdcfb6b8fd3596623a8e86953559,frontend/src/utils/errorUtils.ts,76,function,logError,"export function logError(context: string, error: unknown): void",prod,TypeScript,0,0,LOW,,unreachable_from_entrypoints
8733ae60241fc0c9990fd8ecdcc0ee0d71d447f6,frontend/src/utils/logout.ts,71,function,clearLocalStorage,function clearLocalStorage(): string[],prod,TypeScript,1,0,LOW,,unreachable_from_entrypoints
230d7bf2d2837c8c4d733c90093c207e828f6e84,frontend/src/utils/logout.ts,93,function,anonymous_93,pattern,prod,TypeScript,0,0,LOW,,unreachable_from_entrypoints
7b833745aae764c409e0881839357ff3ee30fa60,frontend/src/utils/logout.ts,111,function,clearSessionStorage,function clearSessionStorage(): void,prod,TypeScript,1,0,LOW,,unreachable_from_entrypoints
5d16fe189838165a133043c7c9cb0ef6b8c3913f,frontend/src/utils/logout.ts,134,function,performLogout,"export function performLogout( dispatch: Dispatch, navigate: NavigateFunction, redirectPath: string = '/login' ): void",prod,TypeScript,1,0,LOW,,unreachable_from_entrypoints
615f6722e4346bf32dc78728e3e724ea850f21c0,frontend/src/utils/logout.ts,172,function,getLogoutStats,export function getLogoutStats():,prod,TypeScript,0,0,LOW,,unreachable_from_entrypoints
17eaaf6c236a591d94869f4412b585f8f4d690df,frontend/src/utils/logout.ts,200,function,anonymous_200,pattern,prod,TypeScript,0,0,LOW,,unreachable_from_entrypoints
cf658266e19ea189fcd47ed049e0013c205554d3,frontend/src/utils/ruleTemplates.ts,249,function,getTemplateById,export function getTemplateById(id: string): RuleTemplate | undefined,prod,TypeScript,0,0,LOW,,unreachable_from_entrypoints
a7730d6b9599d81bc3a7b3f26065c5c3cebe34ae,frontend/src/utils/ruleTemplates.ts,250,function,anonymous_250,(t),prod,TypeScript,0,0,LOW,,unreachable_from_entrypoints
12ea1ba2a52278737b29192c7ca1e7598a2ea546,frontend/src/utils/ruleTemplates.ts,256,function,getTemplatesByCategory,export function getTemplatesByCategory(category: 'basic' | 'advanced' | 'custom'): RuleTemplate[],prod,TypeScript,0,0,LOW,,unreachable_from_entrypoints
9192493919722d7d4ad7faf6bf8811d85e346a64,frontend/src/utils/ruleTemplates.ts,257,function,anonymous_257,(t),prod,TypeScript,0,0,LOW,,unreachable_from_entrypoints
8d51c326b018b6013f72a4807f7af3b26c3a67d7,frontend/src/utils/ruleTemplates.ts,263,function,getTemplatesByTag,export function getTemplatesByTag(tag: string): RuleTemplate[],prod,TypeScript,0,0,LOW,,unreachable_from_entrypoints
0e5e1331c553012ea407830339b97a022ea948c1,frontend/src/utils/ruleTemplates.ts,264,function,anonymous_264,(t),prod,TypeScript,0,0,LOW,,unreachable_from_entrypoints
5c3dcde04930ca3fb9d4cd377b463c9739d3c8e9,frontend/src/utils/ruleTemplates.ts,270,function,applyTemplate,export function applyTemplate(template: RuleTemplate):,prod,TypeScript,1,0,LOW,,unreachable_from_entrypoints
ef31d4196c8b4974eb121af7aa4c7f3691918f14,frontend/src/utils/ruleTemplates.ts,275,function,anonymous_275,"(node, index)",prod,TypeScript,0,0,LOW,,unreachable_from_entrypoints
5eddd40f58ca6746ea065f78e79d90b61a276d8b,frontend/src/utils/ruleTemplates.ts,286,function,anonymous_286,"(edge, index)",prod,TypeScript,0,0,LOW,,unreachable_from_entrypoints
27392fd1b8e959e138f57aa227e77d737ea6f505,frontend/src/utils/ruleValidation.ts,26,function,validateRule,"export function validateRule(nodes: Node[], edges: Edge[]): ValidationResult",prod,TypeScript,1,0,LOW,,unreachable_from_entrypoints
2ec224bfc85512c455266027446abe6303e6ee1e,frontend/src/utils/ruleValidation.ts,31,function,anonymous_31,(n),prod,TypeScript,0,0,LOW,,unreachable_from_entrypoints
9cb6be04db87dc096bee2a44b82a973031f94dba,frontend/src/utils/ruleValidation.ts,42,function,anonymous_42,(n),prod,TypeScript,0,0,LOW,,unreachable_from_entrypoints
d65db57c1304b362cdef3c7850339ff2fbfd4856,frontend/src/utils/ruleValidation.ts,54,function,anonymous_54,(edge),prod,TypeScript,0,0,LOW,,unreachable_from_entrypoints
2a54a63977933cbc1805c74aa580e14cf471823c,frontend/src/utils/ruleValidation.ts,59,function,anonymous_59,(node),prod,TypeScript,0,0,LOW,,unreachable_from_entrypoints
0508e6305c7b675ca7847f92e8bcb82c8cd97663,frontend/src/utils/ruleValidation.ts,79,function,anonymous_79,(node),prod,TypeScript,0,0,LOW,,unreachable_from_entrypoints
cce678b002d9cf2d0ac9046472d01eb27babc1a5,frontend/src/utils/ruleValidation.ts,80,function,anonymous_80,(e),prod,TypeScript,0,0,LOW,,unreachable_from_entrypoints
06445350f61df12c70ff783add30138c0d05e795,frontend/src/utils/ruleValidation.ts,91,function,anonymous_91,(node),prod,TypeScript,0,0,LOW,,unreachable_from_entrypoints
cf5810d545a9525e2395d09eacce889bb4f7b1c3,frontend/src/utils/ruleValidation.ts,92,function,anonymous_92,(e),prod,TypeScript,0,0,LOW,,unreachable_from_entrypoints
645a4de8f34edce0ee9045dfcc9cd2c29c133f62,frontend/src/utils/ruleValidation.ts,103,function,anonymous_103,(n),prod,TypeScript,0,0,LOW,,unreachable_from_entrypoints
3cab9ade16438f44dee991d4406151b1a1ae3ab1,frontend/src/utils/ruleValidation.ts,106,function,anonymous_106,(node),prod,TypeScript,0,0,LOW,,unreachable_from_entrypoints
3d0d22df9e17bf6d61a6444207234d70048eb785,frontend/src/utils/ruleValidation.ts,107,function,anonymous_107,(e),prod,TypeScript,0,0,LOW,,unreachable_from_entrypoints
c72fc46092aaf472d7c9d73ddeefe728129c276a,frontend/src/utils/ruleValidation.ts,108,function,anonymous_108,(e),prod,TypeScript,0,0,LOW,,unreachable_from_entrypoints
ed4ced8bc1f016cd7aa971d50cc2461d6b8de4a5,frontend/src/utils/ruleValidation.ts,127,function,anonymous_127,(node),prod,TypeScript,0,0,LOW,,unreachable_from_entrypoints
4fabfab3b4de13545c3455b6a25a3824733b5b04,frontend/src/utils/ruleValidation.ts,142,function,validateNodeConfiguration,function validateNodeConfiguration(node: Node): ValidationError[],prod,TypeScript,1,0,LOW,,unreachable_from_entrypoints
481082a63b6851678a4ee8057a34b85547f79867,frontend/src/utils/ruleValidation.ts,196,function,detectCycles,"function detectCycles(nodes: Node[], edges: Edge[]): string[]",prod,TypeScript,1,0,LOW,,unreachable_from_entrypoints
7178d335cbd42a85686283706d2cd3feea4e70d8,frontend/src/utils/ruleValidation.ts,200,function,anonymous_200,(node),prod,TypeScript,0,0,LOW,,unreachable_from_entrypoints
dc283fdac0a96ed1a3f2cb15893934d283faf26c,frontend/src/utils/ruleValidation.ts,201,function,anonymous_201,(edge),prod,TypeScript,0,0,LOW,,unreachable_from_entrypoints
9e954555fa4ccfcf7d558c4021662e1c3844a9fb,frontend/src/utils/ruleValidation.ts,211,function,dfs,"function dfs(nodeId: string, path: string[]): boolean",prod,TypeScript,8,0,LOW,,unreachable_from_entrypoints
8a9f924f8b86b5f32619abeb4fa14f08fef297b1,frontend/src/utils/ruleValidation.ts,240,function,anonymous_240,(nodeId),prod,TypeScript,0,0,LOW,,unreachable_from_entrypoints
10564c17a4f4075005fd76db69e0c465ffaac57b,frontend/src/utils/ruleValidation.ts,241,function,anonymous_241,(n),prod,TypeScript,0,0,LOW,,unreachable_from_entrypoints
cc7bdafdea64fa9933b9ee328c264bbfb79a7a79,frontend/src/utils/ruleValidation.ts,254,function,getSourceNodes,export function getSourceNodes(nodes: Node[]): Node[],prod,TypeScript,1,0,LOW,,unreachable_from_entrypoints
fa3732a8a27fc9026f6e978e1ac138710f656025,frontend/src/utils/ruleValidation.ts,255,function,anonymous_255,(n),prod,TypeScript,0,0,LOW,,unreachable_from_entrypoints
4873ff7e3bfd4cad23e4e8d5e6b75f87f62fea49,frontend/src/utils/ruleValidation.ts,263,function,getActionNodes,export function getActionNodes(nodes: Node[]): Node[],prod,TypeScript,1,0,LOW,,unreachable_from_entrypoints
0ea90c0b2fd49848eff1303686f8cd84d278ca50,frontend/src/utils/ruleValidation.ts,264,function,anonymous_264,(n),prod,TypeScript,0,0,LOW,,unreachable_from_entrypoints
198e3ae17fc6ccce199aca79bd88357cf9b5fc77,frontend/src/utils/ruleValidation.ts,272,function,hasCompletePath,"export function hasCompletePath(nodes: Node[], edges: Edge[]): boolean",prod,TypeScript,0,0,LOW,,unreachable_from_entrypoints
6c17c6aa71980d00ca233cbe10be4fa69c56a380,frontend/src/utils/ruleValidation.ts,282,function,anonymous_282,(node),prod,TypeScript,0,0,LOW,,unreachable_from_entrypoints
fe3e93bcb7ce91fa46bc77ec277ded07a5c46cd5,frontend/src/utils/ruleValidation.ts,283,function,anonymous_283,(edge),prod,TypeScript,0,0,LOW,,unreachable_from_entrypoints
8c58dfe66331ea21272bb32aa529ba63576ce89c,frontend/src/utils/ruleValidation.ts,305,function,getReachableNodes,"function getReachableNodes(startId: string, adjacencyList: Map<string, string[]>): Set<string>",prod,TypeScript,1,0,LOW,,unreachable_from_entrypoints
fa1252d6cb69cede1ff7b51b664d3239610334eb,frontend/src/utils/smartDefaults.ts,28,function,detectTimezone,export function detectTimezone(): string,prod,TypeScript,2,0,LOW,,unreachable_from_entrypoints
39d4514eb4e3641046f56c107892390c5f5213af,frontend/src/utils/smartDefaults.ts,39,function,detectCurrency,export function detectCurrency(): string,prod,TypeScript,2,0,LOW,,unreachable_from_entrypoints
959c0dad1ab9442713ede6becb4f29dfa29228f8,frontend/src/utils/smartDefaults.ts,69,function,anonymous_69,key,prod,TypeScript,0,0,LOW,,unreachable_from_entrypoints
28330ae9794c415aa1f2f1052c5841e73956888a,frontend/src/utils/smartDefaults.ts,84,function,analyzeSprintDuration,export function analyzeSprintDuration(sprints: any[]): number,prod,TypeScript,1,0,LOW,,unreachable_from_entrypoints
75a8e2c27f83521a472b02debc8a27cc29f1dc59,frontend/src/utils/smartDefaults.ts,110,function,anonymous_110,"(a, b)",prod,TypeScript,0,0,LOW,,unreachable_from_entrypoints
a07266e6d2c2c46a3569f2c618549c497726abac,frontend/src/utils/smartDefaults.ts,118,function,anonymous_118,"(prev, curr)",prod,TypeScript,0,0,LOW,,unreachable_from_entrypoints
4e20cfd8f8e639929f569629c183d32277c74b08,frontend/src/utils/smartDefaults.ts,129,function,analyzeWorkingHours,export function analyzeWorkingHours(tasks: any[]): number,prod,TypeScript,1,0,LOW,,unreachable_from_entrypoints
61aa73acbb49f5ece700720f7f0cdbe3d25c75be,frontend/src/utils/smartDefaults.ts,142,function,determinePreferredMetrics,export function determinePreferredMetrics(useCase?: string): string[],prod,TypeScript,1,0,LOW,,unreachable_from_entrypoints
52db1d79df61f238f4db9b7546ccdc05a0b20304,frontend/src/utils/smartDefaults.ts,174,function,determineDefaultTimeRange,export function determineDefaultTimeRange(projectCreatedAt?: string): '1month' | '3months' | '6months' | '1year',prod,TypeScript,1,0,LOW,,unreachable_from_entrypoints
2bfdd55d02c038d1a16dd03b8803b6bb6af74f33,frontend/src/utils/smartDefaults.ts,197,function,generateSmartDefaults,"export async function generateSmartDefaults( sprints?: any[], tasks?: any[], projectCreatedAt?: string, useCase?: string ): Promise<SmartDefaults>",prod,TypeScript,1,0,LOW,,unreachable_from_entrypoints
d7f4ea1c70b430ee27b4ffdddee5548667a67bab,frontend/src/utils/smartDefaults.ts,217,function,saveSmartDefaults,export function saveSmartDefaults(defaults: SmartDefaults): void,prod,TypeScript,1,0,LOW,,unreachable_from_entrypoints
04bbfa4cc303e0efc3c188925374c9a74ffad678,frontend/src/utils/smartDefaults.ts,228,function,loadSmartDefaults,export function loadSmartDefaults(): SmartDefaults | null,prod,TypeScript,1,0,LOW,,unreachable_from_entrypoints
ba25f057002fc1b4f80f5ab94bee7789c34d1a12,frontend/src/utils/smartDefaults.ts,243,function,applyDefaultsToSettings,"export function applyDefaultsToSettings(defaults: SmartDefaults): Record<string, any>",prod,TypeScript,0,0,LOW,,unreachable_from_entrypoints
965d796c031883416ac439b719d8671e2e7a26a0,frontend/src/utils/smartDefaults.ts,255,function,explainDefault,"export function explainDefault(field: keyof SmartDefaults, value: any): string",prod,TypeScript,0,0,LOW,,unreachable_from_entrypoints
2966e9f7fabf9295aabba12b1bc931a8809ddd9e,frontend/src/utils/storage.ts,21,constructor,constructor,private constructor(),prod,TypeScript,0,0,LOW,,unreachable_from_entrypoints
23cde31930e25e7ea4d70771e2b558cd3f34d1bf,frontend/src/utils/storage.ts,25,method,getInstance,static getInstance(): SafeStorage,prod,TypeScript,0,0,LOW,,unreachable_from_entrypoints
f2578786e8574fb7920df66004b94ebedf8ca738,frontend/src/utils/storage.ts,32,method,calculateStorageUsage,private calculateStorageUsage(): void,prod,TypeScript,6,0,LOW,,unreachable_from_entrypoints
077484cadead6acc5c93f278553cf4554a7821dc,frontend/src/utils/storage.ts,50,method,getItemSize,"private getItemSize(key: string, value: string): number",prod,TypeScript,2,0,LOW,,unreachable_from_entrypoints
2b47859663f1f83b4607e508986f8caf52af3067,frontend/src/utils/storage.ts,54,method,evictOldestItems,private evictOldestItems(requiredSpace: number): void,prod,TypeScript,2,0,LOW,,unreachable_from_entrypoints
b6ad09870da59dca1fb1d50be287b16fb8fe47e0,frontend/src/utils/storage.ts,76,function,anonymous_76,"(a, b)",prod,TypeScript,0,0,LOW,,unreachable_from_entrypoints
fcdac7dad5fac2a09ddccf5eb0ad3e2d6ec63e9c,frontend/src/utils/storage.ts,93,method,set,"set<T>(key: string, data: T, options: CacheOptions =",prod,TypeScript,0,0,LOW,,unreachable_from_entrypoints
7bd206004d53976696ea16ed18370da122f58aab,frontend/src/utils/storage.ts,147,method,get,"get<T>(key: string, options?:",prod,TypeScript,0,0,LOW,,unreachable_from_entrypoints
d7e0dc6b23d2290bf6e5f31852244fd0bf7426dc,frontend/src/utils/storage.ts,173,method,remove,remove(key: string): void,prod,TypeScript,0,0,LOW,,unreachable_from_entrypoints
9c24710f85bfb12d52a8670dc8492dcb9b804c47,frontend/src/utils/storage.ts,179,method,clearExpired,clearExpired(): void,prod,TypeScript,2,0,LOW,,unreachable_from_entrypoints
c6447ba4f6e4f456558ae226ba2510db166f1c5f,frontend/src/utils/storage.ts,209,method,clearAll,clearAll(): void,prod,TypeScript,3,0,LOW,,unreachable_from_entrypoints
a3fc749383005dc9b8bd10b8bc616d9fd21b0965,frontend/src/utils/storage.ts,225,method,getUsageInfo,getUsageInfo():,prod,TypeScript,1,0,LOW,,unreachable_from_entrypoints
049281d636dbf01ffcea91f9122052d3bc98433d,frontend_src_pages_TraceabilityRules_MOCKUP.tsx,16,function,TraceabilityRulesPage,(),prod,TypeScript,0,0,LOW,,unreachable_from_entrypoints
1109046e14f554bdf1f4813777a25b707874beed,frontend_src_pages_TraceabilityRules_MOCKUP.tsx,24,function,anonymous_24,"(e, v)",prod,TypeScript,0,0,LOW,,unreachable_from_entrypoints
131eb7101430f86a59980b98bb7417e281a5f376,frontend_src_pages_TraceabilityRules_MOCKUP.tsx,46,function,TemplateGallery,(,prod,TypeScript,0,0,LOW,,unreachable_from_entrypoints
fe413ebfbf09be455aa9f19831b8c6bc02745019,frontend_src_pages_TraceabilityRules_MOCKUP.tsx,66,function,anonymous_66,template,prod,TypeScript,0,0,LOW,,unreachable_from_entrypoints
8b914481cb329736e104edae7ada4286c556df14,frontend_src_pages_TraceabilityRules_MOCKUP.tsx,68,function,anonymous_68,(),prod,TypeScript,0,0,LOW,,unreachable_from_entrypoints
11a0ad1d8f8803335eebe2201b00fc93c25187a9,frontend_src_pages_TraceabilityRules_MOCKUP.tsx,84,function,TemplateCard,(,prod,TypeScript,0,0,LOW,,unreachable_from_entrypoints
76af8f6a9bfec5fd2d42d5aa1f8a6f2a2845ee16,frontend_src_pages_TraceabilityRules_MOCKUP.tsx,136,function,RuleBuilder,(,prod,TypeScript,0,0,LOW,,unreachable_from_entrypoints
2d75b3216cd956b40162d89aa9b843c7ee4fbbba,frontend_src_pages_TraceabilityRules_MOCKUP.tsx,146,function,anonymous_146,"(e, v)",prod,TypeScript,0,0,LOW,,unreachable_from_entrypoints
9325af3b70bb38c76560dbc03316dc79730a892f,frontend_src_pages_TraceabilityRules_MOCKUP.tsx,166,function,anonymous_166,(),prod,TypeScript,0,0,LOW,,unreachable_from_entrypoints
22fccdee9f219ebfd6843da93b2b0472dbb6b642,frontend_src_pages_TraceabilityRules_MOCKUP.tsx,183,function,FormBuilder,(,prod,TypeScript,0,0,LOW,,unreachable_from_entrypoints
b4809efc893667025dad762cc6ea6dab77db5398,frontend_src_pages_TraceabilityRules_MOCKUP.tsx,189,function,anonymous_189,(),prod,TypeScript,0,0,LOW,,unreachable_from_entrypoints
23cc291943729a6155084a239dfd21559a4ad40e,frontend_src_pages_TraceabilityRules_MOCKUP.tsx,198,function,anonymous_198,(e),prod,TypeScript,0,0,LOW,,unreachable_from_entrypoints
b2f4d4442c63ab497cf64ae6b5dda57970545e91,frontend_src_pages_TraceabilityRules_MOCKUP.tsx,205,function,anonymous_205,(e),prod,TypeScript,0,0,LOW,,unreachable_from_entrypoints
7fd322312a759fad326f8c93636ed0c9ee4449d1,frontend_src_pages_TraceabilityRules_MOCKUP.tsx,215,function,anonymous_215,(e),prod,TypeScript,0,0,LOW,,unreachable_from_entrypoints
787a88a05098135a5a8e7ffe9c6aab14584effee,frontend_src_pages_TraceabilityRules_MOCKUP.tsx,224,function,anonymous_224,(e),prod,TypeScript,0,0,LOW,,unreachable_from_entrypoints
ea305f21e0e79c0d8e3dbde570186df2a2f60ef2,frontend_src_pages_TraceabilityRules_MOCKUP.tsx,233,function,anonymous_233,(),prod,TypeScript,0,0,LOW,,unreachable_from_entrypoints
55bb2c32e99f31bafc49f5c775309b6a36bf2640,frontend_src_pages_TraceabilityRules_MOCKUP.tsx,244,function,anonymous_244,(e),prod,TypeScript,0,0,LOW,,unreachable_from_entrypoints
cec609987fc6584741890675edcad2753a322e49,frontend_src_pages_TraceabilityRules_MOCKUP.tsx,263,function,anonymous_263,(e),prod,TypeScript,0,0,LOW,,unreachable_from_entrypoints
e3e3d29b101a5abd9186c2d148c4095770d6d557,frontend_src_pages_TraceabilityRules_MOCKUP.tsx,278,function,anonymous_278,(e),prod,TypeScript,0,0,LOW,,unreachable_from_entrypoints
6beff0e7aa0737082c9bbc8daa0151f6c4c067b2,frontend_src_pages_TraceabilityRules_MOCKUP.tsx,287,function,anonymous_287,(e),prod,TypeScript,0,0,LOW,,unreachable_from_entrypoints
cf766092cc000bd544df4eadbee06fb2bdae9317,frontend_src_pages_TraceabilityRules_MOCKUP.tsx,299,function,anonymous_299,(),prod,TypeScript,0,0,LOW,,unreachable_from_entrypoints
0175474be7e207eeff4208f47a5da1c95394fa19,frontend_src_pages_TraceabilityRules_MOCKUP.tsx,309,function,anonymous_309,(e),prod,TypeScript,0,0,LOW,,unreachable_from_entrypoints
d79414d5730182303ed7dcfe1296c7cc8d7bda1e,frontend_src_pages_TraceabilityRules_MOCKUP.tsx,323,function,anonymous_323,(config),prod,TypeScript,0,0,LOW,,unreachable_from_entrypoints
fb8afe2d25c7a8b0f1631d04c27551fec172259e,frontend_src_pages_TraceabilityRules_MOCKUP.tsx,330,function,anonymous_330,(),prod,TypeScript,0,0,LOW,,unreachable_from_entrypoints
0dfd717d7160eb626961a8aa543c7eeebc5bb62f,frontend_src_pages_TraceabilityRules_MOCKUP.tsx,339,function,anonymous_339,(v),prod,TypeScript,0,0,LOW,,unreachable_from_entrypoints
42ccc21503f96be7232d17aaf042e7295c24c681,frontend_src_pages_TraceabilityRules_MOCKUP.tsx,345,function,anonymous_345,(v),prod,TypeScript,0,0,LOW,,unreachable_from_entrypoints
0db760987d1a7b47afe8965b9501e99ae3508ccc,frontend_src_pages_TraceabilityRules_MOCKUP.tsx,353,function,anonymous_353,(),prod,TypeScript,0,0,LOW,,unreachable_from_entrypoints
3e5c98d7cd189e6938831d176ba30adc3d41a9d6,frontend_src_pages_TraceabilityRules_MOCKUP.tsx,363,function,anonymous_363,"(e, v)",prod,TypeScript,0,0,LOW,,unreachable_from_entrypoints
2636506a42fafc91f47c58846918b0f0f30a2077,frontend_src_pages_TraceabilityRules_MOCKUP.tsx,379,function,anonymous_379,(e),prod,TypeScript,0,0,LOW,,unreachable_from_entrypoints
87b29cf99d38cc1fbd574ef658ab6b895605428f,frontend_src_pages_TraceabilityRules_MOCKUP.tsx,390,function,anonymous_390,(e),prod,TypeScript,0,0,LOW,,unreachable_from_entrypoints
cc3196f58a0a9c0baa598bdcf6bcad23e0ad29af,frontend_src_pages_TraceabilityRules_MOCKUP.tsx,412,function,StrategyConfigEditor,(,prod,TypeScript,0,0,LOW,,unreachable_from_entrypoints
7cfe3aa78a4bfff1db19a99eb907d4aa591aa51b,frontend_src_pages_TraceabilityRules_MOCKUP.tsx,424,function,anonymous_424,(e),prod,TypeScript,0,0,LOW,,unreachable_from_entrypoints
27ad2625b6c563f98c312d51ab9c74b4543640b0,frontend_src_pages_TraceabilityRules_MOCKUP.tsx,427,function,anonymous_427,s,prod,TypeScript,0,0,LOW,,unreachable_from_entrypoints
cf809a05813cbe15122b0c44097816e171a507f7,frontend_src_pages_TraceabilityRules_MOCKUP.tsx,438,function,anonymous_438,(e),prod,TypeScript,0,0,LOW,,unreachable_from_entrypoints
0d78c6962e5040f9b19a2225c4e0cd4092eb41a3,frontend_src_pages_TraceabilityRules_MOCKUP.tsx,441,function,anonymous_441,s,prod,TypeScript,0,0,LOW,,unreachable_from_entrypoints
0fa325dbb4026b281856e97a956fe7e6b79e965e,frontend_src_pages_TraceabilityRules_MOCKUP.tsx,453,function,anonymous_453,(e),prod,TypeScript,0,0,LOW,,unreachable_from_entrypoints
c789ef81edb8474f5d4236b161d46922fd14a20f,frontend_src_pages_TraceabilityRules_MOCKUP.tsx,464,function,anonymous_464,(e),prod,TypeScript,0,0,LOW,,unreachable_from_entrypoints
7c73eb3d9b72194c0f0912eb40c3ab47afb5916b,frontend_src_pages_TraceabilityRules_MOCKUP.tsx,473,function,anonymous_473,(e),prod,TypeScript,0,0,LOW,,unreachable_from_entrypoints
d32ef4a8ba05ad2615e1b3d315ca1c7ff8757e5e,frontend_src_pages_TraceabilityRules_MOCKUP.tsx,495,function,anonymous_495,(e),prod,TypeScript,0,0,LOW,,unreachable_from_entrypoints
359ff0382b5c5affb9b797abf208b8cf62f2de1a,frontend_src_pages_TraceabilityRules_MOCKUP.tsx,521,function,PreviewPanel,(,prod,TypeScript,0,0,LOW,,unreachable_from_entrypoints
c3e6baf97741934f03d35a3dceb0214b50b7c30d,scripts/check_bom.py,46,function,parse_args,def parse_args() -> argparse.Namespace:,prod,Python,3,0,LOW,,unreachable_from_entrypoints
45fbf234217ec703155c2c86fd4f5db7951af173,scripts/check_bom.py,56,function,find_bom_files,def find_bom_files(root:,prod,Python,1,0,LOW,,unreachable_from_entrypoints
06aa83c68aad06c3ae1c9ac98e2d03ec2e13d696,scripts/check_bom.py,71,function,main,def main() -> int:,prod,Python,0,0,LOW,,unreachable_from_entrypoints
